Source_Name,RAJ2000,DEJ2000,CLASS1,Signif_Avg,PL_Index,LP_Index,LP_beta,Energy_Flux100,Variability_Index,Flux_Band_1,Flux_Band_2,Flux_Band_3,Flux_Band_4,Flux_Band_5,Flux_Band_6,Flux_Band_7,Flux_Band_8,Redshift,Log_Energy_Flux100,Log_Flux_Band_1,Log_Flux_Band_2,Log_Flux_Band_3,Log_Flux_Band_4,Log_Flux_Band_5,Log_Flux_Band_6,Log_Flux_Band_7,Log_Flux_Band_8,HR_1_2,HR_2_3,HR_3_4,HR_4_5,HR_5_6,HR_6_7,HR_7_8,HR_1_8,HR_4_8
4FGL J0001.4-0010,0.3717,-0.1699,bll,5.2516475,2.1089518,2.1180434,-0.0102216955,1.3123957e-12,9.374194,1.7131245e-13,2.0348292e-09,3.776828e-10,6.490601e-11,1.9790036e-11,1.10302305e-11,4.2458394e-12,3.4016991000000003e-16,,-11.881935197919008,-12.766211048520477,-8.691472038825122,-9.422872792855385,-10.187715087585872,-10.703553415549537,-10.95741541156933,-11.372036436140293,-15.468291338089035,4.074739009695355,-0.731400754030263,-0.7648422947304869,-0.5158383279636656,-0.2538619960197934,-0.4146210245709625,-4.0962549019487415,-2.702080289568558,-5.280576250503163
4FGL J0001.8-2153,0.4647,-21.8865,bcu,3.9360256,1.9064263,1.7634001,0.263591,8.967048e-13,26.910145,3.2879786e-11,3.8430675e-10,8.4626806e-11,4.425704e-11,2.8815976e-11,5.0587646e-12,4.228593e-16,1.7488195e-12,,-12.04735050064269,-10.483071017621604,-9.415321987468124,-10.072492049984106,-10.354017635829255,-10.540366666085097,-11.295955528331394,-15.373793843168446,-11.757255010336001,1.0677490301534807,-0.6571700625159824,-0.28152558584514864,-0.18634903025584215,-0.755588862246297,-4.077838314837052,3.616538832832445,-1.2741839927143968,-1.4032373745067463
4FGL J0002.3-0815,0.5937,-8.2652,bcu,5.2694592,2.1850238,2.1486943,0.11246348,1.4066326e-12,13.4271145,1.1449438e-08,4.8909596e-12,4.3159584e-10,1.05202284e-10,2.8835186e-11,7.873561e-17,4.156357e-12,4.3559794e-16,,-11.851819318545752,-7.941215830309648,-11.31060592360819,-9.364922749970148,-9.977974831264296,-10.540077242697473,-16.103773648407174,-11.381287155817965,-15.360904212785043,-3.3693900932985414,1.9456831736380416,-0.613052081294148,-0.5621024114331767,-5.563696405709701,4.7224864925892085,-3.9796170569670775,-7.419688382475394,-5.382929381520746
4FGL J0002.4-5156,0.6131,-51.9355,bcu,5.8108006,1.8815914,1.6310339,0.31822664,7.1682444e-13,19.804802,7.342884e-12,8.324416e-11,1.1332964e-12,3.808019e-11,3.6703945e-11,7.354801e-12,1.388998e-14,1.1260848e-16,,-12.144587189842879,-11.134133331960347,-10.079646224661227,-11.94565648696665,-10.41930089326843,-10.435287254440102,-11.133429072960656,-13.857298066929511,-15.948390338583248,1.0544871072991207,-1.8660102623054229,1.52635559369822,-0.01598636117167196,-0.6981418185205541,-2.723868993968855,-2.0910922716537375,-4.814257006622901,-5.529089445314819
4FGL J0003.3-0703,0.8297,-7.0655,bcu,4.7392464,1.8098495,1.7028366,0.11130984,9.197285e-13,7.4973464,1.6278246e-12,1.4071065e-14,2.4133795e-10,2.6715135e-11,2.3163048e-11,6.8854427e-12,5.043292e-12,1.4955896e-15,,-12.03634035092543,-11.788392389995067,-13.851672722129306,-9.617374380602529,-10.573242626686023,-10.635204292663715,-11.16206813088579,-11.297285885170202,-14.825184659670409,-2.063280332134239,4.234298341526777,-0.9558682460834937,-0.061961665977692704,-0.5268638382220754,-0.13521775428441174,-3.5278987745002066,-3.0367922696753418,-4.251942032984386
4FGL J0003.5+0717,0.8796,7.295,bcu,5.4730215,2.1880455,2.133449,0.27131036,1.0183127e-12,12.027017,1.4085916e-12,3.1469372e-10,3.6828326e-10,9.7955775e-11,3.3767406e-11,5.864343e-12,1.91989e-15,9.80558e-15,,-11.992118835581902,-11.851214902725992,-9.502111923728714,-9.433818021168191,-10.008969954962323,-10.471502300300704,-11.23178063540077,-14.716721391389786,-14.008526269815125,2.349102978997278,0.06829390256052292,-0.5751519337941318,-0.4625323453383814,-0.7602783351000664,-3.4849407559890153,0.7081951215746614,-2.1573113670891324,-3.9995563148528017
4FGL J0004.3+4614,1.0757,46.2427,fsrq,11.245723,2.6151664,2.5576503,0.09903291,5.3413897e-12,148.10793,3.27747e-13,9.360279e-09,1.9198632e-09,3.4316344e-10,5.169028e-11,6.2561754e-17,1.4031696e-16,6.165132000000001e-17,,-11.272345734570058,-12.484461261640698,-8.028711206138075,-8.716729715878438,-9.46449898727928,-10.286591115221194,-16.20362167078811,-15.852858883109787,-16.209987182454466,4.455750055502623,-0.6880185097403633,-0.7477692714008413,-0.8220921279419144,-5.917030555566916,0.35076278767832214,-0.35712829934467827,-3.7255259208137677,-6.745488195175186
4FGL J0006.4-5621,1.6103,-56.3635,bll,7.211533,2.3892572,2.3713357,0.05335334,1.6368974e-12,22.026712,8.7050696e-09,1.8121866e-09,6.245117e-10,1.0337713e-10,1.7309869e-11,5.673713e-12,1.3273417e-16,1.8687838e-15,,-11.785978538466528,-8.060227752199786,-8.74179708525621,-9.204459420857207,-9.985575529027699,-10.761706218574602,-11.246132635640194,-15.876984543635787,-14.72843861540152,-0.681569333056423,-0.46266233560099757,-0.781116108170492,-0.7761306895469033,-0.48442641706559186,-4.630851907995593,1.1485459282342667,-6.668210863201734,-4.742863086373822
4FGL J0007.5-5247,1.8893,-52.7863,bcu,5.705449,2.5297203,2.4467833,0.4040833,1.1691719e-12,10.770041,1.9099565e-10,1.7379171e-09,5.2533555e-10,1.2956917e-10,8.216247e-12,5.913085e-15,1.4418757e-15,2.4295817e-15,,-11.932121627353725,-9.71897652384215,-8.759970943576006,-9.27956320903742,-9.88749832321348,-11.085326512757003,-14.228185143553853,-14.841069165293938,-14.614466704729221,0.9590055802661439,-0.519592265461414,-0.60793511417606,-1.1978281895435234,-3.14285863079685,-0.6128840217400846,0.22660246056471678,-4.895490180887071,-4.726968381515741
4FGL J0008.4+6837,2.1142,68.6216,bcu,26.44023,2.4570093,2.4489334,0.19312085,1.5295433e-11,599.92053,2.6074753e-09,1.5784769e-08,6.718207e-09,1.410482e-09,2.5078198e-10,1.5306199e-11,2.5918785e-12,3.902898e-17,,-10.815438223733784,-8.583779796849722,-7.801761769346997,-8.172746618896095,-8.850632451760449,-9.600703673038224,-10.815132644307038,-11.58638535915683,-16.408501537986865,0.7820180275027253,-0.3709848495490986,-0.6778858328643533,-0.7500712212777749,-1.2144289712688145,-0.7712527148497923,-4.822116178830035,-7.824721741137143,-7.557869086226416
4FGL J0009.8+1340,2.4653,13.6712,bcu,5.362248,2.1793685,2.131156,0.041002452,1.3172744e-12,17.651344,6.1495804e-09,3.940846e-09,1.7937807e-10,7.6608865e-11,3.1379656e-11,4.11211e-12,7.623601500000001e-16,3.4970357e-17,,-11.880323744905427,-8.2111545161233,-8.40441053611959,-9.746230653018836,-10.115720971853582,-10.503351821545056,-11.38593527531218,-15.117834116493645,-16.45617576254348,-0.19325601999629072,-1.341820116899246,-0.36949031883474603,-0.3876308496914742,-0.8825834537671238,-3.731898841181465,-1.3383416460498356,-8.245021246420182,-6.340454790689899
4FGL J0009.8-6358,2.4743,-63.9696,bcu,5.3157153,2.9367661,2.9344683,0.043343656,1.6585112e-12,14.886085,1.0980527e-08,5.19366e-09,3.7482675e-10,5.463458e-11,1.1986463e-11,8.346721e-15,5.94314e-17,4.2537264e-16,,-11.780281588706037,-7.959376815832744,-8.284526484616736,-9.42616942267439,-10.262532391107312,-10.921308950500343,-14.078483582796606,-16.225910970359283,-15.37122023776673,-0.32514966878399143,-1.1416429380576538,-0.8363629684329226,-0.658776559393031,-3.157174632296263,-2.1474273875626775,0.8546907325925535,-7.411843421933986,-5.108687846659418
4FGL J0011.4-4110,2.8502,-41.1742,bcu,4.388951,2.4706922,2.467413,0.074262016,1.1521093e-12,11.567567,1.1226703e-11,3.2819079e-09,5.243862e-10,4.5011325e-11,1.5270367e-11,3.3248179e-12,6.0456274e-18,7.2087286e-19,,-11.938506313900929,-10.949747765981993,-8.483873610692637,-9.280348745926208,-10.346678202434513,-10.816150524927705,-11.478232134675967,-17.21784085462789,-18.136158164769576,2.465874155289356,-0.796475135233571,-1.0663294565083046,-0.4694723224931927,-0.6620816097482614,-5.739608719951924,-0.9183173101416848,-7.186410398787583,-7.789479962335063
4FGL J0012.0+7043,3.0032,70.7326,bcu,12.205895,2.4018137,2.389481,0.034502678,6.597056e-12,38.12263,2.0878774e-08,1.1826798e-08,2.1706268e-09,3.8181466e-10,8.326976e-11,2.2802689e-11,3.6655634000000005e-16,4.5587902e-17,,-11.180649828678275,-7.68029500665937,-7.927132820812262,-8.663414839202767,-9.418147400617004,-10.079512687010766,-10.642013935747604,-15.435847416688059,-16.341055139151006,-0.24683781415289197,-0.7362820183905052,-0.7547325614142366,-0.661365286393762,-0.5625012487368384,-4.793833480940455,-0.9052077224629471,-8.660760132491635,-6.922907738534002
4FGL J0013.0+3355,3.2636,33.9201,fsrq,11.10404,2.2566066,2.2030294,0.07071253,2.7822326e-12,106.5736,2.9045097e-12,2.1715396e-09,8.6128266e-10,1.784295e-10,4.4031615e-11,1.3384039e-11,2.3595789e-17,5.372208e-17,,-11.555606563410704,-11.536927167305373,-8.663232246472596,-9.064854296238817,-9.748533341482245,-10.356235385013603,-10.873412806220568,-16.626981479129373,-16.269766347314466,2.8736949208327776,-0.40162204976622107,-0.6836790452434283,-0.6077020435313578,-0.5171774212069646,-5.753568672908806,0.3572151318149075,-4.732839180009092,-6.5212330058322205
4FGL J0013.4+0950,3.3544,9.837,bcu,9.273533,1.971606,2.0196164,-0.053171266,2.3710224e-12,20.064354,2.1703738e-11,5.9821825e-10,5.1307203e-10,1.5282525e-10,3.536633e-11,6.126373e-12,1.630323e-11,5.1894178e-17,,-11.62506434121652,-10.663465461667123,-9.223140341960438,-9.289821660151496,-9.815804885066239,-10.451410004903954,-11.212796564295207,-10.78772634427391,-16.28479768243448,1.440325119706685,-0.06668131819105838,-0.5259832249147429,-0.6356051198377148,-0.7613865593912532,0.425070220021297,-5.49707133816057,-5.621332220767357,-6.468992797368241
4FGL J0014.7+5801,3.6867,58.0272,bll,11.777328,1.7710534,1.5650905,0.1726677,2.6091993e-12,15.14013,6.3635417e-09,6.753371e-13,9.4257116e-11,4.2996585e-11,8.253958e-11,2.8254113e-11,8.333497e-12,3.7275677e-12,,-11.583492744998251,-8.196301105631967,-12.170479384997117,-10.025685852504498,-10.366566036750855,-10.083337745293877,-10.548918322091406,-11.079172716066616,-11.428574458991724,-3.97417827936515,2.144793532492619,-0.34088018424635713,0.2832282914569788,-0.46558057679752984,-0.5302543939752091,-0.3494017429251084,-3.2322733533597567,-1.0620084222408686
4FGL J0014.8+6118,3.7212,61.3037,bcu,19.224836,2.0914214,1.963949,0.11534812,7.0648517e-12,12.158702,1.2386067e-08,3.374578e-09,1.5767276e-09,5.6567573e-10,1.9157761e-10,6.156672e-11,7.39337e-12,9.080906e-13,,-11.150896949484864,-7.907066575088927,-8.471780529122107,-8.802243330153038,-9.247432454013422,-9.717655249001242,-10.210653982992925,-11.13115755847445,-12.041870815069574,-0.5647139540331798,-0.3304628010309312,-0.44518912386038423,-0.47022279498781927,-0.4929987339916835,-0.9205035754815256,-0.9107132565951233,-4.134804239980647,-2.7944383610561516
4FGL J0015.6+5551,3.9071,55.8636,bll,16.470945,1.820141,1.8175685,0.002194594,4.3148636e-12,13.38414,8.2401986000000015e-16,3.2924425e-09,5.3434074e-10,2.1843177e-10,8.305273e-11,3.52992e-11,1.4406887e-11,8.825475e-12,,-11.365032927494667,-15.084057050683626,-8.482481800920901,-9.272181712421952,-9.660684195012234,-10.080646087369214,-10.452235136968536,-10.8414298498891,-11.054261910453443,6.601575249762725,-0.7896999115010512,-0.3885024825902814,-0.4199618923569801,-0.37158904959932215,-0.3891947129205633,-0.21283206056434345,4.029795140230183,-1.393577715441209
4FGL J0018.8+2611,4.719,26.1896,fsrq,7.9100785,2.8122284,2.6147585,0.24046151,2.7862957e-12,90.94286,2.8938183e-08,4.1673607e-09,1.3444122e-09,1.02341476e-10,1.16802045e-11,1.257397e-15,1.814806e-15,2.8487632e-15,,-11.554972793724652,-7.5385287412834145,-8.38013890817136,-8.871467555133696,-9.98994832374874,-10.932549553046655,-14.90052412625646,-14.74116740050968,-14.545342124965249,-0.8416101668879463,-0.49132864696233547,-1.1184807686150435,-0.9426012292979156,-3.967974573209805,0.15935672574678073,0.19582527554443097,-7.006813383681834,-4.555393801216509
4FGL J0020.3+6919,5.0918,69.3322,bcu,3.2042253,2.6460407,2.803282,0.2107964,3.1240696e-12,7.700611,1.3511835e-10,1.0957417e-08,1.2553083e-09,2.021186e-10,2.0612553e-11,1.7528344e-13,8.958828e-16,5.465885999999999e-19,,-11.505279297809437,-9.869285666766883,-7.960291810345386,-8.901249599641185,-9.694393718597459,-10.685868214456175,-12.75625908740298,-15.047743953679115,-18.254465693093238,1.908993856421497,-0.9409577892957985,-0.793144118956274,-0.991474495858716,-2.070390872946806,-2.291484866276134,-3.2067217394141228,-8.385180026326355,-8.560071974495779
4FGL J0021.5-2221,5.3834,-22.3583,bcu,4.5856223,2.6953835,2.6620958,0.26767126,1.4560738e-12,20.074259,1.1354119e-10,2.507634e-09,6.802469e-10,6.3343525e-11,1.0701284e-11,5.9119236e-16,2.9076050000000005e-17,1.2770298e-15,,-11.836816609594935,-9.944846558304475,-8.600735850367364,-9.167333428690606,-10.198297772195643,-10.970564109697799,-15.228263840964836,-16.53631525364746,-14.893795567379476,1.3441107079371104,-0.5665975783232415,-1.0309643435050369,-0.7722663375021561,-4.257699731267037,-1.308051412682623,1.642519686267983,-4.948949009075001,-4.695497795183833
4FGL J0024.5-0810,6.1376,-8.1809,bcu,3.9845252,2.5707269,2.6370428,0.30256197,1.335015e-12,60.350643,6.791346e-13,3.036003e-09,4.9749377e-10,1.3708798e-10,6.442586e-12,4.696359e-15,4.4150254e-15,8.829187e-15,,-11.874513851360435,-12.168044136490979,-8.517697803630593,-9.303212353445332,-9.863000622848556,-11.190939774807473,-14.32823778732093,-14.355065809875082,-14.054078792948713,3.6503463328603853,-0.7855145498147387,-0.5597882694032243,-1.3279391519589172,-3.1372980125134564,-0.026828022554152398,0.30098701692636887,-1.8860346564577348,-4.191078170100157
4FGL J0028.5+2001,7.1262,20.017,fsrq,89.21285,2.2192743,2.095452,0.1006385,4.1030332e-11,7178.108,4.6786685e-08,3.870923e-08,1.4415528e-08,3.4711187e-09,7.8386575e-10,1.2260117e-10,1.6805512e-11,1.1893264e-16,,-10.386894968786741,-7.329877724998146,-7.412185467535933,-7.841169446006172,-8.45953053473599,-9.105758311068538,-9.911505385229821,-10.774548251434295,-15.924662426315066,-0.08230774253778694,-0.4289839784702396,-0.6183610887298174,-0.6462277763325481,-0.8057470741612835,-0.8630428662044736,-5.1501141748807715,-8.594784701316922,-7.465131891579077
4FGL J0028.8-0112,7.2174,-1.2022,bll,4.079314,2.110465,2.0167496,0.062022932,8.8199765e-13,18.783464,1.340534e-11,1.5136787e-09,2.8162403e-10,3.2447368e-11,2.0596351e-11,3.7309504e-12,2.718836e-12,4.8078368e-17,,-12.054532567079558,-10.872722166194782,-8.819966300279276,-9.550330291094228,-10.488820525522847,-10.686209715387864,-11.428180523354369,-11.565616986638283,-16.31795996155421,2.052755865915506,-0.7303639908149524,-0.9384902344286186,-0.1973891898650173,-0.7419708079665046,-0.13743646328391357,-4.752342974915926,-5.445237795359427,-5.829139436031362
4FGL J0030.2+0001,7.5526,0.0329,bll,5.1196513,2.1695535,2.1303358,0.06937565,1.1218512e-12,19.28452,4.7751945e-11,1.8879216e-10,4.2099774e-10,5.586647e-11,2.0200114e-11,9.180126e-12,1.6077581e-19,2.939227e-17,,-11.950064739301718,-10.321008934239252,-9.72401604465178,-9.375720235527327,-10.252848769191313,-10.694646179376438,-11.03715135746193,-18.767573646103266,-16.531619138621288,0.5969928895874723,0.348295809124453,-0.8771285336639867,-0.4417974101851243,-0.3425051780854922,-7.730422288641336,2.2359545074819778,-6.210610204382036,-6.278770369429974
4FGL J0032.5-4724,8.1497,-47.4039,bcu,5.594671,1.6941252,1.5157311,0.17311493,8.227701e-13,14.566522,1.2352708e-13,9.835399e-13,6.316961e-11,2.5759742e-11,1.9237839e-11,6.184661e-12,6.063331e-12,8.196363500000001e-16,,-12.084721493955744,-12.908237789389256,-12.007208012622016,-10.199491804299678,-10.589058490853935,-10.71584371393759,-11.208684099676098,-11.217288722068115,-15.086373490753914,0.9010297767672402,1.8077162083223381,-0.3895666865542573,-0.12678522308365459,-0.49284038573850886,-0.008604622392017092,-3.8690847686857985,-2.178135701364658,-4.497314999899979
4FGL J0033.3-2040,8.3457,-20.6674,bll,6.026091,1.6612482,1.6267631,0.09981667,9.125949e-13,9.559684,5.272179e-10,3.9208692e-10,2.6421744e-14,4.4925976e-11,2.5602112e-11,4.532676e-12,4.5027792e-12,1.8741196e-12,,-12.039721957834974,-9.278009853073382,-9.406617645489211,-13.578038355259102,-10.347502479134894,-10.591724206701638,-11.343645322657142,-11.346519347780463,-11.727202695035595,-0.12860779241582954,-4.17142070976989,3.2305358761242076,-0.2442217275667442,-0.7519211159555041,-0.0028740251233205782,-0.38068334725513253,-2.4491928419622138,-1.3797002159007015
4FGL J0035.8-0837,8.9577,-8.6324,bll,9.021272,2.1166365,1.9720685,0.23935449,1.5096249e-12,45.642834,7.642739e-09,5.6899087e-15,3.7068396e-10,1.3637495e-10,6.5130804e-11,8.6927045e-12,1.7644668e-15,1.8951125e-16,,-11.821130946582997,-8.116750971344096,-14.244893938946515,-9.430996206066094,-9.865265395599826,-10.186213560625992,-11.060845083041057,-14.75338404753253,-15.722342087857726,-6.128142967602418,4.81389773288042,-0.4342691895337314,-0.3209481650261665,-0.8746315224150649,-3.6925389644914723,-0.9689580403251963,-7.605591116513629,-5.8570766922579
4FGL J0035.8+6131,8.9684,61.5234,bcu,7.121661,2.621857,2.6568031,0.10620599,6.0981905e-12,34.645054,5.042113e-10,1.5911874e-08,2.5382434e-09,2.921707e-10,5.102824e-11,4.371494e-12,2.0376805e-17,5.2241807e-19,,-11.214799012219022,-9.29738742546442,-7.7982786688804175,-8.59546673440334,-9.534363338921922,-10.292189410447438,-11.359370112363255,-16.69065083109255,-18.273747213212175,1.4991087565840022,-0.7971880655229224,-0.9388966045185825,-0.7578260715255158,-1.0671807019158166,-5.331280718729296,-1.5830963821196242,-8.976359787747755,-8.739383874290253
4FGL J0035.9+5950,8.9823,59.8334,bll,69.93408,1.7666059,1.6634133,0.05210748,3.38651e-11,325.57568,3.7480005e-11,8.981508e-09,3.84475e-09,1.4531536e-09,8.0155604e-10,3.3861866e-10,1.1214247e-10,4.617006e-11,,-10.470247637502563,-10.42620035973156,-8.046650738934076,-8.415131894392065,-8.837688477848502,-9.09606610897258,-9.470289113220343,-9.950229882517,-10.33563956096987,2.3795496207974836,-0.36848115545798876,-0.4225565834564371,-0.25837763112407863,-0.3742230042477619,-0.4799407692966575,-0.38540967845287,0.09056079876168965,-1.497951083121368
4FGL J0036.8+1431,9.2162,14.53,bcu,4.9089923,2.3721178,2.3724523,-0.005864888,1.6732693e-12,6.703183,5.673878e-09,6.4796254e-12,6.0039884e-10,9.3338844e-11,2.2696818e-11,1.5651505e-12,1.7366193e-12,5.984090600000001e-17,,-11.776434154414673,-8.246120006660025,-11.188450100159075,-9.221560155498958,-10.02993758210082,-10.644035024637866,-11.805443892929365,-11.760295374233632,-16.22292927102495,-2.9423300934990504,1.9668899446601174,-0.8083774266018615,-0.6140974425370462,-1.161408868291499,0.045148518695732776,-4.462633896791317,-7.976809264364924,-6.192991688924129
4FGL J0041.3+6052,10.343,60.8783,bcu,12.913219,2.766443,2.9930482,0.59639055,8.233013e-12,7.3585534,1.5420792e-08,2.0874638e-09,4.6470197e-09,5.330098e-10,1.5996827e-11,1.994134e-12,1.0249901e-17,8.820153e-16,,-11.084441198305624,-7.81189332068188,-8.680381047146023,-8.332825486422035,-9.273264805886864,-10.795966151638092,-11.700245659540963,-16.98885682980521,-15.054518957393343,-0.8684877264641431,0.34755556072398797,-0.9404393194648293,-1.5227013457512282,-0.9042795079028707,-5.288611170264248,1.9343378724118683,-7.242625636711463,-5.781254151506479
4FGL J0041.9-4702,10.4839,-47.0458,bll,7.4016743,1.6857028,1.4714915,0.23060454,9.139773e-13,8.500955,1.8773613e-10,2.4890635e-16,4.6459698e-15,3.537302e-11,2.3393227e-11,1.30898825e-11,3.1200797e-12,3.812008e-16,,-12.03906458573675,-9.726452138918363,-15.603946575944361,-14.332922682776767,-10.451327860239301,-10.63090986472494,-10.883064251500251,-11.505834310734457,-15.418834803957209,-5.877494437025998,1.2710238931675946,3.8815948225374655,-0.17958200448563844,-0.2521543867753113,-0.622770059234206,-3.913000493222752,-5.692382665038846,-4.967506943717908
4FGL J0044.8+6802,11.2189,68.0382,bcu,13.438526,2.506201,2.519627,0.10791512,7.705197e-12,41.58148,2.5400466e-08,8.302437e-09,3.5924794e-09,4.803378e-10,9.318183e-11,1.592823e-11,1.1840315e-12,1.6325332e-15,,-11.113216252563726,-7.595158315688076,-8.08079441120104,-8.444605713517365,-9.318453235368526,-10.030668764638596,-10.797832481549674,-11.926636739811551,-14.787135317695531,-0.48563609551296416,-0.36381130231632497,-0.873847521851161,-0.71221552927007,-0.7671637169110781,-1.1288042582618765,-2.8604985778839804,-7.191977002007455,-5.468682082327005
4FGL J0044.9+4553,11.2311,45.8926,bcu,5.6287265,2.4884741,2.4255219,0.09038345,2.0075447e-12,10.868496,1.12022995e-08,2.585312e-09,6.6579936e-10,1.1450694e-10,2.6332748e-11,4.829343e-12,7.5668125e-23,7.441691e-23,,-11.697334773775278,-7.950692820395818,-8.587487037983507,-9.176656626638437,-9.941168190907417,-10.57950381680336,-11.316111947206856,-19.99672614584392,-19.996780080680416,-0.6367942175876893,-0.5891695886549293,-0.7645115642689806,-0.6383356258959427,-0.7366081304034964,-8.680614198637063,-5.3934836497404604e-05,-12.046087260284597,-10.055611889773
4FGL J0047.0+5657,11.7535,56.9601,bll,21.445501,2.1619983,2.0362885,0.10295496,6.2906663e-12,124.22853,7.1987e-09,3.113388e-09,1.7596713e-09,4.688153e-10,1.881776e-10,3.068125e-11,7.166109e-12,1.3323756999999998e-18,,-11.201303351465645,-8.142745924929502,-8.506766752827604,-8.754568449188039,-9.328998223351979,-9.725432074697462,-10.513126950414504,-11.14471658968353,-17.872125918144867,-0.3640208278981021,-0.24780169636043503,-0.5744297741639404,-0.39643385134548303,-0.7876948757170421,-0.6315896392690252,-6.727409328461338,-9.729379993215366,-8.543127694792888
4FGL J0047.9+5448,11.9872,54.8017,bcu,7.267247,1.7160591,1.7146506,-0.0019150373,1.4801207e-12,13.863037,9.277541e-12,7.496448e-12,2.0846516e-10,2.5301117e-11,4.2842126e-11,1.1069881e-11,3.039783e-12,5.110918e-12,,-11.829702864639389,-11.032567117240312,-11.125144466616446,-9.680966516612113,-10.596860304888587,-10.368128985750973,-10.95585704732165,-11.51715741669488,-11.291501085996472,-0.09257734937613371,1.4441779500043328,-0.9158937882764739,0.2287313191376139,-0.5877280615706777,-0.5613003693732299,0.22565633069840807,-0.2589339687561605,-0.6946407811078856
4FGL J0049.2+6227,12.3112,62.4626,bcu,4.248278,2.3391886,2.2150946,0.10086147,2.8808906e-12,3.311734,1.9587967e-10,3.748347e-09,8.224423e-10,9.787109e-11,5.5506495e-11,1.194235e-11,6.6088105e-17,2.138945e-17,,-11.540473231957462,-9.708010636290314,-8.426160211483865,-9.084894561057338,-10.009345574829279,-10.25565619558068,-10.922910204533903,-16.179810991344016,-16.669597388568313,1.28185042480645,-0.6587343495734732,-0.9244510137719413,-0.24631062075140164,-0.667254008953222,-5.256900786810114,-0.4897863972242966,-6.961586752277999,-6.660251813739034
4FGL J0050.8-3428,12.7183,-34.4675,bcu,3.9325433,1.9453152,1.9424825,0.0021934176,6.405429e-13,19.292635,1.4592041e-11,5.206431e-12,1.3357251e-10,4.7485824e-11,5.924171e-12,1.0430965e-12,3.618459e-12,4.0883663e-16,,-12.193451771536774,-10.83588395845702,-11.283459882036148,-9.874282912963857,-10.323436021387812,-11.227372413414265,-11.98167550766033,-11.441476342709516,-15.388439577656124,-0.44757592357912834,1.4091769690722913,-0.44915310842395506,-0.9039363920264538,-0.7543030942460653,0.5401991649508151,-3.946963234946608,-4.552555619199104,-5.065003556268312
4FGL J0056.5-3936,14.1458,-39.6109,bll,5.8337083,2.163942,1.9442607,0.256117,1.1640268e-12,12.461758,5.5910915e-10,1.5788622e-10,2.485638e-10,9.5331264e-11,2.5968892e-11,3.050598e-12,7.588214500000001e-16,5.286087500000002e-16,,-11.934037016850244,-9.25250340030735,-9.801655772681832,-9.604562120266603,-10.020764648570955,-10.585546579604744,-11.515615017379217,-15.119854677943614,-15.276857436593794,-0.5491523723744809,0.19709365241522825,-0.41620252830435156,-0.5647819310337887,-0.930068437774473,-3.6042396605643976,-0.15700275865017943,-6.024354036286443,-5.256092788022839
4FGL J0057.0+4101,14.2534,41.0179,bcu,5.6262546,2.0979626,1.9907937,0.21519682,1.2319527e-12,18.846731,1.3208531e-08,3.1643754e-11,1.0297804e-12,1.2919643e-10,1.9075163e-11,1.05109055e-11,3.0010684e-15,1.9729418e-18,,-11.909405962772428,-7.879145480195085,-10.499712000233863,-11.987255374219625,-9.888749486715378,-10.719531742020997,-10.97835986807677,-14.522722658942813,-17.702690032294836,-2.6205665200387784,-1.487543373985762,2.0985058875042473,-0.8307822553056194,-0.2588281260557732,-3.5443627908660424,-3.1799673733520226,-9.82354455209975,-7.813940545579458
4FGL J0057.3+2216,14.3415,22.273,bcu,7.820092,2.1136773,2.0389955,0.08216779,1.9919446e-12,19.256672,6.8451356e-09,7.359229e-10,4.1679565e-10,1.687852e-10,2.8190885e-11,1.3881657e-11,8.631556e-17,2.7704772e-17,,-11.700722742170255,-8.16461794420599,-9.13316768274695,-9.380076822305728,-9.772665637306229,-10.549891289899017,-10.857558690412306,-16.063860595670416,-16.55728868984977,-0.9685497385409612,-0.24690913955877747,-0.3925888150005008,-0.7772256525927883,-0.30766740051328867,-5.20630190525811,-0.49342809417935385,-8.39267074564378,-6.784623052543541
4FGL J0058.3+1723,14.577,17.3884,bll,4.63588,1.5155816,1.3945888,0.2185577,6.7635226e-13,9.572169,1.5954993e-09,1.4722914e-12,1.0485852e-15,1.3344029e-12,1.3986228e-11,7.8621745e-12,7.696631e-12,4.7565638e-17,,-12.169827048039139,-8.797103382007519,-11.832006221772035,-14.97939213462371,-11.874713019617335,-10.854299395967248,-11.104457320743744,-11.113699333781193,-16.322615379015264,-3.0349028397645164,-3.147385912851675,3.104679115006375,1.0204136236500876,-0.2501579247764969,-0.00924201303744887,-5.208916045234071,-7.5255119970077455,-4.447902359397929
4FGL J0059.5-3338,14.8869,-33.6407,fsrq,5.6946473,2.8047664,2.8058672,0.015488122,1.974583e-12,17.280392,1.235094e-11,5.3083196e-09,5.1393667e-10,7.6258666e-11,1.4478292e-11,2.4559608e-14,5.660701e-16,1.7814556e-15,,-11.7045246041269,-10.908299987698221,-8.275042937287958,-9.28909039376681,-10.117710796093073,-10.839282668413968,-13.609778392489432,-15.247122112050748,-14.749222559433885,2.633257050410263,-1.0140474564788509,-0.8286204023262638,-0.7215718723208955,-2.770495724075463,-1.6373437195613167,0.4978995526168628,-3.840922571735664,-4.6315117633408125
4FGL J0101.3-8019,15.3324,-80.3235,fsrq,4.793159,2.7389755,2.7196255,0.12350038,2.027408e-12,19.61396,8.453118e-09,3.7080428e-09,6.744911e-10,1.0062321e-10,1.6554045e-11,6.1451906e-15,1.167546e-15,3.9039663e-17,,-11.69305884200249,-8.072983068514528,-8.430855261663222,-9.171023776521427,-9.99730183223594,-10.781095868300632,-14.211463935714693,-14.932722280005764,-16.40838270974755,-0.3578721931486939,-0.7401685148582047,-0.8262780557145142,-0.7837940360646911,-3.4303680674140615,-0.7212583442910709,-1.4756604297417848,-8.335399641233021,-6.411080877511608
4FGL J0102.1+5846,15.5371,58.7781,bcu,5.192584,2.313264,2.3206823,0.052705463,3.043305e-12,20.302282,5.421063e-12,3.8231143e-09,1.5653976e-09,1.4342869e-10,5.5924234e-11,5.0881504e-12,3.768889e-12,7.101637599999999e-18,,-11.516654519044492,-11.265915544806425,-8.417582717643652,-8.805375336354397,-9.843363968146818,-10.252399955689238,-11.293440059060208,-11.423786651898842,-17.148030382567978,2.848332827162773,-0.3877926187107441,-1.0379886317924214,-0.40903598754242054,-1.0410401033709693,-0.13034659283863448,-5.724243730669135,-5.882114837761552,-7.30466641442116
4FGL J0102.8+5824,15.701,58.4092,fsrq,59.444836,2.2838695,2.288061,0.06728792,4.1235716e-11,952.9826,5.4720108e-08,4.026644e-08,1.3527362e-08,3.220445e-09,7.2809664e-10,1.4270991e-10,1.9235972e-11,4.9971333e-12,,-10.384726460019433,-7.261853054128545,-7.39505676514536,-7.8687868878474125,-8.492084113491808,-9.137810973107836,-9.845545867717718,-10.715885863533737,-11.301279064600815,-0.13320371101681516,-0.4737301227020527,-0.6232972256443956,-0.6457268596160279,-0.7077348946098816,-0.8703399958160194,-0.5853932010670775,-4.03942601047227,-2.8091949511090064
4FGL J0103.5+5337,15.8787,53.6262,bll,26.588034,1.8221352,1.6934736,0.07397568,7.845164e-12,47.23652,8.025678e-09,1.3284987e-11,5.3479665e-10,4.6358367e-10,1.9353358e-10,7.1155595e-11,2.744502e-11,6.577556e-12,,-11.105397972676991,-8.095518268676953,-10.876638865904669,-9.271811321841483,-9.333871870701227,-9.713243669674679,-10.147790945383841,-10.56153644824074,-11.181935445069646,-2.7811205972277158,1.6048275440631858,-0.0620605488597441,-0.37937179897345175,-0.4345472757091624,-0.4137455028568997,-0.6203989968289054,-3.0864171763926933,-1.8480635743684193
4FGL J0105.5+1912,16.3962,19.2052,bll,2.943237,2.3,2.6036057,0.035673026,9.0459763e-13,28.794146,8.479463e-09,1.0162587e-09,2.2429385e-10,5.5317244e-11,1.7815688e-11,2.1028652e-12,8.686017e-16,6.909302000000001e-18,,-12.0435445496172,-8.071631650516519,-8.992995723464135,-9.64918263432313,-10.257139465241409,-10.749197401313141,-11.677188563941964,-15.061174325087517,-17.159937713756783,-0.9213640729476165,-0.6561869108589953,-0.6079568309182779,-0.492057936071733,-0.9279911626288229,-3.383985761145553,-2.0987633886692656,-9.088306063240264,-6.902798248515374
4FGL J0105.9+3403,16.4847,34.0644,bll,5.79123,2.7534559,2.7476764,0.08933568,2.3031108e-12,70.02037,2.4832092e-10,4.0458508e-09,1.062706e-09,7.725477e-11,4.733389e-12,2.2872077e-12,1.215247e-16,1.1098658999999999e-16,,-11.637685166241667,-9.604986691391113,-8.392990136870974,-8.973586867399133,-10.112074696044663,-11.324827801901346,-11.640694393674547,-15.915299706699761,-15.954690363257772,1.2119965545201392,-0.5805967305281587,-1.1384878286455304,-1.2127531058566827,-0.31586659177320087,-4.274605313025214,-0.03939065655801066,-6.349703671866658,-5.842615667213108
4FGL J0107.4+0334,16.8508,3.5691,bll,8.750334,2.1854582,2.1300397,0.07915048,2.0286682e-12,60.522034,1.7574654e-12,2.3554094e-09,5.355845e-10,1.4018488e-10,3.8127265e-11,1.04489785e-11,2.4016867e-12,2.2775449e-17,,-11.692788976302726,-11.755113213900719,-8.627933596088216,-9.271172000102023,-9.853298825758342,-10.418764346933674,-10.980926164017433,-11.619483645139644,-16.642342408981857,3.1271796178125033,-0.6432384040138075,-0.582126825656319,-0.5654655211753319,-0.5621618170837586,-0.638557481122211,-5.022858763842214,-4.887229195081138,-6.789043583223515
4FGL J0107.6+4950,16.9067,49.8415,bcu,5.4320664,2.2656782,2.2464833,0.028056925,1.7470902e-12,12.520213,3.2056947e-11,5.4308114e-10,5.3307686e-10,1.1196802e-10,2.5821782e-11,7.697474e-12,1.0060736e-12,3.934426000000001e-17,,-11.757684669891862,-10.494077840679477,-9.26513527901884,-9.273210169075266,-9.950906001583657,-10.588013789552003,-11.113651768788213,-11.997370242692329,-16.405008249471237,1.2289425616606362,-0.008074890056425588,-0.677695832508391,-0.6371077879683451,-0.52563797923621,-0.883718473904116,-4.4076380067789085,-5.91093040879176,-6.45410224788758
4FGL J0109.7+6133,17.445,61.5615,fsrq,34.527103,2.627819,2.6598241,0.157711,2.6603853e-11,1086.423,5.814604e-08,4.355725e-08,1.1892517e-08,1.6052708e-09,1.9828299e-10,1.3774891e-11,2.2309895e-18,1.09045355e-13,,-10.57505546036887,-7.23547985728473,-7.360939547362581,-7.924726219096183,-8.794451694081742,-9.70271454077025,-10.860911828697073,-17.649560178316676,-12.962392789486506,-0.12545969007785107,-0.5637866717336015,-0.8697254749855592,-0.9082628466885083,-1.1581972879268232,-6.788648349619603,4.68716738883017,-5.726912932201776,-4.167941095404764
4FGL J0110.1+6805,17.5454,68.0973,bll,46.39756,1.9886951,1.9705921,0.018485911,2.2285358e-11,28.154408,1.3941963e-10,1.5567819e-08,4.6357242e-09,1.2595359e-09,4.642523e-10,1.6200587e-10,5.141137e-11,8.789905e-12,,-10.65198038466425,-9.855676074123027,-7.807772226391875,-8.333882410063225,-8.899789449480638,-9.3332459359906,-9.790469249242763,-10.288940822900999,-11.056015818197643,2.0479038477311517,-0.5261101836713502,-0.5659070394174126,-0.4334564865099626,-0.4572233132521628,-0.4984715736582359,-0.7670749952966442,-1.2003397440746166,-2.1562263687170056
4FGL J0110.2+4151,17.5581,41.8591,bll,5.9618673,1.8334662,1.8415029,-0.0112357,1.0699177e-12,17.463028,3.965304e-09,3.7985576e-13,3.2935968e-10,4.9862937e-11,1.6186632e-11,1.2440902e-11,1.0817103e-15,3.8964027e-12,,-11.970649623686036,-8.401723511885887,-12.42038127228687,-9.482329567949964,-10.30222214441086,-10.79084350650513,-10.905148130596642,-14.965885020070244,-11.40933616326867,-4.018657760400982,2.938051704336905,-0.8198925764608962,-0.48862136209426943,-0.11430462409151154,-4.060736889473603,3.556548856801575,-3.0076126513827823,-1.1071140188578088
4FGL J0110.3-0431,17.5797,-4.5267,bcu,5.3642,2.3668318,2.3878224,0.096741565,1.648609e-12,23.517124,3.9674702e-10,3.329773e-09,5.071195e-10,1.15867094e-10,1.5637052e-11,5.1450936e-12,4.2844894e-12,2.8146127e-16,,-11.782882330973822,-9.401486326572039,-8.47758537256076,-9.294889689424686,-9.936039885166487,-10.805845119336695,-11.288606719261779,-11.368100926280325,-15.550565927339195,0.9239009540112786,-0.8173043168639254,-0.6411501957418011,-0.869805234170208,-0.48276159992508383,-0.0794942070185467,-4.182465001058869,-6.1490796007671555,-5.614526042172708
4FGL J0111.4-7304,17.8557,-73.0719,bcu,4.8051677,2.1697872,2.1864948,0.15395357,1.293766e-12,9.580645,7.812405e-09,3.0553365e-17,3.0395977e-10,1.0171137e-10,2.8123259e-11,3.5699002e-12,4.81298e-13,2.4848706e-17,,-11.888144262890497,-8.107215250700321,-16.514798832017842,-9.517183892768966,-9.992630495881645,-10.550934353351803,-11.44734392362228,-12.317585933975677,-16.604521481956883,-8.407583581317521,6.9976149392488765,-0.4754466031126796,-0.5583038574701575,-0.8964095702704764,-0.8702420103533974,-4.286935547981207,-8.497306231256562,-6.611890986075238
4FGL J0112.6-3158,18.1611,-31.9743,bll,5.5944524,2.013326,1.7441348,0.26934102,1.000015e-12,15.14904,9.909975e-12,2.8337552e-10,8.8563726e-11,5.028033e-11,2.963911e-11,8.457238e-12,2.6567665e-17,7.460077500000002e-16,,-11.99999348128875,-11.00392744067444,-9.547637669909921,-10.052744120318783,-10.298601880527615,-10.528134841298275,-11.07277144699238,-16.575483176973428,-15.127250839235982,1.4562897707645188,-0.5051064504088618,-0.24585776020883188,-0.2295329607706602,-0.5446366056941052,-5.502711729981048,1.448232337737446,-4.123323398561542,-4.828648958708367
4FGL J0112.8-0253,18.2061,-2.8965,bcu,4.2026606,2.0622973,1.9433079,0.3043408,1.0300475e-12,15.250021,4.3867843e-10,3.92131e-12,1.6170298e-13,7.385059e-11,3.441239e-11,2.108316e-12,3.434882e-13,3.0369247e-16,,-11.987142743396788,-9.357853719499627,-11.406568821992016,-12.791281949614344,-10.13164603065584,-10.46328516370254,-11.67606429331085,-12.46408816521234,-15.51755167596778,-2.0487151024923893,-1.3847131276223283,2.6596359189585037,-0.3316391330466999,-1.2127791296083092,-0.7880238719014905,-3.0534635107554404,-6.159697956468154,-5.38590564531194
4FGL J0114.0+6418,18.5151,64.304,bcu,7.5943418,2.132163,2.003652,0.15514944,3.5465853e-12,46.62847,2.1133683e-11,5.994677e-09,5.3270627e-10,1.5825237e-10,8.234083e-11,1.7688222e-11,3.6392087e-12,2.3257865e-12,,-11.450189589116832,-10.67502481096772,-8.222234212213571,-9.2735121914924,-9.800649777205978,-10.084384759551963,-10.752315819439245,-11.438993036746245,-11.633430152799404,2.4527905987541487,-1.0512779792788294,-0.5271375857135769,-0.28373498234598493,-0.6679310598872821,-0.6866772173070004,-0.19443711605315883,-0.9584053418316838,-1.8327803755934262
4FGL J0115.6-5653,18.9053,-56.8954,bcu,4.5612636,1.6842656,1.4562032,0.15516457,5.6054337e-13,4.251825,3.0074460000000005e-17,5.5253664e-13,1.1935908e-10,9.298989e-12,1.0514022e-11,5.6325313e-12,4.2248162e-12,6.940631e-16,,-12.251390772068808,-16.52165777945652,-12.257638909742647,-9.923144537291984,-11.031564265558451,-10.978231118166791,-11.249296385450126,-11.37419217919215,-15.158594787103112,4.264018869713871,2.3344943724506635,-1.1084197282664672,0.05333314739166006,-0.27106526728333513,-0.12489579374202364,-3.7844026079109625,1.3630629923534059,-4.127030521544661
4FGL J0118.7-0848,19.6884,-8.808,bcu,8.304416,2.6799011,2.7323346,0.1987797,2.7157124e-12,36.526264,3.4805843e-09,6.556377e-09,1.0772446e-09,1.5156984e-10,1.3332664e-11,2.2821836000000004e-16,8.6615174e-17,4.0022197e-15,,-11.566116223111386,-8.458347843131234,-8.183336081898881,-8.967685674256757,-9.819387207809001,-10.875083065196192,-15.641630390477681,-16.062355880031923,-14.397697989517962,0.2750117612323528,-0.7843495923578754,-0.8517015335522444,-1.0556958573871906,-4.76654732528149,-0.4207254895542416,1.6646578905139613,-5.939350146386728,-4.578310781708961
4FGL J0121.8+1147,20.4673,11.7961,fsrq,4.344359,2.0146165,1.935229,0.111350276,9.117556e-13,10.305655,6.724702e-11,7.679188e-12,9.3876885e-11,5.880712e-11,2.1357752e-11,6.408378e-12,1.4380538e-12,4.032567e-18,,-12.040121555807383,-10.172326956260695,-11.114684699424187,-10.027441329442132,-10.23057008899435,-10.67044446049319,-11.193251878506974,-11.842224862945598,-17.393342773526903,-0.9423577431634911,1.0872433699820547,-0.20312875955221799,-0.43987437149884023,-0.5228074180137838,-0.6489729844386236,-5.551117910581306,-7.221015817266208,-7.162772684532554
4FGL J0122.1-3004,20.5293,-30.0697,bcu,5.3957124,1.4475635,1.1488322,0.28462967,6.557921e-13,8.172603,8.709062e-13,9.431889e-12,8.5898406e-11,6.5946302e-12,8.944627e-12,4.730548e-12,1.0218961e-11,1.6075125000000002e-16,,-12.183233812741486,-12.06002861269919,-11.025401318454545,-10.066014895161588,-11.180809552241815,-11.048437764752974,-11.325088545534264,-10.990593257876625,-15.793818625607697,1.034627294244645,0.9593864232929565,-1.1147946570802265,0.13237178748884126,-0.27665078078129035,0.3344952876576386,-4.803225367731072,-3.733790012908507,-4.613009073365882
4FGL J0123.7+4209,20.9338,42.1646,bll,5.2642193,1.8932304,1.9048933,-0.021106014,9.142585e-13,19.310022,1.2292058e-12,1.0926603e-09,2.6372654e-10,5.8795066e-11,7.062441e-12,1.1045288e-11,2.5269144e-12,2.106427e-12,,-12.038930988519216,-11.910375395661855,-8.961514836002491,-9.578846162963838,-10.230659117708532,-11.15104516666114,-10.956822955254479,-11.597409467970952,-11.67645358505526,2.948860559659364,-0.617331326961347,-0.6518129547446936,-0.9203860489526079,0.19422221140666096,-0.6405865127164727,-0.07904411708430814,0.23392181060659567,-1.4457944673467278
4FGL J0125.3-5112,21.3296,-51.2115,fsrq,5.328333,2.6975021,2.6761825,0.08686736,1.6392133e-12,6.626488,2.2111675e-10,2.9982066e-09,5.6141075e-10,7.2190996e-11,1.4024269e-11,2.36816e-13,8.239668000000001e-17,1.4239040000000002e-17,,-11.785364528230527,-9.655378357550722,-8.5231384441519,-9.250719275660744,-10.141516966239536,-10.85311976630687,-12.625588940379783,-16.08403758236171,-16.846214394374556,1.1322399133988217,-0.7275808315088437,-0.8907976905787915,-0.7116028000673342,-1.7724691740729135,-3.458448641981926,-0.7621768120128465,-7.190836036823834,-6.70469742813502
4FGL J0125.4+3200,21.3656,32.0086,bcu,4.0407295,2.8849206,2.873272,0.16311128,2.210146e-12,24.466644,1.8777162e-09,5.513479e-09,7.687732e-10,6.2507256e-11,1.0417689e-11,2.4951783e-14,4.843768500000002e-16,3.0817403e-15,,-11.65557903434988,-8.726370046832116,-8.258574275247119,-9.1142017648955,-10.20406956566082,-10.982228611316533,-13.60289824114169,-15.31480765547522,-14.511202553069042,0.4677957715849974,-0.8556274896483806,-1.0898678007653206,-0.7781590456557126,-2.620669629825157,-1.7119094143335314,0.8036051024061788,-5.784832506236926,-4.307132987408222
4FGL J0125.8+2605,21.4745,26.0884,bcu,5.007577,2.4926414,2.4856536,0.028254291,2.1457263e-12,14.018995,8.1107805e-09,9.005448e-09,4.390863e-10,1.3846367e-10,2.591742e-11,2.6187524e-12,1.7868862e-12,1.0026629e-16,,-11.668425673626793,-8.090937351641179,-8.045494677170645,-9.357450113164068,-9.858664161501352,-10.586408233171362,-11.58190556001451,-11.747903102750405,-15.998801742347782,0.04544267447053407,-1.3119554359934238,-0.5012140483372836,-0.7277440716700099,-0.9954973268431484,-0.1659975427358944,-4.250898639597377,-7.907864390706603,-6.14013758084643
4FGL J0126.5-1553,21.6487,-15.8849,bcu,4.6111016,2.5429344,2.465175,0.08060689,1.4601046e-12,10.698843,7.967358e-09,3.244486e-09,4.8381443e-10,7.797945e-11,1.883317e-11,3.6639244e-15,4.738813700000001e-16,7.974872400000002e-16,,-11.835616027833215,-8.098685668094161,-8.488854095486278,-9.31532118272846,-10.108019832221443,-10.725076573133675,-14.436052310651855,-15.324321200132642,-15.09827081128626,-0.3901684273921173,-0.8264670872421824,-0.7926986494929817,-0.6170567409122327,-3.7109757375181793,-0.8882688894807877,0.22605038884638162,-6.9995851431921,-4.990250979064818
4FGL J0127.3-0148,21.8421,-1.8001,bll,4.2376213,2.1907659,2.1965296,0.12762743,1.0627333e-12,12.31733,2.0495077e-09,1.2103376e-13,3.578226e-10,1.0838117e-10,8.4075634e-13,4.215582e-12,3.0214503e-12,8.133519999999999e-20,,-11.973575706809505,-8.688350445698017,-12.91709343895261,-9.446332232942293,-9.96504616494806,-12.075329843894925,-11.375142457508485,-11.519784543652909,-19.039361815898378,-4.228742993254594,3.4707612060103177,-0.5187139320057668,-2.1102836789468657,0.7001873863864407,-0.1446420861444242,-7.519577272245469,-10.35101137020036,-9.074315650950318
4FGL J0128.2-1722,22.0504,-17.3752,bcu,5.766599,2.4768198,2.3763788,0.13176812,1.7048573e-12,18.774025,3.2481164e-11,1.0438298e-09,5.917678e-10,1.00005136e-10,2.7225725e-11,5.8024044e-15,3.8232905e-20,2.2640405e-15,,-11.768311963928289,-10.488368415574284,-8.981370308749803,-9.227848669892575,-9.999977695164764,-10.565020546332523,-14.236391257745266,-19.316656580344834,-14.645113890369483,1.506998106824481,-0.24647836114277233,-0.7721290252721893,-0.5650428511677585,-3.6713707114127434,-5.080265322599567,4.67154268997535,-4.1567454747951995,-4.645136195204719
4FGL J0128.3+5710,22.0835,57.17,bcu,5.8571033,2.317836,2.3166802,0.0084175,2.3448856e-12,24.3672,1.1053931e-08,3.925183e-09,7.836418e-10,1.298843e-10,2.78791e-11,1.0660768e-11,2.9118346e-12,6.812507000000001e-17,,-11.62987833851713,-7.956483250665085,-8.406140090755203,-9.105882406483431,-9.886443341853072,-10.554721250193811,-10.972211507270945,-11.535833296256051,-16.16662929356318,-0.4496568400901184,-0.6997423157282281,-0.7805609353696408,-0.6682779083407393,-0.4174902570771337,-0.5636217889851061,-4.630795997307128,-8.210146042898096,-6.2801859517101075
4FGL J0129.0+6312,22.27,63.2118,bcu,9.881953,2.7114627,2.8587477,0.3065984,9.63604e-12,6.49588,4.2354917e-10,1.5273903e-08,4.7105897e-09,5.4655824e-10,6.4209985e-11,3.0783206e-18,1.5746861e-15,3.9067576e-16,,-11.016101405426896,-9.373096164968558,-7.816049971799033,-8.326924721866993,-9.26236355381067,-10.19239743147075,-17.51027762168357,-14.802803248114266,-15.408172417969295,1.5570461931695254,-0.51087475006796,-0.9354388319436779,-0.9300338776600796,-7.31788019021282,2.7074743735693048,-0.6053691698550292,-6.035076253000737,-6.145808864158624
4FGL J0131.1+6120,22.7924,61.3372,bll,38.43588,1.8156923,1.6731838,0.089775935,1.4914292e-11,100.07071,6.999611e-09,2.475368e-11,1.0956236e-09,7.610833e-10,3.9728332e-10,1.4031447e-10,5.251574e-11,1.131925e-11,,-10.82639735802087,-8.154926095020517,-10.606360227468533,-8.960338621504121,-9.1185678074149,-9.400899668470144,-9.85289753979522,-10.279710510404074,-10.946182347645,-2.451434132448016,1.6460216059644122,-0.15822918591077872,-0.2823318610552441,-0.4519978713250765,-0.4268129706088537,-0.6664718372409251,-2.791256252624482,-1.8276145402300994
4FGL J0131.2+5547,22.8214,55.7849,bcu,16.142672,2.1350937,2.1161723,0.03403944,6.077383e-12,9.9803915,1.7567966e-09,3.295302e-09,1.7689747e-09,3.619509e-10,1.1759659e-10,3.007611e-11,1.1379097e-11,3.2110442e-13,,-11.216283392599882,-8.755278517734514,-8.482104778057009,-8.75227837835349,-9.44135033913806,-9.929605271468315,-10.521778335315735,-10.943892200079253,-12.493353702806953,0.2731737396775049,-0.27017360029648074,-0.6890719607845703,-0.4882549323302552,-0.5921730638474205,-0.4221138647635172,-1.5494615027277003,-3.7380751850724394,-3.0520033636688932
4FGL J0133.7-5527,23.445,-55.4502,bcu,5.355674,2.3062625,2.2501786,0.054584656,1.0565154e-12,14.627979,9.45061e-14,2.6450286e-09,1.827864e-10,7.944395e-11,9.808442e-12,7.1766265e-12,6.598499e-16,2.6038378e-16,,-11.976124164083359,-13.024540112617675,-8.577569627689524,-9.73805612052962,-10.09993917054366,-11.00839997123323,-11.144079654975256,-15.18054826311822,-15.584369393928501,4.446970484928151,-1.1604864928400964,-0.36188305001403975,-0.9084608006895696,-0.1356796837420262,-4.036468608142965,-0.4038211308102806,-2.559829281310826,-5.484430223384841
4FGL J0135.0+5338,23.7639,53.6351,bcu,6.5929594,2.5375915,2.4217534,0.45662788,1.8509543e-12,11.722582,4.1370585e-13,9.3056535e-10,9.768745e-10,2.3450977e-10,1.434386e-11,3.940983e-17,3.1410053e-15,7.888205e-16,,-11.732604301484688,-12.383308327430232,-9.03125312263836,-9.010161226919992,-9.629839059247217,-10.84333396195544,-16.404285252969338,-14.502929948132094,-15.103016305818343,3.3520552047918724,0.021091895718367226,-0.6196778323272252,-1.2134949027082218,-5.5609512910138985,1.901355304837244,-0.6000863576862496,-2.7197079783881115,-5.473177246571126
4FGL J0135.3-2728,23.8278,-27.4694,bcu,4.1197968,2.2937756,2.2860734,0.01941098,9.585972e-13,8.232309,1.1955672e-13,2.6434796e-10,3.3204875e-10,4.7624606e-11,2.0380397e-11,5.630248299999999e-19,1.5142358e-12,5.2126087e-17,,-12.01836383935776,-12.922425971872777,-9.577824036724044,-9.478798150313802,-10.322168604143425,-10.690787360193534,-18.241826559012804,-11.81980648744678,-16.28286156730039,3.3446019351487326,0.09902588641024224,-0.843370453829623,-0.3686187560501093,-7.55103919881927,6.422020071566024,-4.463055079853611,-3.3604355954276137,-5.960692963156966
4FGL J0136.8+2032,24.2019,20.5381,bcu,4.7814684,2.6306813,2.6002746,0.061189257,1.8053899e-12,17.1097,2.2301134e-09,4.107341e-09,5.9129157e-10,1.0504189e-10,1.2791728e-11,2.460517e-13,2.2675992e-18,1.4429201e-16,,-11.743428989063363,-8.651673052760616,-8.386439239616534,-9.228198312653587,-9.978637472623744,-10.893070783549812,-12.60897361237758,-17.64252269840573,-15.840727619524461,0.2652338131440821,-0.8417590730370534,-0.7504391599701563,-0.9144333109260678,-1.715902828827769,-5.033549086028151,1.8017950788812698,-7.189054566763845,-5.862090146900718
4FGL J0137.5+0847,24.3853,8.7989,fsrq,4.927248,2.8292165,2.768083,0.10785614,2.153821e-12,11.336726,3.8314574e-09,4.007627e-09,9.0876034e-10,4.8012323e-11,1.6882133e-11,9.264313e-17,3.2880646e-15,2.1721914e-15,,-11.66679039091697,-8.416635998775815,-8.397112706146716,-9.041550634637733,-10.318647280783228,-10.772572682357922,-16.03313990479875,-14.483058337725412,-14.663099910734344,0.01952329262909913,-0.6444379284910173,-1.2770966461454947,-0.4539254015746934,-5.26056722244083,1.5500815670733399,-0.18004157300893198,-6.246463911958529,-4.344452629951116
4FGL J0137.9+5814,24.4957,58.2494,bll,40.553074,1.9565228,1.9457812,0.012057728,1.7482531e-11,66.34927,1.722255e-08,4.504178e-09,3.2156626e-09,1.0571606e-09,3.5678807e-10,1.1348519e-10,4.7484662e-11,1.7296923e-11,,-10.757395692748243,-7.7639025457427815,-8.346384454991833,-8.492729525421375,-8.97585903123566,-9.447589675639655,-9.945060810863827,-10.323446648903984,-10.762031147659144,-0.5824819092490516,-0.14634507042954148,-0.4831295058142846,-0.4717306444039959,-0.4974711352241723,-0.37838583804015613,-0.43858449875516037,-2.9981286019163624,-1.7861721164234847
4FGL J0138.6+2923,24.6637,29.3855,bcu,8.190718,2.6827228,2.6578062,0.08305037,3.0615423e-12,98.61732,9.117381e-10,7.1593815e-09,1.1956469e-09,8.9228055e-11,2.7754828e-11,2.3821758e-12,5.892727e-18,1.7447648e-18,,-11.514059734310052,-9.040129896381298,-8.145124494833912,-8.922397057821401,-10.049498573646645,-10.55666145954233,-11.623026189748593,-17.22894730235144,-17.75578108598301,0.8950054015473867,-0.7772725629874895,-1.1271015158252435,-0.5071628858956849,-1.0663647302062635,-5.6059211126028465,-0.5268337836315702,-8.715651189601711,-7.706282512336365
4FGL J0143.3-0119,25.8474,-1.3274,bcu,3.4664354,2.5622451,2.5274494,-0.098357424,1.0638703e-12,19.146957,9.112164e-12,3.8085313e-09,3.3111566e-10,1.7838806e-15,1.6814357e-11,3.6924053e-12,3.315535e-12,5.889646e-16,,-11.973111311029934,-11.040378471984603,-8.419242470852856,-9.480020278942586,-14.748631782960546,-10.774319735684946,-11.432690633151228,-11.479446381846518,-15.229903434105426,2.621136001131747,-1.06077780808973,-5.26861150401796,3.9743120472755997,-0.6583708974662823,-0.04675574869528987,-3.7504570522589074,-4.189524962120823,-0.4812716511448798
4FGL J0145.9+2319,26.4827,23.3329,bcu,7.1940575,2.3955083,2.327367,0.09740984,2.6792939e-12,26.149082,1.4795407e-08,2.1383384e-09,9.0811414e-10,1.7591464e-10,3.2236144e-11,5.5371922e-12,2.3901044000000003e-16,1.508685e-15,,-11.571979643058503,-7.8298730835329335,-8.669923564970315,-9.041859561984257,-9.754698016079866,-10.491656912751955,-11.256710400762309,-15.6215649584676,-14.821398548962126,-0.8400504814373813,-0.3719359970139422,-0.7128384540956088,-0.736958896672089,-0.7650534880103539,-4.364854557705291,0.8001664095054739,-6.991525465429192,-5.06670053288226
4FGL J0147.6+1547,26.9015,15.7955,bcu,4.970475,2.435945,2.445716,-0.029518746,1.6053686e-12,18.654613,4.416859e-09,4.1738817e-09,3.7016595e-10,8.597686e-11,1.4432621e-11,1.0392795e-11,1.0687562e-12,7.801632499999999e-18,,-11.794425233097794,-8.354886464562078,-8.379459864269354,-9.431603532646527,-10.06561841994513,-10.840654792481336,-10.983267638758562,-11.971121348791586,-17.107258196384738,-0.024573399707275456,-1.0521436683771732,-0.6340148872986031,-0.7750363725362064,-0.1426128462772258,-0.9878537100330238,-5.136136847593152,-8.75237173182266,-7.041639776439608
4FGL J0147.6-6028,26.9157,-60.4752,bcu,5.7916536,1.8969439,1.7579237,0.19256583,8.760199e-13,10.75817,8.9399854e-10,2.0359125e-14,1.0294749e-11,5.2497694e-11,2.3112538e-11,6.1993206e-12,2.7268344e-12,8.0776754e-17,,-12.057486023164257,-9.0486631904503,-13.69124067784349,-10.9873842371859,-10.279859772798371,-10.636152361608014,-11.207655902678388,-11.564341234264738,-16.092659841407247,-4.64257748739319,2.7038564406575905,0.7075244643875287,-0.35629258880964265,-0.5715035410703742,-0.3566853315863501,-4.528318607142509,-7.043996650956947,-5.812800068608876
4FGL J0147.6-0825,26.9177,-8.4245,bcu,11.389917,2.3709593,2.3420331,0.047113743,3.2032985e-12,103.08178,4.1874133e-11,4.3787747e-09,1.1136158e-09,1.948034e-10,4.5385747e-11,5.0801967e-12,2.3668576e-12,1.0785012e-16,,-11.494402588278083,-10.378054171784848,-8.358647399877439,-8.95326461590837,-9.710403467412766,-10.343080512049555,-11.29411947109924,-11.625827868412854,-15.967139100872362,2.019406771907409,-0.5946172160309313,-0.7571388515043953,-0.6326770446367895,-0.9510389590496846,-0.3317083973136139,-4.341311232459509,-5.589084929087514,-6.256735633459597
4FGL J0148.2+5201,27.0594,52.0243,bll,23.2941,1.7966598,1.6650268,0.08819669,5.8647943e-12,24.776337,6.5133055e-10,8.2363675e-14,4.4176052e-10,3.318602e-10,1.2542797e-10,6.181745e-11,3.0186284e-11,1.3495322e-12,,-11.231747214852536,-9.186198551198547,-13.084264231027241,-9.354813099483016,-9.479044829400632,-9.901605606515616,-10.20888891369243,-10.520190346177987,-11.86981674544735,-3.8980656798286937,3.7294511315442254,-0.12423172991761611,-0.42256077711498463,-0.30728330717681374,-0.311301432485557,-1.3496263992693631,-2.683618194248803,-2.3907719160467185
4FGL J0149.8+2650,27.465,26.8496,bll,4.7474036,2.2510748,2.1787174,0.09878557,1.4988829e-12,7.1204233,2.9650708e-15,9.304922e-10,2.455338e-10,1.14156316e-10,2.9293134e-11,4.503351e-12,4.227622e-13,6.155693000000001e-17,,-11.824232292119731,-14.527963467387067,-9.031287263056388,-9.609888714753136,-9.942500054980517,-10.533234161591295,-11.346464200990662,-12.37390384047996,-16.210652501716307,5.496676204330679,-0.5786014516967484,-0.3326113402273805,-0.5907341066107783,-0.8132300393993663,-1.0274396394892982,-3.8367486612363475,-1.6826890343292398,-6.26815244673579
4FGL J0150.5-3337,27.6429,-33.6203,bcu,4.345302,2.450639,2.4357767,0.020718494,1.0970645e-12,23.210293,3.9790002e-09,2.2941917e-09,3.5743758e-10,5.463583e-11,1.545213e-11,5.627066e-13,7.461182400000001e-16,1.3844297e-15,,-11.959767834126932,-8.400226039023194,-8.639370295772975,-9.44679978889534,-10.262522454874762,-10.811011646476734,-12.249717983247171,-15.127186522208406,-14.858725955431275,-0.2391442567497819,-0.8074294931223651,-0.8157226659794219,-0.5484891916019716,-1.4387063367704371,-2.877468538961235,0.26846056677713115,-6.458499916408082,-4.596203500556513
4FGL J0151.7+5455,27.9312,54.9172,bcu,7.1964846,2.507407,2.5524635,0.20533162,3.478519e-12,22.434282,3.7474832e-10,5.159161e-09,1.2379217e-09,2.14059e-10,3.1914433e-11,3.648807e-12,2.9998608e-12,5.9248783e-17,,-11.458605618893785,-9.426260305409695,-8.287420919049563,-8.907306824079232,-9.669466507738525,-10.496012866816681,-11.437849106410235,-11.522898895564106,-16.227247271887553,1.1388393863601323,-0.619885905029669,-0.7621596836592932,-0.8265463590781561,-0.9418362395935542,-0.08504978915387085,-4.704348376323447,-6.800986966477858,-6.557780764149028
4FGL J0152.6-1404,28.166,-14.0695,fsrq,4.2027283,2.7891104,2.775241,0.013257986,1.4698599e-12,25.836117,8.825364e-10,3.072801e-09,3.199843e-10,1.0047141e-10,9.009747e-14,2.2776366e-12,2.7764692000000005e-16,4.4066892e-16,,-11.83272405519276,-9.054267373195126,-8.512465564506394,-9.494871329762258,-9.997957502833877,-13.04528735593991,-11.642515565094856,-15.55649149820307,-15.355877723591826,0.5418018086887315,-0.982405765255864,-0.503086173071619,-3.0473298531060333,1.4027717908450548,-3.9139759331082136,0.2006137746112433,-6.3016103503967,-5.357920220757949
4FGL J0153.5-5107,28.396,-51.1293,fsrq,2.741277,3.0366707,3.009857,0.058899608,1.3590567e-12,21.114857,2.2986621e-12,1.8777764e-09,4.3923357e-10,5.954257e-11,1.5883475e-12,2.388601e-16,4.034571e-17,6.47017e-17,,-11.866762420878828,-11.63852486280954,-8.726356123477395,-9.357304474767096,-10.225172424021284,-11.799054473467901,-15.62183820863306,-16.394095007508298,-16.18901719095323,2.912168739332145,-0.6309483512897014,-0.8678679492541885,-1.5738820494466168,-3.8227837351651583,-0.7722567988752385,0.20507781655506818,-4.55049232814369,-5.963844766931945
4FGL J0154.5-6604,28.6461,-66.0793,bcu,28.280363,2.343447,2.235766,0.11644649,6.091228e-12,1091.331,2.9538073e-08,8.217406e-09,2.260594e-09,4.9914767e-10,1.2236764e-10,1.14968495e-11,8.720586e-16,9.2770415e-18,,-11.215295143458446,-7.5296178405325325,-8.085265255169727,-8.645777429422933,-9.301770951805537,-9.912333415713164,-10.93942115337466,-15.05944935058391,-17.032122613762752,-0.5556474146371944,-0.5605121742532067,-0.6559935223826034,-0.6105624639076268,-1.0270877376614962,-4.120028197209249,-1.9726732631788426,-9.50250477323022,-7.730351661957215
4FGL J0155.4-0625,28.8536,-6.4224,bcu,3.8267248,2.2712429,2.2558584,0.113419496,1.0650348e-12,16.947716,1.6274441e-13,2.28305e-10,4.829287e-10,7.091959e-11,1.120636e-11,3.8898893e-12,1.0134799e-14,8.748248e-18,,-11.972636197348384,-12.788493893111557,-9.641484577108214,-9.316116984109705,-10.14923378374384,-10.950535429713803,-11.410062756705182,-13.994184431581498,-17.057582761415347,3.147009316003343,0.3253675929985089,-0.8331167996341353,-0.8013016459699625,-0.4595273269913793,-2.5841216748763163,-3.0633983298338485,-4.26908886830379,-6.908348977671507
4FGL J0156.1+1502,29.0316,15.0405,bcu,5.0905275,1.7818102,1.5748118,0.2094664,9.872438e-13,11.480484,3.3220302e-12,7.247928e-12,8.8298415e-16,3.4523592e-11,2.2746362e-11,1.3769383e-11,2.1213125e-12,1.6184337e-19,,-12.005575580601063,-11.4785964224636,-11.139786128937068,-15.054042173694386,-10.461884024400499,-10.643088053306764,-10.861085519536518,-11.67339534686728,-18.764867218999317,0.3388102935265316,-3.914256044757318,4.592158149293887,-0.18120402890626508,-0.2179974662297539,-0.812309827330763,-7.091471872132036,-7.286270796535717,-8.302983194598818
4FGL J0156.6-1758,29.1655,-17.9732,bcu,6.9360294,2.2353058,2.1783884,0.06110119,1.5633553e-12,14.893923,1.6991904e-14,1.1151884e-09,3.772484e-10,9.5615994e-11,3.7604572e-11,4.7165366e-12,1.6153007000000002e-16,1.258814e-17,,-11.805942306922717,-13.76975769865771,-8.952651756675987,-9.423372593482927,-10.019469455743728,-10.424759349806287,-11.326376790196047,-15.791719733262248,-16.899693569752646,4.817105941981723,-0.4707208368069402,-0.5960968622608007,-0.4052898940625589,-0.9016174403897601,-4.465342943066201,-1.1079738364903982,-3.1299358710949363,-6.880224114008918
4FGL J0156.9-3235,29.2453,-32.5984,bcu,5.3717523,1.8019382,1.7564975,0.042895198,7.913213e-13,12.299678,3.3481384e-10,1.7919349e-13,1.5603135e-10,4.317918e-11,1.219736e-11,5.0578764e-12,3.3357139e-12,1.6353142e-12,,-12.101647138719864,-9.4751965981228,-12.74667774782864,-9.80678813389891,-10.364725609350412,-10.913734157616878,-11.296031786915455,-11.476811204028381,-11.78639878945103,-3.2714811497058403,2.9398896139297293,-0.5579374754515012,-0.5490085482664657,-0.38229762929857714,-0.18077941711292667,-0.30958758542264775,-2.3112021913282295,-1.4216731801006173
4FGL J0158.2+2515,29.5735,25.2663,bll,4.151485,1.5792304,1.52329,0.2681827,7.1424144e-13,6.675652,2.7705263e-09,1.8023516e-09,3.2069784e-13,1.5941859e-11,1.257482e-11,1.1220281e-11,1.6383904e-12,4.72936e-13,,-12.146154949741222,-8.557437722820445,-8.744160483584942,-12.49390395162836,-10.797461036094912,-10.90049822251245,-10.94999626611336,-11.785582602755209,-12.325197616944834,-0.18672276076449634,-3.749743468043418,1.6964429155334475,-0.1030371864175379,-0.04949804360090937,-0.8355863366418497,-0.539615014189625,-3.7677598941243886,-1.527736580849922
4FGL J0158.5-5005,29.6263,-50.088,bcu,17.206453,2.432668,2.382477,0.05997974,4.564568e-12,256.97952,1.2726837e-09,7.562846e-09,1.4157937e-09,2.838976e-10,7.416385e-11,5.5525103e-12,4.705328400000002e-16,1.1029807999999999e-16,,-11.340600317746482,-8.895279518112893,-8.12131474292358,-8.849000024523754,-9.546838278861319,-10.129807733088237,-11.255510626373013,-15.32740083062432,-15.95739267458709,0.7739647751893131,-0.7276852816001735,-0.6978382543375652,-0.5829694542269177,-1.1257028932847764,-4.071890204251307,-0.6299918439627703,-7.062113156474197,-6.410554395725772
4FGL J0158.9+7037,29.7382,70.6328,bcu,4.6097827,2.3432639,2.0610645,0.3915288,1.1290369e-12,14.113807,4.6954733e-09,8.262101e-13,1.2530378e-10,1.1890411e-10,5.4495613e-11,2.3810374e-12,2.293072e-15,2.0023344e-18,,-11.947291860070333,-8.32832062464972,-12.082909495040445,-9.902035827547568,-9.92480313340642,-10.263638457764364,-11.623233781063439,-14.639580414737672,-17.696299848662118,-3.754588870390725,2.180873667492877,-0.022767305858852893,-0.3388353243579427,-1.3595953232990752,-3.0163466336742335,-3.056719433924446,-9.367979224012398,-7.771496715255697
4FGL J0202.1+3939,30.5335,39.6635,fsrq,7.169045,2.5633583,2.384046,0.2586777,1.9762703e-12,54.82007,7.7522005e-10,3.2093481e-09,8.6177776e-10,1.9046364e-10,1.0867981e-11,5.4792114e-13,1.7873638e-15,7.8027833e-16,,-11.704153653820972,-9.110575003377184,-8.493583174860094,-9.06460471798676,-9.720187919989351,-10.963851129111289,-12.261281935281641,-14.747784612407143,-15.10774488834847,0.6169918285170901,-0.5710215431266672,-0.6555832020025907,-1.2436632091219373,-1.2974308061703521,-2.486502677125502,-0.3599602759413276,-5.997169884971287,-5.387556968359119
4FGL J0202.3-0605,30.5758,-6.0977,bcu,4.5800667,2.3327591,2.3027205,0.10456308,1.2402989e-12,12.680544,6.3770777e-13,1.2475965e-09,4.2567716e-10,9.090096e-11,1.1721331e-11,4.5393466e-13,3.243764e-12,7.063451e-18,,-11.906473637967013,-12.195378284611524,-8.90392585227693,-9.370919651555848,-10.041431530146086,-10.931023069420572,-12.343006646041747,-11.488950749061015,-17.150368650617253,3.2914524323345944,-0.46699379927891904,-0.6705118785902382,-0.8895915392744858,-1.411983576621175,0.8540558969807321,-5.661417901556238,-4.954990366005729,-7.108937120471166
4FGL J0203.9+5411,30.9799,54.1873,bcu,4.6231766,2.2367346,2.1255398,0.12708461,1.5354968e-12,24.222767,6.3770376e-09,6.3084856e-13,1.4446837e-10,1.4503478e-10,2.8330711e-11,3.7528596e-12,7.2114905e-13,5.0836403e-17,,-11.813751081468283,-8.195381022337079,-12.200074877056915,-9.840227227189605,-9.838527839453423,-10.54774252594392,-11.425637681721401,-12.141974958242262,-16.293739764717746,-4.004693854719836,2.3598476498673104,0.0016993877361812793,-0.7092146864904976,-0.8778951557774803,-0.7163372765208607,-4.151764806475484,-8.098358742380666,-6.455211925264322
4FGL J0204.1-2919,31.0473,-29.3217,bcu,3.8793015,1.9966953,1.7640967,0.36608508,4.69665e-13,20.978779,4.9672676e-11,6.6813347e-11,5.5447372e-11,4.6281607e-11,2.0936008e-11,3.8007045e-12,3.3764806000000003e-16,9.474374e-18,,-12.328211793510507,-10.303882442681019,-10.1751367717493,-10.256119032898088,-10.334591569697416,-10.679106124209495,-11.420135893792027,-15.471522879079455,-17.022991328699153,0.1287456709317194,-0.08098226114878848,-0.0784725367993282,-0.34451455451207913,-0.7410297695825321,-4.051386985287428,-1.5514684496196978,-6.719108886018134,-6.6883997590017366
4FGL J0205.2-3050,31.3011,-30.8365,bcu,4.183924,2.684005,2.4826808,0.27205375,1.3687767e-12,8.205786,1.3383489e-08,1.0614434e-09,6.0862465e-10,7.584522e-11,1.7536802e-14,9.68142e-13,1.7610793e-17,2.8096567e-18,,-11.863667393008551,-7.8734306536888585,-8.97410315902855,-9.215650462187302,-10.120071784537034,-13.756049353766269,-12.014060934390079,-16.753974550647325,-17.549803764862023,-1.1006725053396913,-0.24154730315875206,-0.9044213223497319,-3.635977569229235,1.7419884193761899,-4.739913616257246,-0.7958292142146988,-9.676373111173165,-7.4297319803249895
4FGL J0206.4+3829,31.6172,38.4948,bcu,6.4115415,1.9237809,1.7363228,0.17387125,1.3154236e-12,16.143719,1.1025929e-08,1.6342733e-09,4.604192e-13,6.867009e-11,3.8865043e-11,1.0243787e-11,2.4770038e-12,3.7321215e-17,,-11.8809343674329,-7.957584808428775,-8.786675314534824,-12.336846564662245,-10.163232383349632,-10.410440847346237,-10.989539460010649,-11.60607332540419,-16.427927875082844,-0.8290905061060485,-3.5501712501274216,2.1736141813126135,-0.24720846399660523,-0.5790986126644118,-0.6165338653935404,-4.821854549678655,-8.470343066654069,-6.264695491733212
4FGL J0209.7+6437,32.4275,64.6314,bcu,3.1118293,2.5899715,2.888761,0.24570474,3.583725e-12,84.407776,1.2428925e-09,5.204474e-14,1.6409005e-09,2.549786e-10,2.7924576e-11,5.420446e-12,1.716329e-16,5.714633000000001e-17,,-11.445665322453396,-8.905566432638652,-13.2836230732817,-8.784917752649967,-9.593496267752597,-10.554013412229015,-11.265964976983279,-15.765374156436279,-16.24293566497411,-4.378056640643047,4.498705320631732,-0.8085785151026297,-0.9605171444764178,-0.7119515647542638,-4.499409179453,-0.4775615085378302,-7.3373692323354565,-6.649439397221512
4FGL J0213.2-0503,33.3031,-5.0625,bll,4.886857,2.3356419,2.2249649,0.29085276,8.297539e-13,12.955026,7.621874e-09,1.8072622e-11,2.3890734e-10,1.2566276e-10,1.1627863e-11,7.158743e-16,1.8028104e-17,1.5019810999999998e-18,,-12.081050692414479,-8.117938234985616,-10.742978834607504,-9.621770507107087,-9.900793405833278,-10.93450009337491,-15.14515716195447,-16.7438091134466,-17.820453637549765,-2.6250405996218884,1.1212083275004172,-0.27902289872619157,-1.0337066875416312,-4.210657068579561,-1.598651951492128,-1.0766445241031661,-9.70251540256415,-7.919660231716486
4FGL J0214.1-4733,33.5464,-47.5577,bll,6.5354733,2.0240762,1.93682,0.05375601,1.1585683e-12,10.686037,1.2312789e-09,2.8749064e-10,2.4437077e-10,6.914562e-11,2.5067646e-11,1.1064906e-11,3.0445103e-22,2.1001052e-16,,-11.936078354811892,-8.909643562815086,-9.54137629030715,-9.611950742711576,-10.16023532482052,-10.60088644677042,-10.9560522708024,-19.986975140322652,-15.677738270564197,-0.6317327274920643,-0.07057445240442561,-0.5482845821089448,-0.44065112194989986,-0.35516582403197994,-9.030922869520252,4.309236869758456,-6.7680947077491105,-5.517502945743676
4FGL J0214.3+5145,33.5946,51.757,bll,19.306042,1.8673714,1.9048592,-0.032440078,5.4422304e-12,16.661287,1.4841669e-09,3.744075e-09,9.086376e-10,2.5869681e-10,1.3195632e-10,3.284656e-11,1.0388865e-11,1.4385753e-11,,-11.264223075258709,-8.828517258303833,-8.426655460210576,-9.041609295763749,-9.587208926535084,-9.87956980453648,-10.483510106984049,-10.983431896794983,-10.84206740040357,0.4018617980932575,-0.6149538355531732,-0.5455996307713349,-0.29236087800139643,-0.6039403024475689,-0.4999217898109336,0.1413644963914127,-2.013550142099737,-1.2548584738684863
4FGL J0214.6-4333,33.6682,-43.5527,bcu,3.8933392,1.6153065,1.4319636,0.12815104,5.076989e-13,9.464371,1.6625862e-10,6.4917777e-10,1.1757323e-10,8.869476e-12,7.695846e-12,6.911704e-12,2.0849752e-12,1.575362e-12,,-12.294393768999361,-9.779215828576874,-9.187636360267996,-9.929691550559141,-11.052102036615567,-11.113743630897003,-11.160414868558117,-11.680899104346919,-11.802619631791865,0.5915794683088773,-0.7420551902911452,-1.1224104860564257,-0.06164159428143634,-0.04667123766111381,-0.5204842357888015,-0.12172052744494621,-2.0234038032149915,-0.7505175951762979
4FGL J0215.2-1619,33.8031,-16.3277,bll,5.9486384,2.0758035,2.1021867,-0.03909208,1.0969296e-12,7.898153,1.6308503e-08,8.827783e-11,1.8278216e-10,7.405771e-11,1.9261988e-11,4.2085848e-17,7.1492447e-12,3.6734693e-19,,-11.959821240218725,-7.787585902152435,-10.054148350932513,-9.73806619474718,-10.130429721200926,-10.715298891810805,-16.375760737409276,-11.14573983730459,-18.42325917896921,-2.2665624487800775,0.31608215618533286,-0.39236352645374595,-0.5848691706098794,-5.660461845598471,5.230020900104686,-7.27751934166462,-10.635673276816775,-8.292829457768285
4FGL J0215.9+0521,33.986,5.3519,bcu,5.063249,2.159031,2.1340663,0.033082027,1.5802636e-12,17.71547,4.5741112e-11,3.0483676e-09,8.65466e-11,1.4251707e-10,3.4491604e-11,2.838735e-12,3.523041e-12,1.5164116e-15,,-11.801270460628457,-10.339693281488422,-8.515932662978868,-10.062749988746406,-9.846133114833297,-10.462286608575669,-11.546875146067311,-11.453082301379348,-14.81918003808496,1.8237606185095547,-1.5468173257675382,0.21661687391310913,-0.616153493742372,-1.0845885374916424,0.09379284468796278,-3.366097736705612,-4.479486756596538,-4.973046923251664
4FGL J0218.7+2640,34.6851,26.6812,bcu,4.7189894,1.8566601,1.6003793,0.3165008,8.687429e-13,8.421778,1.1832375e-09,2.5592333e-09,4.1322306e-14,3.4930496e-11,3.024659e-11,5.53039e-12,1.8925402e-12,9.6413194e-17,,-12.061108726759173,-8.926928074821394,-8.591890121971893,-13.383815345481732,-10.456795247374764,-10.519323580460025,-11.257244240626887,-11.722954884459012,-16.015818486692456,0.33503795284950044,-4.791925223509839,2.9270200981069685,-0.06252833308526107,-0.7379206601668624,-0.465710643832125,-4.292863602233444,-7.088890411871063,-5.559023239317693
4FGL J0218.9-2305,34.731,-23.0986,bcu,17.145775,2.5127714,2.4763863,0.061045893,4.6288455e-12,159.56801,1.8197923e-08,8.25762e-09,1.5836173e-09,2.362285e-10,7.100008e-11,2.3769222e-13,2.4806945e-16,4.4079195000000005e-16,,-11.334527313767664,-7.739978176911007,-8.083145106408756,-8.800349762503414,-9.626667707694537,-10.148741161874137,-12.623985014835885,-15.605409209614288,-15.355756492939468,-0.3431669294977482,-0.7172046560946583,-0.8263179451911231,-0.5220734541795995,-2.475243852961748,-2.9814241947784037,0.24965271667482014,-7.615778316028461,-5.729088785244931
4FGL J0221.2-1312,35.313,-13.2046,bcu,5.354422,2.7403028,2.7505257,-0.019625062,1.7156082e-12,17.580873,1.0468774e-09,4.128652e-09,5.272308e-10,7.062421e-11,9.533076e-12,2.6484865e-12,8.0548367e-17,3.0607197e-19,,-11.765581884122657,-8.98010417564375,-8.38419172183459,-9.27799922685929,-10.151046397087077,-11.020766944207262,-11.577002234790864,-16.09388934595589,-18.500214016701037,0.5959124538091594,-0.8938075050247001,-0.8730471702277871,-0.8697205471201848,-0.5562352905836025,-4.516887111165026,-2.406324670745146,-9.520109841057288,-8.34916761961396
4FGL J0221.8+3730,35.469,37.511,bcu,5.925868,2.356019,2.336265,0.096711814,1.8533898e-12,20.944054,8.5019245e-09,2.1652476e-10,6.378895e-10,1.1054671e-10,2.99885e-11,1.1970993e-12,1.1516684e-12,6.588135400000001e-16,,-11.732033229074124,-8.07048275603493,-9.664492434087194,-9.195254546501754,-9.9564541779678,-10.52304525660365,-11.921869819521785,-11.938672545597456,-15.18123089172836,-1.594009678052263,0.4692378875854395,-0.7611996314660452,-0.5665910786358506,-1.3988245629181346,-0.016802726075670904,-3.242558346130904,-7.110748135693429,-5.22477671376056
4FGL J0223.0+6821,35.7648,68.3646,bll,14.314509,2.08546,2.0263731,0.074576825,5.2928543e-12,17.695337,3.6657026e-09,4.619332e-09,9.270591e-10,3.0440003e-10,1.274024e-10,2.5488377e-11,9.37046e-12,4.9790754e-13,,-11.276310060143226,-8.435842772438123,-8.335420823076952,-9.032892578703317,-9.51655530908551,-9.894822390671925,-10.593657817651241,-11.028239088418434,-12.30285128826867,0.10042194936117177,-0.6974717556263652,-0.48366273038219276,-0.3782670815864151,-0.6988354269793167,-0.4345812707671932,-1.2746121998502353,-3.8670085158305465,-2.7862959791831603
4FGL J0223.2-1653,35.8128,-16.8868,fsrq,4.9878426,2.7023692,2.8299582,0.33009067,2.0422633e-12,25.459324,1.01917355e-08,3.4860286e-09,1.01614e-09,1.2887555e-10,1.1545975e-12,8.1333844e-17,9.197673e-17,2.4116955e-15,,-11.689888264840759,-7.991751855846313,-8.457669054180824,-8.993046452442718,-9.889829468239576,-11.937569383433981,-16.089675308344727,-16.036274819431036,-14.617675726189306,-0.4659171983345116,-0.5353773982618932,-0.8967830157968582,-2.0477399151944056,-4.152105924910746,0.053400488913691646,1.4185990932417294,-6.6259238703429935,-4.7278462579497305
4FGL J0223.5+5415,35.8799,54.25,bcu,7.5294747,1.8758262,1.7695918,0.27864113,1.3737872e-12,26.246405,1.4729496e-12,1.0700922e-13,3.0980770000000003e-17,7.482862e-11,5.8025404e-11,1.4022933e-11,4.3314263e-12,1.1600267e-13,,-11.862080531235375,-11.831812110233587,-12.97057876095791,-16.50876763309932,-10.125932263965371,-10.236381827025378,-10.853161140660564,-11.363369069798418,-12.935531977188887,-1.1387666507243228,-3.5381888721414114,6.38283536913395,-0.11044956306000664,-0.6167793136351865,-0.5102079291378541,-1.572162907390469,-1.1037198669553003,-2.809599713223516
4FGL J0225.5-5618,36.3842,-56.3049,bcu,4.4936504,1.7955229,1.6886971,0.09649027,6.8070316e-13,5.1927233,6.085331e-09,2.149415e-12,2.0648593e-10,2.5629908e-12,2.153605e-11,4.4239824e-12,4.4521305e-12,3.5320382e-16,,-12.167042226903405,-8.2157157941688,-11.667679722641763,-9.685109535906847,-11.591252951043007,-10.666833948956775,-11.354186608478928,-11.351432113218266,-15.451962312364229,-3.4519639284729635,1.9825701867349164,-1.9061434151361603,0.924419002086232,-0.6873526595221531,0.002754495260662182,-4.100530199145963,-7.236246518195429,-3.8607093613212218
4FGL J0227.0-1739,36.7591,-17.6637,bcu,8.027971,2.4909933,2.3162525,0.24986506,1.6908383e-12,36.125694,1.994388e-09,1.7400611e-09,6.871999e-10,1.818548e-10,2.4699827e-11,6.909512000000001e-17,1.0419246e-12,3.726801e-16,,-11.77189792074773,-8.700190347593493,-8.759435501756881,-9.162916912368182,-9.740275231368443,-10.60730608839481,-16.16048977454516,-11.982163703920842,-15.428652143528629,-0.05924515416338849,-0.4034814106113007,-0.5773583190002611,-0.8670308570263661,-5.55318368615035,4.178326070624317,-3.446488439607787,-6.728461795935136,-5.6883769121601855
4FGL J0227.3-6119,36.826,-61.3177,bcu,5.464711,2.3629606,2.3239625,0.0626219,1.3451927e-12,16.882336,2.1637206e-11,1.9674955e-09,4.858978e-10,7.017693e-11,2.4144785e-11,1.870106e-12,1.0555494e-15,2.535547e-16,,-11.87121549492219,-10.664798819941606,-8.706086252271596,-9.313455067279204,-10.153805634537244,-10.61717665729144,-11.728133774076822,-14.976517322407139,-15.595911206871873,1.958712567670009,-0.6073688150076073,-0.8403505672580405,-0.4633710227541954,-1.1109571167853822,-3.2483835483303167,-0.6193938844647349,-4.931112386930268,-5.442105572334629
4FGL J0228.5-2234,37.1313,-22.582,bcu,4.798714,2.347577,2.2497346,0.115387626,1.199225e-12,18.064968,4.2614137e-12,1.2504997e-09,2.3070179e-10,9.050608e-11,2.5095837e-11,1.95984e-12,6.883766e-19,5.2566418e-17,,-11.921099322795092,-11.370446301225902,-8.902916408119019,-9.636949035784717,-10.043322244815805,-10.60039831491469,-11.707779380485446,-18.155910320650037,-16.27920900544581,2.4675298931068834,-0.7340326276656981,-0.40637320903108787,-0.5570760700988853,-1.107381065570756,-6.4481309401645905,1.876701315204226,-4.9087627042199085,-6.235886760630006
4FGL J0228.7+6718,37.1976,67.3064,fsrq,13.145168,2.595539,2.646034,0.18943791,7.824412e-12,47.46702,1.2057426e-10,8.130294e-09,4.1801265e-09,4.955806e-10,7.542635e-11,1.0476265e-11,5.3505136e-21,2.8746776e-18,,-11.106548288977312,-9.918745394755943,-8.089893749575252,-8.378810575300319,-9.304885702847855,-10.122476907912715,-10.97979352409513,-19.813877089247747,-17.539902717816744,1.8288516451806913,-0.2889168257250674,-0.9260751275475361,-0.8175912050648595,-0.8573166161824162,-8.834083565152616,2.2739743714310023,-7.621157323060801,-8.23501701496889
4FGL J0230.0-5236,37.5205,-52.6054,bcu,5.6732473,2.4534972,2.248142,0.23304395,1.4369535e-12,13.757364,5.0046234e-10,6.615979e-10,4.1247228e-10,1.1967445e-10,1.33675935e-11,1.5940517e-12,2.3574874e-17,1.1791618e-15,,-11.842557282441328,-9.30062859778748,-9.179405881955384,-9.384605232673357,-9.921998559736307,-10.873946769207427,-11.797497594481058,-16.627366439590038,-14.928422915552556,0.12122271583209532,-0.20519935071797235,-0.5373933270629507,-0.9519482094711194,-0.9235508252736313,-4.8298688451089795,1.6989435240374817,-5.627794317765076,-5.0064243558162485
4FGL J0240.6+3528,40.1581,35.476,bcu,5.6667657,2.001704,1.9194386,0.049587358,1.147531e-12,13.580947,1.0218492e-12,2.231734e-09,2.967368e-10,3.39997e-11,2.849597e-11,9.71991e-12,2.0416338e-12,2.7696042e-18,,-11.940235569590339,-11.990613186487538,-8.65135757013415,-9.52762859102652,-10.468524914857051,-10.545216554944924,-11.012337755890735,-11.690022150867017,-17.556017040770307,3.3392556163533875,-0.8762710208923696,-0.9408963238305308,-0.07669164008787277,-0.46712120094581167,-0.6776843949762821,-5.865994889903289,-5.565403854282769,-7.087492125913256
4FGL J0241.3+6543,40.3386,65.7288,bll,20.77289,2.1053672,2.087373,0.02515664,9.291025e-12,37.532578,6.869622e-12,5.7559166e-09,2.2611948e-09,6.0979194e-10,1.7449557e-10,5.3237352e-11,1.3636783e-11,1.3357391e-12,,-11.031936370868511,-11.163067158644587,-8.239885507372307,-8.645662021942487,-9.214818320266334,-9.75821559417548,-10.273783554174916,-10.865288069986471,-11.874278357842183,2.92318165127228,-0.4057765145701797,-0.569156298323847,-0.5433972739091466,-0.5155679599994354,-0.5915045158115557,-1.0089902878557115,-0.7112111991975958,-2.6594600375758493
4FGL J0242.3+5216,40.5974,52.2798,bcu,16.60853,2.6542022,2.750529,0.19156404,1.0098207e-11,149.11122,3.9375125e-09,1.2938313e-08,4.5646344e-09,5.427644e-10,7.7598546e-11,3.2717791e-12,9.363119e-17,5.4494486e-23,,-10.9957557306519,-8.404778054490787,-7.888122346739129,-8.340594001134427,-9.265388645511642,-10.110146416187039,-11.485216024849851,-16.028533075890092,-19.9976397597226,0.5166557077516583,-0.452471654395298,-0.924794644377215,-0.8447577706753968,-1.3750696086628125,-4.5433170510402405,-3.969106683832507,-11.592861705231812,-10.732251114210957
4FGL J0242.9+0045,40.7476,0.7526,bll,7.972815,2.0466287,1.948995,0.08157259,1.7251025e-12,11.743267,2.5926195e-09,1.4323701e-09,4.4367293e-10,5.6216524e-11,6.182254e-11,4.272512e-12,5.0576444e-12,1.2092778e-15,,-11.763185092935878,-8.586261216810144,-8.84394475323972,-9.352937068254196,-10.2501360112712,-10.208853155699991,-11.369316707806899,-11.296051708048852,-14.91747032852099,-0.2576835364295764,-0.508992315014476,-0.8971989430170044,0.041282855571209254,-1.1604635521069078,0.07326499975804701,-3.621418620472138,-6.331209111710846,-4.667334317249789
4FGL J0243.7+0321,40.9314,3.36,bcu,5.341536,2.3697977,2.2971973,0.20070235,1.6122712e-12,4.6350102,4.392385e-14,2.9742785e-13,4.989936e-10,1.126385e-10,3.370816e-11,4.999881e-13,1.9568824e-15,9.862507e-13,,-11.79256190105499,-13.357299501366741,-12.526618353643345,-9.301905024513214,-9.948313141597891,-10.472264953183956,-12.301040323309557,-14.708433053427823,-12.006012671134643,0.8306811477233964,3.2247133291301306,-0.6464081170846772,-0.5239518115860644,-1.8287753701256015,-2.407392730118266,2.7024203822931803,1.3512868302320982,-2.0576995295367517
4FGL J0245.5-4502,41.3934,-45.0475,fsrq,6.507496,2.8884063,2.8425093,0.12737171,2.2402536e-12,10.995832,7.941581e-09,5.5001066e-09,8.347702e-10,7.2884754e-11,6.625701e-16,7.961413e-14,1.4693983e-12,1.2117434e-12,,-11.649702814170753,-8.100093030163583,-8.259628893169852,-9.078433062963338,-10.137363307646282,-15.178761611904063,-13.099009791827564,-11.83286046398674,-11.916589333485474,-0.1595358630062691,-0.818804169793486,-1.0589302446829443,-5.041398304257781,2.079751820076499,1.2661493278408233,-0.08372886949873326,-3.816496303321891,-1.7792260258391916
4FGL J0248.6+5131,42.1587,51.5333,bcu,32.0265,1.9622244,1.7852387,0.11533228,1.02117195e-11,18.268427,2.1671132e-08,7.845383e-09,1.7056937e-09,6.825244e-10,3.0421737e-10,1.0697036e-10,1.4327721e-11,1.9993119e-13,,-10.990901122670392,-7.664118402546467,-8.105385849944382,-8.768098954609691,-9.165881818132945,-9.516815992504826,-9.970736542570197,-10.84382288367753,-12.699119427340024,-0.441267447397915,-0.6627131046653094,-0.3977828635232541,-0.350934174371881,-0.45392055006537113,-0.8730863411073333,-1.8552965436624937,-5.035001024793558,-3.533237609207079
4FGL J0248.6-3511,42.1656,-35.1997,bcu,5.7772417,2.8186877,2.7780008,0.06938585,2.1243014e-12,33.281586,1.3342097e-08,3.4729741e-09,7.268387e-10,9.4505265e-11,8.7014545e-12,2.582846e-15,1.1950996e-16,3.1785272e-17,,-11.672783862631613,-7.874775906254568,-8.45929845546398,-9.138561957047354,-10.024543995711952,-11.060408145902237,-14.587899806040655,-15.922559560874912,-16.497637455391995,-0.5845225492094119,-0.6792635015833746,-0.8859820386645971,-1.0358641501902852,-3.527491660138418,-1.3346597548342576,-0.5750778945170829,-8.622861549137427,-6.473093459680044
4FGL J0249.7+4500,42.4447,45.0108,bcu,4.102583,1.5608128,1.5136604,0.21973133,6.068521e-13,18.155722,2.7813976e-09,1.4137992e-13,1.169933e-16,2.8975792e-11,1.1401061e-11,5.890126e-12,3.7918605e-12,1.4204995e-12,,-12.216917133696503,-8.555736924423218,-12.849612237702456,-15.931801889095041,-10.537964684411072,-10.943054730299805,-11.229875414064804,-11.421147647296928,-11.847558911750502,-4.293875313279237,-3.0821896513925857,5.393837204683969,-0.4050900458887323,-0.2868206837649989,-0.19127223323212483,-0.4264112644535736,-3.2918219873272836,-1.3095942273394297
4FGL J0250.3-3422,42.5813,-34.3746,bcu,2.6190345,2.3637085,2.1871703,0.19417863,6.7634966e-13,19.199276,3.8348857e-13,2.3651945e-09,2.8662563e-12,5.900367e-11,1.2415626e-11,1.6781238e-15,1.5690985e-15,1.0047897e-16,,-12.16982871753575,-12.416247564483788,-8.626133139574033,-11.542684976171236,-10.229120974535457,-10.906031377935076,-14.775173415208704,-14.804347024977691,-15.99788160521885,3.7901144249097545,-2.9165518365972023,1.313564001635779,-0.6769104033996189,-3.869142037273628,-0.02917360976898742,-1.1935345802411597,-3.5816340407350626,-5.768760630683394
4FGL J0250.7+5630,42.6982,56.5137,bcu,14.363695,2.043944,2.0221987,0.027264662,6.108795e-12,7.687391,5.1566293e-09,4.094647e-09,1.6710543e-09,2.9071487e-10,1.3239972e-10,4.3181778e-11,9.14575e-12,1.8640389e-12,,-11.21404444804192,-8.287634088051632,-8.387783532867138,-8.777009437711898,-9.536532753581742,-9.878112933312034,-10.364699479555417,-11.038780673801755,-11.729545026412337,-0.10014944481550536,-0.3892259048447606,-0.7595233158698438,-0.34158017973029153,-0.4865865462433838,-0.6740811942463374,-0.6907643526105822,-3.4419109383607047,-2.193012272830595
4FGL J0253.9+5103,43.4933,51.0633,fsrq,15.3380375,2.49972,2.4946628,0.06082462,9.5327435e-12,125.448395,5.0830478e-09,1.1217149e-08,3.5528658e-09,4.9676485e-10,1.2223053e-10,1.6106404e-11,9.520934e-16,2.2754812e-18,,-11.020782092039234,-8.293875806255791,-7.950117511252768,-8.449421196511754,-9.303849141468268,-9.912820305068433,-10.793001411346099,-15.021315883957012,-17.64102234679637,0.34375829500302313,-0.49930368525898583,-0.8544279449565142,-0.6089711636001649,-0.8801811062776661,-4.228314472610913,-2.619706462839357,-9.347146540540578,-8.337173205328101
4FGL J0254.5-7511,43.6356,-75.1938,bcu,6.593993,2.5479047,2.5244741,0.054595117,2.0000989e-12,51.042866,1.4424347e-08,4.3165618e-09,6.327479e-10,1.09865e-10,1.7782175e-11,3.2894622e-12,2.63583e-13,6.108362999999999e-19,,-11.698948526833497,-7.840903838533513,-8.36486203693487,-9.198769287521873,-9.959140639910153,-10.750015119796057,-11.482875098500037,-12.579082586874117,-18.207022898017907,-0.523958198401357,-0.8339072505870035,-0.7603713523882796,-0.790874479885904,-0.7328599787039796,-1.0962074883740804,-5.6279403111437905,-10.366119059484394,-8.247882258107754
4FGL J0254.8+3933,43.7227,39.5638,fsrq,7.3265905,2.6592157,2.557432,0.14481196,3.2821424e-12,148.73416,3.8861853e-10,4.8538706e-09,9.818165e-10,2.1159491e-10,1.1931142e-11,2.8235806e-12,1.3328106e-16,8.178555000000001e-17,,-11.483842579122237,-9.410476495323394,-8.313911805764839,-9.007969673597852,-9.674494783617748,-10.92331798508873,-11.549199809138912,-15.875198978289596,-16.087270323015893,1.096564689558555,-0.6940578678330134,-0.6665251100198955,-1.248823201470982,-0.6258818240501824,-4.325999169150684,-0.21207134472629718,-6.676793827692499,-6.412775539398146
4FGL J0259.3+5453,44.8486,54.891,bcu,5.2341843,1.9279315,0.9562544,0.4212866,1.6641262e-12,7.5322237,4.8385274e-10,5.6823227e-12,9.2635927e-10,7.448085e-11,3.3744294e-12,2.0962109e-11,5.8197345e-12,3.3741425e-17,,-11.778813739206363,-9.315286795240436,-11.245474105496495,-9.033220548174896,-10.127955375628405,-11.471799652473884,-10.678565024869249,-11.235096826943224,-16.47170788634193,-1.9301873102560592,2.212253557321599,-1.0947348274535091,-1.3438442768454788,0.7932346276046349,-0.5565318020739749,-5.236611059398708,-7.156421091101496,-6.343752510713527
4FGL J0259.4+0308,44.8544,3.1487,bcu,4.3450484,1.7281469,1.6255279,0.07657361,9.114981e-13,17.186653,8.65328e-09,3.0527048e-15,2.0861587e-10,5.1848525e-11,1.6458572e-11,6.1323112e-12,4.4801055e-12,1.4899709e-12,,-12.04024422752181,-8.062819243298504,-14.51531376778516,-9.680652656620863,-10.285263593935102,-10.78360784804721,-11.212375813152935,-11.348711757905605,-11.826822210614441,-6.4524945244866565,4.834661111164298,-0.6046109373142396,-0.4983442541121068,-0.4287679651057257,-0.13633594475266975,-0.4781104527088367,-3.764002967315937,-1.541558616679339
4FGL J0300.2-0514,45.0748,-5.2474,bcu,4.3029838,2.1513877,2.195597,-0.10601116,9.521445e-13,10.610993,9.388377e-11,2.1859803e-09,3.1113578e-10,7.102099e-11,1.1177192e-11,7.50496e-14,3.8180166e-16,3.791081e-12,,-12.021297132358484,-10.027409479132396,-8.660353756217743,-9.507050042998046,-10.148613278065334,-10.951667288375639,-13.12465156025333,-15.418150812987045,-11.421236935220076,1.3670557229146532,-0.8466962867803023,-0.641563235067288,-0.803054010310305,-2.1729842718776915,-2.2934992527337155,3.9969138777669695,-1.3938274560876796,-1.2726236571547425
4FGL J0301.5-7156,45.4,-71.9408,fsrq,65.609764,2.2979183,2.2301073,0.053879876,1.8927816e-11,3566.3672,3.9607144e-08,2.0327356e-08,6.404327e-09,1.4281054e-09,3.1977773e-10,4.767403e-11,7.0608844e-12,1.0641377e-12,,-10.722899494304801,-7.402226472661459,-7.691919106816029,-8.193526501444447,-8.845239738670827,-9.495151784712801,-10.321718134476818,-11.151140898052036,-11.97300216638012,-0.28969263415457025,-0.5016073946284179,-0.6517132372263799,-0.6499120460419743,-0.8265663497640166,-0.8294227635752183,-0.8218612683280835,-4.5707756937186605,-3.1277624277092926
4FGL J0303.6+4716,45.9098,47.2759,bll,62.481247,2.1517153,2.033598,0.09042272,2.5613697e-11,90.28766,3.844554e-09,1.7862513e-08,7.438811e-09,2.1489828e-09,6.159852e-10,1.0429428e-10,2.9024769e-11,4.1848404000000006e-16,,-10.59152773214603,-8.415154034684209,-7.748057442129284,-8.128496475395055,-8.667767060493032,-9.210429722301816,-9.98173950967715,-10.537231227854042,-15.378310722649319,0.667096592554925,-0.38043903326577144,-0.5392705850979773,-0.5426626618087838,-0.7713097873753334,-0.5554917181768921,-4.841079494795277,-6.96315668796511,-6.710543662156287
4FGL J0304.5+3349,46.1379,33.8261,bcu,8.032634,2.5753849,2.680745,0.18807971,4.1598756e-12,110.14782,9.619594e-09,2.1508901e-09,2.3443447e-09,2.3801575e-10,3.1868574e-11,5.216402e-12,4.1274044000000005e-16,4.1213015e-15,,-11.380919655598808,-8.016843257200874,-8.667381779374766,-8.629978531601868,-9.62339430380015,-10.49663736901587,-11.282628946417827,-15.384312455098554,-14.384964559069573,-0.6505385221738926,0.037403247772898496,-0.9934157721982828,-0.8732430652157195,-0.7859915774019566,-4.101683508680727,0.999347896028981,-6.368121301868699,-4.761570255269422
4FGL J0304.5+6821,46.1411,68.3539,bcu,20.797136,2.6616344,2.8207328,0.20374855,1.4753223e-11,100.79706,7.727187e-09,2.7498505e-08,6.7553505e-09,8.746978e-10,8.213828e-11,1.1394572e-11,2.2117798e-15,1.707874e-15,,-10.83111309273308,-8.111978577584173,-7.56069091663865,-8.170352112775005,-9.058141965785955,-10.085454395589828,-10.943301982654386,-14.655256149084257,-14.767541630058437,0.5512876609455235,-0.6096611961363552,-0.8877898530109505,-1.0273124298038727,-0.8578475870645583,-3.711954166429871,-0.11228548097417956,-6.655563052474264,-5.709399664272482
4FGL J0307.4+4915,46.8647,49.257,bll,33.77156,2.0706549,1.9496963,0.098186515,1.2426337e-11,29.603045,1.4343727e-08,6.462287e-09,2.651167e-09,1.0692559e-09,3.0795239e-10,9.170528e-11,1.32036665e-11,5.645601e-13,,-10.905656872226315,-7.843337989167952,-8.189613758210541,-8.576562914704294,-8.9709183446861,-9.511516421013159,-10.037605658733543,-10.879305453343227,-12.248289810955125,-0.34627576904258905,-0.3869491564937526,-0.3943554299818057,-0.5405980763270595,-0.5260892377203845,-0.8416997946096831,-1.3689843576118985,-4.404951821787173,-3.2773714662690256
4FGL J0311.2+6856,47.8043,68.9385,bcu,8.604619,2.2137277,2.0142357,0.1754428,2.352222e-12,25.927956,2.5215154e-08,4.5591416e-11,8.158632e-10,1.5272977e-10,9.2532024e-11,1.0597111e-11,3.2909884e-12,1.1313352e-16,,-11.628521690602836,-7.598338375069777,-10.341116918967609,-9.088382655537092,-9.816076302230186,-10.033707938137729,-10.974812516190367,-11.482673647174453,-15.946370314080706,-2.742778543897832,1.2527342634305167,-0.7276936466930941,-0.21763163590754253,-0.9411045780526379,-0.5078611309840859,-4.463696666906253,-8.34803193901093,-6.13029401185052
4FGL J0311.6+4134,47.9028,41.581,bcu,4.6186,2.0601666,1.8302594,0.25183105,1.1762158e-12,20.831158,1.5859992e-09,1.2943713e-12,4.2871653e-10,2.860572e-11,4.0050966e-11,3.8196217e-12,3.4798447e-12,2.1625103000000003e-16,,-11.92951298736417,-8.799697036079783,-11.88794112184952,-9.36782977108762,-10.543547116507487,-10.397387004479794,-11.4179796468775,-11.458440136253097,-15.665021732899108,-3.0882440857697375,2.5201113507618995,-1.1757173454198657,0.14616011202769208,-1.0205926423977054,-0.04046048937559732,-4.206581596646011,-6.865324696819325,-5.121474616391621
4FGL J0313.0+0229,48.273,2.4911,bcu,19.276619,2.4441173,2.3621075,0.11197729,7.0699176e-12,400.66788,5.2121396e-09,1.13500604e-08,2.7481342e-09,5.1930993e-10,1.1395385e-10,7.790746e-12,4.733471599999999e-18,7.091738e-18,,-11.150585647268285,-8.282983960821676,-7.945001827341232,-8.560962063133326,-9.284573372942559,-9.943270997294904,-11.108420954071457,-17.323903695273078,-17.148635353894885,0.3379821334804438,-0.6159602357920937,-0.7236113098092325,-0.6586976243523459,-1.1651499567765526,-6.215482741201621,0.17526834137819236,-8.86565139307321,-7.864061980952327
4FGL J0316.6-2216,49.1542,-22.2736,bll,4.129479,2.0066636,1.898027,0.14809749,6.641698e-13,12.919292,3.736297e-12,1.0600662e-12,1.9214599e-11,5.2822465e-11,1.45352445e-11,3.5269348e-12,1.6899745e-12,1.6119459e-16,,-12.177720869250122,-11.427558607635458,-11.974667008565755,-10.716368674408658,-10.27718133589582,-10.837577658186596,-11.452602567528123,-11.772119845830012,-15.792622596629611,-0.5471084009302967,1.2582983341570966,0.43918733851283775,-0.5603963222907762,-0.6150249093415265,-0.31951727830188936,-4.020502750799599,-4.365063988994153,-5.515441260733791
4FGL J0317.9+2010,49.4767,20.1801,bcu,4.6861916,1.8283017,1.7960091,0.06608976,1.0081948e-12,10.301824,3.383172e-10,2.2035258e-12,3.787629e-13,7.742438e-11,2.6835157e-11,2.397251e-12,3.1387729e-12,2.169271e-12,,-11.996455542559605,-9.47067592216607,-11.656881858212863,-12.421632555463345,-10.1111222636504,-10.571295859353016,-11.620286489725,-11.503240104338673,-11.663686187591551,-2.186205936046793,-0.7647506972504825,2.310510291812946,-0.4601735957026172,-1.0489906303719838,0.1170463853863275,-0.16044608325287868,-2.1930102654254817,-1.5525639239411522
4FGL J0320.6+1125,50.1609,11.4328,bcu,6.0810175,2.117796,2.1136384,-0.00045916057,2.5645827e-12,11.052758,2.5086588e-10,1.7467456e-09,8.747354e-10,1.6162705e-10,4.3947134e-11,1.2962156e-11,2.081076e-12,4.8079912e-12,,-11.59098329000148,-9.6005584025795,-8.757770342044585,-9.058123297485247,-9.791485953666788,-10.357069441960562,-10.887322755767116,-11.681712057164292,-11.318036334984516,0.8427880605349145,-0.3003529554406619,-0.7333626561815407,-0.5655834882937736,-0.5302533138065542,-0.7943893013971763,0.3636757221797762,-1.717477932405016,-1.526550381317728
4FGL J0321.3+0425,50.326,4.4275,bcu,4.9384246,2.632639,2.658791,-0.055437725,2.5139515e-12,22.83255,3.3195637e-11,5.3020077e-09,7.86719e-10,8.8390156e-11,2.198596e-11,3.9946e-12,2.2004779e-12,1.4633133e-17,,-11.599643103397286,-10.478918993012737,-8.275559645884437,-9.104180361080575,-10.053596099563753,-10.65785456629886,-11.398526701242787,-11.657482986843485,-16.83436599301521,2.2033593471283,-0.8286207151961378,-0.9494157384831787,-0.6042584667351072,-0.7406721349439263,-0.25895628560069817,-5.176883006171726,-6.355447000002474,-6.780769893451458
4FGL J0321.3-1612,50.3271,-16.2096,bll,3.6442475,2.0967913,1.8700296,0.25737938,8.48858e-13,10.655423,2.4344104e-13,2.6547995e-14,2.7430958e-10,6.034866e-11,2.1473172e-11,6.2138224e-12,5.931932e-18,3.586084e-18,,-12.071164948896971,-12.613606187464617,-13.575968109235802,-9.561759024794934,-10.219332368594364,-10.66810379698498,-11.206641162966973,-17.22607232260872,-17.44417017224737,-0.9623619217711852,4.014209084440868,-0.6575733437994291,-0.4487714283906161,-0.538537365981993,-6.019431159641746,-0.21809784963865297,-4.830563984782755,-7.224837803653008
4FGL J0321.7-7500,50.4345,-75.0041,bll,7.3219776,2.413018,2.3907826,0.030670092,2.122471e-12,16.970995,1.20937385e-08,1.9124549e-09,6.529908e-10,1.5624757e-10,1.6223545e-11,7.1483054e-12,1.4028894e-12,1.6692717e-19,,-11.673158232901683,-7.917439426273362,-8.71840879769473,-9.18509293745852,-9.806186728156396,-10.789854241982923,-11.145796900620196,-11.852976563126848,-18.752205469097035,-0.8009693714213677,-0.46668413976379064,-0.6210937906978753,-0.9836675138265267,-0.35594265863727337,-0.7071796625066522,-6.899228905970187,-10.834766042823674,-8.946018740940639
4FGL J0322.4+6606,50.6146,66.1102,bcu,4.265107,2.631006,2.6237645,0.11934255,3.5371484e-12,44.011925,1.1981185e-10,3.0113396e-09,1.2785031e-09,2.0302755e-10,2.6352255e-11,1.8017585e-12,2.5857309e-16,4.1386913e-17,,-11.451346717880504,-9.921500225857871,-8.521240264715143,-8.893298214594545,-9.692445026099131,-10.579182215499003,-11.744303418019838,-15.587399879145536,-16.383032043348948,1.4002599611427282,-0.37205794987940166,-0.7991468115045866,-0.8867371893998719,-1.1651212025208348,-3.8430964611256986,-0.7956321642034112,-6.4615318174910765,-6.6905870172498165
4FGL J0322.6-5040,50.658,-50.6711,fsrq,4.708267,2.592304,2.5888674,0.09759753,1.2797249e-12,24.754482,1.3449328e-14,2.3423326e-09,5.802283e-10,6.154733e-11,5.1422334e-12,2.213184e-12,4.982388e-13,3.3343766e-17,,-11.892883376374604,-13.871299091871432,-8.630351437148715,-9.236401092771468,-10.210790782490177,-11.288848214279236,-11.654982476174247,-12.302562446385277,-16.476855122446697,5.240947654722717,-0.606049655622753,-0.9743896897187092,-1.078057431789059,-0.3661342618950112,-0.6475799702110301,-4.17429267606142,-2.605556030575265,-6.26606433995652
4FGL J0325.2+4705,51.3103,47.0882,bcu,9.077923,2.660265,2.6725163,0.11897571,6.499474e-12,63.237106,2.2016089e-08,1.2465146e-08,2.4967681e-09,3.212741e-10,4.335764e-11,4.638198e-13,1.4697609e-12,1.3365323e-13,,-11.187121788556786,-7.657259827806179,-7.904302630387053,-8.602621793076356,-9.493124284333705,-10.362934364812098,-12.333650706344956,-11.832753307369387,-12.874020508683982,-0.2470428025808742,-0.6983191626893026,-0.8905024912573491,-0.869810080478393,-1.9707163415328584,0.5008973989755692,-1.0412672013145947,-5.216760680877803,-3.380896224350277
4FGL J0327.0-3751,51.7523,-37.8625,bcu,4.21184,2.4481826,2.4599168,-0.050973892,1.1465377e-12,18.068428,1.0744808e-09,3.5198133e-09,4.7895815e-10,3.4168997e-11,2.266183e-11,1.9886905e-12,2.30479e-12,2.5458688e-18,,-11.940611656611685,-8.96880134054872,-8.453480372012155,-9.319702432334395,-10.466367769208714,-10.644705022488763,-11.701432798704335,-11.637368637151836,-17.592461443509904,0.5153209685365656,-0.8662220603222401,-1.1466653368743192,-0.17833725328004846,-1.0567277762155722,0.0640641615524995,-5.955092806358069,-8.623660102961184,-7.12609367430119
4FGL J0327.8-2202,51.9735,-22.0448,fsrq,6.2245407,2.5250034,2.5044932,0.09552677,1.741198e-12,75.21222,4.2364268e-09,3.4795515e-09,6.454891e-10,9.177813e-11,2.6385791e-11,1.2186853e-12,1.243273e-16,2.8019823e-16,,-11.759151837865726,-8.373000293240665,-8.458476731232585,-9.190111087007907,-10.037260795351447,-10.578629881735909,-11.914108423810884,-15.90539856762439,-15.552519113193371,-0.08547643799191995,-0.7316343557753218,-0.8471497083435402,-0.5413690863844618,-1.3354785420749753,-3.991290143813506,0.35287945443101876,-7.1795188199527065,-5.5152583178419246
4FGL J0328.9+3514,52.2433,35.2489,bcu,6.067558,2.6449678,2.5641818,0.19896778,3.5382743e-12,36.760983,1.7718559e-08,6.3773795e-09,1.1831548e-09,2.1173654e-10,2.1422843e-11,9.033083e-15,1.9579636e-17,6.923778e-13,,-11.451208500792804,-7.751571600947354,-8.19535773859432,-8.926958430019614,-9.674204188011094,-10.669122894772928,-14.04416351847577,-16.70797363366632,-12.159656859267152,-0.4437861376469652,-0.7316006914252942,-0.7472457579914806,-0.9949187067618332,-3.3750406237028425,-2.66381011519055,4.548316774399169,-4.408085258319797,-2.4854526712560574
4FGL J0330.6+4659,52.653,46.9834,bcu,7.090304,2.6536555,2.7077408,0.288679,3.816272e-12,22.518011,3.7296846e-09,6.9942203e-09,1.8102928e-09,2.449028e-10,3.8525762e-11,5.0481104e-13,1.0861724e-14,1.3575189000000002e-16,,-11.41836067793233,-8.428327892659619,-8.15526069264846,-8.74225117587975,-9.61100624949374,-10.414248762513104,-12.296871147223705,-13.96410083713046,-15.867222124646942,0.2730672000111589,-0.5869904832312898,-0.8687550736139897,-0.8032425130193648,-1.8826223847106007,-1.6672296899067547,-1.9031212875164822,-7.438894231987323,-6.256215875153202
4FGL J0331.8-7040,52.969,-70.6697,bll,7.93546,1.6778255,1.3813192,0.1806236,1.1009287e-12,21.230219,3.5733319e-09,5.7668883e-12,1.1072559e-10,4.4293735e-11,1.6099838e-11,1.423703e-11,6.6951032e-12,3.1489628e-17,,-11.958240802605014,-8.446926643565675,-11.239058459690265,-9.955751996864793,-10.353657696869442,-10.793178493640017,-10.846580599519172,-11.174242723627628,-16.501694575051708,-2.7921318161245896,1.2833064628254718,-0.39790570000464953,-0.43952079677057476,-0.053402105879154504,-0.32766212410845696,-5.32745185142408,-8.054767931486033,-6.148036878182266
4FGL J0331.9+6307,52.9909,63.1309,bll,24.013233,2.1410768,2.1030264,0.052167527,1.2179608e-11,38.6274,3.677931e-09,1.0222371e-08,2.991664e-09,8.1038953e-10,2.1219651e-10,6.354693e-11,2.134447e-11,3.2949534e-14,,-10.914366688865165,-8.434396422622683,-7.9904483612663935,-8.524087184582886,-9.091306178566157,-9.673261763205003,-10.196905425628017,-10.670714624396696,-13.482150591378138,0.4439480613562896,-0.5336388233164922,-0.5672189939832712,-0.5819555846388464,-0.5236436624230141,-0.473809198768679,-2.811435966981442,-5.047754168755455,-4.3908444128119815
4FGL J0332.2-1737,53.052,-17.6272,bcu,6.1745634,2.6398392,2.5210977,0.3070644,1.8388602e-12,44.5374,3.73337e-09,3.8590575e-10,9.2314506e-10,1.4119379e-10,1.21717705e-11,4.898706e-16,5.473814e-15,4.2047486e-15,,-11.735451284537426,-8.42789896667703,-9.413518750376493,-9.034730049990428,-9.850184404018618,-10.914646244547539,-15.309909758910223,-14.26170917058275,-14.376258932493258,-0.9856197836994625,0.3787887003860657,-0.8154543540281907,-1.0644618405289208,-4.395263514362684,1.0482005883274734,-0.11454976191050825,-5.948359965816227,-4.5260745284746395
4FGL J0332.8+1557,53.2156,15.9593,bcu,4.663363,2.2007172,1.9445101,0.2689941,1.6475241e-12,15.143547,1.0143434e-09,1.0135242e-15,4.283611e-10,1.012131e-10,4.300891e-11,4.6017894e-12,1.4943012999999998e-18,5.5612947e-13,,-11.78316822118716,-8.993814992259194,-14.994161592189831,-9.36818997485714,-9.994763273130019,-10.366441563784917,-11.337073259671634,-17.822665169181807,-12.254824082693318,-6.000346599930637,5.6259716173326915,-0.6265732982728789,-0.37167829065489855,-0.9706316958867163,-6.485591909510173,5.567841086488489,-3.261009090434124,-2.2600608095632992
4FGL J0333.9+6537,53.4767,65.6188,bll,38.39438,1.969419,1.8649728,0.06861724,1.4446131e-11,103.732086,4.7520903e-09,6.873922e-09,2.1302964e-09,1.0142289e-09,3.5641876e-10,1.1906531e-10,3.6541447e-11,3.6525765e-12,,-10.8402484509002,-8.3231153154125,-8.162795400211223,-8.671559966545647,-8.993864018580052,-9.44803944505491,-9.924214752923037,-10.437214258953501,-11.43740067819372,0.16031991520127598,-0.508764566334424,-0.32230405203440426,-0.4541754264748583,-0.476175307868127,-0.5129995060304644,-1.0001864192402188,-3.114285362781221,-2.4435366596136685
4FGL J0335.8+2733,53.9585,27.5614,bcu,5.1608806,2.2031653,2.206408,0.00083356694,1.5232342e-12,15.438975,1.8261614e-08,2.3438664e-09,5.9707217e-10,7.690075e-11,2.0936074e-11,9.549461e-12,3.479284e-12,2.802844e-17,,-11.817233315120717,-7.738460841241947,-8.630067146660782,-9.223973171144065,-10.114069424520858,-10.679104755114173,-11.020021140142815,-11.45851011884038,-16.552246153267387,-0.8916063054188346,-0.5939060244832834,-0.8900962533767931,-0.5650353305933145,-0.34091638502864186,-0.4384889786975652,-5.093736034427007,-8.81378531202544,-6.438176728746528
4FGL J0336.7-1305,54.1963,-13.0987,fsrq,8.58366,2.6458182,2.5873346,0.13800696,2.9098453e-12,85.74748,9.66518e-09,6.721255e-09,1.0488646e-09,1.8180232e-10,2.933326e-11,4.121648000000001e-17,5.93367e-16,6.8457025e-15,,-11.536130097886627,-8.014790053453002,-8.172549627438618,-8.979280572115185,-9.740400578973722,-10.532639668159,-16.384823744554375,-15.226669291464862,-14.164581343919348,-0.1577595739856168,-0.8067309446765663,-0.7611200068585369,-0.7922390891852782,-5.852184076395375,1.1581544530895123,1.062087947545514,-6.1497912904663465,-4.424180764945627
4FGL J0338.7-5319,54.6783,-53.3324,bcu,5.8885145,1.8583362,1.8237032,0.20929232,9.815871e-13,11.279867,4.3358557e-09,5.749925599999999e-18,3.4484082e-11,5.0234487e-11,3.2122416e-11,8.66655e-12,8.2654565e-13,2.1158754e-15,,-12.008071153309402,-8.362925179821193,-17.239583126250075,-10.46238133073921,-10.298998028357449,-10.493191797753523,-11.06215375255895,-12.082733150152652,-14.674507858137524,-8.876657946428882,6.777201795510864,0.1633833023817619,-0.19419376939607425,-0.5689619548054274,-1.0205793975937016,-2.5917747079848716,-6.311582678316331,-4.375509829780075
4FGL J0347.0+4844,56.7527,48.7376,fsrq,6.7400627,2.5909066,2.5785043,0.093965776,5.369279e-12,35.232895,1.0444643e-08,8.169244e-09,2.1388598e-09,2.1644962e-10,5.9598076e-11,4.778843e-12,6.63978e-17,1.0997778e-12,,-11.270084027708391,-7.9811063997023775,-8.087818132184298,-8.669817682037893,-9.664643172279584,-10.22476776025519,-11.320677236273639,-16.177780907107735,-11.958695047239859,-0.10671173248192023,-0.5819995498535953,-0.9948254902416913,-0.560124587975606,-1.0959094760184485,-4.857103670834096,4.219085859867876,-3.9775886475374813,-2.2940518749602745
4FGL J0347.6-0133,56.9013,-1.5514,bcu,5.107046,1.7697121,1.5543962,0.42045856,9.059322e-13,10.7771015,4.7614988e-09,5.8066704e-14,7.0861476e-15,3.4308088e-11,3.44556e-11,1.3395881e-11,2.9481521e-12,3.4295018e-18,,-12.042904298928502,-8.322256320784474,-13.236072750030846,-14.14958919294989,-10.464603484504135,-10.462740182877047,-10.873028718771012,-11.530450112797581,-17.463504458934292,-4.913816429246372,-0.9135164429190432,3.6849857084457547,0.001863301627087921,-0.4102885358939652,-0.657421394026569,-5.933054346136711,-9.141248138149818,-6.998900974430157
4FGL J0347.7-3616,56.947,-36.2808,bcu,15.820642,2.2816715,2.2764575,0.0052244184,3.5088404e-12,125.38986,6.2653016e-09,4.066977e-09,9.0168994e-10,2.5465488e-10,5.136634e-11,1.794651e-11,1.763089e-12,4.3046574e-18,,-11.454836384030964,-8.203058018034973,-8.39072828365565,-9.044942775642165,-9.594047996923077,-10.289321377824194,-10.746019994481983,-11.75372576167911,-17.36505368319247,-0.18767026562067635,-0.6542144919865152,-0.5491052212809127,-0.6952733809011171,-0.4566986166577891,-1.0077057671971268,-5.611327921513361,-9.161995665157498,-7.771005686269394
4FGL J0348.2+6035,57.0541,60.5904,bcu,11.157099,1.9110669,1.6757756,0.15826061,3.345949e-12,8.329209,4.831013e-09,8.530968e-09,1.0886788e-09,9.924455e-11,5.962025e-11,4.2172137e-11,5.630424e-12,8.7731184e-13,,-11.47548068167738,-8.31596179384757,-8.069001687096144,-8.963100234072817,-10.003293333084455,-10.224606207140427,-10.374974391203882,-11.249458898528868,-12.056846004512572,0.24696010675142688,-0.8940985469766733,-1.0401930990116384,-0.22131287405597178,-0.15036818406345454,-0.8744845073249863,-0.8073871059837039,-3.7408842106650013,-2.0535526714281165
4FGL J0348.6-2749,57.1538,-27.8215,fsrq,226.89351,2.0860367,1.9835417,0.07366621,1.7108989e-10,18351.875,1.08934344e-07,1.2135841e-07,4.9811373e-08,1.3721021e-08,4.0326364e-09,7.688488e-10,1.0999253e-10,5.2099384e-12,,-9.766775652893697,-6.962835177560711,-6.915930122174732,-7.30267148721542,-7.862613570978217,-8.394410934101472,-9.114159059129246,-9.958636808347196,-11.28316741074179,0.04690505538597911,-0.3867413650406881,-0.5599420837627971,-0.5317973631232551,-0.719748125027774,-0.8444777492179494,-1.324530602394594,-4.3203322331810785,-3.4205538397635724
4FGL J0348.8+4610,57.2185,46.1695,bcu,5.371578,2.7044995,2.874625,0.2993005,3.670181e-12,26.212627,2.8099615e-12,5.854274e-09,1.9811266e-09,1.7973051e-10,1.7561572e-11,1.740452e-16,9.087372e-17,3.5522129e-15,,-11.435312516209597,-11.551299628888192,-8.232526954962081,-8.703087770837543,-9.745378193318,-10.755436611168456,-15.759312997386466,-16.041513904978036,-14.449499790302573,3.3187726739261105,-0.47056081587546217,-1.0422904224804572,-1.0100584178504555,-5.0038763862180105,-0.28220090759156946,1.5920141146754627,-2.8982001614143815,-4.704121596984573
4FGL J0348.9-4859,57.2338,-48.998,bcu,7.8575907,2.4186463,2.4257367,-0.046230037,1.6750991e-12,23.13657,6.440569e-09,3.3360588e-09,5.883772e-10,6.931601e-11,2.9299497e-11,9.54174e-15,4.9608836e-13,1.4326874e-12,,-11.775959492118048,-8.19107576266372,-8.476766303269661,-9.230344164805308,-10.159166444234401,-10.533139835197307,-14.020371966423374,-12.3044409541854,-11.843848555534931,-0.2856905406059411,-0.7535778615356463,-0.9288222794290935,-0.37397339096290594,-3.487232131226067,1.7159310122379736,0.4605923986504692,-3.652772792871211,-1.6846821113005301
4FGL J0349.6+2410,57.423,24.1775,bcu,6.5793705,2.7938867,2.671918,0.2625554,3.2502087e-12,30.664347,8.631645e-09,4.380274e-09,1.6439301e-09,1.2617334e-10,1.23449966e-11,4.745167500000002e-16,8.642533e-15,1.2665026e-15,,-11.488088750193123,-8.063906429505302,-8.358498722151039,-8.784116652626459,-9.899032400319177,-10.908509024991547,-15.323739300518168,-14.063358450996864,-14.897390485239203,-0.2945922926457367,-0.4256179304754202,-1.1149157476927183,-1.00947662467237,-4.415230275526621,1.2603808495213045,-0.8340320342423393,-6.833484055733901,-4.998358084920026
4FGL J0350.6-3226,57.6594,-32.4473,bcu,6.853449,2.4055378,2.3707533,0.036313597,1.6333783e-12,99.50378,4.478769e-09,1.6975098e-09,5.559207e-10,8.367927e-11,2.2175761e-11,4.956035e-12,2.2414425e-15,6.7733964e-16,,-11.786913215803875,-8.348841336440794,-8.770187709785027,-9.254987154468825,-10.077382117100267,-10.654121467470413,-11.304865634379084,-14.649470460102437,-15.169187095679476,-0.4213463733442335,-0.484799444683798,-0.8223949626314422,-0.5767393503701452,-0.6507441669086713,-3.344604825723353,-0.5197166355770388,-6.820345759238682,-5.0918049785792086
4FGL J0351.2-6103,57.8079,-61.0526,bcu,4.1723075,2.0016036,2.0115137,-0.021557724,6.9513357e-13,18.234844,3.4282414e-11,4.3704542e-13,1.6896162e-10,4.3831043e-11,1.0626472e-11,5.052882e-12,7.05845e-13,1.5173446e-12,,-12.157931731406274,-10.464928604651117,-12.359473416638663,-9.772211935095436,-10.358218194687177,-10.973610897367967,-11.296460842866894,-12.151290651202224,-11.818915773712321,-1.8945448119875454,2.5872614815432264,-0.5860062595917412,-0.6153927026807899,-0.32284994549892687,-0.8548298083353298,0.3323748774899027,-1.3539871690612042,-1.460697579025144
4FGL J0351.6+2921,57.9172,29.358,bcu,5.9345737,2.2,2.3728478,0.05393983,2.093291e-12,36.894035,1.8646777e-09,1.6445032e-09,1.1688583e-09,1.07753535e-10,3.1038633e-11,7.82151e-12,3.1108617e-15,4.3444704e-16,,-11.679170391703456,-8.729396222945532,-8.783965277094472,-8.932238134906417,-9.967568473277176,-10.508097414001698,-11.106709394548377,-14.507117899894519,-15.362053161018187,-0.05456905414894031,-0.14827285781194455,-1.035330338370759,-0.5405289407245224,-0.5986119805466785,-3.4004085053461424,-0.8549352611236678,-6.632656938072655,-5.394484687741011
4FGL J0352.0-3702,58.0082,-37.0485,bll,5.0662184,1.719149,1.4759271,0.37436035,5.865032e-13,15.089224,3.4825055e-12,2.2016013e-10,4.5548223000000005e-16,1.4639586e-11,2.0793554e-11,9.709404e-12,3.452267e-13,3.0791966000000003e-18,,-12.231729606597945,-11.458108187765248,-9.657261326982878,-15.34151902702667,-10.834471204433003,-10.6820712752179,-11.012807427467084,-12.461895610532562,-17.51015445182216,1.8008468607823698,-5.684257700043792,4.507047822593668,0.15239992921510215,-0.33073615224918385,-1.4490881830654772,-5.048258841289599,-6.052046264056912,-6.675683247389157
4FGL J0353.0+5654,58.272,56.9026,bll,17.521986,2.0617852,2.0325053,0.039935783,7.106329e-12,104.032074,3.0689098e-10,5.5467337e-09,1.1550679e-09,4.813787e-10,1.4707673e-10,4.1045816e-11,9.38044e-12,4.5728976e-12,,-11.148354689343211,-9.513015875952183,-8.255962684200918,-8.937392485267152,-9.317513130248724,-9.83245603446268,-10.386731105934993,-11.027776789613146,-11.339808522631962,1.2570531917512646,-0.6814298010662334,-0.38012064498157194,-0.5149429042139566,-0.554275071472313,-0.6410456836781524,-0.3120317330188165,-1.8267926466797793,-2.0222953923832385
4FGL J0354.4+4643,58.609,46.7231,bcu,16.852474,2.549332,2.528826,0.09543897,1.0110184e-11,114.34195,7.083099e-12,1.6885458e-08,3.936693e-09,6.025925e-10,1.2391672e-10,1.7718311e-11,2.1763972e-16,1.2557484e-17,,-10.995240939977705,-11.14977668744118,-7.772487155094932,-8.40486845201196,-9.21997627794733,-9.90687009057172,-10.751577679401398,-15.662241887213375,-16.900751659011455,3.377289532346248,-0.6323812969170284,-0.8151078259353692,-0.6868938126243904,-0.844707588829678,-4.910664207811976,-1.2385097717980802,-5.750974971570274,-7.680775381064125
4FGL J0354.7-1617,58.6779,-16.287,fsrq,6.5903296,2.524565,2.5095243,0.03523032,2.0357494e-12,64.97118,4.256989e-09,2.786724e-09,6.243282e-10,1.393355e-10,1.7113531e-11,2.6124313e-12,2.4726145e-15,2.1021057e-17,,-11.691275682402143,-8.370897472031256,-8.554906042125683,-9.204587048166362,-9.855938219582875,-10.766660373863608,-11.582955119858937,-14.60684183186355,-16.677138899556592,-0.18400857009442717,-0.6496810060406784,-0.651351171416513,-0.9107221542807338,-0.8162947459953287,-3.0238867120046127,-2.0702970676930423,-8.306241427525336,-6.8212006799737175
4FGL J0358.5-5432,59.6317,-54.5376,bcu,2.865678,2.4361181,2.3869808,0.38470572,8.129886e-13,39.243935,1.6918617e-13,1.5052118e-10,4.5886286e-10,9.339504e-11,4.469001e-12,8.668281e-13,3.4888245e-15,1.7726805e-15,,-12.0899155388448,-12.771635115261939,-9.822402385689518,-9.338317092328133,-10.029676187511724,-11.349789547188516,-12.06206701357287,-14.457319631710249,-14.751367082715706,2.9492327295724206,0.4840852933613853,-0.6913590951835911,-1.3201133596767924,-0.7122774663843536,-2.3952526181373788,-0.2940474510054578,-1.979731967453768,-4.721690895203983
4FGL J0358.9+6004,59.7328,60.0767,fsrq,7.2837443,2.5481799,2.5798514,0.100080155,4.9691514e-12,114.22931,1.5377939e-09,5.738964e-09,2.2824755e-09,1.8403447e-10,6.6517736e-11,9.339355e-13,1.9467834e-12,7.557119e-15,,-11.303717770103795,-8.813101866151095,-8.241166499533586,-8.641593875466201,-9.73510082518025,-10.177062540797927,-12.029683111583724,-11.710682363361423,-14.12164316432318,0.5719353666175095,-0.40042737593261535,-1.0935069497140493,-0.4419617156176763,-1.8526205707857972,0.31900074822230096,-2.4109608009617567,-5.308541298172084,-4.386542339142929
4FGL J0359.6+5057,59.9158,50.959,fsrq,36.64287,2.6624157,2.7187707,0.14463912,4.1480826e-11,984.98206,1.4147737e-07,7.83113e-08,1.7032983e-08,2.428518e-09,2.5935393e-10,1.6794632e-11,1.2943266000000001e-22,7.8016646e-13,,-10.38215260406667,-6.849313022119227,-7.106175566504448,-7.768709287034685,-8.614658673217898,-9.58610716672293,-10.774829507617332,-19.994414878384177,-12.107812718734422,-0.25686254438522127,-0.6625337205302371,-0.8459493861832126,-0.9714484935050329,-1.188722340894401,-9.219585370766845,7.886602159649755,-5.258499696615195,-3.4931540455165244
4FGL J0359.6+3213,59.9206,32.2286,fsrq,4.8517404,2.6082418,2.905933,0.2876058,5.093902e-12,18.016151,7.525341e-09,9.025853e-09,2.5881026e-09,3.3591585e-10,4.1307895e-11,1.6715241e-16,2.6002728e-15,5.0788705e-15,,-11.292949413696237,-8.123473815858068,-8.04451174391629,-8.587018510949644,-9.473769503721659,-10.383966935472067,-15.776861376208979,-14.584979416721286,-14.294232005482316,0.07896207194177762,-0.5425067670333537,-0.886750992772015,-0.910197431750408,-5.392894440736912,1.1918819594876933,0.29074741123896963,-6.170758189624248,-4.820462501760657
4FGL J0401.2+8153,60.3224,81.8881,bll,4.252501,1.9137318,1.7010921,0.21645978,7.171516e-13,19.511719,1.2695247e-12,1.1852666e-13,1.7044733e-17,5.371048e-11,9.989506e-12,1.1050319e-11,5.4196654e-13,5.361692e-18,,-12.144389022259572,-11.896358841610102,-12.926183916906071,-16.76815507529114,-10.269940966321899,-11.000455987493293,-10.956625184215717,-12.266027517149281,-17.269888896698625,-1.0298250752959692,-3.8419711583850695,6.498214108969242,-0.730515021171394,0.043830803277575825,-1.3094023329335638,-5.003861379549344,-5.373530055088523,-6.999947930376726
4FGL J0402.9+6433,60.7373,64.5517,bcu,8.155136,2.12284,2.1213725,-0.00024093961,2.4060196e-12,19.033167,6.877988e-12,7.134169e-09,9.640184e-10,7.829801e-11,4.2303e-11,1.9021385e-11,4.261205e-12,9.144741e-18,,-11.618700837312016,-11.16253858559388,-8.146656606954148,-9.01591467673353,-10.106249275651617,-10.373628832587393,-10.720757863828617,-11.370467571040116,-17.038353937966537,3.015881978639733,-0.8692580697793826,-1.090334598918087,-0.26737955693577575,-0.34712903124122363,-0.6497097072114997,-5.667886366926421,-5.875815352372657,-6.93210466231492
4FGL J0410.9+4216,62.736,42.2777,bcu,16.633144,2.2248445,2.1088977,0.11563517,6.220241e-12,64.39237,1.0279405e-09,4.9091393e-09,1.7501658e-09,5.611915e-10,1.4181019e-10,3.4901863e-11,3.564012e-12,6.954286e-16,,-11.206192787771352,-8.98803202275823,-8.30899464433783,-8.756920806960203,-9.250888915560123,-9.848292561070371,-10.45715139042282,-11.448060841148086,-15.15774120766806,0.6790373784204,-0.44792616262237317,-0.4939681085999208,-0.5974036455102478,-0.6088588293524495,-0.9909094507252654,-3.709680366519974,-6.169709184909831,-5.906852292107937
4FGL J0411.7+3041,62.9461,30.6834,bcu,4.5187354,2.382344,2.4403794,0.161016,2.2476426e-12,6.5878434,1.1098651e-10,2.7871825e-09,9.476483e-10,1.6457952e-10,2.1742622e-11,2.2139428e-12,1.7260816e-12,1.3389728e-15,,-11.648272743300547,-9.954729804855239,-8.554834593485344,-9.023352812139603,-9.783624208613555,-10.66268808417748,-11.654833601895513,-11.762938674475514,-14.873225001713209,1.3998952113698948,-0.4685182186542587,-0.7602713964739518,-0.8790638755639257,-0.9921455177180327,-0.1081050725800008,-3.110286327237695,-4.91849519685797,-5.089600793099654
4FGL J0412.6-5434,63.1542,-54.5722,bcu,5.7574344,2.0623212,1.8295013,0.18509889,1.0064237e-12,15.576037,3.0398284e-12,3.5875106e-15,7.794647e-11,7.314392e-11,2.2908293e-11,9.230159e-12,2.0041338e-14,3.7324552e-18,,-11.997219140379658,-11.517150930435111,-14.445205596476589,-10.10820354808119,-10.135821768183213,-10.640007270651587,-11.034790817222113,-13.698073070765226,-17.426843389784974,-2.9280546660414775,4.337002048395398,-0.027618220102022306,-0.5041855024683741,-0.39478354657052606,-2.6632822535431124,-3.7287703190197483,-5.909692459349863,-7.291021621601761
4FGL J0412.7-3927,63.1872,-39.4623,bcu,5.2874994,1.7022805,1.629444,0.09227417,7.221364e-13,13.875476,2.4366778e-14,4.3931026e-13,8.621176e-11,2.8193486e-11,1.5807019e-11,7.018338e-12,2.5716068e-12,1.1922328e-12,,-12.141380757396329,-13.613201715206428,-12.357228643872867,-10.064433488710154,-10.549851222060083,-10.801150024411532,-11.153765719571332,-11.589795432832188,-11.923638930647892,1.2559730713335604,2.292795155162713,-0.4854177333499283,-0.2512988023514495,-0.35261569515980007,-0.43602971326085616,-0.3338434978157032,1.689562784558536,-1.373787708587809
4FGL J0414.6-0842,63.6584,-8.7051,bll,4.832124,2.2640643,2.2746172,-0.013841599,1.3851391e-12,23.274302,4.0334108e-11,2.0900537e-09,2.1708504e-10,1.2537185e-10,1.6302982e-11,4.525497e-12,7.43697e-17,1.8730655e-12,,-11.858506608064124,-10.39432754305022,-8.679842555363388,-9.663370104067306,-9.901799965560445,-10.787732950685685,-11.344333717707995,-16.12854557763888,-11.727447033017727,1.7144849876868324,-0.9835275487039183,-0.23842986149313816,-0.8859329851252404,-0.5566007670223101,-4.7842118599308865,4.401098544621155,-1.3331194899675065,-1.8256470674572824
4FGL J0415.2-5741,63.8016,-57.6904,bcu,3.8935602,1.6619875,0.96773136,0.30450752,4.844812e-13,11.487259,1.2288249e-08,2.1838463e-10,4.4459686e-11,3.0004683e-11,3.8504707e-12,2.1814369e-12,5.5830904e-12,6.487826e-16,,-12.314723061856887,-7.910509997000494,-9.660777930695946,-10.352033608767165,-10.522810957057692,-11.414486175878578,-11.661257342858264,-11.253125339327397,-15.187894112245566,-1.7502679336954525,-0.6912556780712187,-0.17077734829052638,-0.8916752188208861,-0.24677116697968593,0.4081320035308664,-3.9347687729181686,-7.277384115245072,-4.665083155187874
4FGL J0416.0-4743,64.003,-47.7333,bcu,3.4522119,2.438424,2.3591151,0.114080735,8.317268e-13,23.80938,6.4541506e-12,7.480954e-10,3.3383885e-10,3.0579726e-11,2.1431948e-11,1.1660071e-15,2.4247203e-18,2.2480208e-20,,-12.080019299181036,-11.19016090439094,-9.126043015696984,-9.476463124327895,-10.514566410123116,-10.668938352917834,-14.933295080467927,-17.613550923214714,-19.488381198243577,2.0641178886939553,-0.3504201086309102,-1.0381032857952217,-0.1543719427947181,-4.264356727550092,-2.680255842746787,-1.874830275028863,-8.298220293852637,-8.97381478812046
4FGL J0416.4-2059,64.1224,-20.9869,bcu,4.3543563,2.4762628,2.4463396,0.038205847,1.3735088e-12,6.950974,1.8576594e-08,3.300801e-09,2.893862e-10,8.458037e-11,2.0395184e-11,1.89734e-12,3.236402e-16,3.7736965e-15,,-11.862168550570237,-7.731033910503749,-8.481380657797136,-9.538522182969592,-10.072730419296121,-10.690472372025381,-11.721854835039116,-15.48992412027321,-14.423231880108322,-0.7503467472933867,-1.0571415251724563,-0.5342082363265295,-0.6177419527292596,-1.0313824630137347,-3.7680692852340947,1.0666922401648886,-6.692197969604573,-4.3505014608122
4FGL J0420.0+0805,65.0086,8.0999,bcu,3.3597107,2.3686526,2.3783302,-0.030492727,1.6377279e-12,33.815796,8.549996e-09,3.6789432e-09,6.8185335e-10,6.7814e-11,2.0439568e-11,5.4955753e-12,1.7939899e-12,8.296782e-16,,-11.785758249706925,-8.068034088450071,-8.434276917282396,-9.166309021428479,-10.168680637999694,-10.68952828724847,-11.25998683629239,-11.746180003902655,-15.081085086492163,-0.3662428288323252,-0.7320321041460822,-1.0023716165712155,-0.5208476492487755,-0.57045854904392,-0.4861931676102653,-3.3349050825895077,-7.013050998042091,-4.9124044484924685
4FGL J0420.2+4012,65.0547,40.201,bll,10.815685,1.8756078,1.6809019,0.15167509,3.0907742e-12,21.201649,7.9968886e-11,1.399368e-09,5.7570705e-11,1.6727109e-10,9.155366e-11,3.5100676e-11,8.266558e-12,3.2107396e-12,,-11.509932720246544,-10.09707895378991,-8.854068061521474,-10.239798452148515,-9.776579113036801,-10.03832428937021,-10.454684519300969,-11.082675282276618,-11.493394914154967,1.2430108922684369,-1.3857303906270406,0.4632193391117134,-0.26174517633340955,-0.41636022993075805,-0.6279907629756494,-0.41071963187834903,-1.3963159603650563,-1.716815801118166
4FGL J0421.6-0627,65.4057,-6.4582,bll,4.674631,2.1311033,2.0698555,0.04273472,1.6922689e-12,12.480354,5.139204e-10,1.0296131e-08,6.2058264e-10,7.8180684e-11,4.1294676e-11,6.4849545e-15,5.565153e-12,7.6682904e-13,,-11.771530624246353,-9.289104142704142,-7.987325940441321,-9.207200377403664,-10.106900534204756,-10.384105936927696,-14.188092396988738,-11.254522890541285,-12.11530144298265,1.3017782022628213,-1.2198744369623435,-0.8997001568010923,-0.2772054027229398,-3.803986460061042,2.933569506447453,-0.8607785524413654,-2.8261973002785084,-2.008400908777894
4FGL J0423.7+0831,65.928,8.5293,bcu,3.9440386,1.8152565,1.6074762,0.23256417,7.968914e-13,15.376737,2.2782029e-10,8.27263e-14,1.5168711e-13,6.167112e-11,1.08566316e-11,1.1062439e-11,2.1555709e-12,1.2973202000000002e-16,,-12.098600854577317,-9.6424075996293,-13.082356346908917,-12.819051294298344,-10.209918164274429,-10.964304898513538,-10.956149110661888,-11.666437685955454,-15.886919344666744,-3.439948747279617,0.2633050526105727,2.609133130023915,-0.7543867342391088,0.008155787851649166,-0.7102885752935659,-4.220481658711289,-6.244511745037444,-5.677001180392315
4FGL J0423.9+4150,65.9781,41.8342,bll,57.874634,1.9531106,1.8170502,0.08796234,2.771151e-11,12.796065,1.0413937e-08,1.0141062e-08,4.5532804e-09,1.8047712e-09,8.347896e-10,2.2883538e-10,6.161181e-11,2.3689822e-12,,-10.557339808712781,-7.982385053953468,-7.993916562103952,-8.341675604155377,-8.743577847980735,-9.078422970107786,-9.640476828850861,-10.210336032469234,-11.625438200622884,-0.011531508150484093,-0.3477590420514245,-0.4019022438253579,-0.3348451221270512,-0.5620538587430755,-0.569859203618373,-1.4151021681536502,-3.6430531466694163,-2.88186035264215
4FGL J0425.3+6319,66.3371,63.3262,bcu,17.094213,1.7835349,1.6593086,0.10164216,4.6415493e-12,17.126606,2.3843176e-08,6.903905e-09,9.862303e-10,1.1607682e-10,9.316868e-11,4.77474e-11,2.608866e-11,7.6991825e-13,,-11.333337031411865,-7.622635895433079,-8.160905193285792,-9.006021658745667,-9.935254498149806,-10.030730057440488,-10.321050272081335,-10.583548226963707,-12.113555380172077,-0.5382692978527137,-0.8451164654598742,-0.9292328394041398,-0.09547555929068174,-0.2903202146408468,-0.26249795488237204,-1.5300071532083699,-4.490919484738998,-2.1783008820222705
4FGL J0426.5+0517,66.6377,5.2855,fsrq,19.664934,2.6519978,2.4928672,0.17669468,1.0722228e-11,269.53745,2.8676766e-08,1.8251416e-08,4.7909543e-09,6.1371436e-10,7.538672e-11,6.7632362e-12,3.3773605e-13,1.1787552e-15,,-10.969714961666584,-7.542469827465302,-7.738703436022036,-8.319577971773485,-9.21203371474745,-10.122705151933099,-11.169845444319721,-12.471422567368897,-14.92857269405647,-0.19623360855673422,-0.5808745357514491,-0.892455742973965,-0.9106714371856484,-1.0471402923866222,-1.3015771230491762,-2.457150126687573,-7.386102866591168,-5.7165389793090196
4FGL J0426.5+2007,66.6405,20.1326,bcu,4.012694,2.6448867,2.6280096,0.39507657,2.5252953e-12,7.776942,4.5602927e-10,4.020273e-09,1.0076653e-09,2.5473873e-10,1.5152843e-11,2.2105281e-15,1.8738977e-12,4.4882815e-15,,-11.59768782784067,-9.34100728146743,-8.395744454783124,-8.996683696557907,-9.593905020678694,-10.819505876223138,-14.655501995357897,-11.727254119528823,-14.347918944815541,0.9452628266843064,-0.6009392417747836,-0.5972213241207864,-1.2256008555444442,-3.8359961191347587,2.928247875829074,-2.6206648252867186,-5.006911663348111,-4.7540139241368475
4FGL J0427.5-1831,66.8856,-18.5328,bcu,4.4644456,1.753967,1.7559017,-0.00044815635,7.6296743e-13,14.989099,5.2512248e-11,4.2735116e-15,1.6421593e-10,3.495322e-11,1.1817837e-11,4.9885994e-12,2.4560753e-12,3.486466e-12,,-12.117493995374156,-10.279739389493544,-14.369214096610165,-9.78458471579229,-10.456512809384437,-10.927462004045449,-11.302021368983542,-11.609758320667682,-11.457614564430495,-4.08947470711662,4.584629380817875,-0.6719280935921468,-0.4709491946610118,-0.3745593649380936,-0.3077369516841397,0.15214375623718723,-1.1778751749369505,-1.001101755046058
4FGL J0428.7-5003,67.1923,-50.0654,bcu,5.1131983,2.3450537,2.2436566,0.13616684,1.112176e-12,10.924299,1.6678231e-12,2.1888902e-11,3.691375e-10,6.4475564e-11,2.3946078e-11,1.5117359e-12,6.8770664e-19,2.2134255e-21,,-11.95382647703199,-11.777850012705873,-10.659776022943621,-9.432811833373426,-10.190604850115044,-10.620765607013267,-11.820524070506222,-18.156327143866726,-19.913162512377475,1.1180739897622516,1.2269641895701948,-0.7577930167416174,-0.4301607568982231,-1.1997584634929552,-6.335803073360504,-1.7568353685107496,-8.135312499671603,-9.722557662262432
4FGL J0431.2-0358,67.8239,-3.9672,bcu,5.1909738,2.5802565,2.6289504,-0.088803336,1.9070153e-12,29.682016,1.3843809e-08,3.7446792e-09,6.115553e-10,1.06203386e-10,1.1552332e-11,3.7848423e-17,1.7728741e-12,1.7444966e-12,,-11.719645820314337,-7.858744401202088,-8.426585381604836,-9.213564265686875,-9.973861636719555,-10.937330338122866,-16.421837480616865,-11.751322102116752,-11.758329870159535,-0.5678409804027478,-0.7869788840820391,-0.7602973710326797,-0.9634687014033112,-5.4845071424939995,4.670515378500113,-0.007007768042782914,-3.899585468957447,-1.7844682334399806
4FGL J0433.5-1039,68.3986,-10.6607,bcu,5.315891,2.25931,2.2352126,0.05714073,1.4900626e-12,11.975921,3.899881e-13,8.335082e-10,3.6640393e-10,1.12524726e-10,3.1632197e-11,1.5568918000000002e-16,1.5913539e-12,1.9101671e-12,,-11.826795482858707,-12.408948633589157,-9.079090123248601,-9.436039876782289,-9.94875203586551,-10.499870643171734,-15.807713674666388,-11.798233224459265,-11.718928637057934,3.3298585103405554,-0.3569497535336872,-0.5127121590832218,-0.5511186073062238,-5.307843031494654,4.009480450207123,0.07930458740133162,0.6900199965312233,-1.7701766011924231
4FGL J0434.3-2517,68.5914,-25.2865,bcu,6.185311,2.513778,2.4343798,0.20901422,1.4759478e-12,26.492802,2.172918e-12,6.08189e-13,6.1270483e-10,1.4279279e-10,2.2638069e-11,5.926855e-15,1.7416928e-16,3.396784e-15,,-11.830928999037193,-11.662956660461045,-12.21596143183983,-9.212748696070165,-9.84529372069656,-10.645160620507927,-14.227174964851883,-15.75900350901188,-14.46893079030278,-0.5530047713787845,3.003212735769665,-0.6325450246263955,-0.7998668998113665,-3.582014344343957,-1.5318285441599961,1.2900727187090997,-2.8059741298417347,-4.62363706960622
4FGL J0436.8-5223,69.2198,-52.3934,bcu,14.712892,2.6043372,2.5862389,0.05569732,3.6171352e-12,136.30548,2.7100429e-08,7.9836955e-09,1.1074976e-09,2.2906306e-10,2.9548367e-11,1.7211544e-12,4.0417862e-13,4.1466003e-21,,-11.441635256828821,-7.567023834186022,-8.097796035496643,-8.95565720623676,-9.640044941920719,-10.529466515396688,-11.764180166045008,-12.393426652518949,-19.84934791691341,-0.5307722013106204,-0.8578611707401169,-0.6843877356839592,-0.8894215734759694,-1.2347136506483203,-0.6292464864739404,-7.45592126439446,-12.282324082727387,-10.20930297499269
4FGL J0437.2-5846,69.3164,-58.7773,bcu,5.0373526,2.705032,2.695693,0.08209078,1.4749999e-12,9.885785,8.564133e-15,3.2483518e-09,5.989046e-10,3.8837957e-11,1.4197376e-11,1.1631653e-12,1.03629683e-16,3.3800972e-17,,-11.831208006185143,-14.067316089673675,-8.488336942322057,-9.22264235121486,-10.41074362332169,-10.847791915453657,-11.934358558600094,-15.984473924049405,-16.47094234392904,5.5789791473516175,-0.7343054088928032,-1.1881012721068291,-0.4370482921319674,-1.086566643146437,-4.050115365449312,-0.48646841987963363,-2.4036262542553644,-6.0601987206073495
4FGL J0440.2+4246,70.0696,42.7667,bcu,5.1294513,2.1624408,1.9467151,0.43799427,1.1784471e-12,19.926336,5.976538e-11,1.8270702e-15,4.366095e-11,7.644613e-11,7.467265e-11,6.221825e-12,1.6740934e-16,1.812319e-20,,-11.928689904315386,-10.223550314748756,-14.738242388797985,-10.359906818796095,-10.116644495311744,-10.126838435998673,-11.206082207669633,-15.776194374478198,-19.550935419042624,-4.514692074049229,4.378335570001891,0.24326232348435006,-0.010193940686928471,-1.07924377167096,-4.570112166808565,-3.7747410445644256,-9.327385104293867,-9.43429092373088
4FGL J0440.3-4332,70.0829,-43.5448,fsrq,61.567886,2.6036034,2.5771306,0.20250481,2.4291248e-11,2294.2334,6.0063414e-08,4.035536e-08,1.1048012e-08,1.4808915e-09,1.4897966e-10,3.161898e-12,8.011416e-18,6.172737e-15,,-10.61455017189998,-7.221389986169222,-7.3940987741059745,-7.956715862711893,-8.829476759624031,-9.826873021174354,-11.500052142755665,-17.09574896005693,-14.209521522928505,-0.17270878793675237,-0.5626170886059185,-0.8727608969121379,-0.9973962615503229,-1.6731791215813114,-5.595696817301265,2.8862274371284258,-6.9881315367592824,-5.380044763304474
4FGL J0441.2-2953,70.3216,-29.896,bll,4.4345093,2.354919,2.2537282,0.07201467,1.0963085e-12,14.753038,6.7783045e-12,1.2388629e-09,3.9856604e-11,9.3744575e-11,2.6542137e-11,1.7629464e-17,6.0156177e-13,2.4490687e-15,,-11.960067214704997,-11.168878924722291,-8.906976752593774,-10.399499708208253,-10.028053855455092,-10.576064113337159,-16.753514615654254,-12.220719764275431,-14.610997258800742,2.261902172128517,-1.4925229556144792,0.3714458527531619,-0.5480102578820674,-6.177450502317095,4.5327948513788225,-2.3902774945253107,-3.442118334078451,-4.58294340334565
4FGL J0441.3-2617,70.335,-26.2937,bcu,3.8400636,1.6987098,1.5151664,0.22616546,5.542036e-13,14.153592,3.6546696e-10,9.51687e-10,5.542278e-12,1.2051952e-11,1.246189e-11,5.995245e-12,3.3388663e-12,1.4666566e-17,,-12.256330649614824,-9.437151879264077,-9.021505863085812,-11.256311693064678,-10.918942606324409,-10.904416086194791,-11.222193063721646,-11.476400969981766,-16.833375548078745,0.4156460161782647,-2.234805829978866,0.337369086740269,0.014526520129617637,-0.3177769775268544,-0.25420790626012035,-5.356974578096979,-7.3962236688146685,-5.914432941754336
4FGL J0444.6+3425,71.1598,34.4185,bcu,12.439099,2.1921942,2.1379445,0.06348388,6.619293e-12,29.86207,1.7422861e-08,7.478356e-09,1.7541772e-09,3.1729092e-10,1.6491626e-10,2.0858952e-11,6.6606473e-12,1.0650187999999998e-18,,-11.179188393982107,-7.7588805281747995,-8.126193864514798,-8.755926538051243,-9.49854235603062,-9.782736522739444,-10.680707515070912,-11.176483562196026,-17.96858394071129,-0.36731333633999874,-0.629732673536445,-0.7426158179793774,-0.2841941667088239,-0.8979709923314676,-0.4957760471251138,-6.792100378515265,-10.209703412536491,-8.47004158468067
4FGL J0446.3-1729,71.5979,-17.4886,bcu,4.2771616,1.8083512,1.7849337,0.017511576,9.131333e-13,11.956913,4.1513456e-11,8.424887e-11,1.4535363e-10,4.3876913e-11,1.2618452e-11,5.0503213e-12,8.85007e-12,1.2080962e-16,,-12.039465814392294,-10.381811109946117,-10.074435915402768,-9.83757411784177,-10.357763935105604,-10.898993919636268,-11.296680990451458,-11.053053293727439,-15.91786253454069,0.30737519454334894,0.2368617975609979,-0.5201898172638337,-0.5412299845306645,-0.3976870708151896,0.24362769672401896,-4.864809240813251,-5.536051424594573,-5.560098599435086
4FGL J0449.6+3027,72.4186,30.4664,bcu,3.3306096,2.6149647,2.6224685,0.19068365,3.1228889e-12,14.19241,4.0455764e-11,6.8134884e-09,1.4515392e-09,1.3203677e-10,3.1208376e-11,5.1719015000000004e-17,2.137021e-24,1.8723448e-25,,-11.505443464579313,-10.393019592731596,-8.16663047913238,-8.838171231194242,-9.879305108273801,-10.505728830124989,-16.286265791147024,-19.999907200272595,-19.999991868585976,2.2263891135992164,-0.6715407520618619,-1.0411338770795595,-0.6264237218511877,-5.780536961022035,-3.7136414091255716,-8.466831338083125e-05,-9.60697227585438,-10.120686760312175
4FGL J0450.8-2327,72.7227,-23.4639,bcu,4.6050243,2.3084433,2.2979178,0.024688417,1.3847484e-12,13.863349,2.1326167e-08,3.715113e-09,1.9484292e-10,1.07259195e-10,2.2029613e-11,1.1147742e-12,3.1563246e-12,3.5618136e-17,,-11.858629124847914,-7.671087194261379,-8.4300279720691,-9.710315370504869,-9.96956546678025,-10.656993131950356,-11.952813087127954,-11.500818338453044,-16.448206898560866,-0.7589407778077204,-1.2802873984357692,-0.2592500962753803,-0.687427665170107,-1.2958199551775973,0.45199474867490963,-4.947388560107822,-8.777119704299487,-6.478641431780616
4FGL J0451.8+5721,72.9698,57.3548,bcu,8.38064,1.9172266,1.746806,0.19755611,1.5619404e-12,19.22032,8.757267e-09,2.4081408e-09,1.1775245e-10,1.1155637e-10,3.7031107e-11,2.3620805e-11,2.672546e-12,4.516817e-22,,-11.806335539025838,-8.05763140890106,-8.618318124191735,-9.929030047980346,-9.952505625907198,-10.43143330493278,-10.626705305475962,-11.573074809330743,-19.980813824933854,-0.5606867152906752,-1.3107119237886113,-0.02347557792685251,-0.4789276790255812,-0.1952720005431825,-0.9463695038547808,-8.407739015603111,-11.923182416032795,-10.028308199026656
4FGL J0452.0+2100,73.0072,21.0033,bcu,3.8167903,1.6889975,1.6522862,0.06819847,1.0051891e-12,12.558375,3.8937626e-09,3.7984264e-13,8.2034515e-13,2.1351813e-11,2.9497082e-11,5.0423394e-12,3.518412e-12,1.8324153e-12,,-11.99775222510585,-8.40963053064049,-12.42039627282775,-12.086003379880271,-10.67056524256828,-10.530220944348454,-11.297367924441215,-11.45365330552881,-11.736976088310088,-4.01076574218726,0.33439289294747887,1.415438137311991,0.1403442982198264,-0.767146980092761,-0.1562853810875957,-0.2833227827812781,-3.3273455576695987,-1.0664108457418084
4FGL J0453.5-1233,73.3784,-12.5612,bcu,5.1542783,2.594017,2.598461,-0.033221684,2.0181042e-12,15.109816,8.832383e-09,4.1493e-09,5.8328936e-10,1.1388317e-10,1.1477257e-11,4.786151e-12,4.275261e-15,2.152009e-12,,-11.695056411607812,-8.05392210682678,-8.382025163956568,-9.234115945618827,-9.943540452495494,-10.940161893101976,-11.320013602886165,-14.369036351093857,-11.667155914704026,-0.3281030571297876,-0.8520907816622589,-0.7094245068766671,-0.9966214406064822,-0.37985170978418914,-3.049022748207692,2.701880436389832,-3.6132338078772452,-1.7236154622085316
4FGL J0453.9+3727,73.4897,37.4568,bcu,3.4069114,2.2367265,1.9843296,0.22188438,2.1473867e-12,28.161825,7.976017e-09,6.5020513e-09,3.606974e-11,1.14205846e-10,4.7603813e-11,1.04947925e-11,2.7094725e-15,6.663364e-20,,-11.668089739030918,-8.09821392904411,-8.18694960832138,-10.442856988056722,-9.942311664698732,-10.322358259403876,-10.979026143327681,-14.567113649662838,-19.11558054552031,-0.08873567927726889,-2.2559073797353424,0.50054532335799,-0.3800465947051439,-0.6566678839238058,-3.5880875063351567,-4.548466895857471,-11.017366616476199,-9.173268880821578
4FGL J0456.4-4043,74.1111,-40.7222,bcu,5.6321135,2.482117,2.5226007,-0.049611192,1.3470824e-12,24.676088,1.200928e-08,3.962016e-09,2.0816256e-10,7.2689244e-11,2.4009041e-11,1.6191714e-12,2.9667907e-12,5.4655384e-20,,-11.870605834779266,-7.920483029349463,-8.402083774960515,-9.681597379740117,-10.138529847912576,-10.6196251865645,-11.790707173188157,-11.527713089577343,-19.189395304594374,-0.4816007456110514,-1.279513604779602,-0.45693246817245914,-0.4810953386519241,-1.1710819866236566,0.26299408361081333,-7.661682215017031,-11.268912275244912,-9.050865456681798
4FGL J0458.6+5509,74.6735,55.1651,bcu,4.767366,2.431795,2.4668837,0.065746486,2.8211092e-12,35.979473,1.3168105e-09,6.6659696e-09,1.4194289e-09,1.251654e-10,4.5449672e-11,2.4989028e-12,2.4856454e-12,9.751081e-18,,-11.549580101231262,-8.88047671913194,-8.176136671260249,-8.847886356647575,-9.902515708357779,-10.342469246540167,-11.602250634590439,-11.604560825599446,-17.010502083323278,0.7043400478716908,-0.6717496853873257,-1.0546293517102043,-0.43995353818238847,-1.2597813880502713,-0.002310191009007312,-5.405941257723832,-8.130025364191338,-7.107986374965499
4FGL J0459.2-2612,74.8003,-26.214,bcu,4.442114,2.3139973,2.2190938,0.08340582,1.0859962e-12,25.32915,3.246432e-08,9.576229e-10,3.345614e-10,5.8185973e-11,2.3647105e-11,3.0040744e-12,1.9787752e-17,4.097743e-17,,-11.964171690381573,-7.488593689459521,-9.018805477024094,-9.475524167168246,-10.235181698830889,-10.626222020048367,-11.52228931419378,-16.70338412031531,-16.387349312027723,-1.5302117875645722,-0.456718690144152,-0.7596575316626435,-0.3910403212174778,-0.8960672941454124,-5.18109480612153,0.31603480828758634,-8.898755622568203,-6.152167613196834
4FGL J0459.7-4529,74.9281,-45.4994,bcu,11.064468,2.5213573,2.485025,0.115907505,3.2649215e-12,72.40462,1.3266432e-10,3.3347436e-09,1.144617e-09,1.9249413e-10,3.646128e-11,1.0490202e-14,1.2640157e-12,1.0472038e-15,,-11.486127254873937,-9.877245864674027,-8.476937552266634,-8.941339808178016,-9.715582509496443,-10.438168089067714,-13.979215734923715,-11.89824752832902,-14.97996464336299,1.4003083124073932,-0.4644022559113825,-0.7742427013184265,-0.7225855795712715,-3.5410476458560005,2.0809682065946955,-3.081717115033971,-5.102718778688963,-5.2643821338665475
4FGL J0500.1+5447,75.0353,54.7843,bcu,4.243559,2.3086655,2.297432,0.23160209,2.2828321e-12,12.574239,2.5954777e-10,3.162127e-15,4.649587e-10,1.1163877e-10,6.643561e-11,8.196213e-18,1.9953604e-15,2.1755252e-12,,-11.64152602735414,-9.585782698152931,-14.500019318130844,-9.332585621635499,-9.952184957034826,-10.177599072960897,-17.085857214699825,-14.699976474541279,-11.66243587973488,-4.914236619977913,5.167433696495346,-0.619599335399327,-0.2254141159260712,-6.908258141738928,2.3858807401585462,3.037540594806398,-2.07665318158195,-1.7102509227000553
4FGL J0500.2+5237,75.0735,52.6332,bll,17.336464,1.8597474,1.8530346,0.00830118,5.477392e-12,11.563842,1.08272356e-10,1.8943434e-14,1.4769627e-09,2.635697e-10,1.06324644e-10,3.9551706e-11,2.1920752e-11,5.4600005e-12,,-11.261426176053597,-9.965482412855911,-13.722541061540552,-8.830630472449988,-9.579104517730594,-9.973366062691074,-10.402834779050004,-10.659144551091353,-11.262807316729297,-3.757058648684641,4.891910589090564,-0.7484740452806058,-0.3942615449604805,-0.42946871635892947,-0.25630977204134986,-0.6036627656379441,-1.2973249038733865,-1.683702798998704
4FGL J0500.4-5321,75.1215,-53.3626,bcu,4.380016,2.444998,2.2089298,0.3256104,6.9158237e-13,30.681667,5.5317437e-13,6.232498e-12,2.0364274e-10,9.276182e-11,1.7931078e-11,5.953922000000001e-17,7.01382e-16,1.7169788000000002e-16,,-12.160156080126646,-12.2571379422328,-11.205337851491844,-9.691131068169673,-10.032630738984613,-10.746393600023934,-16.225123922710413,-15.154039191941356,-15.76520977378498,1.0518000907409562,1.5142067833221713,-0.34149967081494026,-0.7137628610393207,-5.478730322686479,1.0710847307690567,-0.6111705818436235,-3.5080718315521793,-5.7325790348003665
4FGL J0501.0-2423,75.2732,-24.3935,bcu,7.124715,2.9309754,2.8588152,0.16809368,4.057583e-12,37.74409,2.1995106e-10,1.0647574e-08,1.3623789e-09,1.6829702e-10,3.757471e-12,8.175031600000001e-16,8.746416e-16,4.8109195e-16,,-11.391732586617891,-9.657673940686962,-7.972749332922744,-8.865702091175951,-9.773923573891503,-11.425104361438486,-15.087505247512471,-15.058164905067738,-15.317762882813662,1.6849246077642182,-0.8929527582532071,-0.9082214827155521,-1.6511807875469824,-3.6624008860739856,0.02934034244473338,-0.2595979777459245,-5.6600889421267,-5.543839308922159
4FGL J0501.7+3048,75.4313,30.8028,bcu,9.561536,2.0586183,2.0795798,-0.0269408,3.6911112e-12,7.30201,6.014513e-10,3.3683487e-09,1.0471239e-09,2.2340109e-10,6.6032874e-11,1.7895e-11,9.542936e-12,5.028141e-13,,-11.432842869688727,-9.220799532070062,-8.472582955577595,-8.980001927769994,-9.650914712222319,-10.180239800114222,-10.747268297031287,-11.020317988317695,-12.29859254361703,0.7482165764924673,-0.507418972192399,-0.6709127844523248,-0.5293250878919036,-0.5670284969170645,-0.273049691286408,-1.278274555299335,-3.0777930115469676,-2.647677831394711
4FGL J0502.5+3438,75.6366,34.6338,bcu,25.420633,2.4087048,2.3205128,0.12354742,1.4516487e-11,98.055336,7.3915434e-09,1.797573e-08,5.4052385e-09,1.2031904e-09,2.4481517e-10,2.6650264e-11,3.0366636e-22,7.540687300000001e-22,,-10.83813847018988,-8.131264868760454,-7.74531346375239,-8.267185138537112,-8.919665641878193,-9.6111616745677,-10.574298484291509,-19.987008212518898,-19.96842719224384,0.3859514050080639,-0.5218716747847223,-0.6524805033410814,-0.691496032689507,-0.9631368097238084,-9.412709728227389,0.01858102027505737,-11.837162323483387,-11.048761550365647
4FGL J0503.6+4518,75.9202,45.3113,bcu,14.362005,1.9328458,1.8643792,0.08708231,6.1497005e-12,11.253925,2.8288841e-08,1.1408629e-12,7.176577e-14,4.2241055e-10,1.2961184e-10,4.607185e-11,1.0522806e-11,3.6725956e-12,,-11.211146033821569,-7.548384845318236,-11.942766538761006,-13.144082590574104,-9.374265243518966,-9.88735532395818,-10.336564348350684,-10.977868435832066,-11.435026889246373,-4.39438169344277,-1.201316051813098,3.769817347055138,-0.5130900804392144,-0.44920902439250376,-0.641304087481382,-0.4571584534143067,-3.886642043928137,-2.060761645727407
4FGL J0504.3-0955,76.0856,-9.9215,bcu,4.82844,2.0129929,1.9319483,0.08643124,1.1762365e-12,12.4406395,5.5501925e-10,1.5195044e-09,1.8371145e-10,8.650554e-11,2.171021e-11,3.7455672e-12,3.569829e-12,1.2684508e-17,,-11.92950534436482,-9.255691953763561,-8.818298038001085,-9.735863774988728,-10.06295607844584,-10.663335975451936,-11.426482405595976,-11.44735258551019,-16.896384126379523,0.43739391576247577,-0.9175657369876422,-0.32709230345711227,-0.6003798970060963,-0.7631464301440403,-0.020870179914213693,-5.449031540869333,-7.640692172615962,-6.833428047933683
4FGL J0505.8+3322,76.4554,33.3742,bcu,7.6092134,2.1381269,2.0638654,0.11112717,3.4665747e-12,14.628054,6.3719567e-09,1.3025755e-10,4.3021675e-10,2.930699e-10,4.998312e-11,2.349662e-11,2.743338e-12,2.7017388e-22,,-11.460099435652399,-8.19572718406529,-9.885197094649147,-9.366312684847436,-9.533028783850334,-10.301176638148842,-10.628994606518917,-11.561720679149387,-19.98842220348303,-1.6894699105838562,0.5188844098017107,-0.16671609900289752,-0.7681478542985083,-0.32781796837007526,-0.9327260726304694,-8.426701524333643,-11.792695019417739,-10.455393419632696
4FGL J0507.9+4647,76.9786,46.7951,bcu,9.944848,2.6991305,2.6030033,0.31349453,6.1824612e-12,26.850523,9.447395e-09,1.1369203e-08,2.5026698e-09,5.3433724e-10,4.408552e-11,4.544161e-15,2.0871862e-15,6.7914354e-17,,-11.208838599808686,-8.024687926208477,-7.944269979008808,-8.601596447033193,-9.272184557115517,-10.355704032128333,-14.342545334216254,-14.680436724594179,-16.167974483282826,0.08041794719966955,-0.6573264680243858,-0.6705881100823241,-1.0835194750128156,-3.986841302087921,-0.3378913903779246,-1.4875377586886476,-8.14328655707435,-6.895789926167309
4FGL J0508.2+5211,77.0591,52.1886,bcu,5.1323433,2.139946,2.133746,0.062325586,1.8891618e-12,23.606098,7.289034e-16,1.5046382e-12,3.9070486e-10,1.9190519e-10,3.080498e-11,3.710083e-12,5.573906e-12,1.2948028e-15,,-11.723730842406107,-15.137324065833196,-11.822567913551362,-9.408151186516712,-9.716913279760492,-10.511379068693312,-11.430616373300955,-11.253840358852443,-14.887793015987189,3.3147561522818343,2.4144167270346504,-0.30876209324378046,-0.7944657889328202,-0.919237304607643,0.176776014448512,-3.6339526571347456,0.2495310498460075,-5.170879736226697
4FGL J0509.1-7317,77.2973,-73.2995,bcu,4.18172,2.2187135,2.2383347,-0.030593153,9.637023e-13,15.544028,1.7354987e-11,4.6408006e-09,2.2968012e-10,6.85128e-11,1.6190308e-11,2.8144123e-12,1.560436e-16,1.4286395e-12,,-12.016057100008483,-10.760575707056669,-8.33340709139044,-9.638876593588583,-10.16422828318791,-10.79074488900012,-11.550612278315345,-15.80672620814507,-11.8450773433353,2.427168615666229,-1.305469502198143,-0.5253516895993275,-0.6265166058122098,-0.7598673893152252,-4.256113929829725,3.9616488648097707,-1.084501636278631,-1.6808490601473896
4FGL J0509.2+5550,77.3192,55.8343,bcu,8.261822,2.298719,2.270431,0.12448865,3.0545447e-12,23.034252,8.9973984e-10,1.9434579e-10,1.0776608e-09,2.5414065e-10,7.412256e-11,1.0293233e-11,1.4915901e-15,5.9594005e-21,,-11.515053513627674,-9.045883048762304,-9.711424862777655,-8.967517914348953,-9.594925863627061,-10.130049589636235,-10.987448195900757,-14.826347596194717,-19.796983426546188,-0.6655418140153504,0.7439069484287018,-0.6274079492781084,-0.5351237260091732,-0.8573986062645229,-3.8388994002939594,-4.970635830351471,-10.751100377783883,-10.202057562919126
4FGL J0512.8+4041,78.2186,40.6945,bcu,18.085913,2.3208497,2.2731564,0.06526044,1.0072237e-11,61.349697,2.546153e-09,1.6978273e-08,2.5332336e-09,6.775895e-10,1.626577e-10,3.2014624e-11,2.1823327e-12,5.2385976e-16,,-10.99687406338827,-8.594115502856907,-7.7701064875143455,-8.59632476026174,-9.169033332492946,-9.788725372943453,-10.494651594303381,-11.661079037843916,-15.280776670160899,0.8240090153425612,-0.8262182727473952,-0.5727085722312051,-0.6196920404505075,-0.7059262213599276,-1.1664274435405346,-3.619697632316983,-6.686661167303992,-6.111743337667953
4FGL J0513.9-3746,78.4961,-37.7774,bll,8.055637,2.4605262,2.4212255,0.11098275,2.2068838e-12,25.567566,5.3208055e-10,1.6106336e-09,8.1898716e-10,1.6311126e-10,5.2044176e-12,6.1110266e-12,1.3712342e-12,1.798169e-15,,-11.656220531362214,-9.274022616244826,-8.793003245174843,-9.086722907007001,-9.787516057405986,-11.283627862294566,-11.213885825173808,-11.8628883603648,-14.745167078541124,0.4810193710699835,-0.29371966183215825,-0.7007931503989848,-1.4961118048885798,0.06974203712075777,-0.6490025351909914,-2.882278718176325,-5.471144462296298,-4.957651021135138
4FGL J0515.9+0537,78.9852,5.6219,bcu,3.7916207,2.2730536,2.0911129,0.106449716,1.6087142e-12,10.782621,2.9009177e-08,2.346921e-09,2.4965896e-10,8.0252714e-11,4.2106117e-11,7.1875175e-12,3.1424962000000005e-16,5.46957e-16,,-11.793521101981828,-7.537464592101312,-8.62950152899415,-9.602652842935237,-10.095540271575599,-10.375654806997813,-11.143421084286715,-15.502711418975437,-15.262038875038105,-1.0920369368928373,-0.9731513139410879,-0.49288742864036195,-0.2801145354222143,-0.7677662772889011,-4.359290334688723,0.2406725439373325,-7.724574282936793,-5.166498603462506
4FGL J0516.7+2743,79.1759,27.7194,bcu,4.9175444,2.4914277,2.586317,-0.09351835,3.32901e-12,8.988401,6.2645405e-08,1.1640113e-08,3.4657668e-10,1.4742807e-10,4.0123186e-11,1.1512094e-11,1.3544768e-12,2.0525924e-18,,-11.477684898961318,-7.203110778721316,-7.934042803617179,-9.460200662867626,-9.83141981980235,-10.396604588821477,-10.938845672523716,-11.8682284261238,-17.68558658682106,-0.7309320248958624,-1.5261578592504472,-0.37121915693472474,-0.5651847690191261,-0.5422410837022387,-0.929382753600084,-5.81735816069726,-10.482475808099743,-7.854166767018709
4FGL J0516.8-0509,79.2241,-5.1547,fsrq,7.0000205,2.8434916,2.6280022,0.33496004,3.8919033e-12,35.168266,1.4402972e-08,1.0331763e-08,1.5755561e-09,1.7481441e-10,8.135095e-18,3.5358744e-21,4.675802500000002e-22,6.020073e-15,,-11.40983795783202,-7.841547883597291,-7.985825564652068,-8.802566128515995,-9.757422771187384,-17.089103845949065,-19.868513684124792,-19.98015370089304,-14.22039752100239,-0.14427768105477767,-0.8167405638639265,-0.9548566426713894,-7.331681074761681,-2.7794098381757273,-0.11164001676824853,5.759756179890651,-6.378849637405099,-4.462974749815006
4FGL J0517.9-6930c,79.4848,-69.5093,bcu,5.203119,2.539184,2.7822561,0.32717884,2.2943587e-12,8.408794,7.560733e-09,2.7247755e-09,1.0429452e-09,2.0042809e-10,1.1124435e-11,4.566817e-13,2.5804742e-15,3.1308184e-15,,-11.639338681641876,-8.121436098357533,-8.564669274350022,-8.98173851032563,-9.69804141213897,-10.953722036820759,-12.340386381441247,-14.58829879571971,-14.504340735313587,-0.44323317599248924,-0.4170692359756085,-0.7163029018133393,-1.2556806246817889,-1.3866643446204883,-2.2479124142784634,0.08395806040612364,-6.382904636956054,-4.806299323174617
4FGL J0519.6+2744,79.9026,27.7405,bcu,6.41829,2.0176897,1.7410233,0.37569737,1.4700784e-12,26.826561,1.0394851e-11,5.4714875e-11,2.1299118e-14,7.219757e-11,5.991357e-11,1.916213e-11,4.1952006e-12,1.10897247e-13,,-11.83265950054287,-10.983181731055799,-10.261894588537825,-13.671638176492733,-10.14147741945263,-10.2224748017675,-10.717556217586576,-11.377247266841742,-12.955079195821051,0.7212871425179745,-3.4097435879549085,3.530160757040104,-0.0809973823148713,-0.49508141581907594,-0.6596910492551658,-1.5778319289793092,-1.9718974647652523,-2.8136017763684222
4FGL J0520.4+3607,80.1028,36.1198,bcu,5.6913834,2.639972,2.7883582,0.17324299,5.34474e-12,19.389656,8.8451255e-09,9.744918e-09,3.1273968e-09,2.1670021e-10,4.1438613e-11,4.177331e-12,3.7702876e-16,1.0150698e-15,,-11.272073415800117,-8.053296000676797,-8.011221810963292,-8.504817012546027,-9.664140667793518,-10.382594789271128,-11.379101110054313,-15.42361400154792,-14.99349981456125,0.04207418971350485,-0.4935952015827354,-1.1593236552474906,-0.7184541214776097,-0.996506320783185,-4.044512891493607,0.43011418698666937,-6.9402038138844535,-5.329359146767732
4FGL J0520.6+6531,80.166,65.5255,bcu,5.6734014,1.6248394,1.5020525,0.13673972,7.312697e-13,15.842907,8.8584023e-10,4.3134132e-15,1.7676879e-11,3.6938386e-11,8.933295e-12,9.314013e-12,3.221632e-12,1.1628247e-12,,-12.13592241516087,-9.052644600327383,-14.365177930120163,-10.75259441061162,-10.43252208459324,-11.048988323785787,-11.030863159771629,-11.491924068247501,-11.934485748055183,-5.31253332979278,3.6125835195085436,0.32007232601838,-0.6164662391925475,0.0181251640141582,-0.4610609084758721,-0.4425616798076817,-2.8818411477277994,-1.501963663461943
4FGL J0521.4-2957,80.3694,-29.9653,bcu,4.4534206,2.022945,1.8430227,0.20263948,8.180847e-13,3.9875166,5.391801e-09,1.0725832e-09,3.4101003e-11,4.9515052e-11,2.0777184e-11,7.771924e-12,3.6557932e-20,7.815875e-14,,-12.087201724225007,-8.268266145069251,-8.969569009722468,-10.467232846951722,-10.3052627604362,-10.682413313939119,-11.109471454366519,-19.332006318326695,-13.10702233937922,-0.7013028646532167,-1.4976638372292541,0.16197008651552203,-0.3771505535029185,-0.4270581404274001,-8.222534863960176,6.224983978947474,-4.838756194309969,-2.8017595789430203
4FGL J0521.7+2112,80.4445,21.2131,bll,135.02632,1.9517566,1.8689257,0.043679472,1.1687418e-10,900.6554,6.098472e-08,5.0510756e-08,2.1785722e-08,7.538714e-09,2.9311125e-09,7.87183e-10,3.06754e-10,4.990998e-11,,-9.932281423121621,-7.214778965824515,-7.296616131305991,-7.661828042548316,-8.122702732423738,-8.53296751243979,-9.103924293491312,-9.513209765451995,-10.301812604077945,-0.0818371654814758,-0.36521191124232466,-0.4608746898754221,-0.4102647800160515,-0.5709567810515228,-0.40928547196068266,-0.78860283862595,-3.0870336382534296,-2.179109871654207
4FGL J0521.8+5658c,80.4529,56.9669,bcu,4.4649734,2.6043046,2.6649873,0.17121272,2.8990263e-12,10.807724,4.545694e-11,6.4383143e-09,1.5465522e-09,1.1617189e-10,3.59713e-11,6.5790357e-16,2.0332323e-15,1.4545052e-13,,-11.537747843204517,-10.342399802695962,-8.19122782612381,-8.810635416886987,-9.93489894501285,-10.444043866408146,-15.181831155835159,-14.6918108637217,-12.837284691909833,2.151171976572151,-0.619407590763176,-1.124263528125864,-0.5091449213952952,-4.737787289427013,0.4900202921134582,1.8545261718118677,-2.4948848892138713,-2.9023857468969823
4FGL J0524.1-5659,81.0328,-56.9863,bcu,6.31301,2.4208972,2.3013482,0.17272538,1.4987997e-12,9.146763,3.7326444e-09,1.899313e-09,4.3237613e-10,1.0794967e-10,2.002566e-11,2.3074598e-12,8.915201e-18,1.4045291e-16,,-11.824256399609073,-8.427983382286264,-8.72140345918303,-9.364138289952509,-9.966778680917107,-10.698413161437113,-11.636865854526203,-17.049381994576226,-15.852438338455322,-0.29342007689676564,-0.6427348307694789,-0.6026403909645985,-0.7316344805200057,-0.93845269308909,-5.412516140050023,1.1969436561209044,-7.424454956169058,-5.8856596575382145
4FGL J0524.5+2839,81.128,28.6572,bcu,21.57898,2.0394294,1.9189684,0.075224034,8.236119e-12,25.523027,1.7864368e-10,6.411622e-09,1.5420945e-09,5.7093247e-10,2.3212218e-10,5.4884295e-11,1.844176e-11,2.4051037e-16,,-11.084277386554628,-9.74801234349923,-8.19303208958503,-8.811889011774452,-9.243415257141903,-9.634283359347092,-10.26055190994424,-10.734197633924687,-15.618848136737254,1.5549802539142004,-0.6188569221894227,-0.43152624536745066,-0.3908681022051894,-0.6262685505971479,-0.4736457239804466,-4.884650502812567,-5.870835793238024,-6.375432879595351
4FGL J0524.5-2614,81.1471,-26.2389,bcu,6.3998528,2.246053,2.295892,-0.07368487,1.555861e-12,24.21599,1.7263278e-10,2.7949465e-09,4.2738496e-10,9.48742e-11,1.782844e-11,6.148629e-12,1.8171334e-12,3.1713133e-12,,-11.808029202517378,-9.76287673570209,-8.553626500826866,-9.369180765044183,-10.022851873101285,-10.74888665596589,-11.211221710203109,-11.74061318656104,-11.49876084971607,1.209250234875224,-0.815554264217317,-0.653671108057102,-0.7260347828646054,-0.46233505423721866,-0.5293914763579313,0.24185233684496943,-1.735884114013981,-1.475908976614786
4FGL J0524.6-2819,81.1732,-28.3288,bcu,5.9369516,2.6216493,2.5110795,0.14640108,1.870898e-12,43.199013,1.2270368e-09,2.477825e-09,6.295441e-10,1.1501748e-10,1.2168351e-11,4.9672894e-19,1.6756805e-15,1.747761e-13,,-11.727949886952956,-8.911142412169804,-8.605929369555511,-9.200973841854514,-9.939236151863842,-10.914768271053399,-18.295224291834458,-14.775806192480522,-12.757517930993581,0.3052130426142927,-0.5950444722990031,-0.7382623100093273,-0.9755321191895572,-7.380456020781059,3.5194180993539366,2.0182882614869406,-3.846375518823777,-2.818281779129739
4FGL J0526.3+2246,81.5908,22.7778,bcu,7.901838,2.1854632,2.188909,-0.0048999046,3.458569e-12,25.910643,2.2843896e-07,1.6363582e-08,4.6767107e-10,2.2079791e-10,6.1270364e-11,1.3460694e-11,5.0488945e-12,1.7716524e-12,,-11.46110355427381,-6.641229825688517,-7.786121622879829,-9.330059494585011,-9.656005041791662,-10.21274953949725,-10.870932548065735,-11.296803703220833,-11.751621480658038,-1.1448917971913124,-1.5439378717051824,-0.3259455472066506,-0.5567444977055871,-0.6581830085684857,-0.42587115515509844,-0.45481777743720464,-5.110391654969521,-2.095616438866376
4FGL J0527.3-6223,81.8385,-62.3951,bll,6.603601,2.019515,1.9261396,0.0959486,1.1500901e-12,9.344441,2.6203276e-11,7.5253406e-15,1.894397e-10,6.355973e-11,2.9350394e-11,6.7026233e-12,1.766626e-12,7.006031e-17,,-11.939268131174535,-10.581644408522866,-14.123473261834002,-9.72252900268999,-10.196817956263528,-10.53238606425554,-11.173755187436848,-11.752855379742927,-16.154465961127922,-3.541828853311136,4.400944259144012,-0.47428895357353795,-0.3355681079920121,-0.6413691231813079,-0.579100192306079,-4.401610581384995,-5.572821552605056,-5.957648004864394
4FGL J0530.4+3303,82.6095,33.0533,bcu,6.2196283,2.0416932,2.0579553,-0.016648704,2.723475e-12,16.880291,2.482174e-08,5.035022e-09,1.087613e-09,1.1366542e-10,5.442507e-11,1.2049459e-11,8.440188e-12,1.0719025e-19,,-11.564876605361988,-7.605167777796355,-8.297998627501213,-8.963525610022689,-9.94437163894488,-10.264201003629319,-10.919032451366789,-11.073647879109402,-18.931108519267923,-0.6928308497048583,-0.6655269825214756,-0.9808460289221905,-0.31982936468443945,-0.6548314477374699,-0.1546154277426126,-7.857460640158521,-11.325940741471568,-8.986736880323043
4FGL J0532.7+5749,83.1939,57.8238,bcu,6.2115417,2.5469072,2.5767574,0.15204085,3.1807942e-12,15.00322,3.3390044e-11,3.3165757e-09,1.4365856e-09,1.6552641e-10,2.4877206e-11,6.0566834e-12,5.300799e-17,9.489822e-16,,-11.497464427828348,-10.476383008520125,-8.479310085589658,-8.842668491144778,-9.78113270396346,-10.604198397396692,-11.217765126829258,-16.27557674111548,-15.022737357131064,1.9970729229304673,-0.36335840555512,-0.9384642128186815,-0.8230656934332323,-0.6135667294325664,-5.057811614286221,1.2528393839844156,-4.546354348610938,-5.241604653167604
4FGL J0532.9+6936,83.25,69.6066,bcu,5.5688143,2.3026028,2.3063161,-0.028470721,1.2757826e-12,13.052405,5.4172253e-09,1.6085935e-09,5.2803323e-10,3.3258864e-11,2.5227754e-11,3.7883004e-12,1.6374032e-12,1.3858915e-16,,-11.894223321947678,-8.266223101921309,-8.793553690523128,-9.277338745731596,-10.478092588628643,-10.598121412363213,-11.42155558900556,-11.785844362545507,-15.858239433154527,-0.5273305886018189,-0.48378505520846815,-1.200753842897047,-0.12002882373456991,-0.8234341766423476,-0.36428877353994693,-4.072395070609019,-7.592016331233218,-5.380146844525884
4FGL J0533.3+4823,83.3338,48.3834,fsrq,59.144497,2.3736572,2.301231,0.078893535,3.1486844e-11,410.90997,4.30256e-08,4.012621e-08,1.1563666e-08,2.3559368e-09,4.553079e-10,7.367815e-11,2.7034282e-12,1.3377395e-12,,-10.501870867395533,-7.366273064640691,-7.3965718583028535,-7.9369044607965575,-8.62783636404413,-9.34169481421853,-10.132661287405877,-11.56808515869972,-11.873628445898074,-0.030298793662162815,-0.5403326024937041,-0.6909319032475727,-0.7138584501743992,-0.790966473187348,-1.4354238712938425,-0.3055432871983541,-4.507355381257383,-3.245792081853944
4FGL J0534.1-7218,83.5445,-72.3077,bll,4.0922785,2.363601,2.1417658,0.29887742,1.3022527e-12,17.387901,4.439348e-11,6.049644e-09,6.35207e-11,1.3050469e-10,2.0015222e-11,2.2159794e-12,3.3509563000000003e-17,5.863413e-16,,-11.885304730123469,-10.352680809245843,-8.218270181278145,-10.197084724548134,-9.884373880594948,-10.698639588312652,-11.654434279216588,-16.47470165197272,-15.231842107636314,2.134410627967698,-1.9788145432699888,0.3127108439531856,-0.8142657077177038,-0.9557946909039359,-4.820267372756131,1.2428595443364046,-4.879161298390471,-5.347468227041366
4FGL J0535.7-6604c,83.9471,-66.0792,bcu,5.1772623,1.8002493,1.6421299,0.2598077,1.1508907e-12,14.987414,5.5489675e-09,1.0292819e-09,1.6472747e-13,3.893183e-11,4.087684e-11,1.4054682e-11,3.2719934e-12,1.6721944e-17,,-11.938965915551336,-8.255787818816696,-8.987465664254083,-12.78323394535452,-10.409695181574275,-10.388522684773148,-10.852178975945161,-11.485187579696166,-16.776453597625455,-0.7316778454373871,-3.795768281100436,2.3735387637802443,0.021172496801126428,-0.463656291172013,-0.633008603751005,-5.2912660179292885,-8.520665778808759,-6.36675841605118
4FGL J0536.2+1733,84.0719,17.5534,bll,14.119129,2.0756063,1.8977411,0.16849886,4.5825444e-12,20.073923,7.017625e-09,5.4729272e-12,7.3612555e-10,4.1769943e-10,1.4855621e-10,3.3075456e-11,7.0745606e-12,7.134702e-18,,-11.338893317544255,-8.153809842842994,-11.261780327941098,-9.133048108180892,-9.379136117369978,-9.828109188917841,-10.480494159498392,-11.150300528323559,-17.14601588058254,-3.107970485098104,2.128732219760206,-0.24608800918908535,-0.44897307154786326,-0.6523849705805507,-0.6698063688251672,-5.99571535225898,-8.992206037739544,-7.766879763212561
4FGL J0538.6+0443,84.663,4.7262,bcu,4.602253,1.8847136,1.525182,0.31986278,1.4450764e-12,14.057216,4.4691435e-11,7.124448e-10,2.8867642e-10,7.3230495e-13,3.730861e-11,1.5204176e-11,3.7156576e-12,1.9630855e-18,,-11.84010918850327,-10.349775700230694,-9.147248779010324,-9.539588689197815,-12.135308024318242,-10.42819093097075,-10.818037111462429,-11.429964312153787,-17.704854094994303,1.20252692122037,-0.39233991018749137,-2.5957193351204264,1.7071170933474917,-0.38984618049167885,-0.6119272006913583,-6.274889782840516,-7.355078394763609,-5.569546070676061
4FGL J0539.0+1644,84.75,16.7432,bcu,8.605903,1.9343492,1.7047272,0.24953231,2.2796422e-12,30.653633,8.761351e-11,2.1723072e-13,2.7717192e-10,7.259428e-11,9.6327786e-11,2.824708e-11,2.9449804e-12,2.032543e-16,,-11.642133310199538,-10.057428920425533,-12.663078738358447,-9.557250769739952,-10.139097597729098,-10.01624842138818,-10.549026439918437,-11.530917589792736,-15.691938891280612,-2.605649817932914,3.1058279686184953,-0.5818468279891462,0.12284917634091741,-0.5327780185302569,-0.9818911498742988,-4.161021301487876,-5.634509970855079,-5.552841293551515
4FGL J0539.6+1432,84.9052,14.5443,FSRQ,16.56795,2.5947332,2.4696336,0.12890121,1.0387471e-11,215.4907,2.527946e-08,1.2323882e-08,4.1851957e-09,6.844392e-10,1.05896236e-10,4.0048915e-12,2.1460704e-12,2.6724903000000003e-16,,-10.983490175262187,-7.59723220734854,-7.909252468663265,-8.378284229559057,-9.164665124992268,-9.97511947623943,-11.397409244185615,-11.668356033454485,-15.573067612170002,-0.31202026131472493,-0.4690317608957919,-0.7863808954332114,-0.8104543512471611,-1.422289767946186,-0.2709467892688693,-3.904711578715517,-7.975835404821462,-6.408402487177733
4FGL J0539.7-1030,84.9266,-10.5109,bcu,5.0754404,2.4192917,2.411645,-0.045432046,2.5323708e-12,11.239535,1.0517516e-09,9.422532e-09,9.395767e-10,3.7986322e-11,4.003381e-11,6.828098e-12,4.8665785e-12,1.5959713e-15,,-11.596472701124737,-8.978086818626407,-8.025832378961493,-9.027067761565092,-10.420372754565548,-10.397573076205678,-11.165700253682571,-11.312776265983302,-14.796972201553203,0.9522544396649142,-1.0012353826035998,-1.3933049930004557,0.022799678359870512,-0.7681271774768934,-0.1470760123007313,-3.4841959355699004,-5.818885382926796,-4.376599446987655
4FGL J0539.7-0521c,84.9408,-5.3555,bcu,4.704865,2.6408474,2.8991916,0.39553538,5.062954e-12,12.838577,1.835179e-08,6.3945893e-09,3.2957355e-09,3.7332398e-10,7.0804855e-12,5.95465e-16,2.6911624e-12,1.9316237e-15,,-11.295596017565547,-7.736321569056946,-8.194187343361573,-8.482047649977195,-9.427914112801973,-11.149936961648566,-15.225136466909934,-11.570060092039876,-14.71407522634253,-0.4578657743046275,-0.287860306615622,-0.9458664628247782,-1.722022848846592,-4.075199505261368,3.655076374870058,-3.144015134302654,-6.977753657285584,-5.286161113540556
4FGL J0540.0+1209,85.0078,12.151,bcu,8.511999,2.3876286,2.3768094,0.01859011,4.2861873e-12,11.772455,3.0098247e-11,6.3314305e-09,1.4584494e-09,2.2437696e-10,5.3696207e-11,1.5672645e-11,1.2904131e-12,2.1732079e-15,,-11.367928853844377,-10.521458797962758,-8.198498156005865,-8.83610863385637,-9.649021740349207,-10.270056390889003,-10.80485770319253,-11.889271233365735,-14.662896726498978,2.322960641956893,-0.6376104778505045,-0.8129131064928377,-0.6210346505397961,-0.5348013123035269,-1.0844135301732045,-2.7736254931332436,-4.14143792853622,-5.013874986149771
4FGL J0542.4+3547c,85.6081,35.7849,bcu,6.141145,2.5376656,2.6957283,0.22150563,6.4239287e-12,12.964424,2.9085927e-13,1.03321565e-08,3.3471477e-09,4.5418927e-10,6.562866e-11,7.909081e-12,2.4655144e-16,7.0785977e-13,,-11.192199287316145,-12.536317075278033,-7.985809024239331,-8.475325123051835,-9.342763129980863,-10.182906462971538,-11.101873976106914,-15.608074842195466,-12.150052763218957,4.550508051038702,-0.489516098812504,-0.867438006929028,-0.8401433329906745,-0.9189675131353763,-4.506200866088552,3.4580220789765086,0.3862643120590761,-2.807289633238094
4FGL J0542.8-3458,85.704,-34.9826,bcu,5.8217936,1.9649005,1.8993917,0.069248185,1.0719406e-12,10.257832,4.68199e-10,9.519733e-10,1.5840458e-10,5.83622e-11,2.4303719e-11,6.6127125e-12,5.489653e-12,9.843096e-16,,-11.969829275710207,-9.329569518214369,-9.0213752320997,-9.800232265648582,-10.233868345390741,-10.61432726459353,-11.179620357990805,-11.260455105568992,-15.006863867035815,0.30819428611466826,-0.7788570335488814,-0.43363607974215945,-0.3804589192027894,-0.5652930933972744,-0.0808347475781872,-3.7464087614668227,-5.677294348821446,-4.772995521645074
4FGL J0543.2+8238,85.8059,82.6344,bcu,14.68312,2.4795485,2.3991077,0.1057866,3.7052436e-12,192.52538,1.4362082e-08,3.7092138e-09,1.3401553e-09,2.4279634e-10,3.3352546e-11,5.2494922e-12,5.4953524e-13,8.9744034e-17,,-11.4311832330286,-7.842782598006412,-8.430718133107488,-8.872844871762549,-9.614757864241925,-10.476871008047596,-11.279882704415131,-12.260004444478923,-16.046946022921578,-0.5879355351010762,-0.4421267386550607,-0.7419129924793761,-0.8621131438056704,-0.8030116963675358,-0.980121740063792,-3.7869415784426543,-8.204163424915166,-6.4321881586796525
4FGL J0545.0+0613c,86.2679,6.2271,bcu,7.6192822,2.6352265,2.6122522,0.4215675,5.333705e-12,19.486382,9.863579e-12,3.574825e-09,2.9165916e-09,3.7604536e-10,4.2319297e-14,4.2383983e-12,8.429883e-13,4.590782e-16,,-11.272971007407278,-11.00596547225333,-8.446745213552475,-8.535124379338823,-9.424759765673738,-13.373461452705861,-11.37279823221545,-12.074178447839902,-15.338103869814564,2.5592202587008543,-0.08837916578634797,-0.8896353863349145,-3.9487016870321234,2.000663220490411,-0.701380215624452,-3.263925421974662,-4.332138397561234,-5.913344104140826
4FGL J0548.5-5218,87.1442,-52.3153,bcu,11.148114,2.0357726,1.7443552,0.32975194,1.4312712e-12,38.630116,4.083999e-09,6.222051e-14,1.6039649e-10,1.4496516e-10,6.9040294e-11,6.80642e-12,1.4507076e-12,2.5992866e-16,,-11.84427806446087,-8.388914372924548,-13.206066363651827,-9.79480513970502,-9.838736360754558,-10.160897367833856,-11.167081255005531,-11.838420110759678,-15.585129124207894,-4.817151990727279,3.4112612239468074,-0.043931221049538394,-0.3221610070792984,-1.0061838871716748,-0.6713388557541471,-3.746709013448216,-7.196214751283346,-5.746392763453336
4FGL J0549.0+3258c,87.2698,32.9686,bcu,9.531918,2.0407085,1.9714773,0.08683777,3.8074648e-12,14.060861,1.5696626e-08,2.9336673e-09,5.113317e-10,2.445849e-10,7.79707e-11,2.4935146e-11,6.5966304e-12,9.546966000000001e-23,,-11.41936410188383,-7.804193689441145,-8.532589139968739,-9.291297282351374,-9.611570358602927,-10.108068566726926,-10.603188084387602,-11.180677847493591,-19.9958734720644,-0.7283954505275938,-0.7587081423826358,-0.3202730762515529,-0.4964982081239988,-0.49511951766067597,-0.577489763105989,-8.815195624570809,-12.191679782623254,-10.384303113461472
4FGL J0550.9+2552c,87.7457,25.871,bcu,5.862156,2.6018722,2.458488,0.26408318,4.8012115e-12,8.894594,1.863287e-09,3.558403e-09,1.9973088e-09,4.2743512e-10,7.7033074e-11,1.8126293e-15,8.549455e-17,1.7320528e-12,,-11.318649161432935,-8.729720246058731,-8.448744868289934,-8.699554784517096,-9.36912979709959,-10.113322771242487,-14.741688608262246,-16.06801077430907,-11.761438870550807,0.28097537776879733,-0.250809916227162,-0.6695750125824951,-0.7441929741428961,-4.628365837019759,-1.3263221660468236,4.306571903758263,-3.0317186244920755,-2.392309073451216
4FGL J0551.0-1622,87.7503,-16.3808,bcu,5.5506325,2.3512573,2.2533236,0.5521902,9.918445e-13,57.998928,7.5834944e-13,2.6783008e-13,2.2108701e-10,1.6930173e-10,2.9580692e-11,8.785345e-13,4.36564e-14,8.12365e-16,,-12.003556406214654,-12.120130623873754,-12.572140632750225,-9.655436773688615,-9.77133860402953,-10.528991670345583,-12.056241174170733,-13.359951980520918,-15.090243450024872,-0.4520100088764707,2.9167038590616094,-0.11590183034091517,-0.7576530663160526,-1.52724950382515,-1.3037108063501854,-1.7302914695039533,-2.9701128261511176,-5.318904845995341
4FGL J0552.4+3755,88.1033,37.92,bcu,9.406657,2.5778177,2.5202677,0.15795313,5.5287806e-12,11.564671,9.985199e-09,7.266524e-09,2.5705185e-09,3.2592706e-10,7.111109e-11,5.7859225e-12,8.4510583e-13,1.9547453e-21,,-11.257370643151656,-8.000643275435738,-8.138673287713678,-8.58997926617028,-9.486879580850733,-10.148062664325558,-11.237627387090518,-12.073088897145574,-19.92245967224439,-0.1380300122779392,-0.4513059784566025,-0.8969003146804528,-0.6611830834748247,-1.08956472276496,-0.8354615100550564,-7.849370775098816,-11.921816396808651,-10.435580091393657
4FGL J0554.3-1009c,88.5897,-10.1525,bcu,6.405726,2.6186466,2.5972447,0.29918927,4.485908e-12,8.359143,3.548051e-11,1.0086023e-08,2.3362168e-09,3.800666e-10,1.4752012e-11,2.2554515e-12,1.7796239e-16,6.4812657e-15,,-11.34814963649514,-10.45001014608561,-7.9962800458173735,-8.631486857330568,-9.420140294218779,-10.83114874271977,-11.646766505372211,-15.749647367358003,-14.188339504169132,2.4537301002682366,-0.6352068115131946,-0.788653436888211,-1.4110084485009917,-0.8156177626524403,-4.102880861985792,1.5613078631888708,-3.738329358083522,-4.768199209950353
4FGL J0554.4-2757,88.6104,-27.9564,bll,6.060359,1.5423665,1.3480009,0.20923525,9.061476e-13,18.636013,5.688368e-09,2.1628412e-15,4.465144e-14,2.6788222e-12,2.0498271e-11,1.0254221e-11,7.596773e-12,1.6789085e-12,,-12.042801050682138,-8.245012315371836,-14.664973358157685,-13.350164433376245,-11.572056109004016,-10.688282769309293,-10.989097326412972,-11.119370850030784,-11.774972969546731,-6.4199610427858484,1.31480892478144,1.7781083243722282,0.8837733396947236,-0.30081455710367955,-0.1302735236178112,-0.6556021195159474,-3.5299606541748947,-0.20291686054271452
4FGL J0555.6+3947,88.9015,39.7878,fsrq,22.582521,2.7542827,2.648592,0.22147267,1.5010328e-11,229.66248,7.7199374e-08,2.7087456e-08,6.7393113e-09,6.937714e-10,5.88675e-11,1.1463573e-12,2.9240596e-17,4.7207825e-16,,-10.823609817325249,-7.112386221289181,-7.567231781125503,-8.171384482379738,-9.158783607454255,-10.230124407451225,-11.94067999530492,-16.533865280457896,-15.325976808769479,-0.4548455598363228,-0.6041527012542343,-0.9873991250745178,-1.0713407999969693,-1.7105555878536958,-4.593185285152975,1.2078884716884168,-8.213590587480297,-6.167193201315223
4FGL J0557.2+7705,89.3129,77.0854,bcu,6.846141,2.1546376,2.0750725,0.111665525,1.4606015e-12,17.42794,3.8918545e-11,1.6177774e-10,3.7382586e-10,9.562544e-11,2.4336639e-11,9.207514e-12,8.8037325e-13,6.6775165000000015e-16,,-11.835468254711733,-10.409843404424752,-9.791081235850394,-9.427330658893036,-10.019426553475185,-10.613739399819947,-11.035857611657296,-12.05533315695332,-15.175378526389212,0.6187621685743583,0.3637505769573579,-0.5920958945821493,-0.5943128463447618,-0.42211821183734877,-1.0194755452960251,-3.120045369435891,-4.76553512196446,-5.155951972914027
4FGL J0557.4-0302,89.3743,-3.0455,bcu,4.509168,2.5060515,2.5594862,0.11172847,3.492158e-12,6.150016,8.737139e-12,3.8223034e-09,1.6797503e-09,1.1368047e-10,3.4305947e-11,6.431339e-12,1.4178979e-13,3.607154500000001e-21,,-11.456906113958858,-11.058630754502767,-8.417674843256801,-8.77475527267152,-9.94431413949361,-10.464630587544667,-11.191698597198164,-12.848355010077114,-19.866232684065707,2.6409559112459657,-0.35708042941471874,-1.16955886682209,-0.5203164480510569,-0.7270680096534967,-1.6566564128789505,-7.017877673988593,-8.80760192956294,-9.921918544572097
4FGL J0559.6+3044,89.9039,30.7471,bcu,8.558101,1.6433537,1.5867844,0.23543735,2.1084987e-12,14.02037,4.981737e-09,5.8528577e-12,3.194926e-15,1.3440993e-12,6.0860164e-11,2.1294454e-11,8.033036e-12,1.6373422e-12,,-11.676026660354621,-8.302619203828684,-11.232632033977907,-14.495537837075293,-11.871568641853907,-10.215666881610748,-10.671733490762058,-11.095120286203626,-11.785860542101473,-2.9300128301492236,-3.262905803097386,2.6239691952213864,1.6559017602431592,-0.4560666091513106,-0.42338679544156754,-0.6907402558978468,-3.483241338272789,0.08570809975243421
4FGL J0559.7-1817,89.9458,-18.2984,bcu,5.250633,2.5674126,2.5796666,-0.036478467,2.1036551e-12,7.498399,1.7620113e-08,5.0780313e-09,8.2308504e-10,7.5206286e-11,2.1779814e-11,8.323533e-12,1.8622606e-16,8.751254e-18,,-11.677025460384064,-7.7539913107296785,-8.294304626546241,-9.084555291763289,-10.123745858007263,-10.661945833247625,-11.079692293773881,-15.729936224843557,-17.057433728728757,-0.5403133158165625,-0.790250665217048,-1.039190566243974,-0.5381999752403619,-0.4177464605262564,-4.650243931069676,-1.3274975038851995,-9.30344241799908,-6.933687870721494
4FGL J0600.3+1244,90.0816,12.7444,bll,13.408011,1.5504045,1.4077872,0.16120638,4.26034e-12,16.013317,3.0048156e-12,1.0804206e-15,5.712821e-18,7.284281e-11,7.726004e-11,6.027373e-11,9.859106e-12,1.360219e-11,,-11.37055573926014,-11.52218217325076,-14.966403124204179,-17.24238983786376,-10.13761330905644,-10.11204507128675,-10.219871931601022,-11.006162463611137,-10.866391162755672,-3.4442209509534187,-2.2759867136595826,7.104776528807321,0.02556823776969175,-0.10782686031427247,-0.7862905320101152,0.13977130085546463,0.6557910104950881,-0.7287778536992313
4FGL J0601.0+3838,90.2687,38.6345,bll,22.023596,2.006946,1.9904296,0.02103905,8.637991e-12,11.2917185,1.0808388e-12,6.800093e-09,2.060406e-09,4.7397414e-10,2.0119932e-10,4.1391238e-11,2.1304394e-11,6.385148e-12,,-11.063587252280813,-11.96623906936516,-8.167485147718033,-8.686047194101379,-9.324245352750664,-9.696373491391476,-10.38309158367726,-10.671530814519432,-11.194829031183456,3.798753921647128,-0.5185620463833462,-0.6381981586492849,-0.3721281386408126,-0.6867180922857834,-0.2884392308421724,-0.5232982166640241,0.7714100381817044,-1.8705836784327925
4FGL J0601.4+2320,90.3703,23.3478,fsrq,9.513901,2.7780752,3.119243,0.56931704,9.4843855e-12,13.351126,1.1510372e-08,1.1550373e-08,5.5239173e-09,4.3224285e-10,2.8412994e-11,5.4732165e-12,3.2908714e-15,5.4033613e-16,,-11.02299080165051,-7.938910640319738,-7.937403990730241,-8.257752831979388,-9.364272181921907,-10.546483000225992,-11.261757371656792,-14.482687768952566,-15.267327954635036,0.0015066495894968668,-0.32034884124914775,-1.106519349942518,-1.1822108183040854,-0.7152743714307999,-3.220930397295774,-0.7846401856824698,-7.328417314315298,-5.903055772713129
4FGL J0603.0-2936,90.7622,-29.6108,bcu,4.6984367,2.496543,2.4290967,0.16152793,1.4277502e-12,5.5285563,3.6423645e-11,1.250367e-09,6.18332e-10,7.888815e-11,1.91635e-11,5.450477e-13,6.678495499999999e-19,2.6026495e-17,,-11.845347767285176,-10.438616595374736,-8.902962496843221,-9.208778277246642,-10.102988228372,-10.71752516873284,-12.263565480690607,-18.168866687925547,-16.584417480342438,1.5356540985315146,-0.30581578040342094,-0.8942099511253581,-0.6145369403608392,-1.5460403119577677,-5.90530120723494,1.5844492075831091,-6.145800884967702,-6.481429251970438
4FGL J0603.9+2159,90.9815,21.9848,bcu,11.826188,2.5215383,2.519913,-0.018150646,1.1051251e-11,20.661388,1.02033255e-07,1.4193698e-08,4.9147952e-09,3.2197345e-10,1.6320768e-10,9.20469e-12,7.385081e-12,1.6082048e-15,,-10.956588556731154,-6.991258258540261,-7.847904439513254,-8.30849457454775,-9.492179938830699,-9.787259408649028,-11.035990832821385,-11.13164473637058,-14.793655945497662,-0.8566461809729926,-0.4605901350344954,-1.1836853642829492,-0.29507946981832944,-1.248731424172357,-0.09565390354919501,-3.6620112091270816,-7.8023976869574,-5.301476006666963
4FGL J0608.8+5553,92.2005,55.899,bcu,5.022601,2.4909613,2.4192648,0.15710376,1.8597522e-12,16.662624,1.2227569e-10,3.7626274e-10,7.326836e-10,1.04793584e-10,2.3274688e-11,2.2443397e-12,2.5915603000000003e-16,3.2430777000000004e-16,,-11.730544916533958,-9.912659877746592,-9.424508786222363,-9.135083529362962,-9.979665306229686,-10.633116131890919,-11.648911406323062,-15.586421923906292,-15.489029254837623,0.4881510915242284,0.2894252568594009,-0.8445817768667236,-0.653450825661233,-1.0157952744321435,-3.9375105175832292,0.09739266906866817,-5.576369377091032,-5.5093639486079375
4FGL J0609.5+1402,92.3996,14.0395,bcu,7.935744,2.6105363,2.8376527,0.29125538,8.1198225e-12,7.9297194,4.1349027e-10,6.9888255e-09,4.356451e-09,4.8690296e-10,3.7353353e-11,8.829301e-12,5.872660500000001e-16,9.039254e-16,,-11.090453463833954,-9.383534705532677,-8.155595803041535,-8.360867166410108,-9.31255758525673,-10.427670407814272,-11.054073676888555,-15.231157709977628,-15.043862605394107,1.2279389024911413,-0.20527136336857232,-0.9516904188466224,-1.115112822557542,-0.6264032690742827,-4.1770840330890735,0.18729510458352117,-5.66032789986143,-5.731305020137377
4FGL J0610.7+1656,92.6761,16.946,bcu,5.942814,2.7178035,2.8389106,0.4233044,7.500068e-12,6.9360256,2.6198715e-10,6.154354e-09,4.5441855e-09,5.1342697e-10,4.035644e-11,4.499632e-15,5.6113646e-16,1.710643e-15,,-11.124934798443794,-9.581720009507004,-8.210817526640842,-8.342543948426792,-9.289521321837388,-10.394087151459,-14.346822038137855,-15.25092377249006,-14.766838076647497,1.3709024828661622,-0.13172642178595062,-0.9469773734105953,-1.1045658296216132,-3.9527348866788543,-0.9041017343522046,0.48408569584256256,-5.185118067140493,-5.47731675481011
4FGL J0611.6+2803,92.9237,28.0561,bll,10.706359,2.401088,2.3783548,0.04177886,6.9911065e-12,30.5629,1.2331167e-08,9.3644195e-09,2.0859863e-09,4.5241264e-10,9.055415e-11,1.5352872e-11,1.8860289e-12,9.034858e-23,,-11.155454081313575,-7.908995820591485,-8.028519139351886,-8.68068854818638,-9.344465269772428,-10.043091641593515,-10.81381037058264,-11.724451654463355,-19.99609383041764,-0.11952331876040034,-0.652169408834494,-0.6637767215860482,-0.6986263718210868,-0.7707187289891255,-0.9106412838807145,-8.271642175954284,-12.087098009826153,-10.65162856064521
4FGL J0613.6+7108,93.4141,71.1355,bll,8.484193,2.0941036,2.0974545,-0.0038373566,1.8670404e-12,33.579628,1.8995128e-09,2.9130125e-09,4.7269566e-10,1.09603535e-10,3.3591012e-11,1.1068296e-11,4.2003814e-12,2.0401204e-15,,-11.728846282131217,-8.72135777557334,-8.535657651769958,-9.325418385093661,-9.960175438455861,-10.47377691179579,-10.9559192346241,-11.376711272283632,-14.69034207267679,0.1857001238033824,-0.7897607333237033,-0.6347570533622005,-0.5136014733399286,-0.4821423228283095,-0.4207920376595329,-3.313630800393158,-5.96898429710345,-4.730166634220929
4FGL J0613.6+1709,93.4217,17.1516,bcu,4.6845293,2.56436,2.4590628,0.3941763,3.3138535e-12,50.759796,1.1354754e-08,3.2048305e-11,5.384025e-10,4.6228643e-10,8.117561e-11,2.7691228000000003e-16,2.1783363000000002e-17,1.0240617e-15,,-11.479666693624829,-7.944822270303383,-10.494194934765128,-9.26889293218299,-9.335088854687102,-10.090574439098862,-15.557642101344356,-16.661675747282555,-14.989669635328706,-2.549372664461745,1.2253020025821382,-0.06619592250411266,-0.7554855844117601,-5.467067662245494,-1.1040336459381983,1.6720061119538485,-7.044847365025324,-5.654580780641604
4FGL J0614.9+2426,93.7394,24.4475,bcu,7.4879537,2.3285444,2.277488,0.22219229,3.146099e-12,10.389354,7.452463e-12,1.4023959e-14,8.55979e-10,3.1226574e-10,9.234487e-11,1.0126035e-11,8.059993e-18,7.287012e-16,,-11.50222761393777,-11.127700170893151,-13.853129056921665,-9.067536889869167,-9.505475661433561,-10.034587225705403,-10.994560575406267,-17.09312684198954,-15.13744455549124,-2.7254288860285136,4.7855921670524975,-0.43793877156439365,-0.529111564271842,-0.9599733497008636,-6.0985662665832745,1.955682286498302,-4.009744384598088,-5.631968894057678
4FGL J0616.1-1732,94.0356,-17.5474,bll,5.6307,1.7818943,1.3947723,0.41745546,1.0015238e-12,12.050216,5.9556995e-09,1.2146596e-12,3.80819e-11,1.788343e-11,2.9645696e-11,1.5381458e-11,2.4993078e-12,9.467557e-16,,-11.99933872142912,-8.225067223072278,-11.915545409481513,-10.419281391609166,-10.74754918064345,-10.52803834900416,-10.81300249576438,-11.602180253696584,-15.02375748434093,-3.6904781864092353,1.4962640178723472,-0.32826778903428355,0.21951083163929042,-0.2849641467602204,-0.7891777579322046,-3.4215772306443455,-6.798690261268652,-4.27620830369748
4FGL J0617.9-0319,94.4951,-3.3303,bcu,4.4183292,2.6479013,2.546303,0.13468702,3.203064e-12,33.449406,1.7957602e-08,3.9293715e-09,7.565184e-10,2.3739966e-10,2.336866e-11,3.879929e-15,1.5981482e-18,7.746016e-19,,-11.494434382312757,-7.745751658074912,-8.405676909142581,-9.121180504619472,-9.624519907352306,-10.631366189916177,-14.411175102285084,-17.79367393103754,-18.1053508105699,-0.6599252510676692,-0.7155035954768909,-0.5033394027328342,-1.0068462825638704,-3.7798089123689067,-3.382498828752455,-0.3116768795323601,-10.359599152494987,-8.480830903217592
4FGL J0618.9-1138,94.7482,-11.636,bcu,6.000437,2.4846816,2.443751,0.1644019,4.2655298e-12,29.637934,1.0054088e-09,6.999057e-10,1.2770212e-09,3.30352e-10,3.2679606e-11,6.413616e-12,8.013614000000001e-17,4.0440453000000005e-16,,-11.370027018595119,-8.997657317855648,-9.154960469591586,-8.89380189289247,-9.481023059551358,-10.485723188024394,-11.192897045300967,-16.0961173893057,-15.393173249259421,-0.15730315173593823,0.2611585766991169,-0.5872211666588889,-1.0047001284730364,-0.7071738572765724,-4.903220344004733,0.702944140046279,-6.395515931403773,-5.912150189708063
4FGL J0620.0+5733,95.018,57.5595,bcu,4.7465515,1.9905553,1.7707063,0.18085329,8.5847925e-13,10.714285,7.644678e-11,3.4888278e-10,9.718429e-11,2.7841738e-11,2.3048587e-11,7.279914e-12,2.0839886e-12,8.741337000000001e-17,,-12.066270192496491,-10.116640802643285,-9.45732046572298,-10.012403933771184,-10.555303657545933,-10.637355693813143,-11.137873750522548,-11.681104658994235,-16.05837245632046,0.659320336920306,-0.5550834680482044,-0.5428997237747488,-0.08205203626721058,-0.5005180567094047,-0.5432309084716866,-4.377267797326224,-5.941731653677174,-5.503068798774526
4FGL J0620.7+2643,95.1766,26.7291,bll,11.720515,1.5881367,1.5711347,0.053768765,2.9152577e-12,10.787833,1.3539984e-10,8.3788683e-13,7.4160587e-17,9.176248e-11,5.6793095e-11,2.3070929e-11,1.8660089e-11,8.347095e-12,,-11.535323047394227,-9.868381848817899,-12.07681463063228,-16.12976828388625,-10.037334857529375,-10.245704463256349,-10.636934917148032,-10.729086288967888,-11.078464643155773,-2.2084327818143805,-4.0529536532539705,6.092433426356875,-0.20836960572697372,-0.39123045389168354,-0.09215137181985611,-0.3493783541878841,-1.2100827943378736,-1.0411297856263975
4FGL J0621.2-4648,95.3015,-46.8071,bcu,5.7528734,2.6969438,2.6515644,0.072259866,2.0747906e-12,11.855616,8.5193935e-12,3.4371364e-09,8.055658e-10,1.0414011e-10,1.3750185e-11,5.4944306000000005e-16,6.119031700000002e-16,2.265455e-16,,-11.683025726185688,-11.06959132127034,-8.463803232891504,-9.093898979870302,-9.982381967886457,-10.861691458322333,-15.260069403611261,-15.213310199529655,-15.644825390158129,2.6057880883788354,-0.6300957469787978,-0.8884829880161558,-0.879309490435876,-4.398377945288928,0.0467592040816065,-0.431515190628474,-4.57523406888779,-5.6624434222716715
4FGL J0621.8+1746,95.4517,17.7789,bll,8.464605,1.936458,1.965878,-0.029056873,3.6787214e-12,29.252375,6.7177757e-09,7.90024e-09,7.9142726e-10,1.9750174e-10,5.797201e-11,3.0490787e-11,9.932817e-12,4.9071858e-12,,-11.434303100095184,-8.172774500922188,-8.102359715153003,-9.101588994924139,-9.704429073843027,-10.236781641476423,-10.51583136573993,-11.002927565361782,-11.309167497199462,0.07041478576918436,-0.9992292797711357,-0.6028400789188879,-0.5323525676333958,-0.2790497242635066,-0.4870961996218526,-0.3062399318376805,-3.1363929962772747,-1.6047384233564355
4FGL J0622.9+3326,95.7296,33.4335,BCU,53.31614,2.2398374,2.1586695,0.06665077,2.77075e-11,2808.651,4.7485134e-08,2.3818405e-08,9.336908e-09,2.0457478e-09,5.9581967e-10,7.4022684e-11,1.870306e-11,1.4577438e-12,,-10.557402657936354,-7.32344233210716,-7.623087324418611,-8.02979692043539,-8.689147907190375,-9.22488516336369,-10.130635171745645,-10.728087332675416,-11.836318794042436,-0.2996449923114515,-0.40670959601677836,-0.6593509867549852,-0.5357372561733147,-0.9057500083819559,-0.5974521609297714,-1.1082314613670192,-4.512876461935276,-3.147170886852061
4FGL J0623.2+3044,95.8231,30.7395,bll,14.727509,1.982233,1.7359515,0.16635993,3.9461247e-12,25.453712,9.743732e-09,2.8597391e-09,5.6892563e-10,2.2167758e-10,1.3689573e-10,4.269942e-11,4.89184e-12,1.69631e-12,,-11.403829193790113,-8.011274669756094,-8.543673586659231,-9.24494450089353,-9.654278228267145,-9.863610097972773,-10.369578023995286,-11.310527755215142,-11.77049477511652,-0.5323989169031371,-0.7012709142342981,-0.40933372737361573,-0.20933186970562723,-0.5059679260225138,-0.940949731219856,-0.4599670199013772,-3.7592201053604253,-2.1162165468493743
4FGL J0623.6-3351,95.9063,-33.8541,bcu,32.75206,2.339804,2.2078662,0.13139077,1.139603e-11,641.7705,1.5377903e-09,1.0142946e-08,4.60817e-09,9.248782e-10,1.9723241e-10,1.7440637e-11,4.0404837e-12,1.19369665e-17,,-10.943246415771606,-8.81310288284258,-7.993835886647084,-8.336471507730588,-9.033915457040953,-9.705021718543042,-10.758437656738566,-11.393566639837704,-16.922742354092733,0.8192669961954957,-0.3426356210835033,-0.6974439493103652,-0.6711062615020893,-1.0534159381955241,-0.635128983099138,-5.529175714255029,-8.109639471250153,-7.88882689705178
4FGL J0624.1-6330,96.0406,-63.5097,bcu,5.766102,2.1054149,2.1210647,-0.012901962,1.3240567e-12,19.295176,7.0502827e-13,8.798865e-10,2.8453348e-10,8.52334e-11,2.8229016e-11,4.1045015e-12,6.9118296e-12,2.5607672e-16,,-11.878093413451735,-12.151793462297082,-9.055573345575317,-9.545866624424908,-10.069390186951868,-10.549304259964138,-11.38673958022594,-11.160406976598155,-15.591612942344765,3.0962201167217653,-0.49029327884959173,-0.5235235625269592,-0.47991407301227085,-0.8374353202618021,0.2263326036277853,-4.43120596574661,-3.4398194800476833,-5.522222755392898
4FGL J0624.2-2943,96.0616,-29.7178,bcu,6.064482,1.9742693,1.9783019,-0.009187442,1.3554735e-12,9.416288,9.054788e-09,1.89178e-09,1.2190109e-10,9.893544e-11,2.79137e-11,3.5392917e-12,4.2378453e-12,1.8007299e-12,,-11.867908965411596,-8.043121713379037,-8.723129370226529,-9.913992411008264,-10.004648110387162,-10.55418259319883,-11.451083641142557,-11.372854899970555,-11.744551421768438,-0.6800076568474918,-1.1908630407817355,-0.09065569937889784,-0.5495344828116675,-0.8969010479437269,0.07822874117200129,-0.37169652179788315,-3.7014297083894014,-1.7399033113812763
4FGL J0626.8-2603,96.7166,-26.0581,bcu,4.2187486,2.546008,2.5381153,-0.054933026,1.7978379e-12,9.089716,1.6102785e-08,1.4102849e-09,6.243165e-10,9.868551e-11,1.0955716e-11,8.390473e-12,2.1794376e-12,1.4073876e-15,,-11.74524946608767,-7.793099005611806,-8.850693144079635,-9.204595186983495,-10.005746610092999,-10.960359233892376,-11.07621355528067,-11.661655558864949,-14.851583193899533,-1.0575941384678291,-0.35390204290385974,-0.8011514231095038,-0.9546126237993775,-0.11585432138829432,-0.5854420035842782,-3.189927635034584,-7.058484188287727,-4.845836583806534
4FGL J0627.0+2623,96.752,26.3959,bcu,5.167546,1.5975456,1.5558299,0.1675908,9.457326e-13,11.395206,1.1606258e-08,1.8150703e-11,2.789519e-18,2.0944258e-11,2.137224e-11,1.0743799e-11,3.5156114e-12,1.3988546e-12,,-12.024231635708468,-7.935307779563726,-10.741106549280708,-17.552916580654387,-10.678935020734635,-10.670149957339902,-10.968842124842729,-11.45399913468452,-11.854227421573896,-2.805798769716982,-6.811810031373678,6.873981559919752,0.008785063394732617,-0.2986921675028267,-0.48515700984179055,-0.4002282868893765,-3.9189196420101693,-1.1752924008392611
4FGL J0628.6-6711,97.152,-67.1871,bcu,4.3479977,2.5752702,2.4660773,0.118562214,1.4830302e-12,31.43851,6.6782784e-09,2.1504056e-09,4.1738887e-10,1.03894e-10,1.3416771e-11,7.43148e-15,1.2919893e-15,7.019880000000001e-18,,-11.828850002105355,-8.17533548029993,-8.667479617650509,-9.379459135907094,-9.98340953269104,-10.87235199245868,-14.128924102268678,-14.888737721639867,-17.15305208832052,-0.4921441373505786,-0.7119795182565856,-0.6039503967839455,-0.888942459767641,-3.256572109809998,-0.7598136193711884,-2.2643143666806544,-8.977716608020591,-7.169642555629482
4FGL J0629.6+2435,97.4084,24.5877,bcu,9.657403,2.0334332,1.9164708,0.22684966,2.456943e-12,28.222475,8.667015e-12,1.9610754e-14,1.7954446e-10,2.0577708e-10,9.373104e-11,2.4163591e-11,2.2423276e-12,2.4011934e-15,,-11.609604917076927,-11.062130451301085,-13.707505486672812,-9.745827990839805,-9.686602999736435,-10.02811656415267,-10.616838523695897,-11.649300935531846,-14.619571050373555,-2.6453750353717265,3.9616774958330065,0.05922499110337043,-0.3415135644162355,-0.5887219595432267,-1.0324624118359491,-2.9702701148417088,-3.5574405990724696,-4.93296805063712
4FGL J0630.1-2010,97.5433,-20.1794,bcu,5.082344,2.0180573,2.0123227,-0.0030626429,1.8006486e-12,13.150255,5.1717113e-11,2.5763913e-09,1.0224795e-09,5.7749888e-11,5.9203024e-11,1.9670717e-12,5.537176e-12,1.7232965e-12,,-11.744571029894153,-10.286365726614942,-8.588988176044626,-8.99034539053019,-10.238448853629519,-10.227656109538659,-11.706179807498241,-11.256711671366729,-11.763639991514307,1.697377550570316,-0.4013572144855644,-1.2481034630993282,0.010792744090860396,-1.4785236979595826,0.4494681361315127,-0.506928320147578,-1.4772742648993642,-1.5251911378847876
4FGL J0630.2+3228,97.5576,32.4681,bcu,4.9195952,2.0974638,2.066839,0.036863383,1.5518579e-12,11.935559,6.8517262e-12,2.4936643e-11,2.145925e-10,1.3375819e-10,2.087948e-11,5.7221493e-12,8.189298e-12,3.7886653e-16,,-11.809148045789119,-11.16419999945169,-10.603162011978636,-9.668385460660796,-9.87367961665437,-10.680280321359415,-11.24244081418838,-11.086753324546027,-15.421502296828965,0.5610379874730533,0.9347765513178405,-0.20529415599357392,-0.8066007047050459,-0.5621604928289639,0.1556874896423519,-4.334748972282938,-4.257302297377276,-5.547822680174596
4FGL J0631.1+2020,97.7766,20.3406,bcu,14.253211,2.4517086,2.307849,0.15949006,6.13263e-12,71.33468,2.9734359e-08,4.653515e-09,2.121351e-09,5.725642e-10,1.15017114e-10,1.695432e-11,4.108191e-18,1.02421484e-22,,-11.212353236105336,-7.526741419389663,-8.332218881856189,-8.673387466912196,-9.24217581004157,-9.939237533845374,-10.770719623864474,-17.38529351485193,-19.995574516208062,-0.8054774624665262,-0.3411685850560069,-0.5687883431293734,-0.6970617238038042,-0.8314820900191009,-6.614573890987456,-2.6102810013561317,-12.4688330968184,-10.753398706166493
4FGL J0632.0-1032,98.0226,-10.5335,bcu,11.59439,2.3540986,2.321656,0.09556252,7.2595263e-12,6.0787077,7.730925e-09,7.0539645e-09,2.0913071e-09,5.593592e-10,9.7189756e-11,1.0406505e-11,5.1479055e-12,7.936211e-16,,-11.139091716443806,-8.111768539928216,-8.15156673030626,-8.679582188106911,-9.252309214504942,-10.012379508147626,-10.982695102355557,-11.288369433186105,-15.100381321834544,-0.039798190378045106,-0.5280154578006506,-0.5727270263980309,-0.7600702936426842,-0.9703155942079302,-0.3056743308305485,-3.8120118886484384,-6.988612781906328,-5.848072107329601
4FGL J0636.7+7139,99.1828,71.6615,bcu,26.04981,2.3493035,2.3266904,0.03220725,7.806715e-12,422.67773,1.6498315e-10,1.1497683e-08,2.475883e-09,4.6598353e-10,1.274203e-10,1.8981785e-11,3.9261823e-12,1.2303442000000002e-16,,-11.107531674592469,-9.782560408703407,-7.939389669358878,-8.606269882127934,-9.331629432992788,-9.894761376710154,-10.72166294978323,-11.40602953805524,-15.909938076541897,1.8431707393445294,-0.6668802127690565,-0.7253595508648534,-0.5631319437173659,-0.8269015730730764,-0.6843665882720096,-4.503908538486657,-6.1273776678384895,-6.578308643549109
4FGL J0638.7+2753,99.6887,27.8903,bcu,5.665834,2.0094976,1.9544425,0.089152925,1.6449978e-12,8.227973,7.770521e-10,3.9202277e-14,3.6181048e-11,1.5553123e-10,2.912584e-11,6.488766e-12,8.046694e-12,2.0270025e-16,,-11.783834675893672,-9.109549861523035,-13.406688596180876,-10.441518857642924,-9.808182393394551,-10.535721540422681,-11.187837886559086,-11.09438251318717,-15.693124290745114,-4.297138734657841,2.965169738537952,0.633336464248373,-0.7275391470281303,-0.6521163461364043,0.09345537337191523,-4.598741777557944,-6.583574429222079,-5.884941897350563
4FGL J0640.0-1253,100.0213,-12.896,bll,17.985044,1.7386497,1.6893077,0.04597257,6.122593e-12,7.506714,9.933281e-09,3.011544e-09,4.97997e-10,2.6625643e-10,1.4131603e-10,4.734194e-11,2.2965945e-11,1.1451884e-11,,-11.213064608665814,-8.002907278710529,-8.521210787209672,-9.30277327347126,-9.574699895349855,-9.849808571696917,-10.32475394922961,-10.63891567939109,-10.941123059364381,-0.5183035084991428,-0.7815624862615884,-0.2719266218785954,-0.2751086763470614,-0.47494537753269306,-0.3141617301614801,-0.30220737997329117,-2.9382157806538522,-1.3664231640145257
4FGL J0640.7-1924,100.181,-19.4092,bcu,4.552612,2.7257218,2.696142,0.10325741,3.1934908e-12,16.26896,1.4842883e-08,3.299416e-09,1.3123379e-09,1.049456e-10,2.1233348e-11,1.0786715e-12,1.1116398e-12,9.3452955e-18,,-11.495734329285872,-7.828481735890543,-8.481562923885134,-8.881954328667792,-9.979035765099068,-10.672981522196253,-11.967110791753267,-11.954035908679714,-17.028942490153007,-0.6530811879945908,-0.400391404782658,-1.0970814364312762,-0.6939457570971843,-1.2941292695570148,0.013074883073553423,-5.074906581473293,-9.200460754262464,-7.049906725053939
4FGL J0640.8+2432,100.2165,24.5421,bcu,6.2680573,1.7893038,1.6606491,0.2418648,1.5849508e-12,24.309708,2.4920715e-13,1.1883127e-14,2.434817e-10,1.5569488e-11,5.0172082e-11,1.8835595e-11,7.098144000000001e-17,2.3563024e-12,,-11.799984211854474,-12.603439484068167,-13.925068895891188,-9.613533674627323,-10.807725668619273,-10.299537876514746,-10.725020656029967,-16.148794014448303,-11.627768972558075,-1.3216294118230216,4.311535221263865,-1.19419199399195,0.5081877921045272,-0.42548277951522095,-5.423773358418336,4.521025041890228,0.9756705115100921,-0.8200433039388013
4FGL J0641.7-0320,100.4371,-3.3466,FSRQ,20.563713,2.688613,2.6548,0.19018587,2.0713703e-11,430.4848,6.968283e-08,3.718191e-08,8.409153e-09,1.2056192e-09,1.0123408e-10,2.4939005e-13,2.2119855999999998e-20,1.3918359e-15,,-10.683742254894506,-7.156874219819707,-7.429668304688945,-8.075247745693963,-8.918789844309883,-9.994673259544628,-12.603120860292835,-19.49322641042155,-14.856408845533183,-0.27279408486923806,-0.645579441005018,-0.8435420986159201,-1.0758834152347454,-2.6084476007482067,-6.890105550128714,4.636817564888366,-7.6995346257134765,-5.9376190012233
4FGL J0643.3+0857,100.8345,8.9525,fsrq,27.626427,2.5331647,2.6143105,0.18549472,2.5329175e-11,425.22513,6.6887225e-08,3.4961875e-08,1.19118555e-08,1.7388702e-09,2.1312885e-10,1.9740643e-11,1.346371e-12,5.767652e-14,,-10.5963789552722,-7.174656821571397,-7.456405284266408,-7.924020583550787,-8.759732835204481,-9.671357758394237,-10.704638705205051,-11.8708352481408,-13.239000876013735,-0.28174846269501064,-0.46761529928437895,-0.8357122516536943,-0.9116249231897555,-1.0332809468108142,-1.166196542935749,-1.3681656278729353,-6.064344054442338,-4.479268040809254
4FGL J0643.4-3314,100.8513,-33.2392,bcu,4.22966,2.442373,2.364645,0.18406472,1.6419521e-12,23.704027,1.7694776e-11,1.5185517e-09,5.3240473e-10,1.04601786e-10,2.6407036e-11,2.6611127e-19,2.4296433e-12,1.1321199e-18,,-11.784639513882865,-10.752154930525007,-8.818570417676016,-9.273758094804956,-9.980460900099091,-10.57828034232736,-18.558915866454107,-11.614457479434224,-17.94228830136598,1.9335845128489915,-0.45518767712894004,-0.7067028052941353,-0.5978194422282694,-7.980635524126747,6.944458387019884,-6.327830821931757,-7.190133370840973,-7.9618274012668895
4FGL J0644.7+3917,101.1994,39.2842,fsrq,4.1163273,2.1243625,2.1708581,-0.047413807,1.1533428e-12,12.817199,2.1449292e-08,1.0026567e-09,2.6223165e-10,6.9839655e-11,2.0138802e-11,4.9266025e-12,2.117101e-12,2.3725945e-18,,-11.938041587446714,-7.668587038470561,-8.998847739773634,-9.581314892374536,-10.155897914600645,-10.69596636774074,-11.307452476222641,-11.67425842065839,-17.622949865080134,-1.3302607013030734,-0.582467152600902,-0.5745830222261095,-0.5400684531400941,-0.6114861084819019,-0.36680594443574854,-5.948691444421744,-9.954362826609573,-7.4670519504794886
4FGL J0647.7-4418,101.9253,-44.3058,bcu,9.636272,2.2428553,2.0705492,0.1988381,1.945052e-12,13.904289,9.769146e-09,3.2336006e-10,5.8526334e-10,1.8659609e-10,6.390001e-11,5.797041e-12,3.16639e-17,1.7171545e-15,,-11.711068781302794,-8.010143399811817,-9.490313623231266,-9.232648678568195,-9.729097460829992,-10.194499073808933,-11.236793627289448,-16.499298458756293,-14.765188098537273,-1.4801702234194494,0.25766494466307144,-0.49644878226179756,-0.46540161297894045,-1.0422945534805148,-5.2625048314668454,1.7341103602190202,-6.755044698725456,-5.0360906377072805
4FGL J0648.1+1605,102.0403,16.0928,bcu,6.6455936,1.9470593,1.8526685,0.112019315,1.9691234e-12,14.812788,2.8255797e-11,2.9237898e-10,1.755356e-14,1.5367399e-10,5.0153503e-11,7.1231692e-12,4.922679e-12,1.7770016e-12,,-11.705727064663066,-10.548892438068322,-9.534053853307233,-13.755634544518479,-9.813399632506927,-10.299698727951991,-11.147326738921409,-11.307798482068128,-11.75031217871479,1.0148385847610886,-4.221580691211246,3.9422349120115516,-0.4862990954450641,-0.8476280109694176,-0.16047174314671864,-0.44251369664666207,-1.2014197406464682,-1.9369125462078625
4FGL J0648.2+1745,102.0746,17.7651,bcu,6.5974503,2.22327,2.2856867,-0.08415705,2.1897545e-12,17.099205,1.1705449e-12,5.930485e-09,8.596456e-10,1.0909352e-10,3.0200255e-11,1.1511703e-11,1.5743348e-12,1.9178253e-12,,-11.659604570515297,-11.93161191918135,-8.226909788218373,-9.065680555363633,-9.96220104508057,-10.51998938985847,-10.938860423274193,-11.80290290179093,-11.717190954182145,3.7047021309629766,-0.8387707671452596,-0.8965204897169379,-0.5577883447778991,-0.41887103341572285,-0.8640424785167369,0.0857119476087842,0.2144209649992046,-1.7549899091015746
4FGL J0648.4-1744,102.1161,-17.7396,fsrq,91.61296,2.389437,2.3155937,0.118093096,7.081202e-11,4786.469,1.4891536e-07,9.39444e-08,2.7998043e-08,5.525479e-09,1.024204e-09,1.0469229e-10,9.939336e-12,1.0048475e-17,,-10.149893016590795,-6.827060504267946,-7.027129102967178,-7.5528723238006235,-8.257630067318136,-8.98961353236915,-9.98008530045492,-11.002642627355694,-16.997467859169664,-0.20006859869923233,-0.5257432208334452,-0.7047577435175123,-0.7319834650510142,-0.9904717680857704,-1.022557326900774,-5.994825231813969,-10.170407354901718,-8.739837791851528
4FGL J0648.4-6941,102.1172,-69.6927,bll,4.4315,1.8387619,1.7707977,0.18217859,6.65515e-13,9.619024,1.2212199e-09,1.2942172e-11,1.0190028e-14,5.2274445e-11,6.7122943e-12,1.0153907e-11,1.9801773e-12,5.7136865e-19,,-12.176842145017764,-8.913206127404724,-10.887992832415419,-13.991824196448967,-10.281710569325671,-11.173129009508504,-10.993366818204292,-11.703295920189538,-18.235548391036687,-1.974786705010695,-3.1038313640335478,3.7101136271232953,-0.8914184401828322,0.17976219130421178,-0.7099291019852458,-6.532252470847149,-9.322342263631963,-7.953837821711016
4FGL J0648.7+1516,102.1905,15.2808,bll,38.209976,1.7294226,1.604624,0.062447157,1.4528321e-11,51.90195,4.5405586e-11,1.8808118e-10,1.1846715e-09,6.3940075e-10,3.502161e-10,1.5309876e-10,3.8026325e-11,2.1440438e-11,,-10.837784572778702,-10.34289071489432,-9.725654659137136,-8.926402059367947,-9.194226858641413,-9.45566389256217,-9.815028326760887,-10.419915644217612,-10.66876634661999,0.6172360557571839,0.7992525997691899,-0.26782479927346614,-0.2614370339207568,-0.3593644341987172,-0.6048873174567255,-0.24885070240237717,-0.325875631725669,-1.4745394879785767
4FGL J0649.3+2230,102.3396,22.5059,bcu,6.855744,2.1060908,2.1029959,0.007168954,2.3164452e-12,19.31225,1.83335e-10,4.5130342e-14,6.8859773e-10,1.7910728e-10,4.1093347e-11,5.5434884e-12,5.041393e-12,1.4985424e-12,,-11.635177967542012,-9.736754617088023,-13.34553127913083,-9.16203441329814,-9.746886761421122,-10.386228484467608,-11.256216856131791,-11.297449445108713,-11.82433096164837,-3.608776662042807,4.183496865832689,-0.5848523481229808,-0.6393417230464866,-0.8699883716641832,-0.04123258897692139,-0.5268815165396568,-2.087576344560347,-2.077444200227248
4FGL J0650.2+5620,102.5506,56.3421,fsrq,4.8562965,2.4448826,2.43245,0.020475961,1.4383156e-12,20.810194,6.3146515e-09,1.9394624e-09,4.933419e-10,9.033345e-11,1.1606847e-11,5.201594e-12,3.1046036e-15,1.3134227e-13,,-11.84214580613538,-8.199650612772784,-8.712318635567128,-9.30685199791639,-10.04415140290061,-10.935285739962529,-11.28386354796819,-14.507992444386039,-12.88159544896799,-0.5126680227943439,-0.5945333623492619,-0.7372994049842205,-0.8911343370619189,-0.3485778080056612,-3.2241288964178487,1.6263969954180482,-4.681944836195207,-2.8374440460673807
4FGL J0650.2-1636,102.5717,-16.6012,bcu,24.538519,2.56888,2.5298815,0.11815985,1.7268147e-11,170.04144,2.8495736e-08,2.184785e-08,7.3391306e-09,1.154644e-09,1.4605596e-10,1.5518304e-11,1.69849e-12,2.035704e-18,,-10.762754262693555,-7.545220121402378,-7.660591294577934,-8.134355383950593,-8.93755189686558,-9.83548071635806,-10.8091557443759,-11.769937003174073,-17.68915720565145,-0.11537117317555534,-0.47376408937265957,-0.8031965129149867,-0.8979288194924795,-0.9736750280178406,-0.960781258798173,-5.919220202477378,-10.143937084249073,-8.751605308785871
4FGL J0650.5-2851,102.629,-28.861,bcu,6.5272045,2.5935204,2.5473475,0.17331454,2.606767e-12,30.860775,3.5702196e-12,6.625893e-09,8.681864e-10,1.7743995e-10,3.4617035e-11,1.5690075e-12,5.322352e-18,5.0017355e-17,,-11.583897783865488,-11.447305068908042,-8.178755581717027,-9.06138702159208,-9.750948593548298,-10.460710132703834,-11.804374977672621,-17.273081189601047,-16.300792458125404,3.268549487191015,-0.8826314398750537,-0.6895615719562169,-0.7097615391555365,-1.343664844968787,-5.468706211928426,0.9722887314756434,-4.853487389217362,-6.549843864577106
4FGL J0651.5+7956,102.8887,79.9476,bcu,6.305482,2.3757498,2.4213264,-0.034310263,1.316964e-12,7.747486,2.0440129e-10,2.1403272e-09,2.7982086e-10,8.402194e-11,1.8410756e-11,5.2667497e-12,2.5755819e-17,4.0478897000000005e-16,,-11.880426093278135,-9.68951636762511,-8.669519829315998,-9.553119912969464,-10.075607295115201,-10.734928377480236,-11.27845731998478,-16.5889560483697,-15.39276060121738,1.0199965383091119,-0.8836000836534659,-0.5224873821457372,-0.6593210823650342,-0.543528942504544,-5.310498728384919,1.1961954471523182,-5.703244233592271,-5.317153306102179
4FGL J0652.5+1932,103.1448,19.5486,bcu,6.8676066,2.5787296,2.3687415,0.34959683,2.18441e-12,11.010153,9.950174e-12,1.2339266e-09,7.8038964e-10,2.8818303e-10,1.6617197e-11,5.6277726e-13,1.2807441e-14,3.7548323e-15,,-11.660665841989175,-11.002169324186738,-8.908710673494605,-9.107688504675206,-9.540331596700396,-10.779442231198907,-12.249663451594294,-13.892537297014792,-14.425408298254487,2.093458650692133,-0.19897783118060097,-0.4326430920251898,-1.2391106344985108,-1.4702212203953877,-1.6428738454204979,-0.5328710012396947,-3.4232389740677487,-4.885076701554091
4FGL J0653.6+1636,103.4105,16.6106,bcu,10.282541,2.0948496,2.0316324,0.063780956,3.3176489e-12,20.20598,5.9806254e-10,5.185628e-09,7.4788464e-10,2.2235737e-10,6.6383454e-11,1.7704309e-11,2.705093e-12,1.9769893e-12,,-11.47916957506792,-9.223253399019823,-8.285198641314757,-9.126165386187449,-9.652948471334769,-10.17794015448153,-10.751921018863522,-11.567817797827164,-11.703995679002242,0.938054757705066,-0.8409667448726914,-0.5267830851473203,-0.5249916831467605,-0.5739808643819924,-0.8158967789636424,-0.1361778811750778,-2.480742279982419,-2.051047207667473
4FGL J0654.3+0923,103.578,9.3874,bcu,6.41435,2.1079388,2.0897274,0.04773677,2.3152261e-12,27.021664,5.1518846e-12,1.0413402e-09,6.0851185e-10,1.4742482e-10,3.9913666e-11,1.6630454e-11,7.983237e-13,1.7589308e-12,,-11.635406588434359,-11.288033872705983,-8.982407365734035,-9.215730960007715,-9.831429393777128,-10.398878381091093,-10.7790958944157,-12.097820972107812,-11.754751243786542,2.3056265069719473,-0.23332359427367955,-0.6156984337694134,-0.5674489873139645,-0.38021751332460774,-1.3187250776921111,0.3430697283212698,-0.4667173710805592,-1.9233218500094136
4FGL J0656.0+2420,104.0198,24.3448,fsrq,5.0434575,2.6804614,2.671042,0.20301348,2.849326e-12,27.661335,2.337072e-10,7.203407e-10,1.1105378e-09,1.3174789e-10,1.19061054e-11,3.508513e-12,8.143439000000001e-17,6.840252700000002e-16,,-11.545257857449206,-9.631327907734237,-9.142462046433366,-8.954466654534356,-9.880256331442563,-10.924230276766737,-11.45487690871455,-16.089138825117935,-15.164921504754343,0.4888658613008712,0.18799539189901004,-0.9257896769082077,-1.0439739453241739,-0.5306466319478123,-4.634261916403386,0.9242173203635922,-5.533593597020106,-5.2846651733117795
4FGL J0656.3-0322,104.0765,-3.3686,fsrq,26.142519,2.5463917,2.615822,0.18634847,2.4413584e-11,138.79819,5.479554e-09,4.3043524e-08,1.1395182e-08,1.6608663e-09,2.3409116e-10,1.5674352e-11,1.2611507e-15,2.8641970000000004e-17,,-10.612368459767195,-8.261254788818029,-7.366092179927465,-7.94327873402298,-8.779665326913417,-9.63061498626649,-10.804810404200486,-14.899229571098147,-16.54284551224053,0.8951626088905638,-0.5771865540955146,-0.8363865928904373,-0.8509496593530734,-1.174195417933996,-4.09441916689766,-1.6436159411423823,-8.2815907234225,-7.763180185327112
4FGL J0656.3-2404,104.097,-24.0682,bll,6.8834887,2.3250082,2.3282068,-0.023510681,2.6344111e-12,11.82565,6.314772e-09,3.752396e-09,9.861665e-10,9.843021e-11,5.3059182e-11,4.333585e-12,2.354385e-12,1.6895216e-12,,-11.579316450758979,-8.199642325381824,-8.42569133565969,-9.006049754499983,-10.006871588285666,-10.275239449628502,-11.363152679655842,-11.628122515984476,-11.772236248965301,-0.22604901027786717,-0.5803584188402926,-1.0008218337856825,-0.26836786134283663,-1.0879132300273398,-0.2649698363286337,-0.1441137329808253,-3.5725939235834776,-1.7653646606796354
4FGL J0658.6+0636,104.6599,6.611,bcu,10.888583,1.9479092,1.8213779,0.09528595,3.5950485e-12,14.157754,7.821044e-09,6.101808e-09,2.2112191e-10,1.9050327e-10,9.459898e-11,2.6724923e-11,5.6297926e-12,1.9834132e-12,,-11.444295245063246,-8.106735270830102,-8.214541462024332,-9.6553682229346,-9.72009756521088,-10.024113546245319,-10.573083537246605,-11.249507603370954,-11.702586798589246,-0.1078061911942303,-1.4408267609102676,-0.06472934227628002,-0.30401598103443916,-0.548969991001286,-0.6764240661243495,-0.453079195218292,-3.5958515277591445,-1.9824892333783666
4FGL J0659.9+1709,104.9847,17.1522,fsrq,9.751144,2.5923903,2.5483067,0.07358629,4.3627996e-12,49.39721,1.1090912e-08,8.690091e-09,1.449928e-09,2.5907676e-10,2.9705613e-11,4.0787356e-12,2.3279507e-16,1.9355166e-16,,-11.360234734359013,-7.955032740569793,-8.060975675726791,-8.838653563264831,-9.586571542830809,-10.527161481021231,-11.389474445415805,-15.633007565907686,-15.713180662003852,-0.10594293515699782,-0.7776778875380401,-0.7479179795659778,-0.9405899381904224,-0.8623129643945742,-4.243533120491881,-0.08017309609616596,-7.758147921434059,-6.126609119173043
4FGL J0700.2+1304,105.075,13.0674,bll,17.054016,2.0537448,1.9862796,0.069941364,5.670941e-12,6.4916744,5.489949e-10,5.040189e-09,1.2416622e-09,3.206566e-10,1.411244e-10,2.5244536e-11,1.0556784e-11,1.8627118e-12,,-11.246344870288457,-9.26043168999035,-8.297553177815898,-8.905996539928907,-9.493959816659187,-9.850397891464851,-10.597832607149066,-10.976468363945264,-11.729854331903688,0.9628785121744521,-0.6084433621130092,-0.5879632767302798,-0.3564380748056646,-0.7474347156842143,-0.3786357567961982,-0.7533859679584243,-2.4694226419133383,-2.2358945152445013
4FGL J0702.7-1951,105.678,-19.8517,bll,40.037594,2.1416502,2.0521216,0.065054156,1.9806615e-11,159.157,2.957115e-08,1.5205185e-08,5.130742e-09,1.5097509e-09,4.811645e-10,1.0895099e-10,1.6758133e-11,2.5284655e-17,,-10.703189739912798,-7.529131785756364,-7.818008291468898,-8.28981982334678,-8.821094702822966,-9.317706422102132,-9.962768819076041,-10.775774366888273,-16.596971239663915,-0.2888765057125333,-0.47181153187788283,-0.5312748794761859,-0.4966117192791657,-0.6450623969739091,-0.8130055478122316,-5.8211968727756425,-9.06783945390755,-7.775876536840949
4FGL J0703.3-1042,105.8287,-10.7092,bcu,3.7019181,2.278204,2.2695246,-0.011959402,3.3050513e-12,4.266809,1.2676836e-10,4.603986e-09,3.0876819e-09,1.7252125e-10,2.4525321e-11,1.3763528e-11,6.5847622e-12,6.641666e-16,,-11.480821793825273,-9.896989128061007,-8.336866005660761,-8.510367448033945,-9.763157403815683,-10.610385299464456,-10.861270228972293,-11.181459903731733,-15.17771642935476,1.5601231224002454,-0.17350144237318332,-1.2527899557817381,-0.8472278956487731,-0.25088492950783703,-0.3201896747594404,-3.9962565256230267,-5.280727301293753,-5.414559025539077
4FGL J0703.3-0050,105.8367,-0.8436,bll,24.611385,2.2452407,2.1450872,0.12671699,1.1699933e-11,141.01003,1.0504965e-09,2.5303166e-09,4.0494736e-09,1.021184e-09,2.7810745e-10,5.020785e-11,1.3930411e-12,2.3864505e-17,,-10.93181662487526,-8.97860539021555,-8.59682513533212,-8.392601428012298,-8.990895998374057,-9.55578737699382,-10.2992283754945,-11.856036066933749,-16.62206562405823,0.3817802548834308,0.2042237073198212,-0.5982945703617588,-0.5648913786197625,-0.7434409985006809,-1.5568076914392481,-4.766029557124481,-7.64346023384268,-7.631169625684173
4FGL J0706.1+0246,106.5454,2.7772,bcu,7.989764,1.642911,1.6330261,0.04525254,2.0972503e-12,13.793873,1.3691263e-10,1.7722288e-10,4.3846422000000006e-16,6.989489e-11,6.3931346e-11,1.1765302e-11,7.789111e-12,5.8019553e-12,,-11.678349732737203,-9.863556486923402,-9.751480210097757,-15.358055935800502,-10.155554574205414,-10.194286151837654,-10.929396920201258,-11.108512106574283,-11.236425620706596,0.11207627682564514,-5.606575725702745,5.202501361595088,-0.03873157763223922,-0.7351107683636044,-0.17911518637302493,-0.1279135141323131,-1.372869133783194,-1.0808710465011817
4FGL J0709.2-1527,107.3095,-15.4512,bll,13.369087,1.7827995,1.6811829,0.0940548,4.718e-12,24.142263,8.3034e-09,7.094426600000002e-16,3.639483e-11,2.3082303e-10,1.3169119e-10,3.2864416e-11,2.6976726e-11,3.525878e-12,,-11.326242062529918,-8.080744040287904,-15.14907657862328,-10.438960304746452,-9.636720862295824,-9.880443277870574,-10.483274080586957,-10.569010758966161,-11.452732717703272,-7.068332538335376,4.710116273876828,0.8022394424506274,-0.24372241557474972,-0.6028308027163831,-0.08573667837920418,-0.8837219587371106,-3.3719886774153682,-1.8160118554074476
4FGL J0709.3+0540,107.3392,5.6788,bcu,9.959411,2.1006138,2.0189166,0.083102025,3.726547e-12,33.12409,7.203747e-09,9.01912e-10,9.929595e-10,1.6994153e-10,9.678994e-11,1.9899296e-11,6.917546e-12,1.30443644e-20,,-11.428693395819797,-8.142441548271858,-9.044835834713572,-9.003068464778405,-9.769700476044651,-10.014169779315427,-10.70116228762951,-11.160047943596817,-19.63743526590264,-0.902394286441714,0.041767369935167054,-0.7666320112662461,-0.2444693032707761,-0.6869925083140824,-0.45888565596730757,-8.477387322305821,-11.49499371763078,-9.867734789857987
4FGL J0709.7-0255,107.4451,-2.9301,fsrq,33.522633,2.3235216,2.2631469,0.06625167,1.8242796e-11,337.63077,1.2939768e-08,2.166724e-08,6.6132855e-09,1.2892937e-09,3.2508105e-10,4.189488e-11,1.0342595e-11,4.206673e-18,,-10.738908598098915,-7.888073510160262,-7.664196406128516,-8.179582728104654,-8.889648139462405,-9.488008346148158,-10.377839049092687,-10.985370480862308,-17.375030076908303,0.22387710403174577,-0.5153863219761377,-0.7100654113577516,-0.5983602066857525,-0.8898307029445292,-0.6075314317696208,-6.389659596045995,-9.486956566748042,-8.485381937445897
4FGL J0713.0+5738,108.2598,57.6345,bcu,9.07228,2.4943998,2.4610262,0.057907287,3.8784947e-12,113.049644,4.0272115e-09,4.694055e-09,1.267041e-09,2.0810001e-10,4.7253156e-11,6.0963075e-12,6.578661e-15,1.4941883e-17,,-11.411336796567191,-8.394995561632882,-8.328451826100675,-8.897209331612213,-9.681727898897995,-10.32556917991758,-11.214933134429641,-14.181861832170572,-16.82530411001427,0.06654373553220694,-0.5687575055115381,-0.7845185672857813,-0.6438412810195846,-0.8893639545120617,-2.966928697740931,-2.643442277843697,-8.430308548381387,-7.143576211116274
4FGL J0718.2-1324,109.5539,-13.4164,bcu,4.3530407,2.2877743,2.303222,0.05390372,2.501712e-12,19.153337,5.493746e-15,4.437318e-09,5.816799e-10,1.8216381e-10,3.6682185e-11,6.0088917e-12,4.714631e-12,5.8479006e-18,,-11.601762686515725,-14.26013063326762,-8.352879446491738,-9.235315943018827,-9.739537898900297,-10.435544803058638,-11.22120562260903,-11.326552291599336,-17.232258001933655,5.907251186775882,-0.8824364965270899,-0.5042219558814693,-0.6960069041583417,-0.785660819550392,-0.10534666899030576,-5.905705710334319,-2.972127368666035,-7.492720103033358
4FGL J0719.6-3927,109.9156,-39.4511,bcu,4.1826496,2.3157425,2.3075404,0.06406751,1.7692966e-12,14.34072,1.11052545e-08,7.856764e-10,5.8526256e-10,1.4754702e-10,2.0705488e-11,2.599837e-12,3.760856e-12,2.5601278e-17,,-11.752199354604057,-7.954471484239912,-9.10475629190966,-9.23264925736734,-9.831069557470578,-10.683914529104976,-11.585053878135497,-11.42471329387341,-16.591568749743217,-1.1502848076697472,-0.12789296545768103,-0.5984203001032373,-0.8528449716343989,-0.9011393490305206,0.1603405842620873,-5.166855455869808,-8.637097265503305,-6.76049919227264
4FGL J0720.0-3507,110.0044,-35.1226,bcu,7.4479823,2.5095646,2.5138013,0.025788007,3.7738038e-12,68.041214,1.1618981e-08,3.7501517e-09,1.5848552e-09,1.7037759e-10,2.4496852e-11,1.18973035e-11,4.535359e-12,1.6120303e-19,,-11.423220681396614,-7.934831958475644,-8.425951163967028,-8.800010410865362,-9.76858752914112,-10.610889721452857,-10.924551459063554,-11.343388329355642,-18.766488553323377,-0.4911192054913842,-0.3740592468983337,-0.9685771182757588,-0.8423021923117364,-0.3136617376106976,-0.41883687029208794,-7.423100223967735,-10.831656594847733,-8.997901024182257
4FGL J0721.3-0222,110.3253,-2.3687,bll,7.373902,1.8103627,1.6663588,0.13061689,1.8585643e-12,13.373615,2.0096397e-11,2.9144722e-09,9.808168e-11,1.0640793e-10,2.8980951e-11,1.526013e-11,1.1313489e-11,1.5552407e-18,,-11.73082240686047,-10.696881798247976,-8.53544008288694,-10.008412103869464,-9.9730260052059,-10.537887367256198,-10.816441766355904,-10.946403440687433,-17.8054188679298,2.161441715361036,-1.4729720209825246,0.03538609866356346,-0.5648613620502978,-0.2785543990997059,-0.12996167433152905,-6.859015427242365,-7.108537069681823,-7.832392862723898
4FGL J0721.3+0405,110.3475,4.0914,fsrq,25.743517,2.5725534,2.4670777,0.10569587,1.3256326e-11,136.26424,2.9195585e-08,2.3409156e-08,5.3453633e-09,7.8279605e-10,1.1612121e-10,8.980596e-12,2.0086854e-16,8.4123247e-14,,-10.87757682394576,-7.534682818246882,-7.630614244190862,-8.272022772433177,-9.106351374459091,-9.935088447367335,-11.04669483980656,-15.697066456767892,-13.075083921081477,-0.09593142594397985,-0.641408528242315,-0.8343286020259146,-0.8287370729082433,-1.111606392439226,-4.650371616961332,2.6219825356864153,-5.540401102834595,-3.9687325466223857
4FGL J0723.0-0732,110.7523,-7.5441,bll,15.243702,2.0514781,2.0586627,-0.010235696,5.996154e-12,13.62964,2.1022186e-11,5.2579865e-09,1.9140611e-09,3.1147823e-10,1.08089426e-10,2.8749295e-11,2.3855636e-11,1.8418236e-12,,-11.222127220914789,-10.67732212547628,-8.279180533288365,-8.718044202936575,-9.506572301868127,-9.966216789396565,-10.541372800609855,-10.622409000318582,-11.734751964188984,2.3981415921879154,-0.4388636696482102,-0.7885280989315522,-0.459644487528438,-0.5751560112132896,-0.081036199708727,-1.112342963870402,-1.0574298387127037,-2.2281796623208567
4FGL J0725.5+0216,111.3901,2.2749,bcu,18.581915,2.054575,1.9364291,0.07980184,5.6976954e-12,24.61949,9.854929e-09,3.5466976e-09,1.0512715e-09,5.072319e-10,1.1390654e-10,4.751759e-11,1.2518997e-11,1.7986532e-16,,-11.244300771188499,-8.006346500254649,-8.450175838944356,-8.978285109158149,-9.294793441319808,-9.943451339935697,-10.32314559395068,-10.902430464294218,-15.745028420440407,-0.44382933868970653,-0.5281092702137933,-0.31650833216165886,-0.6486578986158893,-0.3796942540149839,-0.5792848703435372,-4.842597956146189,-7.738681920185758,-6.4502349791206
4FGL J0725.5-0504,111.3911,-5.0747,bcu,7.0466204,2.059545,2.0687308,-0.041082032,2.2478902e-12,14.79897,1.6609245e-12,3.4115821e-09,7.6432743e-10,1.4442122e-10,3.4716313e-11,6.6582764e-12,6.4829817e-12,1.830144e-12,,-11.648224904115235,-11.779650106040764,-8.467044172925105,-9.116720554273172,-9.840368990587878,-10.459466404591092,-11.176638179614018,-11.188225203641162,-11.737514735249025,3.312605933115659,-0.6496763813480673,-0.723648436314706,-0.6190974140032139,-0.7171717750229263,-0.0115870240271434,-0.5492895316078634,0.04213537079173868,-1.897145744661147
4FGL J0725.6-3530,111.4194,-35.5009,bcu,7.3574367,2.0218623,2.007483,0.008247014,2.0195816e-12,23.09593,3.7397977e-11,6.8884454e-09,6.1962746e-10,8.559203e-11,3.684508e-11,1.5453945e-11,5.0066015e-12,1.6291902e-19,,-11.694738592577405,-10.42715188970209,-8.161878779598421,-9.20786934387191,-10.067566673218,-10.433620496058987,-10.810960637444689,-11.300456973988581,-18.762157234448807,2.265273110103669,-1.0459905642734881,-0.8596973293460906,-0.3660538228409873,-0.3773401413857016,-0.48949633654389224,-7.461700260460226,-8.335005344746717,-8.694590561230807
4FGL J0725.8-0054,111.4698,-0.9134,bcu,27.765549,2.0427215,2.0586853,-0.016248416,1.0306782e-11,35.200188,2.163493e-08,8.141399e-09,2.2202482e-09,5.731246e-10,2.3106934e-10,6.830313e-11,1.5058722e-11,8.65255e-12,,-10.986876909250908,-7.664844505626273,-8.089300960494201,-8.653598473355876,-9.241750950084722,-9.636257676103886,-10.165559394196585,-10.822211883882721,-11.062855881891764,-0.4244564548679284,-0.5642975128616747,-0.5881524767288457,-0.3945067260191646,-0.5293017180926984,-0.6566524896861363,-0.2406439980090429,-3.398011376265491,-1.8211049318070422
4FGL J0728.0-4740,112.0165,-47.6699,fsrq,3.8715343,2.1562116,1.7219197,0.30465338,1.4664076e-12,10.527521,4.9664788e-08,9.156502e-09,2.857952e-10,1.4986503e-11,4.175972e-11,6.9043365e-12,2.8193808e-12,5.132958e-16,,-11.833745294245764,-7.303951414025379,-8.03827040539703,-9.543945069550212,-10.82429969474598,-10.379242421847739,-11.160878049727003,-11.549846260590947,-15.28962382848468,-0.7343189913716515,-1.5056746641531813,-1.280354625195768,0.44505727289824115,-0.7816356278792647,-0.3889682108639434,-3.739777567893734,-7.985672414459302,-4.465324133738701
4FGL J0729.1-3131,112.2819,-31.5261,bcu,7.571353,2.32572,2.278679,0.114341125,3.641463e-12,14.984753,2.339199e-08,4.3118544e-09,1.3048308e-09,2.315686e-10,6.564926e-11,3.0252541000000004e-16,2.4869802e-12,2.6313009e-15,,-11.438724097252887,-7.630932830381493,-8.365335912556898,-8.884445800498963,-9.635320329948504,-10.182770164858354,-15.519223786407892,-11.60432767058933,-14.579827835237214,-0.7344030821754046,-0.519109887942065,-0.7508745294495416,-0.54744983490985,-5.336453621549538,3.9148961158185624,-2.975500164647885,-6.948895004855721,-4.94450750528871
4FGL J0730.3-1141,112.5776,-11.6888,fsrq,134.91803,2.3083932,2.2272675,0.08641022,1.11938576e-10,3103.0686,1.6316697e-07,1.3368512e-07,4.137372e-08,8.572065e-09,1.8475214e-09,2.538115e-10,2.1931646e-11,1.7519108000000002e-16,,-9.951020222129422,-6.787367751210487,-6.873916929772575,-7.383275428999462,-8.066914544461913,-8.733410522431145,-9.595488704236045,-10.658928772506975,-15.756463221018425,-0.08654917856208755,-0.5093584992268871,-0.6836391154624506,-0.6664959779692321,-0.8620781818049004,-1.0634400682709302,-5.09753444851145,-8.969095469807938,-7.689548676556512
4FGL J0730.5-0535,112.6354,-5.5842,bll,28.018559,2.2104354,2.1835647,0.040056985,1.2175472e-11,64.67528,1.1976246e-08,1.4296649e-08,3.3490537e-09,7.610341e-10,2.5302416e-10,3.5036047e-11,6.8587185e-12,1.8855124e-12,,-10.91451419336878,-7.921679291877626,-7.844765745146683,-8.47507788876021,-9.118595883157964,-9.59683800823893,-10.45548489960979,-11.163757020740043,-11.724570604824638,0.07691354673094342,-0.6303121436135264,-0.6435179943977545,-0.47824212508096586,-0.85864689137086,-0.7082721211302534,-0.5608135840845954,-3.802891312947012,-2.6059747216666747
4FGL J0731.2-1403,112.8105,-14.0656,bll,8.528998,2.2114205,2.080945,0.3292267,2.6071077e-12,11.51032,2.2234884e-08,2.066221e-09,5.747366e-10,3.4035955e-10,9.776743e-11,5.859179e-12,1.6934667e-19,4.6894135e-18,,-11.583841026026784,-7.652965131935171,-8.684823228822319,-9.240531145521155,-9.468062059196425,-10.009805800864546,-11.232163233197879,-18.746306682629225,-17.327956339853106,-1.0318580968871478,-0.5557079166988359,-0.22753091367527034,-0.541743741668121,-1.2223574323333324,-7.514143449431346,1.4183503427761188,-9.674991207917934,-7.859894280656681
4FGL J0731.8-3009,112.9639,-30.1553,bcu,8.297899,2.0275948,1.9098488,0.16736941,2.9652494e-12,24.288841,7.691236e-09,2.149874e-09,3.1751857e-10,2.4429817e-10,5.0203154e-11,2.4631401e-11,2.879715e-12,1.3190957e-17,,-11.527938771833862,-8.114003862428724,-8.66758699250481,-9.498230870003402,-9.612079786229739,-10.2992689974743,-10.608510885212958,-11.540650489917367,-16.879394583585537,-0.5535831300760865,-0.8306438774985914,-0.11384891622633653,-0.6871892112445614,-0.3092418877386578,-0.9321396047044086,-5.33874409366817,-8.765390721156813,-7.267314797355798
4FGL J0733.0+4915,113.2659,49.2568,bcu,5.0507393,2.2268,2.2617955,-0.03990614,1.2427292e-12,12.202076,5.23408e-12,2.7210156e-09,2.3334976e-10,1.02746665e-10,1.09990185e-11,6.2238704e-12,3.082191e-12,7.089878e-18,,-11.90562349357444,-11.281159642866196,-8.565268968334598,-9.631992641431435,-9.988232265717196,-10.95864606708803,-11.205939458564611,-11.511140450621332,-17.14874911386994,2.7158906745315985,-1.0667236730968366,-0.3562396242857613,-0.9704138013708334,-0.2472933914765818,-0.30520099205672047,-5.637608663248608,-5.867589471003743,-7.160516848152744
4FGL J0733.5+3517,113.3761,35.2938,bll,6.3647194,2.146712,1.9465944,0.17018878,1.5937506e-12,10.889427,8.522838e-11,1.5761309e-09,2.2826167e-10,1.1089e-10,3.8370102e-11,1.0179207e-11,1.8818434e-16,2.4329620000000006e-17,,-11.797579635997918,-10.069415766390255,-8.802407716547444,-9.641567009669297,-9.955107616486476,-10.416007046193364,-10.99228605349193,-15.725393442246336,-16.613686206434277,1.2670080498428113,-0.8391592931218526,-0.3135406068171793,-0.46089942970688824,-0.5762790072985666,-4.733107388754405,-0.8882927641879412,-6.544270440044022,-6.658578589947801
4FGL J0733.7+0205c,113.4379,2.0908,bcu,4.1666465,2.7545958,2.6707256,0.17851827,2.7624298e-12,14.490856,1.6507965e-11,6.9268635e-10,1.1321332e-09,1.391542e-10,1.474058e-11,1.4377463e-14,1.0480572e-15,1.0443353e-16,,-11.5587087480641,-10.782306460316795,-9.159463370431219,-8.946102473654662,-9.856503681075251,-10.831485427590493,-13.842317439307495,-14.979610870354644,-15.981118458243065,1.622843089885576,0.21336089677655679,-0.9104012074205894,-0.9749817465152422,-3.0108320117170013,-1.1372934310471496,-1.0015075878884208,-5.198811997926271,-6.124614777167814
4FGL J0738.4+1539,114.6058,15.6602,bcu,5.6792054,1.9348649,1.6951916,0.2961834,8.8959927e-13,13.0469475,1.0237607e-10,2.127986e-13,6.1014066e-15,8.560525e-11,3.4034664e-11,7.507464e-12,2.1657988e-12,6.027605600000002e-16,,-12.050805577259492,-9.989801546066591,-12.672031213178219,-14.214569320704344,-10.067499600037147,-10.468078532390754,-11.124506741086472,-11.664381889245801,-15.219847967276076,-2.6822296671116277,-1.5425381075261253,4.147069720667197,-0.4005789323536071,-0.6564282086957185,-0.5398751481593287,-3.5554660780302747,-5.230046421209485,-5.152348367238929
4FGL J0738.9-6736,114.7427,-67.6038,fsrq,11.242895,2.5381687,2.532412,0.021216678,6.711622e-12,187.5877,7.534676e-11,1.2326976e-08,2.5043632e-09,4.5430845e-10,4.785395e-11,1.2560109e-11,9.791291e-13,2.6402078e-16,,-11.1731725104025,-10.122935418067751,-7.909143449566724,-8.601302686515261,-9.342649185354455,-10.320082208425392,-10.901006591312514,-12.009160037447602,-15.578345441293258,2.2137919685010274,-0.6921592369485374,-0.741346498839194,-0.9774330230709367,-0.5809243828871224,-1.1081534461350877,-3.5691854038456565,-5.455410023225507,-6.235696255938803
4FGL J0740.0-0753,115.0209,-7.8985,bcu,6.2341466,2.5773187,2.5840385,0.088430986,3.1542705e-12,28.797522,1.3435153e-13,5.084623e-09,1.2716701e-09,1.6862464e-10,1.7636838e-11,1.8012739e-12,1.8054917e-12,1.977902e-15,,-11.501101064348088,-12.871757351116418,-8.293741242364646,-8.89562553988875,-9.77307896447697,-10.753579273960463,-11.744420241341233,-11.74340450131609,-14.703793034662286,4.578016108751772,-0.6018842975241032,-0.8774534245882197,-0.9805003094834941,-0.9908409673807697,0.0010157400251422644,-2.9603885333461957,-1.8320356835458682,-4.930714070185317
4FGL J0741.4-8132,115.3538,-81.5409,bcu,4.2388396,1.8214688,1.6785805,0.29676485,8.225383e-13,14.0428295,8.6879826e-10,2.4509637e-14,3.315246e-12,3.374072e-11,2.6811397e-11,1.17225535e-11,2.2136373e-12,3.389653e-16,,-12.084843865494536,-9.061081057539774,-13.610662943625773,-11.479484238957157,-10.47184565402213,-10.57168055647861,-10.930977776158345,-11.654893533940033,-15.46983194623502,-4.549581886085999,2.1311787046686153,1.0076385849350267,-0.09983490245647886,-0.3592972196797355,-0.7239157577816879,-3.814938412294987,-6.408750888695247,-4.9979862922128895
4FGL J0743.6-3805,115.9062,-38.0937,bcu,5.834506,2.4252458,2.4016092,0.08527153,3.638085e-12,50.270363,5.253239e-09,5.0713327e-09,9.421903e-10,2.8925545e-10,3.3771014e-11,5.9264867e-12,3.6286172e-12,6.055462e-16,,-11.439127157129995,-8.2795728401974,-8.294877897036665,-9.02586137120139,-9.53871844953448,-10.471455899022981,-11.227202685156424,-11.440258843966184,-15.217845544977974,-0.015305056839265418,-0.7309834741647254,-0.5128570783330897,-0.932737449488501,-0.755746786133443,-0.21305615880975992,-3.7775867010117903,-6.938272704780575,-5.679127095443494
4FGL J0744.1-6211,116.0302,-62.1954,bcu,4.05689,1.5204209,1.2105943,0.3846425,6.501879e-13,10.186432,3.1882243e-11,4.666024e-10,4.4135022e-11,4.6961757e-18,1.1915172e-19,1.2912849e-11,4.275608e-12,3.0070791e-19,,-12.186961110307598,-10.49645113230106,-9.331053031705107,-10.355216652495264,-17.32733186294069,-18.888899805661513,-10.888977927151414,-11.3690021179856,-18.507647690338125,1.1653981005959526,-1.0241636207901568,-6.972115210445425,-1.5615679427208242,7.999921878510099,-0.480024190834186,-7.138645572352525,-8.011196558037065,-1.1803158273974361
4FGL J0745.4-2447,116.3619,-24.7995,bcu,4.3232203,2.8420258,3.119611,0.40662056,5.843903e-12,18.51481,1.1470996e-08,1.0593387e-08,3.1063445e-09,8.781995e-11,2.5816498e-11,1.672123e-17,5.0534515e-15,3.9981713e-15,,-11.233297000569936,-7.940398871677738,-7.974965161683182,-8.507750381783,-10.056406814446245,-10.588102669818715,-16.77647213061101,-14.2964110386406,-14.398137516419919,-0.034566290005443534,-0.532785220099818,-1.548656432663245,-0.5316958553724707,-6.188369460792293,2.480061091970409,-0.10172647777931942,-6.4577386447421805,-4.341730701973674
4FGL J0746.5-0710,116.6316,-7.1804,bcu,16.546766,2.2099712,2.1034112,0.16961347,5.008809e-12,26.896437,4.656089e-12,2.268228e-09,1.4941149e-09,5.049123e-10,1.4322481e-10,1.8398557e-11,6.803581e-15,1.2385124e-16,,-11.30026552799994,-11.331978725913508,-8.64431329273795,-8.825616003242475,-9.29678404946414,-9.84398174517654,-10.735216237162692,-14.167261802023317,-15.907064576494525,2.6876654331755585,-0.18130271050452507,-0.4711680462216652,-0.5471976957124003,-0.8912344919861521,-3.4320455648606245,-1.7398027744712081,-4.575085850581017,-6.610280527030385
4FGL J0747.3-3310,116.8328,-33.1778,bll,21.965317,2.2964206,2.2854376,0.03339075,1.7648919e-11,135.87971,1.1391108e-08,1.6329738e-08,6.161822e-09,1.0353054e-09,2.9559935e-10,5.5355078e-11,1.2697287e-11,7.615852e-15,,-10.753281889843812,-7.943434030540151,-7.787020783178991,-8.21029085154488,-8.984931520762897,-9.529296525241287,-10.25684253285997,-10.896289063489128,-14.118280934001405,0.1564132473611597,-0.42327006836588854,-0.7746406692180177,-0.5443650044783901,-0.7275460076186828,-0.6394465306291579,-3.2219918705122765,-6.174846903461254,-5.133349413238507
4FGL J0747.6+7209,116.9239,72.1649,bcu,6.365955,2.4518964,2.398941,0.049920082,1.4785332e-12,31.465384,1.9045519e-08,3.7736574e-09,4.189725e-10,8.362724e-11,2.3706153e-11,3.0737997e-12,5.1729086e-16,1.751554e-15,,-11.83016891614445,-7.720207188097847,-8.423237530784505,-9.377814481773212,-10.077652236208236,-10.62513891679713,-11.512324434713861,-15.286256799586386,-14.756573989468732,-0.7030303426866578,-0.9545769509887077,-0.6998377544350234,-0.5474866805888947,-0.8871855179167305,-3.7739323648725254,0.5296828101176541,-7.036366801370885,-4.6789217532604965
4FGL J0748.0-1638,117.0059,-16.6437,bcu,14.111153,2.6186252,2.6007378,0.15140338,7.497261e-12,66.09985,1.6878532e-08,1.463248e-08,3.1662235e-09,4.1369708e-10,7.0978085e-11,2.3705248e-12,1.2339492e-17,7.852499e-15,,-11.125097369342026,-7.772665328564588,-7.834682060816463,-8.499458432052588,-9.383317544465909,-10.148875722103233,-11.62515549497919,-16.90835090686864,-14.104991557171024,-0.062016732251874984,-0.6647763712361252,-0.8838591124133206,-0.7655581776373239,-1.476279772875957,-5.2831954118894515,2.803359349697617,-6.332326228606436,-4.721674012705115
4FGL J0749.0-3904,117.267,-39.0709,bcu,7.451394,2.0655828,2.0661309,-0.0006040114,3.0074107e-12,8.847169,1.9575118e-11,3.640043e-12,1.1755951e-09,1.6106852e-10,5.04592e-11,1.9337396e-11,6.880362e-12,2.0466775e-12,,-11.521807257996413,-10.708295611086758,-11.438893484786298,-8.929742232775551,-9.79298933184571,-10.297059639153296,-10.713602008775684,-11.162388710774767,-11.68895058267262,-0.7305978736995407,2.5091512520107475,-0.8632470990701595,-0.5040703073075861,-0.41654236962238755,-0.448786701999083,-0.5265618718978526,-0.9806549715858619,-1.8959612508269093
4FGL J0749.0-2956,117.2727,-29.948,bcu,5.835334,1.9804273,1.8110816,0.15239409,2.2738278e-12,13.052333,1.2214391e-12,2.938204e-09,2.6495298e-10,1.8243455e-10,3.4433397e-11,2.3523242e-11,2.61129e-12,8.899142500000001e-17,,-11.643242426191046,-11.913128178178983,-8.531918054358233,-9.576831191474728,-9.738892910208435,-10.463020130071309,-10.6285028233262,-11.583144892731461,-16.05060303981933,3.3812101238207504,-1.0449131371164952,-0.16206171873370678,-0.7241272198628739,-0.16548269325489073,-0.9546420694052618,-4.467458147087868,-4.137474861640346,-6.311710129610894
4FGL J0749.5+1026,117.3871,10.449,fsrq,3.4941971,2.857799,2.9068923,0.23459534,2.5183915e-12,14.415025,1.2799417e-08,8.679662e-09,1.1171203e-09,7.5490315e-11,1.3682128e-11,1.3443153000000002e-16,5.670101e-16,7.5680025e-17,,-11.598876753411867,-7.892809811558762,-8.061497186619436,-8.951900056233262,-10.12210876237763,-10.86384635063296,-15.871466553724307,-15.246401545755482,-16.120961351317654,-0.16868737506067344,-0.8904028696138262,-1.1702087061443684,-0.7417375882553294,-5.0076202030913475,0.6250650079688249,-0.8745598055621713,-8.22815153975889,-5.998852588940023
4FGL J0749.9+3112,117.4754,31.2087,bcu,4.103771,2.452208,2.3840039,0.098748505,1.2605697e-12,9.116832,9.128553e-12,2.6553737e-09,3.6407502e-10,7.79603e-11,2.0380949e-11,3.4588379e-16,1.0622435e-15,1.09744045e-14,,-11.899433132668046,-11.039598058125716,-8.575874350502865,-9.438809117945985,-10.108126498281496,-10.690775597551843,-15.461057235016407,-14.973771829286994,-13.959618640671454,2.463723707622851,-0.8629347674431198,-0.6693173803355119,-0.5826490992703466,-4.770281637464564,0.4872854057294127,1.0141531886155395,-2.920020582545739,-3.851492142389958
4FGL J0750.0+8238,117.5109,82.6382,bcu,5.7847314,2.628444,2.421155,0.115534835,1.4660285e-12,35.76675,1.7657287e-09,1.7610068e-09,3.331223e-10,1.0918186e-10,1.43524715e-11,2.53996e-15,1.8203712e-15,5.727358e-16,,-11.833857583845447,-8.753076023940686,-8.754238967030386,-9.477396293615875,-9.96184951137464,-10.843073306544445,-14.59517141287274,-14.739837658321886,-15.242038086850066,-0.001162943089699553,-0.7231573265854898,-0.48445321775876415,-0.8812237951698059,-3.752098106328294,-0.1446662454491463,-0.5022004285281803,-6.48896206290938,-5.280188575475426
4FGL J0751.9+3314,117.9826,33.2361,fsrq,43.286934,2.4388146,2.3153691,0.12861452,1.3850817e-11,2246.3665,3.0354144e-08,2.0167548e-08,5.7413057e-09,9.715755e-10,1.6141287e-10,9.193353e-12,1.6702361e-12,1.3874939e-13,,-10.858524608370681,-7.517782009910583,-7.695346900736075,-8.240989328190237,-9.012523445230244,-9.792061840422567,-11.036526063352063,-11.777222131234454,-12.857768886239539,-0.17756489082549187,-0.5456424274541618,-0.771534117040007,-0.7795383951923238,-1.244464222929496,-0.7406960678823911,-1.0805467550050842,-5.339986876328956,-3.845245441009295
4FGL J0752.3-1631,118.0914,-16.5318,bcu,21.514982,1.9979753,1.7705446,0.15941432,5.6862687e-12,39.39336,1.6067775e-08,9.761462e-10,8.80469e-10,4.0995835e-10,2.2662305e-10,3.3462354e-11,1.5577003e-11,3.8263228000000005e-16,,-11.245172621164603,-7.794044258402792,-9.01048513202333,-9.055285930283418,-9.387260263474525,-9.64469591979016,-10.47544351054658,-10.807516096177052,-15.417207044355232,-1.216440873620538,-0.04480079826008776,-0.33197433319110736,-0.2574356563156339,-0.8307475907564204,-0.33207258563047226,-4.60969094817818,-7.62316278595244,-6.029946780880707
4FGL J0753.9+0923,118.4907,9.3904,bcu,7.505925,2.4596407,2.474448,0.2405701,1.9710223e-12,57.48355,9.116562e-11,2.2102566e-09,7.842921e-10,1.7344905e-10,3.7334868e-11,3.5165906e-17,6.130794300000001e-16,3.1080561e-12,,-11.705308459913832,-10.04016891008119,-8.655557303917002,-9.105522159514127,-9.760828074470204,-10.427885379694771,-16.45375470794486,-15.21247617128468,-11.507511149445314,1.3846116061641887,-0.4499648555971252,-0.6553059149560774,-0.6670573052245672,-6.025869328250089,1.2412785366601806,3.7049650218393655,-1.4673422393641236,-1.7466830749751097
4FGL J0754.4-1148,118.6105,-11.8052,bll,41.87455,2.1521056,2.0340767,0.09613105,1.6457884e-11,43.825447,8.9436485e-09,1.03565085e-08,5.0748175e-09,1.3748169e-09,3.6317607e-10,9.621869e-11,7.1370752e-12,4.998116e-16,,-10.783626002772214,-8.048485277604543,-7.984786634045705,-8.294579571181002,-8.86175513791394,-9.439882775252803,-10.01674056018861,-11.146479726654045,-15.3011849795859,0.06369864355883781,-0.3097929371352963,-0.5671755667329386,-0.5781276373388629,-0.5768577849358074,-1.1297391664654342,-4.154705252931855,-7.252699701981356,-6.439429841671959
4FGL J0754.5+3911,118.6435,39.1968,bll,4.589475,1.9216198,1.7756855,0.20071693,9.934076e-13,11.536307,1.277886e-13,2.4460653e-15,1.2199074e-10,3.758695e-11,3.698493e-11,6.9723463e-12,1.5724212e-12,1.312911e-15,,-12.002872517414735,-12.893507853803534,-14.611530177769428,-9.913673134203847,-10.424962913646853,-10.431975198816867,-11.156621050020616,-11.803431106721806,-14.881761405133874,-1.7180223239658936,4.69785704356558,-0.5112897794430058,-0.007012285170013399,-0.7246458512037499,-0.6468100567011899,-3.0783302984120677,-1.9882535513303399,-4.456798491487021
4FGL J0756.6-7723,119.1718,-77.3895,bcu,5.262592,2.0884686,1.9433057,0.2828338,1.1404233e-12,8.558477,4.4418575e-12,2.989814e-12,1.6380917e-10,5.840505e-11,3.179453e-11,5.729686e-12,3.1760486e-14,1.9030977e-17,,-11.942933914388785,-11.352435377262845,-11.524355827375583,-9.785661790162472,-10.233549599862663,-10.497647590418445,-11.241869176961183,-13.498112723865187,-16.720310771559582,-0.17192045011273827,1.7386940372131114,-0.44788780970019104,-0.26409799055578276,-0.7442215865427375,-2.2562435469040043,-3.2221980476943948,-5.367875394296737,-6.486761171696919
4FGL J0757.1-3729,119.2835,-37.4955,bll,8.214813,1.8993118,1.7472476,0.23826258,2.3953224e-12,26.704844,8.849976e-11,1.5620568e-14,2.6390855e-11,7.886211e-11,9.1599006e-11,2.406837e-11,9.32835e-12,1.4876375e-12,,-11.620636022349588,-10.053057907002446,-13.806302900191993,-10.578546539294546,-10.103131607259744,-10.038109239069206,-10.618553320594623,-11.030195167070499,-11.827502879667302,-3.753244993189547,3.2277563608974464,0.475414932034802,0.06502236819053842,-0.5804440815254175,-0.41164184647587554,-0.7973077125968029,-1.7744449726648561,-1.7243712724075575
4FGL J0800.4-2257,120.1113,-22.9572,bcu,9.91118,2.4712663,2.433394,0.38064176,3.682551e-12,35.83864,5.605108e-12,1.15617065e-10,1.9274178e-09,3.6403697e-10,5.941694e-11,3.9124786e-17,7.2793595e-17,3.4354951e-15,,-11.433851228678654,-11.251416014167129,-9.936978059577234,-8.715024134554982,-9.438854509054162,-10.226089718250824,-16.407437036681795,-16.137847174943637,-14.464009402413362,1.314437954589895,1.2219539250222518,-0.7238303744991796,-0.7872352091966626,-6.181347318430971,0.269589861738158,1.673837772530275,-3.2125933882462334,-5.0251548933592005
4FGL J0801.1+1335,120.2789,13.5853,bll,4.354326,2.2683117,2.2215729,0.041690495,1.3638343e-12,10.037491,9.921184e-09,7.31764e-10,4.8189686e-10,4.8347947e-11,4.003022e-11,4.870172e-12,1.2324631e-15,1.81597e-16,,-11.865238388201222,-8.003436495790686,-9.135628959951324,-9.31704590350741,-10.315621962556328,-10.397612022963434,-11.312455699632471,-14.909222550873494,-15.7408674157115,-1.1321924641606387,-0.18141694355608529,-0.9985760590489186,-0.08199006040710621,-0.9148436766690367,-3.596766851241023,-0.8316448648380064,-7.737430919920815,-5.425245453155172
4FGL J0803.0+2439,120.7508,24.6583,bll,5.2054915,1.9436674,1.9736581,-0.032283068,1.0598113e-12,15.491969,3.639679e-10,1.0004173e-09,3.4245282e-10,5.3072994e-11,5.5061415e-12,9.330081e-12,6.683549e-12,1.07460264e-16,,-11.974771450131765,-9.43893691707419,-8.99981880671171,-9.465399253137134,-10.27512641179883,-11.259152631260452,-11.030114585402135,-11.174992862949264,-15.968711684280139,0.4391181103624806,-0.46558044642542384,-0.8097271586616959,-0.9840262194616223,0.22903804585831722,-0.14487827754712868,-4.7937188213308755,-6.529774767205948,-5.693585272481309
4FGL J0803.5+2046,120.8883,20.7678,bcu,5.4890127,2.5785248,2.4456704,0.39484024,1.483198e-12,41.820812,1.8299069e-11,1.4023167e-09,7.321694e-10,1.4787875e-10,2.3163361e-14,7.012984e-15,1.0691347e-15,1.2601119e-12,,-11.828800865890111,-10.737571005029395,-8.853153893976767,-9.135388425802077,-9.830094229089287,-13.635198236820086,-14.154096532663745,-14.970963512603443,-11.899590883662398,1.8844171110526275,-0.2822345318253099,-0.69470580328721,-3.805104007730799,-0.518898295843659,-0.8168669799396984,3.0713726289410452,-1.1620198786330036,-2.0694966545731113
4FGL J0804.0-3629,121.0076,-36.4854,bll,26.133951,1.9576306,1.6872739,0.2170746,9.975759e-12,40.391365,4.2396926e-09,2.2213138e-09,1.3134572e-09,6.007579e-10,3.8625905e-10,9.412959e-11,2.3854443e-11,4.640316e-24,,-11.001054050897933,-8.372665630897616,-8.653390085311853,-8.881584074459433,-9.221300509482544,-9.41312133197265,-10.026273832917012,-10.622430719558107,-19.99979852037953,-0.2807244544142371,-0.22819398914757905,-0.3397164350231119,-0.19182082249010612,-0.613152500944361,-0.5961568866410953,-9.377367800821425,-11.627132889481915,-10.778498010896987
4FGL J0805.8-2331,121.4651,-23.533,bcu,6.704265,2.1464791,2.1450162,0.025663627,2.3143148e-12,14.093425,4.7324774e-12,9.448907e-10,7.879411e-10,1.5739646e-10,3.290257e-11,1.3100167e-11,4.3731733e-12,7.704686e-17,,-11.635577565459212,-11.324911450419794,-9.024618425488482,-9.10350624557731,-9.803005039546278,-10.48277017811174,-10.882723167622169,-11.35920331111039,-16.113188692084726,2.300293024931312,-0.07888782008882878,-0.6994987939689672,-0.6797651385654628,-0.3999529895104281,-0.4764801434882209,-4.753985380974337,-4.788277241664932,-6.3101836525384485
4FGL J0806.1-0458,121.539,-4.9792,bcu,4.698041,2.1487339,1.939846,0.3465452,7.755981e-13,15.559356,4.031964e-09,2.522851e-09,4.0165624e-11,1.0510597e-10,2.6902789e-11,7.6091035e-12,2.1209940000000002e-17,1.2912893e-15,,-12.11036325789345,-8.394483354208068,-8.598108398227692,-10.396145481482987,-9.97837261538218,-10.570202694389204,-11.11866650795937,-16.673255848413273,-14.888973084400309,-0.2036250440196241,-1.798037083255295,0.4177728661008082,-0.5918300790070248,-0.5484638135701658,-5.554589340453903,1.7842827640129642,-6.494489730192241,-4.91060046901813
4FGL J0806.9-2151,121.7403,-21.8513,bcu,5.824511,2.152631,2.0838974,0.12664181,1.8092644e-12,8.412773,5.685155e-12,2.4223463e-09,3.541445e-10,9.790013e-11,5.402404e-11,4.1412798e-12,2.2403561e-12,1.1421184000000001e-21,,-11.742497959722463,-11.245257689451204,-8.61576376976747,-9.450819498560934,-10.009216731459496,-10.267412941650901,-11.382865424935058,-11.649682944024864,-19.95303223088883,2.6294939196837337,-0.8350557287934635,-0.558397232898562,-0.2581962101914055,-1.115452483284157,-0.26681751908980544,-8.303349286863966,-8.707774541437626,-9.943815499429334
4FGL J0807.3-1954,121.8376,-19.916,bcu,5.5406604,2.221383,2.2132938,0.0056186635,1.8683466e-12,10.297961,2.0526239e-10,2.885529e-09,5.3690574e-10,1.3502681e-10,1.74512e-11,9.300707e-12,1.6125122e-12,1.6378752e-12,,-11.728542551635638,-9.687690618615003,-8.539774556607084,-9.270101953009489,-9.86957999236866,-10.758174703959677,-11.031484036513715,-11.792496988186928,-11.785719190288011,1.1479160620079192,-0.7303273964024051,-0.5994780393591714,-0.8885947115910167,-0.2733093325540388,-0.7610129516732123,0.006777797898916305,-2.0980285716730087,-1.9161391979193514
4FGL J0809.3+3121,122.348,31.3533,bll,5.4168625,2.2853749,2.184313,0.2211697,1.102016e-12,20.82889,8.813635e-13,5.442424e-10,3.208557e-10,1.2763371e-10,2.6451417e-11,1.5611258e-12,1.7739482e-12,1.4588679000000001e-21,,-11.957812096043083,-12.054844934009553,-9.264207626883588,-9.493690241051297,-9.894034606666388,-10.577551057725584,-11.806562096049007,-11.75105906344428,-19.940858287174006,2.790637307125966,-0.22948261416770954,-0.4003443656150907,-0.6835164510591962,-1.2290110383234225,0.05550303260472589,-8.189799223729725,-7.8860133531644525,-10.046823680507618
4FGL J0809.9-7028,122.4803,-70.467,bcu,4.900957,2.0411031,2.0400019,-0.034417607,1.1922476e-12,22.965302,1.3967088e-14,3.576512e-13,2.8989353e-10,1.111001e-10,9.8673205e-12,6.723669e-12,2.4010143e-12,2.2899248e-12,,-11.923633539487387,-13.854893819620147,-12.446540301318743,-9.537761477340107,-9.954285550116094,-11.005800764828624,-11.172393673975677,-11.61960525154834,-11.640178777545788,1.4083535183014035,2.9087788239786363,-0.4165240727759869,-1.0515152147125306,-0.16659290914705238,-0.44721157757266283,-0.020573525997448883,2.214715042074358,-1.6858932274296947
4FGL J0810.5+6139,122.6432,61.6578,bcu,4.2817407,2.0151691,1.9012389,0.06109729,8.523271e-13,10.819014,1.0591314e-08,4.0414783e-09,2.962692e-10,1.7900055e-11,2.0760083e-11,5.9176062e-12,3.3656797e-12,4.1176548e-17,,-12.069393697717018,-7.975050156270914,-8.393459748725189,-9.52831349519889,-10.74714563435515,-10.682770914276718,-11.22785393855258,-11.472927215394666,-16.385244606377544,-0.41840959245427456,-1.134853746473702,-1.2188321391562589,0.06437472007843148,-0.5450830242758613,-0.24507327684208668,-4.912317390982878,-8.41019445010663,-5.638098972022394
4FGL J0810.9-4926,122.7287,-49.4364,bcu,4.8421807,2.4850447,2.4615722,0.07579375,2.5935345e-12,8.133714,4.3240224e-08,3.7887014e-09,8.973413e-10,1.1168672e-10,4.1958572e-11,5.6826627e-12,1.01563055e-17,1.5514599e-15,,-11.5861079688376,-7.364112064910302,-8.421509621549522,-9.047042343445186,-9.951998463135492,-10.37717930071514,-11.245448120399562,-16.992836843780402,-14.809256645726423,-1.05739755663922,-0.6255327218956648,-0.904956119690306,-0.42518083757964753,-0.8682688196844222,-5.7473887233808405,2.1835801980539795,-7.445144580816121,-4.857258182590931
4FGL J0813.4+2531,123.3556,25.5319,fsrq,4.7036057,3.2695603,3.1671388,0.18189743,2.1109418e-12,14.375155,1.2214113e-08,7.335916e-09,5.736255e-10,4.767372e-11,4.217059e-16,3.2115988e-21,4.3082598e-18,9.1360577e-17,,-11.675523738243369,-7.913138066405506,-8.134545650203494,-9.241371550737268,-10.321720958482405,-15.37498002442482,-19.879044623111994,-17.364691232702985,-16.039193632534605,-0.22140758379798786,-1.1068259005337744,-1.0803494077451372,-5.053259065942415,-4.504064598687174,2.51435339040901,1.3254976001683794,-8.1260555661291,-5.7174726740522
4FGL J0814.5-2642,123.6266,-26.7026,bcu,4.9389496,2.354406,2.1880443,0.25999582,1.4292657e-12,19.835388,7.280681e-09,4.3006085e-10,3.918979e-10,1.7128822e-10,3.6349108e-11,3.9580964e-12,2.5434256e-15,3.640641e-17,,-11.844887025471001,-8.137827996962463,-9.36647009103927,-9.406827063688299,-9.766272503704487,-10.439506242056334,-11.402513631599794,-14.594579254265657,-16.43870287001935,-1.2286420940768075,-0.04035697264902893,-0.35944544001618794,-0.673233738351847,-0.9630073895434599,-3.1920656226658632,-1.8441236157536913,-8.300874873056886,-6.672430366314861
4FGL J0816.7-2420,124.1916,-24.3427,bcu,15.098283,2.5547404,2.5728252,0.08207046,8.306325e-12,153.68752,2.1177747e-11,1.711927e-08,3.2743914e-09,4.4569523e-10,6.814885e-11,7.172139e-12,4.44493e-16,3.0547087e-13,,-11.080591079813178,-10.6741202440949,-7.766514758451322,-8.48486940900935,-9.350962013864061,-10.166541468347651,-11.14435130155675,-15.352125303582296,-12.515030183974899,2.907605485643577,-0.7183546505580285,-0.8660926048547104,-0.8155794544835899,-0.9778098332090988,-4.2077740020255465,2.8370951196073975,-1.8409099398799995,-3.1640681701108377
4FGL J0819.4+4035,124.854,40.5968,bll,6.718914,2.0253334,1.8835065,0.13187502,1.4560369e-12,17.302528,3.5480643e-09,7.169893e-10,2.5124008e-10,6.16552e-11,4.2059876e-11,9.841302e-12,9.313649e-16,1.5397178e-12,,-11.836827615678098,-8.450008518240962,-9.14448732547765,-9.599911076962377,-10.210030289053456,-10.37613201192198,-11.006947440354057,-15.030875470223751,-11.812558866689248,-0.6944788072366883,-0.4554237514847266,-0.6101192120910799,-0.16610172286852354,-0.6308154284320775,-4.023928029869694,3.218316603534504,-3.362550348448286,-1.6025285776357912
4FGL J0820.1-2801,125.0399,-28.0255,bcu,5.83915,1.5983996,1.5219992,0.19762418,1.3199721e-12,12.062108,7.0013156e-10,7.08326e-13,1.10691424e-13,1.6365543e-11,3.304063e-11,9.749878e-12,1.0197137e-11,1.6041282e-12,,-11.879435245007077,-9.154820345102996,-12.14976681045055,-12.955885986261956,-10.786069580191956,-10.480951680260313,-11.011000818138928,-10.99152174542345,-11.794760923663878,-2.994946465347555,-0.8061191758114052,2.16981640607,0.30511789993164307,-0.5300491378786152,0.01947907271547855,-0.8032391782404282,-2.639940578560882,-1.0086913434719218
4FGL J0820.6-0318,125.1514,-3.3049,bcu,4.8786063,1.9300373,1.9336236,0.006738909,1.195845e-12,15.066093,6.027416e-14,4.889515e-10,1.6818498e-11,1.0871054e-10,1.554888e-11,8.3620316e-12,4.056007e-12,1.7718235e-12,,-11.922325104347252,-13.21986876132217,-9.310734217200812,-10.774212791837474,-9.963728346932369,-10.808300887858644,-11.077688195070388,-11.391901303082589,-11.75157954003951,3.9091345441213576,-1.463478574636662,0.8104844449051054,-0.8445725409262757,-0.2693873072117441,-0.3142131080122006,-0.35967823695692047,1.4682892212826602,-1.7878511931071408
4FGL J0820.7-5758,125.182,-57.9806,bcu,4.9048576,2.7887173,2.6493793,0.25671032,2.5203442e-12,36.631664,1.0400347e-09,4.8967874e-09,1.196619e-09,1.4639866e-10,1.1957036e-11,3.9576114e-16,7.055976e-15,6.5718318e-15,,-11.598540142434674,-8.982952170536352,-8.310088750996446,-8.922044105677502,-9.83446289836592,-10.922376462825335,-15.402555878132963,-14.151442289572492,-14.182312899621332,0.6728634195399064,-0.6119553546810561,-0.9124187926884186,-1.0879135644594147,-4.480179415307628,1.2511135885604716,-0.030870610048840064,-5.1993607290849795,-4.347850001255411
4FGL J0822.4-2630,125.6172,-26.502,bcu,3.2656994,2.2323313,2.2071195,0.06124593,1.0833612e-12,14.988607,6.375917e-10,3.1376063e-15,6.237098e-10,8.444945e-12,3.082897e-11,3.058902e-12,3.4467895e-15,5.453413999999999e-19,,-11.965226718485333,-9.195457345098957,-14.503400167499064,-9.205017432064263,-11.07340317403037,-10.511040984726808,-11.514434435142784,-14.462583978726133,-18.255439949215443,-5.307942822400108,5.298382735434801,-1.8683857419661063,0.5623621893035615,-1.0033934504159756,-2.94814954358335,-3.7928559704893097,-9.059982604116486,-7.1820367751850736
4FGL J0822.9+0538,125.7327,5.6428,bcu,4.68178,1.8968624,1.7297337,0.074275754,8.9630907e-13,8.594029,7.0779245e-09,1.1882165e-09,2.3162498e-10,2.3360282e-11,1.5296372e-11,9.426096e-12,3.0812638e-12,1.0987659e-18,,-12.047542203963086,-8.150094074278883,-8.925104421145042,-9.635214605154092,-10.631521918638082,-10.815411562834345,-11.025668141024415,-11.511271116898094,-17.95516013921636,-0.7750103468661589,-0.71011018400905,-0.9963073134839906,-0.1838896441962632,-0.21025657819006938,-0.48560297587367884,-6.443889022318267,-9.805066064937478,-7.323638220578278
4FGL J0823.7-4838,125.9466,-48.641,bcu,7.4653344,2.8787642,2.8957996,0.08714168,8.81722e-12,24.977953,2.1372081e-08,2.9054153e-08,2.60057e-09,3.025693e-10,4.229876e-11,1.9460113e-12,1.8855212e-15,2.0709648000000006e-21,,-11.054668322422325,-7.670153188513523,-7.536791780792532,-8.584931451749206,-9.519175139474207,-10.373672363800086,-11.710854639989396,-14.724566276901571,-19.918258016516518,0.13336140772099103,-1.0481396709566742,-0.9342436877250009,-0.854497224325879,-1.33718227618931,-3.0137116369121753,-5.1936917396149465,-12.248104828002994,-10.39908287704231
4FGL J0824.7-1035,126.1901,-10.5985,bcu,2.6843314,2.628398,2.335527,0.24428084,1.3063373e-12,17.411045,4.9567954e-09,1.565983e-13,4.1794762e-10,1.15121176e-10,9.959533e-13,8.0746993e-20,1.1124378e-12,1.1603447e-19,,-11.883944669188669,-8.304799006953328,-12.805212929133981,-9.378878143502588,-9.938844782552644,-12.001761020697433,-19.042167756871944,-11.953724258575138,-18.899510660569227,-4.500413922180654,3.4263347856313935,-0.5599666390500566,-2.0629162381447887,-7.040406736174511,7.088443498296806,-6.94578640199409,-10.5947116536159,-8.960665878016583
4FGL J0825.9-3218,126.4796,-32.3075,bcu,16.99692,2.6511292,2.6007383,0.19423823,9.488165e-12,108.708305,1.8148949e-08,1.6025275e-08,4.4459783e-09,5.04866e-10,7.185909e-11,7.786933e-13,3.5010486e-18,3.0749813e-16,,-11.022817771038275,-7.741148519758013,-7.7951945090814,-8.352032661342136,-9.296823875700307,-10.143518286799306,-12.108633556448792,-17.45456315898075,-15.512143397717953,-0.05404598932338622,-0.5568381522607364,-0.9447912143581707,-0.8466944110989996,-1.9651152696494858,-5.3459296025319585,1.9424197612627978,-7.770994877959939,-6.215319522017646
4FGL J0825.9-2230,126.4991,-22.5055,bll,102.10135,2.0073147,1.9208462,0.057467896,5.007287e-11,388.63098,3.7095436e-08,2.5048225e-08,1.12811875e-08,3.4926213e-09,1.3510276e-09,3.2637648e-10,7.637404e-11,1.7086623e-12,,-10.300397515575632,-7.430679520086845,-7.601223044248379,-7.947645182484139,-8.456848501746295,-8.869335778728075,-9.486281145781886,-10.117054235616557,-11.767343760213636,-0.17054352416153407,-0.3464221382357602,-0.5092033192621557,-0.4124872769817802,-0.6169453670538108,-0.6307730898346708,-1.6502895245970794,-4.336664240126791,-3.3104952584673413
4FGL J0827.6-3735,126.9137,-37.5918,bcu,7.3678584,2.8619065,2.9056122,0.31442562,8.574329e-12,74.80061,3.6081765e-08,1.584288e-08,4.190245e-09,3.536327e-10,8.14374e-12,1.06051906e-13,2.350543e-15,3.6181466e-15,,-11.066799855968137,-7.442712226367997,-7.800165867290729,-8.37776058346766,-9.451447583089717,-11.089176099696008,-12.974481480841803,-14.62882995194306,-14.441512640062154,-0.35745364092273224,-0.5775947161769315,-1.0736869996220566,-1.6377285166062912,-1.8853053811457947,-1.6543484711012564,0.18731731188090528,-6.998800413694157,-4.990065056972437
4FGL J0828.7-2422,127.1802,-24.3744,bll,7.092465,2.0896857,1.9846017,0.12186821,1.9924993e-12,18.722517,4.765693e-12,2.0640722e-09,3.4375383e-10,1.15558944e-10,5.813278e-11,8.292461e-12,8.3932687e-13,2.881745e-13,,-11.700601820327456,-11.321873936886133,-8.68527511541812,-9.46375245434585,-9.937196435439171,-10.235578907834364,-11.081316561796019,-12.076068868095353,-12.540344436623785,2.636598821468013,-0.7784773389277291,-0.47344398109332175,-0.29838247239519333,-0.8457376539616543,-0.9947523062993344,-0.4642755685284321,-1.218470499737652,-2.603148001184614
4FGL J0829.4+4019,127.3581,40.3189,bcu,8.268681,2.3457377,2.2976782,0.050017145,2.1866048e-12,29.015026,3.437388e-09,1.2692943e-09,5.698966e-10,1.4218028e-10,3.804293e-11,6.2078094e-12,1.6256769e-12,6.455268999999999e-19,,-11.660229700887742,-8.463771443494787,-8.896437670220658,-9.244203934009324,-9.847160634806908,-10.419726041730126,-11.207061625102947,-11.78896576264514,-18.183409482033607,-0.4326662267258712,-0.3477662637886656,-0.6029567007975842,-0.5725654069232178,-0.7873355833728208,-0.5819041375421925,-6.394443719388468,-9.71963803853882,-8.336248847226699
4FGL J0830.1-0946,127.5427,-9.7728,bcu,7.621814,1.8769256,1.764853,0.100129224,1.6495276e-12,22.836252,8.041904e-11,1.2499123e-09,1.9647103e-10,8.510897e-11,3.0848775e-11,1.9494559e-11,5.7246673e-12,7.623627500000001e-22,,-11.782640410782298,-10.094641115526171,-8.903120458158261,-9.70670147803326,-10.070024665290855,-10.510762076913077,-10.710086584620123,-11.242249747351305,-19.968092373963163,1.19152065736791,-0.8035810198749989,-0.3633231872575955,-0.44073741162222113,-0.1993245077070469,-0.532163162731182,-8.725842626611858,-9.873451258436992,-9.898067708672308
4FGL J0833.0+3300,128.261,33.0138,bll,5.852578,1.7195909,1.6552315,0.15590094,1.1734572e-12,21.321188,6.99426e-09,2.2069072e-14,2.4657698000000002e-17,6.65728e-11,2.8793235e-11,5.8016786e-12,8.74911e-12,6.39884e-19,,-11.930532742281578,-8.155258227549956,-13.656215731660556,-16.60787137716386,-10.176703176512063,-10.54070953803738,-11.236446333059984,-11.05803612268103,-18.18716415513517,-5.5009575041106,-2.9516556455033047,6.431168200651797,-0.3640063615253162,-0.6957367950226043,0.17841021037895466,-7.129128032454142,-10.031905927585216,-8.010460978623108
4FGL J0835.0+6243,128.7684,62.7193,bcu,4.1866403,2.9687366,2.9514575,0.15295675,1.6927508e-12,9.158851,4.2587184e-12,5.8034173e-09,6.416466e-10,1.1583071e-11,5.3279733e-12,8.148617e-13,2.5845969999999998e-20,2.067261e-14,,-11.771406969715771,-11.370721074888948,-8.236316199972142,-9.192704102653634,-10.936176281206437,-11.2734379593912,-12.088916089026746,-19.445559663012702,-13.684604478407293,3.1344048749168056,-0.9563879026814917,-1.7434721785528033,-0.33726167818476327,-0.8154781296355456,-7.356643573985956,5.760955184605409,-2.3138834035183447,-2.7484281972008553
4FGL J0835.8+1517,128.9613,15.2955,bll,4.847881,2.4159205,2.406562,0.038062517,1.5918095e-12,23.475918,1.920252e-13,5.70547e-10,7.798127e-10,6.4781756e-11,2.2207229e-11,2.7867717e-12,4.1185186e-18,7.7127136e-15,,-11.798108905006444,-12.716641751269538,-9.243708573850087,-9.108009696181439,-10.188547283940585,-10.653505628788052,-11.554898606869079,-17.384205754459334,-14.112792232120647,3.472933177419451,0.13569887766864852,-1.0805375877591459,-0.46495834484746723,-0.9013929780810273,-5.829307147590255,3.271413522338687,-1.3961504808511087,-3.9242449481800623
4FGL J0835.9-2120,128.9862,-21.3456,bcu,4.0776114,1.8747994,1.9680374,-0.06429207,8.400662e-13,14.049184,6.173081e-11,3.658566e-09,1.7462162e-10,3.6157567e-11,8.607546e-12,8.212761e-12,3.4829067e-12,1.4071685e-12,,-12.075686483575659,-10.209498024335899,-8.43668910594927,-9.757901987035027,-10.44180080025642,-11.065120647178537,-11.085510814887087,-11.45805815800654,-11.851653892202,1.7728089183866285,-1.3212128810857564,-0.6838988132213935,-0.6233198469221168,-0.020390167708550067,-0.3725473431194537,-0.39359573419545946,-1.6421558678661015,-1.40985309194558
4FGL J0836.0-8015,129.0037,-80.2565,bcu,5.032773,1.693763,1.4949082,0.13677314,7.63337e-13,18.233454,8.558232e-13,2.0918532e-14,1.3658677e-10,4.981708e-11,7.086136e-12,5.7304435e-12,7.58403e-12,5.574327e-25,,-12.117283680564666,-12.067615939588194,-13.67946858861073,-9.864591365002308,-10.302621731892023,-11.1495905161539,-11.241811764334223,-11.120099957163712,-19.999975791680153,-1.611852649022536,3.8148772236084216,-0.43803036688971453,-0.8469687842618772,-0.09222124818032285,0.12171180717051122,-8.879875834516442,-7.93235985209196,-9.69735405978813
4FGL J0837.4+2454,129.3682,24.9004,fsrq,4.6237197,2.720763,2.7022567,0.022076415,1.8971944e-12,13.243206,3.3369343e-08,3.4270724e-09,7.257918e-10,5.5683232e-11,2.1205886e-11,1.1241936e-15,3.2703863000000003e-16,7.349908e-16,,-11.721888163647897,-7.476652343967897,-8.465076720608739,-9.139187942763357,-10.254275565003601,-10.67354357742661,-14.949155028314001,-15.485387665778878,-15.133712188214586,-0.9884243766408414,-0.6741112221546182,-1.1150876222402442,-0.41926801242300904,-4.275611450887391,-0.5362326374648774,0.3516754775642923,-7.657059844246689,-4.879436623210985
4FGL J0840.1-0225,130.0394,-2.4326,bcu,6.08323,1.5085825,1.498325,0.04589606,9.54792e-13,26.143017,9.845994e-09,5.807306e-14,2.3480014e-15,3.2545213e-11,2.093505e-11,6.9456992e-12,5.539823e-12,3.651984e-12,,-12.020091223962968,-8.006740433215239,-13.23602521462765,-14.629299798844748,-10.487512881634316,-10.67912599732154,-11.158284028146726,-11.256504110182801,-11.437471132666754,-5.229284781412412,-1.3932745842170977,4.141786917210432,-0.1916131156872236,-0.47915803082518593,-0.09822008203607524,-0.18096702248395324,-3.430730699451516,-0.949958251032438
4FGL J0840.9-7044,130.2395,-70.7487,bcu,3.7538311,2.4575984,2.4478374,-0.04292834,1.3854598e-12,15.657282,1.5521806e-11,3.961688e-09,5.154449e-10,4.453835e-11,2.002703e-11,1.1980397000000002e-16,2.7303212e-12,6.595448500000001e-16,,-11.858406067895741,-10.809057748635478,-8.402119730011371,-9.287817753077997,-10.351265876094649,-10.698383451400652,-15.92149254137747,-11.563786257162741,-15.180749081752491,2.406938018624107,-0.8856980230666256,-1.0634481230166521,-0.34711757530600273,-5.223109089976818,4.3577062842147285,-3.6169628245897503,-4.371691333117013,-4.8294832056578425
4FGL J0841.0-2744,130.263,-27.7468,bcu,4.5994563,2.6767998,2.872364,0.24648772,2.6897924e-12,19.440237,7.4256734e-10,5.357663e-09,1.1152432e-09,1.279993e-10,7.287327e-12,1.3098769e-14,1.5217557e-14,4.0702534e-15,,-11.570281236231926,-9.129264156059707,-8.271024607233771,-8.952630416108885,-9.892792405372644,-11.137431741597476,-13.882769185128687,-13.81765477745626,-14.390377485255105,0.8582395488259351,-0.6816058088751138,-0.9401619892637587,-1.2446393362248322,-2.745337443531211,0.06511440767242682,-0.5727227077988442,-5.261113329195398,-4.497585079882461
4FGL J0841.3-3554,130.3406,-35.9041,bll,38.432007,1.8228648,1.5522588,0.18887036,1.359741e-11,44.511967,8.619556e-09,2.1157492e-10,1.1474516e-09,7.050441e-10,4.3677473e-10,1.6818737e-10,3.1833123e-11,8.810483000000001e-17,,-10.866543806738918,-8.064515104443485,-9.674535814646351,-8.940265624127859,-9.151783717346193,-9.359742496069533,-9.774206620553034,-10.497120752535858,-16.054950992324038,-1.6100207102028659,0.7342701905184921,-0.21151809321833426,-0.20795877872333968,-0.41446412448350145,-0.7229141319828241,-5.55783023978818,-7.990435887880553,-6.903167274977845
4FGL J0843.0-0853,130.7739,-8.8878,bcu,4.003971,2.590437,2.4766057,0.23983768,1.5612126e-12,30.641653,3.667539e-09,1.6763018e-09,6.829634e-10,1.01585795e-10,7.0415943e-12,4.8703073e-12,1.0295088e-17,3.6721806e-16,,-11.806537949556239,-8.435625259243622,-8.775647788641662,-9.16560256952432,-9.993167016265446,-11.152328999715094,-11.312443634508883,-16.986948295223804,-15.43506414163863,-0.34002252939803945,-0.38995478088265934,-0.8275644467411247,-1.159161983449648,-0.16011463479378918,-5.674504660714922,1.5518841535851742,-6.999438882395008,-5.441897125373185
4FGL J0843.1+5034,130.7877,50.5741,bll,4.666768,1.6759331,1.4689591,0.15392125,5.4330124e-13,11.941535,5.8438907e-09,1.5617501e-12,6.156545e-11,1.7834076e-11,1.1639784e-12,9.9481265e-12,1.2138362e-12,1.4354933e-12,,-12.264959295762381,-8.23329791539798,-11.806388454792927,-10.210662941723887,-10.748749386698686,-11.934055075102645,-11.002258700458238,-11.91583991119501,-11.842998827156924,-3.573090539394947,1.5957255130690395,-0.5380864449747982,-1.1853056884039592,0.9317963746444065,-0.9135812107367709,0.07284108403808531,-3.609700911758944,-1.0942494404582384
4FGL J0844.9-5458,131.2478,-54.9721,bll,44.07962,2.1179607,2.0224688,0.07147242,1.7054398e-11,20.895359,4.570202e-09,1.3140752e-08,4.4460244e-09,1.2678847e-09,4.4148565e-10,1.0014778e-10,1.5483856e-11,2.1992160000000006e-17,,-10.768163605810926,-8.34006460396715,-7.881379780886606,-8.35202815820009,-8.896920238903967,-9.355083408106243,-9.999358673330892,-10.810120875996406,-16.657534681449025,0.45868482308054404,-0.4706483773134842,-0.5448920807038764,-0.45816316920227607,-0.6442752652246497,-0.8107622026655132,-5.84741380545262,-8.317470077481875,-7.760614442545059
4FGL J0845.7-5556,131.4473,-55.949,fsrq,12.293074,2.2745543,2.274689,-0.003007579,4.690326e-12,2.287864,3.1038026e-12,5.3895963e-09,1.3529307e-09,3.1707398e-10,6.26803e-11,1.7701434e-11,4.601135e-12,1.3109829e-12,,-11.328796969774599,-11.508105906007158,-8.268443763801027,-8.868724448320371,-9.498839395947469,-10.202868933512068,-10.751991549604114,-11.337135023149516,-11.882402969744755,3.2396621422061305,-0.600280684519344,-0.6301149476270975,-0.7040295375645993,-0.5491226160920455,-0.5851434735454024,-0.5452679465952386,-0.37429706373759686,-2.383563573797286
4FGL J0846.5-2609,131.6416,-26.16,bcu,8.276408,2.5290966,2.5526552,0.29386246,2.708087e-12,15.652924,3.6965764e-11,4.229189e-09,1.0391239e-09,2.8730213e-10,1.2733137e-11,4.1474554e-12,4.3982e-15,1.3053583e-15,,-11.56733738601503,-10.43220031335668,-8.373742906050238,-8.983332666222843,-9.541661154209374,-10.895064587839181,-11.382218274452498,-14.356724038353157,-14.88426693806431,2.0584574073064417,-0.6095897601726055,-0.5583284879865307,-1.3534034336298078,-0.4871536866133166,-2.974505763900659,-0.5275428997111522,-4.45206662470763,-5.3426057838549355
4FGL J0848.7-6942,132.1811,-69.7133,bcu,4.125908,1.7173808,1.5409327,0.11878821,6.454371e-13,17.306484,6.859187e-11,5.727552e-10,1.8550264e-10,7.5016827e-13,1.620626e-11,3.3267633e-12,3.3475746e-12,2.4676428e-12,,-12.190146068053755,-10.163727356873931,-9.242030959187195,-9.731649905274722,-12.124841303438041,-10.79031719763905,-11.477978096882172,-11.475269734749054,-11.607717703987511,0.9216963976867358,-0.48961894608752665,-2.393191398163319,1.334524105798991,-0.6876608992431219,0.002708362133118314,-0.13244796923845747,-1.44399034711358,0.5171235994505299
4FGL J0848.9+0205,132.2375,2.087,bll,5.38826,2.3589947,2.3351207,0.0239303,1.6648651e-12,7.563434,5.711918e-13,1.2596321e-09,6.396338e-10,7.778205e-11,2.9485955e-11,6.0576375e-12,2.7358130000000006e-17,4.979032e-17,,-11.778620947956941,-12.243218028292993,-8.899756280490577,-9.194068595004007,-10.109120614848905,-10.530384801450483,-11.217696718477065,-16.562754875897365,-16.302767866601975,3.343461747802417,-0.2943123145134301,-0.9150520198448984,-0.4212641866015776,-0.687311917026582,-5.345058157420301,0.25998700929539,-4.059549838308982,-6.19364725175307
4FGL J0849.4-2911,132.3511,-29.1863,bcu,14.445695,2.1382933,2.1057982,0.03652755,4.598685e-12,48.839394,4.7954787e-15,5.489511e-09,1.1357364e-09,2.881673e-10,8.0143975e-11,3.4433036e-11,3.1490713e-12,9.1489637e-17,,-11.337366336697716,-14.319167128034831,-8.2604663403324,-8.944722454985248,-9.540355302602332,-10.096129121073567,-10.463024683241876,-11.501817504752832,-16.038580628875735,6.058700787702431,-0.6842561146528485,-0.5956328476170842,-0.5557738184712342,-0.36689556216830965,-1.038792821510956,-4.536763124122903,-1.7194135008409042,-6.498225326273403
4FGL J0849.8-3541,132.4516,-35.6877,bcu,24.393354,2.346873,2.2371776,0.10179996,1.08546045e-11,168.99345,1.8533848e-08,1.4456964e-08,3.3425247e-09,9.780108e-10,1.9141808e-10,1.8079998e-11,6.1784015e-12,1.5947123e-15,,-10.96438599554016,-7.732034403040793,-7.839922900435619,-8.47592537477999,-9.009656349344453,-9.71801704420944,-10.742801621661876,-11.209123872028194,-14.797314932718262,-0.10788849739482576,-0.6360024743443713,-0.5337309745644632,-0.7083606948649859,-1.0247845774524365,-0.4663222503663178,-3.588191060690068,-7.065280529677469,-5.787658583373808
4FGL J0851.9-5229,132.993,-52.4977,bcu,7.033854,2.4138052,2.315357,0.12468821,4.8551467e-12,33.09635,2.5998537e-09,2.1041966e-09,1.7171732e-09,1.6422495e-10,8.695644e-11,1.7684885e-11,4.3446643e-17,1.2915774e-16,,-11.313797642299587,-8.585051090131499,-8.676913685473323,-8.76518589819085,-9.784560861659227,-10.060698248540673,-10.752397759693439,-16.36194382571191,-15.888845939045277,-0.09186259534182462,-0.08827221271752705,-1.0193749634683762,-0.2761373868814463,-0.6916995111527662,-5.609546066018472,0.47309788666663444,-7.303794848913778,-6.10428507738605
4FGL J0851.9+4845,132.9934,48.7566,bcu,7.0117435,2.5068972,2.4872139,0.06333447,3.6156425e-12,63.74754,2.0494468e-12,6.5639982e-09,1.213352e-09,2.368008e-10,3.857381e-11,2.6943885e-12,3.7091726e-16,1.2928731e-14,,-11.441814516141752,-11.688363348595711,-8.18283154671185,-8.916013189664854,-9.625616834722168,-10.413707462907382,-11.569539782189885,-15.430711248546457,-13.888443764630386,3.505531801883862,-0.7331816429530047,-0.7096036450573138,-0.7880906281852145,-1.1558323192825029,-3.8611714663565717,1.5422674839160706,-2.200080416034675,-4.262826929908218
4FGL J0852.5-5755,133.1418,-57.9304,bcu,60.83401,2.3011653,2.2070198,0.092931665,2.8926125e-11,1577.2587,6.21138e-08,2.6881262e-08,1.02165245e-08,2.3668143e-09,5.3239846e-10,8.288594e-11,8.827826e-12,3.98067e-16,,-10.538709741239348,-7.206811900660215,-7.570550346229266,-7.990696819188956,-8.625835815431584,-9.27376320941473,-10.081519132826571,-11.054146235052922,-15.40003291425625,-0.36373844556905066,-0.42014647295969,-0.6351389962426284,-0.6479273939831458,-0.8077559234118414,-0.9726271022263511,-4.345886679203328,-8.193221013596036,-6.774197098824667
4FGL J0852.9-3824,133.2476,-38.4025,bcu,4.4227896,2.5519,2.4577382,0.08442676,3.0627326e-12,22.753933,2.9034386e-10,9.3592085e-09,9.2637115e-10,1.2572914e-10,4.192296e-11,3.5290724e-12,8.204265e-17,9.00531e-17,,-11.513890917352919,-9.537087353691174,-8.02876087760941,-9.033214978645308,-9.900564055019855,-10.377548061171616,-11.45233943063385,-16.085907388263635,-16.045453108564253,1.5083264760817645,-1.0044541010358987,-0.8673490763745466,-0.4769840061517616,-1.0747913694622344,-4.633567957629785,0.04045427969938231,-6.508365754873079,-6.144889053544398
4FGL J0853.1-3657,133.2934,-36.9565,bcu,27.132502,1.9586886,1.8493813,0.06344005,1.0344038e-11,11.015191,2.2134468e-08,7.2274636e-10,1.7226092e-09,6.0631017e-10,2.8831082e-10,7.8401376e-11,3.5342687e-11,1.5234245e-12,,-10.985309892274712,-7.6549309117893385,-9.14101408690262,-8.763813237659205,-9.21730514701791,-9.540139058678527,-10.105676315015742,-10.451700435325732,-11.817179061429965,-1.486083175113282,0.37720084924341535,-0.4534919093587053,-0.3228339116606165,-0.5655372563372154,-0.3460241203099894,-1.3654786261042329,-4.162248149640626,-2.599873914412054
4FGL J0856.4-5309,134.1229,-53.1638,bcu,6.4200506,2.201149,2.190635,0.008662681,2.7217853e-12,13.909256,5.485379e-10,8.1709635e-09,7.5489354e-10,1.6846106e-10,3.698158e-11,1.3445878e-11,4.317166e-12,1.528379e-17,,-11.565146134224337,-9.26079336043828,-8.08772672950604,-9.122114291081045,-9.773500470918341,-10.432014537877611,-10.871410833273485,-11.364801250894178,-16.81548487743121,1.1730666309322402,-1.0343875615750058,-0.6513861798372957,-0.6585140669592704,-0.43939629539587344,-0.49339041762069336,-5.450683626537032,-7.55469151699293,-7.041984406512869
4FGL J0857.7+0137,134.4279,1.6254,bll,6.347662,2.3223085,2.3732066,0.1665239,1.915861e-12,4.800542,3.741636e-12,2.9957543e-09,5.775334e-10,1.1913034e-10,3.334859e-11,3.192943e-13,2.1388593e-17,1.8981242e-12,,-11.717636000883545,-11.426938463371886,-8.523493808637975,-9.238422894517047,-9.923977618694453,-10.476922523481212,-12.495808820757832,-16.669614781437,-11.721675371491147,2.903444654733912,-0.7149290858790724,-0.6855547241774058,-0.5529449047867594,-2.0188862972766195,-4.17380596067917,4.947939409945855,-0.2947369081192601,-1.7976977527966937
4FGL J0858.0-3130,134.5063,-31.5076,bll,12.181055,1.8881328,1.8351264,0.056023963,3.5131921e-12,26.586279,7.586044e-15,2.4973585e-09,4.333649e-10,1.5673048e-10,8.1661476e-11,2.8095927e-11,1.43683225e-11,3.3720554e-16,,-11.454298101266405,-14.119984070172833,-8.602519109470654,-9.36314626687241,-9.804846536314356,-10.087982774581953,-10.551356634019841,-10.842593932434745,-15.472092419869538,5.5174649607021795,-0.7606271574017569,-0.4417002694419452,-0.2831362382675966,-0.46337385943788867,-0.2912372984149041,-4.629498487434793,-1.3521083496967048,-5.667245883555182
4FGL J0859.2+0047,134.8184,0.7865,bll,5.598409,1.7719414,1.5090753,0.20397024,1.2801903e-12,15.743216,2.3694375e-11,1.7838843e-13,2.64617e-10,4.3622307e-11,3.406874e-11,1.0428645e-11,7.2497694e-12,5.98316e-16,,-11.892725464383984,-10.62535474226266,-12.748633292375118,-9.577382258510672,-10.360291370045296,-10.467643927976678,-10.981772115629834,-11.139675806609308,-15.223062124667248,-2.123278550112458,3.1712510338644453,-0.7829091115346234,-0.10735255793138165,-0.5141281876531565,-0.15790369097947377,-4.08338631805794,-4.597707382404588,-4.862770754621952
4FGL J0859.4+8345,134.867,83.7558,bll,4.2861476,1.7335976,1.6609824,0.11871781,4.843867e-13,14.671006,5.629703e-09,7.6426597e-16,9.8371665e-11,7.515411e-12,1.3568841e-11,5.165541e-12,1.2794447599999998e-17,1.2616727e-12,,-12.314807780997283,-8.24951451613606,-15.116749795080029,-10.00712997780752,-11.124047263314738,-10.867457246257553,-11.286884186176666,-16.89263915280247,-11.899053290635196,-6.867235278943969,5.10961981727251,-1.1169172855072187,0.2565900170571851,-0.41942693991911284,-5.605754966625804,4.993585862167274,-3.6495387744991366,-0.7750060273204582
4FGL J0902.5-4801,135.6467,-48.0226,bcu,7.3388877,2.6889753,2.9754155,0.37388512,1.1044963e-11,10.02633,3.652972e-10,8.507487e-09,5.170828e-09,7.5687034e-10,6.2034225e-11,3.382354e-14,1.3573121e-15,2.5326892e-13,,-10.956835734258801,-9.437353656627028,-8.070198705861683,-8.286439908155005,-9.120978513420946,-10.207368639018135,-13.47078081233556,-14.867317079640618,-12.596418084418628,1.3671549507653449,-0.21624120229332178,-0.8345386052659407,-1.0863901255971893,-3.263412173317425,-1.3965362673050574,2.270898995221989,-3.1590644277916002,-3.4754395709976826
4FGL J0903.5+2847,135.8936,28.7935,bll,4.1420765,2.519664,2.3583896,0.14247634,1.3578135e-12,17.305992,9.337998e-09,4.2842876e-09,3.1431713e-10,7.667123e-11,2.2896303e-11,1.6547221e-19,2.315048e-18,7.280000400000001e-16,,-11.867159874488214,-8.029746223421354,-8.368121383100469,-9.502631949666187,-10.115367569451855,-10.64023463608691,-18.755791654122973,-17.633568076786954,-15.137862631282387,-0.33837515967911536,-1.1345105665657176,-0.6127356197856688,-0.5248670666350552,-8.115557018036062,1.122223577336019,2.4957054455045675,-7.108116407861033,-5.022495061830531
4FGL J0904.5-3513,136.1404,-35.2308,bcu,12.569874,2.583127,2.4577713,0.15995854,6.4305857e-12,154.44624,2.06201e-08,1.2215584e-08,2.2064304e-09,5.0661203e-10,5.445266e-11,2.976485e-12,1.5861696e-12,1.8034255e-12,,-11.19174946890527,-7.685709232876595,-7.913085765537128,-8.656309767454646,-9.295324501665627,-10.263980900124038,-11.52629630027523,-11.799650375184465,-11.743901791390567,-0.22737653266053304,-0.7432240019175183,-0.6390147342109813,-0.9686563984584105,-1.2623154001511931,-0.2733540749092338,0.05574858379389802,-4.058192558513972,-2.4485772897249394
4FGL J0904.9-5734,136.2315,-57.5833,bcu,177.62144,2.2176414,2.1528542,0.058547333,1.376291e-10,15892.668,1.4732542e-07,1.2786658e-07,4.402327e-08,1.0532269e-08,2.705571e-09,4.744356e-10,9.059898e-11,1.1914915e-11,,-9.861289730071446,-6.831722312130476,-6.893242950581283,-7.3563177016687336,-7.977478057301625,-8.567741064759318,-9.323822730462052,-10.042876691710848,-10.92390905116223,-0.061520638450806686,-0.46307475108745066,-0.6211603556328917,-0.5902630074576924,-0.7560816657027338,-0.7190539612487967,-0.8810323594513818,-4.092186739031754,-2.946430993860605
4FGL J0906.7+4950,136.6943,49.8499,fsrq,4.472897,2.4125972,2.377897,0.022809746,9.741274e-13,29.073002,8.71582e-13,1.00670194e-10,3.5908193e-10,3.619501e-11,2.0924389e-11,1.1902984e-12,4.497252e-15,1.0904504e-12,,-12.011384236302966,-12.059691742444095,-9.997099094422374,-9.444806449216452,-10.441351298928138,-10.679347214503618,-11.924344146532022,-14.347051810710964,-11.962394079881758,2.0625926480217203,0.552292645205922,-0.996544849711686,-0.23799591557548005,-1.2449969320284033,-2.422707664178942,2.384657730829206,0.09729766256233674,-1.5210427809536196
4FGL J0907.1+0856,136.7897,8.9489,bll,3.984595,2.0887058,1.5601702,0.3676322,1.0413727e-12,10.589989,3.0662089e-13,2.4674274e-09,1.2702338e-10,3.6453503e-11,3.4008726e-11,6.795251e-12,1.3786890599999998e-17,5.1131523e-20,,-11.982393807543469,-12.513398245941792,-8.607755616870644,-9.89611633514787,-10.438260731685814,-10.468409636729145,-11.167794496217068,-16.860218779353808,-19.21373478428127,3.9056426290711475,-1.2883607182772252,-0.5421443965379442,-0.030148905043331453,-0.6993848594879228,-5.69242428313674,-2.3535160049274637,-6.70033653833948,-8.775474052595458
4FGL J0907.8-1002,136.9521,-10.0466,bcu,4.241082,2.0983994,2.086197,-0.04337507,1.1465632e-12,12.379854,7.710385e-13,5.3073773e-10,4.0823198e-10,7.028076e-11,1.3371121e-11,4.346624e-12,3.4264364e-12,1.7299967e-12,,-11.940601997630527,-12.112923930298162,-9.275120037389089,-9.389092976597281,-10.153163550728756,-10.873832180767309,-11.36184792535885,-11.465157323686764,-11.761954722784617,2.837803892909074,-0.11397293920819251,-0.764070574131475,-0.7206686300385527,-0.4880157445915412,-0.10330939832791408,-0.2967973990978532,0.3509692075135451,-1.6087911720558612
4FGL J0908.5-8751,137.1494,-87.8662,bcu,6.293156,2.9054148,2.8959444,0.05160531,3.1568474e-12,28.6995,2.6208868e-08,7.3617588e-09,1.2586666e-09,7.423483e-11,2.5424983e-12,4.07357e-12,1.5475422e-16,4.444317e-16,,-11.500746409744325,-7.581551736472932,-8.133018415840821,-8.900089292093067,-10.129392281620985,-11.594739327080898,-11.3900248153309,-15.810329436758193,-15.352185199888067,-0.5514666793678895,-0.7670708762522462,-1.229302989527918,-1.4653470454599127,0.204714511749998,-4.420304621427293,0.45814423687012606,-7.770633463415136,-5.222792918267082
4FGL J0909.1+6647,137.2797,66.7864,bcu,5.4707613,2.060687,2.0669734,-0.0073488983,9.242537e-13,8.5372095,1.2487283e-10,5.3859118e-12,2.7439834e-10,6.0073405e-11,1.3682982e-11,4.8929623e-12,2.5637133e-12,2.8031795e-15,,-12.034208797471877,-9.903532045695862,-11.268740762091223,-9.561618520249096,-10.221317751186591,-10.863819244037197,-11.310428129554197,-11.591130541885814,-14.552347542260229,-1.3652087163953617,1.7071222418421268,-0.6596992309374947,-0.6425014928506059,-0.4466088855169996,-0.2807024123316175,-2.9612170003744147,-4.648815496564367,-4.331029791073638
4FGL J0911.0-5047,137.7507,-50.7966,bcu,6.597881,2.5165796,2.548069,0.042857274,8.498457e-12,33.8212,3.768822e-10,2.0003311e-08,3.3491008e-09,4.0062148e-10,7.1260595e-11,2.52448e-11,5.0043682e-14,1.5730851e-16,,-11.070659918153016,-9.423794373614298,-7.698898112834978,-8.475071781027072,-9.397265768972238,-10.147150555708258,-10.597828065447697,-13.300650657490221,-15.803220175546313,1.7248962607793201,-0.7761736681920945,-0.9221939879451657,-0.7498847867360201,-0.4506775097394389,-2.7028225920425246,-2.5025695180560916,-6.379425801932015,-6.405954406574075
4FGL J0912.2+3004,138.0563,30.0779,bcu,4.38687,2.2495687,2.169355,0.08151728,1.136324e-12,7.214272,5.3209828e-09,7.447697e-12,1.8613587e-10,9.873098e-11,1.1273892e-11,8.059711e-12,6.93181e-16,3.47837e-17,,-11.944497816783963,-8.274008144922828,-11.127977999798151,-9.730169926459293,-10.005546552129863,-10.947926129502147,-11.093680530032675,-15.15914708455551,-16.458499385447848,-2.8539698548753236,1.397808073338858,-0.2753766256705692,-0.9423795773722841,-0.14575440053052802,-4.0654665545228355,-1.2993523008923376,-8.18449124052502,-6.452952833317985
4FGL J0913.9+1732,138.4922,17.5342,bcu,4.192244,2.343264,2.3671598,-0.0352729,1.2079634e-12,11.55618,8.575601e-09,1.9321746e-09,4.1032558e-10,2.6107252e-11,2.027647e-11,9.686249e-12,2.8669876e-15,3.8692542999999997e-20,,-11.917946220578928,-8.066735433752644,-8.713953631339413,-9.38687140793949,-10.583238838621343,-10.69300765035534,-11.013844370486789,-14.542572670606773,-19.312537543547602,-0.6472181975867688,-0.6729177766000767,-1.1963674306818533,-0.1097688117339981,-0.3208367201314477,-3.528728300119985,-4.769964872940829,-11.245802109794958,-8.72929870492626
4FGL J0915.1-3738,138.7886,-37.642,bcu,5.2149906,2.1441097,1.9945229,0.20942424,1.7719754e-12,17.739098,7.926879e-11,1.396447e-09,1.2454976e-10,1.3402777e-10,4.1423365e-11,4.1189547e-12,1.363147e-12,1.7107222e-18,,-11.751542309184526,-10.100897770997856,-8.854975542626772,-9.904657104951506,-9.872805208257654,-10.38275462427611,-11.385212983305836,-11.865457304701708,-17.764289238182265,1.245922228371084,-1.049681562324734,0.031851896693851245,-0.5099494160184559,-1.0024583590297258,-0.4802443213958725,-5.898831933480556,-7.663391467184409,-7.8914840299246105
4FGL J0918.9-0625,139.7281,-6.4178,bcu,7.394333,2.3539677,2.2924192,0.221187,2.2419339e-12,21.562237,9.004005e-11,2.5905078e-09,7.4237677e-10,1.712032e-10,2.0702358e-11,6.4199037e-12,3.1174621000000003e-16,2.5965033e-12,,-11.649377194125242,-10.045564272455824,-8.586615095715713,-9.12937562624813,-9.766488122055495,-10.68398018534463,-11.192471485720752,-15.506184886873088,-11.585611119433716,1.458949176740111,-0.5427605305324175,-0.6371124958073651,-0.917492063289135,-0.5084913003761216,-4.313713401152336,3.9205737674393717,-1.5400468469778925,-1.819122997378221
4FGL J0919.3-2202,139.8482,-22.0472,bcu,6.0153804,1.9078759,1.7440535,0.17414735,1.3576476e-12,14.595338,3.510358e-09,8.055543e-10,7.4175875e-14,8.922914e-11,3.0711943e-11,1.5179857e-11,3.4501476000000004e-16,1.06283865e-13,,-11.867212940580089,-8.45464859022919,-9.093905179763832,-13.129737263368739,-10.049493292721852,-10.512692706779733,-10.818732319353611,-15.462149737548394,-12.973532620046115,-0.6392565895346412,-4.035832083604907,3.0802439706468867,-0.4631994140578808,-0.306039612573878,-4.643417418194783,2.4886171175022795,-4.518884029816924,-2.9240393273242624
4FGL J0920.2-3835,140.0695,-38.5999,bcu,5.8857374,2.0248291,2.0291538,-0.011124882,1.7383869e-12,8.8546505,1.4618924e-08,1.3201916e-11,6.483487e-10,1.0664032e-10,2.177496e-11,1.1693392e-11,4.1128967e-12,3.0215115e-13,,-11.75985355689932,-7.835084591677419,-10.879363034537741,-9.188191355612496,-9.97207856034618,-10.662042633907086,-10.932059490759244,-11.38585219708949,-12.519775734095877,-3.044278442860322,1.6911716789252456,-0.7838872047336842,-0.6899640735609065,-0.27001685685215726,-0.4537927063302458,-1.1339235370063871,-4.684691142418457,-2.5476971737496967
4FGL J0920.3-0443,140.1,-4.7311,bcu,7.183488,2.6654203,2.6583564,0.033662826,2.899729e-12,31.628672,2.005155e-10,8.322704e-09,1.0139737e-09,1.5231773e-10,1.1161136e-11,4.938014e-12,4.2160532e-17,1.0144748e-15,,-11.53764258657026,-9.69785205043219,-8.079735550933345,-8.99397330938992,-9.817249541198814,-10.952291599505461,-11.306447682233763,-16.374990920132706,-14.993754455605083,1.6181164994988446,-0.9142377584565757,-0.8232762318088938,-1.135042058306647,-0.3541560827283021,-5.068543237898943,1.381236464527623,-5.295902405172894,-5.176504914406269
4FGL J0921.2-8211,140.3211,-82.1859,bcu,8.676761,2.2201161,2.2311285,0.17979571,1.7672685e-12,78.539276,6.1301042e-12,3.9183917e-12,5.6818444e-10,1.7884538e-10,4.8284206e-11,2.5005846e-12,1.4956501e-12,1.2852452e-12,,-11.752697460933456,-11.212532142538148,-11.406892151039559,-9.245510663802673,-9.7475222742015,-10.31619490577907,-11.601958446041552,-11.825169992747611,-11.891014006036649,-0.19436000850141077,2.161381487236886,-0.5020116103988279,-0.5686726315775701,-1.2857635402624812,-0.22321154670605914,-0.06584401328903766,-0.6784818634985008,-2.143491731835148
4FGL J0922.6-2116,140.6748,-21.2789,bcu,4.2618084,2.8651304,2.775542,0.15569307,2.2552656e-12,9.9100685,1.0376258e-09,6.488671e-09,8.998031e-10,7.96355e-11,6.9460154e-12,4.4279918e-17,3.3067898e-17,2.8965198e-15,,-11.646802302493638,-8.983959238289941,-8.187844245644373,-9.045852514932491,-10.098893288775734,-11.158264257525323,-16.35369512378344,-16.480462096338535,-14.53812199904513,0.7961149926455686,-0.8580082692881188,-1.053040773843243,-1.0593709687495885,-5.195430866258116,-0.12676697255509595,1.942340097293405,-5.554162760755188,-4.439228710269395
4FGL J0922.7-3959,140.6918,-39.9867,fsrq,31.010553,2.5953314,2.531659,0.11757269,1.7034986e-11,849.16895,5.2938447e-08,3.1270183e-08,7.120099e-09,9.12917e-10,1.7626857e-10,8.3944214e-12,5.432133e-13,1.230508e-20,,-10.768658218760752,-7.2762288032919225,-7.504869577162504,-8.147513967759332,-9.039568705572195,-9.753825118716488,-11.076009232474572,-12.265029597363903,-19.6515962147673,-0.22864077387058135,-0.6426443905968284,-0.8920547378128632,-0.7142564131442928,-1.3221841137580839,-1.1890203648893305,-7.386566617403396,-12.375367411475377,-10.612027509195103
4FGL J0923.5+4210,140.8925,42.1752,bcu,4.8268065,2.7335515,2.6698177,0.073908165,1.8677134e-12,41.460896,3.3565403e-10,3.909253e-09,4.4038007e-10,1.3360879e-10,4.349245e-13,1.4452786e-14,3.1514892e-13,4.39314e-17,,-11.728689763011847,-9.474108134117083,-8.40790622187968,-9.35617234383411,-9.874164969051622,-12.361586117149999,-13.840048127308306,-12.501484163061242,-16.35712611030607,1.0662019122374033,-0.9482661219544308,-0.5179926252175111,-2.4874211480983774,-1.4784620101583066,1.3385639642470633,-3.855641947244827,-6.883017976188986,-6.482961141254448
4FGL J0928.3+7444,142.0867,74.7477,bcu,5.1184444,2.094046,2.1313074,-0.03938969,7.1453667e-13,9.575699,6.5294916e-09,5.238085e-10,1.003489e-10,4.8588782e-11,1.5694794e-11,1.4059625e-15,3.1681786e-12,3.2150488e-16,,-12.145975472243597,-8.185120632493046,-9.280827458416539,-9.99848738373659,-10.31346398739441,-10.804244379926182,-14.852023173779248,-11.499190342502104,-15.492798922732456,-1.095706825923493,-0.7176599253200511,-0.3149766036578203,-0.4907803925317715,-4.047778793853066,3.3528328312771443,-3.9936085802303527,-7.30767829023941,-5.179334935338046
4FGL J0929.2+7302,142.3123,73.045,bcu,4.6205406,2.26126,2.1575286,0.10270261,9.0822944e-13,13.3943405,1.1818268e-08,4.8290422e-14,2.5190483e-10,4.8278714e-11,2.2062e-11,6.3033515e-14,1.2236602e-12,1.9153777e-17,,-12.04180441989252,-7.927446165853577,-13.31613890943964,-9.598763505282433,-10.316244306631834,-10.656355119550643,-13.200428405309063,-11.91233916177283,-16.717518891468295,-5.388692743586064,3.717375404157208,-0.7174808013494012,-0.34011081291880885,-2.5440732857584205,1.288089243536234,-4.805179729695466,-8.790072725614717,-6.401274584836461
4FGL J0932.8+3337,143.2181,33.6302,bcu,5.62395,2.2286615,2.1684017,0.08585315,1.0409657e-12,23.63264,3.4488825e-12,5.329686e-10,1.983924e-10,9.466329e-11,1.2210628e-11,3.810172e-12,1.6473419e-12,1.2860773e-15,,-11.982563576160027,-11.462321600102829,-9.273298376797236,-9.702474968759153,-10.023818405759018,-10.913261999096582,-11.419055417681973,-11.783216252551227,-14.890729550368688,2.1890232233055933,-0.4291765919619177,-0.32134343699986445,-0.889443593337564,-0.505793418585391,-0.36416083486925466,-3.1075132978174604,-3.428407950265859,-4.86691114460967
4FGL J0933.5-0013,143.3778,-0.2198,bcu,4.4536033,2.5789928,2.4227796,0.22177996,1.5977847e-12,17.271862,3.5312426e-09,2.0152797e-09,4.2803447e-10,1.2459238e-10,1.2444202e-11,3.9947602000000004e-17,9.81552e-19,7.422525e-18,,-11.796481739138361,-8.452072444932965,-8.695664669750663,-9.36852125544398,-9.90450851803644,-10.905032947489708,-16.398400583244285,-18.00368450513908,-17.128863621330048,-0.24359222481769827,-0.6728565856933173,-0.5359872625924602,-1.000524429453268,-5.493367635754577,-1.6052839218947952,0.8748208838090328,-8.676791176397083,-7.2243551032936075
4FGL J0933.5-5240,143.3964,-52.6753,bcu,10.645611,2.0440154,1.8651481,0.21798003,3.4816672e-12,16.976248,7.874206e-12,1.5436384e-12,4.3619573e-17,2.6518648e-10,1.2565664e-10,3.6115614e-11,6.967347e-12,1.3729951e-14,,-11.458212742629286,-11.103793227107914,-11.81145442351635,-16.360219037406285,-9.57644862131827,-9.900814557262333,-10.442304997198871,-11.156932558810174,-13.862330696376416,-0.707661196408436,-4.548764613889935,6.783770416088014,-0.32436593594406204,-0.5414904399365383,-0.7146275616113034,-2.7053981375662417,-2.758537469268502,-4.2858820750581454
4FGL J0935.4-6911,143.854,-69.1845,bcu,5.1358895,2.210717,2.239435,-0.030881856,1.5235505e-12,16.122103,1.1507463e-08,2.0199156e-09,3.599878e-10,4.40312e-11,3.5028622e-11,6.774235e-12,2.4778192e-12,3.7104807e-19,,-11.817143143114656,-7.93902041282046,-8.694666776699764,-9.44371221722748,-10.356239478278393,-10.455576947044975,-11.169139740998771,-11.605930384385989,-18.419020233723643,-0.7556463638793041,-0.7490454405277163,-0.9125272610509132,-0.09933746876658134,-0.7135627939537965,-0.4367906433872175,-6.813089849337654,-10.479999820903183,-8.06278075544525
4FGL J0937.0-2044,144.2608,-20.7357,bcu,4.036965,2.3679092,2.2417796,0.35742986,8.349742e-13,10.969001,6.5511156e-09,1.3093496e-11,2.220393e-10,1.4713114e-10,1.2163419e-11,2.094987e-12,4.854036700000001e-16,3.2513288e-15,,-12.07832693844174,-8.183684737004711,-10.882944379794685,-9.653570150473097,-9.832295399989997,-10.914944332261632,-11.678818665539122,-15.313887997427297,-14.487937773258711,-2.6992596427899738,1.2293742293215875,-0.1787252495168996,-1.0826489322716348,-0.7638743332774904,-3.6350693318881753,0.8259502241685865,-6.304253036254,-4.655642373268714
4FGL J0938.9-6403,144.747,-64.0518,bcu,10.524885,2.3834324,2.3866515,-0.011156868,4.3806824e-12,29.735798,1.1018698e-08,8.054624e-09,1.2526055e-09,2.8436664e-10,4.0216937e-11,1.6215656e-11,4.7174088e-12,2.5481022e-19,,-11.358458231091195,-7.957869719895979,-8.093954728184825,-8.902185685706122,-9.546121353474483,-10.39559100908265,-10.790065477101393,-11.32629648622325,-18.577065257888098,-0.13608500828884562,-0.8082309575212978,-0.6439356677683605,-0.8494696556081678,-0.39447446801874264,-0.5362310091218561,-7.250768771664848,-10.61919553799212,-9.030943904413615
4FGL J0940.7-6105,145.1788,-61.0855,bcu,9.455597,2.535138,2.4633174,0.15004209,4.3138193e-12,34.31734,1.27681745e-11,5.5743934e-09,1.5744219e-09,3.5870024e-10,5.2514416e-11,3.0279418e-12,2.4114766e-16,9.826251e-15,,-11.365138049848536,-10.893871190199791,-8.253802385205661,-8.802878877889267,-9.445268332733056,-10.27972145975264,-11.518852475221744,-15.617698938830644,-14.007611704545347,2.6400688049941294,-0.5490764926836054,-0.642389454843789,-0.8344531270195841,-1.2391310154691038,-4.098846463608901,1.610087234285297,-3.1137405143455563,-4.562343371812291
4FGL J0947.9+1121,146.9914,11.3629,bll,4.6360173,1.9410377,1.9424653,-0.009027772,9.327082e-13,22.649513,1.2656755e-08,2.0244968e-09,2.0575748e-10,3.1379253e-11,2.1991171e-11,8.72066e-12,2.8915993e-12,3.258211e-13,,-12.030254200419515,-7.897677626564613,-8.693682905355976,-9.686644367692756,-10.50335739910142,-10.657751644234446,-11.05945064490071,-11.538861887557392,-12.48702078110943,-0.7960052787913625,-0.9929614623367797,-0.8167130314086641,-0.1543942451330267,-0.4016990006662642,-0.4794112426566812,-0.9481588935520389,-4.589343154544817,-1.983663382008011
4FGL J0950.2-1623,147.551,-16.3965,bcu,5.3088493,2.1642885,2.15554,0.01105738,1.2212648e-12,16.79471,2.9121974e-12,1.1017793e-09,3.5745468e-10,6.401341e-11,2.6627124e-11,4.6790354e-12,3.4110798e-12,2.8966028e-16,,-11.913190156651039,-11.535779188710729,-8.957905391316375,-9.446779012518096,-10.193729037214766,-10.574675739082581,-11.32984366814199,-11.467108119162784,-15.538096060868439,2.5778737973943535,-0.48887362120172106,-0.7469500246966696,-0.3809467018678152,-0.7551679290594091,-0.1372644510207941,-4.0709879417056545,-4.00231687215771,-5.344367023653673
4FGL J0952.3-4342,148.0918,-43.7103,bcu,5.207964,2.4800491,2.473421,0.045578808,2.489209e-12,15.727868,1.3502492e-08,3.9666923e-09,1.0208896e-09,1.2308674e-10,2.3441266e-11,8.312657e-12,4.700084499999999e-18,4.2699728e-16,,-11.603938635702109,-7.869586071358566,-8.401571486843872,-8.991021220399706,-9.909788730583445,-10.630018936753373,-11.080260138629274,-17.32697130145825,-15.369564720673157,-0.5319854154853063,-0.5894497335558331,-0.9187675101837396,-0.7202302061699282,-0.450241201875901,-6.246711162828976,1.9574065807850936,-7.499978649314591,-5.459775990089712
4FGL J0952.6-5048,148.1566,-50.8112,bcu,6.340854,2.1709454,2.0910444,0.1456502,2.7175048e-12,34.998203,9.381598e-12,6.9184618e-15,4.412966e-10,1.6110009e-10,6.468276e-11,9.565445e-12,3.9541963e-12,2.1108862e-17,,-11.56582967853712,-11.027723179977546,-14.159989824925026,-9.355269418581775,-9.792904216931277,-10.18921145704734,-11.01929482062971,-11.402941773506567,-16.67532948767402,-3.13226664494748,4.80472040634325,-0.43763479834950125,-0.3963072401160641,-0.8300833635823697,-0.38364695287685713,-5.272387714167452,-5.647606307696474,-6.882425270742743
4FGL J0953.1-3005,148.2779,-30.0979,bcu,8.191658,2.6395307,2.5928638,0.3005505,2.9546723e-12,136.28613,9.379203e-09,4.933096e-09,1.5511123e-09,1.6349941e-10,2.060301e-11,5.121521399999999e-18,3.148947e-16,1.286517e-18,,-11.529490677845398,-8.027834064329216,-8.30688043291229,-8.809356758273367,-9.786483810158824,-10.686069326463931,-17.28975385561582,-15.501820857404637,-17.887221784364904,-0.2790463685830744,-0.5024763253610764,-0.9771270518854571,-0.8995855163051072,-6.60368452915189,1.7879329982111845,-2.3854009269602674,-9.859387720035688,-8.10073797420608
4FGL J0955.2+0835,148.8192,8.5907,bll,4.1294956,2.2777088,2.0513299,0.1669052,1.1161177e-12,18.354609,1.4945034e-08,2.2126954e-09,2.9104952e-10,5.5479378e-11,2.6527334e-11,3.9105694e-12,6.350015400000001e-16,1.4273617e-16,,-11.95229000064246,-7.825503092601955,-8.655078367003465,-9.536033112603736,-10.255868416530602,-10.576306394304305,-11.407760001270052,-15.19721838224695,-15.845435535412623,-0.8295752744015106,-0.8809547456002704,-0.7198353039268657,-0.32043797777370386,-0.8314536069657468,-3.789458380976898,-0.6482171531656729,-8.019932442810667,-5.589567118882021
4FGL J1002.3-1200,150.5962,-12.006,bcu,4.1412945,2.1895466,2.147994,0.04977485,1.1279219e-12,41.862106,1.6656643e-11,8.810989e-12,3.2917435e-10,7.826433e-11,8.889577e-12,1.1852732e-11,9.865642e-19,1.7040521000000002e-16,,-11.947720967045992,-10.778412522085185,-11.05497534045534,-9.482574013323436,-10.106436128228989,-11.051118903438487,-10.9261815348762,-18.001494718230298,-15.768491645929197,-0.27656281837015406,1.572401327131903,-0.6238621149055525,-0.9446827752094986,0.12493736856228743,-7.075313183354098,2.2330030723011003,-4.990079123844012,-5.6620555177002085
4FGL J1002.7+1218,150.6805,12.3055,fsrq,6.483234,2.8001113,2.836611,-0.07066196,2.6037044e-12,28.375904,9.102424e-09,6.5494414e-09,7.273678e-10,9.039285e-11,9.829879e-12,3.9899503e-12,2.2518383e-12,2.4753585000000003e-16,,-11.584408321329851,-8.040842938487298,-8.183795739281265,-9.138245928724675,-10.043865920453936,-11.00745182760151,-11.399032512891493,-11.647462796589688,-15.606344350032183,-0.14295280079396733,-0.9544501894434099,-0.9056199917292602,-0.963585907147575,-0.39158068528998236,-0.24843028369819464,-3.9588815534424953,-7.565501411544885,-5.562478429578247
4FGL J1006.8-5007,151.7204,-50.1329,bcu,5.0327687,2.6724706,2.6402984,0.3263477,2.7693381e-12,35.094524,6.6279916e-12,3.2134584e-09,1.3855346e-09,1.8417554e-10,9.438591e-12,6.4355774e-14,1.2077566e-14,4.875554e-16,,-11.557624017767223,-11.178618050001194,-8.493027317898608,-8.858382624406621,-9.734768048102538,-11.025092832211799,-13.19141241462753,-13.918020220968184,-15.311967121598038,2.685590732102586,-0.36535530650801284,-0.8763854236959165,-1.290324784109261,-2.1663195824157313,-0.7266078063406542,-1.393946900629853,-4.133349071596843,-5.5771990734955
4FGL J1008.1+4706,152.0359,47.112,bll,6.726264,1.5067064,1.4211155,0.19972876,7.6246626e-13,17.587482,2.6503624e-10,9.288671e-12,7.513768e-15,1.4667415e-11,1.1277814e-11,1.3453572e-11,2.8750355e-12,9.14521e-13,,-12.117779363885289,-9.576694738288532,-11.032046418870886,-14.124141640627341,-10.833646419613759,-10.947775071930387,-10.871162392369868,-11.541356786904155,-12.038806312689204,-1.4553516805823534,-3.0920952217564555,3.2904952210135825,-0.11412865231662828,0.07661267956051887,-0.6701943945342865,-0.49744952578504886,-2.462111574400671,-1.2051598930754448
4FGL J1010.2+8251,152.566,82.8641,fsrq,3.869984,2.3457487,2.1051311,0.30692527,9.149479e-13,14.225013,5.2946293e-11,4.191505e-15,1.5677375e-10,7.573325e-11,1.0940853e-11,4.8015736e-12,1.4958696e-18,6.293782399999999e-18,,-12.03860363057128,-10.276164441253549,-14.377628975310925,-9.804726653259827,-10.12071340550045,-10.960948816659428,-11.318616408845013,-17.822212634013393,-17.20039878665275,-4.101464534057376,4.572902322051098,-0.31598675224062234,-0.8402354111589787,-0.3576675921855852,-6.50359622516838,0.6218138473606416,-6.924234345399203,-7.079685381152302
4FGL J1011.1-2300,152.7923,-23.0126,bcu,4.8097105,2.5370865,2.477092,0.08581112,1.928604e-12,25.039244,5.0684183e-12,2.6974545e-09,6.955581e-10,1.1291295e-10,9.266714e-12,5.795451e-12,7.167653e-15,2.5231590000000002e-17,,-11.714756934578078,-11.295127548834438,-8.569045872154316,-9.157666587512516,-9.947256245892962,-11.03307423999987,-11.236912760988979,-14.144622421967718,-16.597883291802027,2.7260816766801224,-0.5886207153581999,-0.7895896583804465,-1.0858179941069075,-0.20383852098910893,-2.907709660978739,-2.4532608698343097,-5.302755742967589,-6.650627045909065
4FGL J1012.3-1232,153.0773,-12.5498,bcu,7.058945,2.3909254,2.4018245,-0.022831198,2.270482e-12,11.584559,3.4919858e-09,4.1216386e-09,6.832017e-10,1.3901098e-10,2.3555302e-11,2.6683631e-12,4.085323e-12,9.286194e-16,,-11.6438819348503,-8.456927531000213,-8.384930091378338,-9.16545106166325,-9.856950894929911,-10.627911323162719,-11.573755072079633,-11.38877359986236,-15.032157570879141,0.07199743962187455,-0.7805209702849112,-0.6914998332666613,-0.770960428232808,-0.9458437489169143,0.1849814722172738,-3.6433839710167817,-6.575230039878928,-5.17520667594923
4FGL J1013.3-2551,153.3359,-25.8595,bcu,7.0673227,2.6886652,2.5936122,0.37578166,2.2700622e-12,16.099237,1.0509626e-08,4.7369095e-09,1.0994927e-09,1.4693549e-10,8.050895e-12,4.71999e-16,6.2065996e-15,3.1662773e-14,,-11.643962241005328,-7.978412738683645,-8.324504912511165,-8.958807649755578,-9.832873294380231,-11.09415583686221,-15.326049720406012,-14.207145571176225,-13.499450915486777,-0.3460921738275191,-0.634302737244413,-0.874065644624654,-1.261282542481979,-4.231893883543801,1.1189041492297864,0.7076946556894477,-5.521038176803132,-3.666577621106546
4FGL J1014.9-4508,153.7325,-45.143,bcu,13.282544,2.3660493,2.3626678,0.055380527,5.219942e-12,14.240982,1.5007571e-13,1.902766e-12,1.8977313e-09,3.4946274e-10,5.1953636e-11,1.8383718e-11,3.22493e-12,1.8122094e-15,,-11.282334321686799,-12.82368956440536,-11.720614615188486,-8.721765279360769,-9.456599122266455,-10.284384052653085,-10.735566650298534,-11.491479706331234,-14.741789224738008,1.1030749492168734,2.9988493358277175,-0.7348338429056867,-0.8277849303866294,-0.4511825976454489,-0.7559130560326999,-3.250309518406775,-1.9180996603326488,-5.285190102471553
4FGL J1016.4+7703,154.1099,77.06,bcu,4.640077,1.7645345,1.6753954,0.4335287,3.6385662e-13,13.726203,1.5829944e-09,2.7967596000000003e-16,8.028641e-15,1.4211457e-11,1.4411966e-11,6.5997767e-12,1.1192233e-16,4.2676246000000006e-16,,-12.439069707189741,-8.80052062149207,-15.553329334299077,-14.095357420160006,-10.847361394348043,-10.841276770813058,-11.18047075767863,-15.951044455806999,-15.369803613746004,-6.752808712807006,1.4579719141390708,3.247996025811963,0.0060846235349849564,-0.33919398686557223,-4.770573698128368,0.5812408420609945,-6.5692829922539335,-4.522442219397961
4FGL J1017.2-1549,154.3184,-15.8274,bcu,4.770369,1.780528,1.7102417,0.08452869,8.3323544e-13,12.641249,2.473928e-09,9.184959e-14,2.053509e-11,4.192712e-11,1.7256661e-11,5.4114022e-12,5.526019e-12,8.252458e-16,,-12.079232261273653,-8.606612944017073,-13.036922730682845,-10.687503389194033,-10.377504968426903,-10.763043232097832,-11.266690185325997,-11.257587625405048,-15.083411414711502,-4.430309786665772,2.3494193414888116,0.3099984207671298,-0.385538263670929,-0.5036469532281647,0.009102559920949105,-3.8258237893064546,-6.47679847069443,-4.705906446284599
4FGL J1017.4+2538,154.365,25.6428,bcu,6.351251,1.4899096,1.339253,0.2006375,8.5765867e-13,19.236122,1.31248e-09,9.333395e-10,8.084021e-13,5.0702684e-12,1.7346027e-11,4.8159007e-12,1.045305e-11,6.1719453e-18,,-12.06668551271617,-8.881907305789795,-9.029960353936586,-12.092372561608785,-11.294969049365605,-10.760799981692681,-11.317322475559124,-10.980756971825992,-17.20887484204419,-0.14805304814679054,-3.0624122076721996,0.7974035122431804,0.5341690676729236,-0.5565224938664421,0.3365655037331319,-6.228117870218197,-8.326967536254394,-5.913905792678584
4FGL J1018.6+3126,154.6541,31.443,bll,4.3356943,1.6668879,1.5168937,0.18301156,5.951466e-13,9.045235,1.6970531e-11,1.1715427e-10,9.599049e-15,1.174118e-11,1.680387e-11,6.429533e-12,8.016812e-13,1.5504401e-12,,-12.225376035833142,-10.770304568342029,-9.931241877720154,-14.017771338953965,-10.930288253507607,-10.7745906867007,-11.191820569617803,-12.095998295383461,-11.8095450049177,0.8390626906218746,-4.086529461233811,3.087483085446358,0.15569756680690716,-0.4172298829171037,-0.904177725765658,0.2864532904657615,-1.0392404365756711,-0.8792567514100931
4FGL J1021.3+3805,155.344,38.0878,bll,4.529096,1.9050511,2.032023,-0.10764961,8.574587e-13,21.99982,8.277904e-12,1.7908225e-09,2.5826874e-10,3.817443e-11,1.7513758e-11,3.2328563e-12,4.4803276e-12,2.4514512e-12,,-12.066786783764375,-11.082079613954711,-8.746947457750286,-9.587928156206582,-10.418227438760338,-10.756620655293395,-11.490413597943627,-11.348690228409618,-11.610576745876351,2.335132156204425,-0.8409806984562955,-0.8302992825537565,-0.3383932165330563,-0.7337929426502328,0.14172336953400944,-0.2618865174667331,-0.5284971319216396,-1.1923493071160127
4FGL J1021.9+5123,155.4937,51.3868,bll,5.2825975,2.085899,1.6700256,0.31880152,8.2775974e-13,15.4859705,3.0112748e-13,8.961507e-10,7.540696e-11,5.0463266e-11,2.7345503e-11,3.781572e-12,2.5214835e-15,1.2700509e-16,,-12.082095695086602,-12.521249595831163,-9.047618951633128,-10.12258856720136,-10.297024645133947,-10.563114083536073,-11.422327625203645,-14.59834214704392,-15.89614467971788,3.4736306441980354,-1.0749696155682322,-0.17443607793258664,-0.2660894384021262,-0.8592135416675717,-3.176014521840276,-1.297802532673959,-3.3748950838867167,-5.599120034583933
4FGL J1028.7-6431c,157.182,-64.5306,bcu,6.1885424,2.743237,2.6566105,0.33320332,4.094402e-12,12.951395,2.7067468e-08,1.8989328e-09,2.3411342e-09,2.6313957e-10,2.7535066e-12,1.2482747e-12,1.0396247e-14,1.5313777e-15,,-11.38780951825552,-7.5675523679847325,-8.72149040393135,-8.630573690680423,-9.579813839315232,-11.560113876624834,-11.90368982818859,-13.983122993089621,-14.814914845451288,-1.1539380359466174,0.09091671325092676,-0.949240148634809,-1.9803000373096022,-0.3435759515637553,-2.0794331649010314,-0.8317918523616665,-7.247362477466555,-5.2351010061360554
4FGL J1031.8-2609,157.9531,-26.1623,bcu,7.1709957,1.8003497,1.6885796,0.11607045,1.5048347e-12,11.62124,6.1898078e-12,1.9282238e-09,1.4208063e-10,5.892963e-11,3.749317e-11,1.24546744e-11,6.217446e-12,1.8221353e-12,,-11.822511200054956,-11.208322835366355,-8.714842560957731,-9.847465125824625,-10.229666285616538,-10.426047838862289,-10.904667621301991,-11.206387977294195,-11.739419375878718,2.4934802744086237,-1.1326225648668942,-0.38220115979191327,-0.19638155324575024,-0.4786197824397025,-0.30172035599220415,-0.533031398584523,-0.5310965405123635,-1.5097530902621799
4FGL J1032.3-1358,158.0851,-13.9829,fsrq,4.768374,2.594546,2.56522,0.091926455,1.9058153e-12,30.16641,4.0429418e-10,2.942303e-09,6.5961625e-10,1.000414e-10,2.2840098e-11,6.5780917e-15,3.2787377e-16,2.4967402e-18,,-11.719919188553018,-9.39330251047868,-8.531312605416627,-9.180708653811717,-9.99982023924898,-10.641302036804873,-14.181899416440567,-15.484280080048807,-17.600890674240055,0.8619899050620532,-0.64939604839509,-0.8191115854372626,-0.641481797555894,-3.5405973796356935,-1.3023806636082398,-2.1166105941912488,-8.207588163761375,-7.601070434991076
4FGL J1033.5-5035,158.381,-50.586,bll,29.776564,1.8668407,1.6889379,0.102468684,9.5513545e-12,24.447205,1.496527e-08,1.8207956e-09,1.0521103e-09,5.061894e-10,2.9280428e-10,8.162082e-11,3.2619372e-11,3.0707047e-12,,-11.019935035274326,-7.8249154433104815,-8.739738804765299,-8.977938727696896,-9.295686953538423,-9.533422579351555,-10.088199046367095,-10.486524404277258,-11.512761944867094,-0.9148233614548174,-0.23819992293159764,-0.31774822584152673,-0.2377356258131318,-0.5547764670155395,-0.39832535791016355,-1.026237540589836,-3.6878465015566126,-2.217074991328671
4FGL J1034.7-4645,158.6942,-46.7519,bll,6.0732636,2.1176903,2.1048195,0.0080808075,1.7778309e-12,15.693618,2.3590674e-10,2.13097e-09,2.2673612e-10,1.2506908e-10,2.4720021e-11,1.3514405e-11,3.2553042e-12,4.403751999999999e-19,,-11.750109547272464,-9.627259650859486,-8.671422664280085,-9.644479289439063,-9.902850044749465,-10.606951164468207,-10.869203069947641,-11.48740842013697,-18.346425532010365,0.955836986579401,-0.9730566251589785,-0.258370755310402,-0.7041011197187412,-0.26225190547943455,-0.6182053501893296,-6.859017111873394,-8.719165881150879,-8.4435754872609
4FGL J1035.9-3108,158.9872,-31.1461,bcu,4.880871,2.1602151,2.0523744,0.09846937,1.1793076e-12,13.16271,2.1054172e-09,7.596984e-10,2.937443e-10,3.4741543e-11,3.55195e-11,7.369992e-12,3.1607866e-24,3.3175909999999997e-20,,-11.928372898975432,-8.67666183345808,-9.119358788256186,-9.532030551948196,-10.459150896716585,-10.449533156193727,-11.132532982970636,-19.999862750471795,-19.36475850022689,-0.4426969547981052,-0.41267176369201053,-0.9271203447683884,0.009617740522857687,-0.6829998267769088,-8.86732976750116,0.635104250244904,-10.68809666676881,-8.905607603510306
4FGL J1036.6-3741,159.1673,-37.6853,fsrq,6.4158964,2.8292677,2.8362277,0.3049081,2.5502643e-12,21.11094,1.2604999e-08,4.4542667e-09,1.2222859e-09,6.392459e-11,4.9113474e-12,7.17795e-15,4.93279e-15,8.1858806e-15,,-11.593414806849982,-7.899457184441336,-8.351223783064208,-8.912827198124445,-10.19433204870586,-11.308799344445152,-14.143998966151523,-14.306906492617568,-14.086934063762799,-0.4517665986228723,-0.5616034150602367,-1.281504850581415,-1.114467295739292,-2.835199621706371,-0.16290752646604467,0.21997242885476886,-6.187476879321463,-3.892602015056939
4FGL J1037.0-1954,159.272,-19.9048,bcu,5.2683363,2.0343754,2.1042295,-0.060840722,1.1670908e-12,11.060763,1.4171444e-09,1.16122025e-11,3.2295927e-10,6.881598e-11,1.913659e-11,2.017619e-12,8.643775e-12,1.4281871e-15,,-11.932895350683388,-8.848585895036665,-10.935085398933316,-9.490852245239392,-10.162310700945936,-10.718135447529836,-11.695160838830466,-11.06329654595205,-14.845211853109223,-2.0864995038966505,1.444233153693924,-0.6714584557065439,-0.5558247465838999,-0.9770253913006304,0.6318642928784168,-3.781915307157174,-5.996625958072558,-4.6829011521632875
4FGL J1038.5+3926,159.633,39.4384,bll,3.5788853,1.982032,1.939561,0.048737355,6.8515517e-13,19.96663,1.2253958e-10,1.6590176e-12,2.0445338e-10,4.5104292e-11,1.4078007e-11,2.6621693e-12,1.5439339e-12,1.9748363e-16,,-12.164211054514652,-9.911723612494779,-11.780149004038789,-9.689405705322129,-10.345782129794548,-10.85145882288021,-11.574764327501287,-11.811371294114677,-15.704446907634807,-1.8684253915440099,2.09074329871666,-0.6563764244724197,-0.5056766930856611,-0.7233055046210772,-0.2366069666133903,-3.8930756135201303,-5.7927232951400285,-5.358664777840259
4FGL J1038.8-5312,159.7129,-53.2069,fsrq,18.603287,2.7222974,2.522204,0.32698992,1.0145141e-11,812.84296,1.9725691e-08,1.0190655e-08,5.314299e-09,6.9923317e-10,3.6195894e-11,1.8119566e-15,1.6441835e-18,3.046062e-16,,-10.993741912214736,-7.704967774317021,-7.991797901003591,-8.274554014396694,-9.15537797795572,-10.441340692172297,-14.741849811940323,-17.781416315450304,-15.51624700387745,-0.2868301266865698,-0.2827561133931029,-0.8808239635590258,-1.285962714216577,-4.3005091197680265,-3.039566503509981,2.265169311572855,-7.811279229560428,-6.36086902592173
4FGL J1039.6+0535,159.9102,5.5913,bcu,8.26905,2.0004826,2.0533102,-0.061034348,1.7255769e-12,9.755289,2.2439366e-08,6.3440178e-09,4.6676446e-10,8.3948765e-11,2.5522667e-11,1.102218e-11,6.239659e-12,2.5139522e-12,,-11.763065679175028,-7.648989417762886,-8.197635607147692,-9.330902219055849,-10.075985688487068,-10.593073945655927,-10.95773250052237,-11.204839143349913,-11.599642982469696,-0.5486461893848062,-1.133266611908157,-0.7450834694312185,-0.5170882571688598,-0.36465855486644294,-0.2471066428275428,-0.394803839119783,-3.95065356470681,-1.5236572939826285
4FGL J1040.5+0947,160.1301,9.7947,bll,4.9709735,1.7579561,1.5453006,0.3325559,7.7303767e-13,8.597359,1.7717734e-09,3.694708e-12,3.5466327e-13,1.753632e-12,2.9371117e-11,1.2505562e-11,1.9276603e-12,3.536837e-15,,-12.111799336848488,-8.75159182275264,-11.43241987787984,-12.450183773802928,-11.756061535709703,-10.532079536553315,-10.902896785952098,-11.71496949454635,-14.451383726866878,-2.680828055127199,-1.017763895923089,0.6941222380932253,1.223981999156388,-0.37081724939878313,-0.8120727085942523,-2.736414232320527,-5.699791904114237,-2.6953221911571745
4FGL J1041.3-6437,160.335,-64.6169,bcu,7.2414775,2.524172,2.4866018,0.1940205,3.7137693e-12,21.03953,1.0663834e-09,7.420629e-09,9.52562e-10,4.24206e-10,4.5213815e-11,3.7541034e-12,1.5648338e-17,1.9405742e-16,,-11.430185077038258,-8.972086624040717,-8.129559280751211,-9.021106747530643,-9.372423193073567,-10.344728846916384,-11.425493768535711,-16.805254336513958,-15.712047367763857,0.8425273432895057,-0.8915474667794321,-0.35131644554292407,-0.9723056538428168,-1.080764921619327,-5.379760567978247,1.093206968750101,-6.73996074372314,-6.3396241746902895
4FGL J1041.5+0607,160.3816,6.1257,fsrq,6.3114867,2.7922497,2.8904722,0.10405805,7.1401916e-12,108.85242,7.409095e-10,1.0146666e-08,2.626682e-09,3.3999809e-10,1.4709801e-11,2.8082686e-12,2.6531893e-12,5.9658006e-17,,-11.146290133595098,-9.130234836617953,-7.99367663515516,-8.580592502014259,-9.468523522664944,-10.832393202244834,-11.551561354426292,-11.576231761191755,-16.224258475272485,1.136558201462793,-0.5869158668590986,-0.8879310206506847,-1.3638696795798904,-0.7191681521814584,-0.024670406765462616,-4.64802671408073,-7.094023638654532,-6.755734952607542
4FGL J1045.3+2751,161.3406,27.8515,bll,5.939741,1.9997435,2.0121667,-0.016778193,1.1088189e-12,21.960737,1.5433908e-12,1.5889052e-12,4.48738e-10,4.3792123e-11,1.9413285e-11,7.8255345e-12,3.554334e-12,1.6816243e-15,,-11.955139376131779,-11.811524090050929,-11.798902010912109,-9.348007152004982,-10.358604000019602,-10.711900969454335,-11.106485989012754,-11.449241762832372,-14.774268442997084,0.012622079138820297,2.4508948589071267,-1.01059684801462,-0.35329696943473365,-0.3945850195584182,-0.3427557738196185,-3.3250266801647115,-2.962744352946155,-4.415664442977482
4FGL J1045.9+7538,161.4868,75.6485,bcu,4.1141367,1.9342788,1.8623165,0.09292876,6.1095367e-13,5.7898874,7.923159e-09,1.4401016e-09,3.897045e-14,4.9709493e-11,7.620744e-12,4.975912e-12,3.6099897e-12,2.688292e-16,,-12.213991714934137,-8.101101628670902,-8.841606867094216,-13.409264467846452,-10.303560666233002,-11.118002626604762,-11.303127307961395,-11.442494036015834,-15.570507405623967,-0.7405052384233137,-4.567657600752236,3.1057038016134495,-0.8144419603717594,-0.1851246813566334,-0.13936672805443884,-4.128013369608134,-7.4694057769530655,-5.266946739390965
4FGL J1047.2-5517,161.8002,-55.2931,bcu,10.936428,2.6002417,2.528057,0.09061718,8.836252e-12,59.760002,1.6337706e-08,9.830594e-09,2.9919274e-09,5.061868e-10,7.616814e-11,3.6262879e-12,1.5174757e-17,2.0926105e-16,,-11.053731906540795,-7.78680892341424,-8.007420239733209,-8.524048948961848,-9.29568918426185,-10.118226649543233,-11.440537717956877,-16.818592153657043,-15.679290846648684,-0.22061131631896913,-0.5166287092286392,-0.7716402353000014,-0.8225374652813837,-1.3223110684136437,-5.378054435700166,1.1393013070083597,-7.892481923234444,-6.383601662386834
4FGL J1047.4+0031,161.8516,0.5289,bcu,4.5518665,2.1022582,2.1074946,0.24183592,1.2541357e-12,7.984591,1.03292125e-10,3.1649856e-09,4.6610164e-12,8.170714e-11,3.6775572e-11,2.5315691e-12,1.3477946e-12,5.923888299999999e-18,,-11.901655465965288,-9.985932787822795,-8.499628261586729,-11.331519368047912,-10.087739990818202,-10.434440563499015,-11.596610212191042,-11.870376284759047,-17.226660633137175,1.4863045262360668,-2.8318911064611836,1.2437793772297105,-0.3467005726808132,-1.1621696486920268,-0.2737660725680051,-5.356284348378129,-7.24072784531438,-7.138920642318974
4FGL J1047.8-6216,161.9609,-62.2745,bcu,21.202023,2.4979694,2.4509068,0.09465489,1.617962e-11,116.93907,1.33544855e-08,1.9320611e-08,6.5136825e-09,1.0982902e-09,2.3358043e-10,2.9402175e-11,5.971301700000002e-16,3.7889345e-17,,-10.791031682321895,-7.874372839114776,-7.713979143462092,-8.186173414308787,-8.959282891570043,-9.631563546382832,-10.53162054170001,-15.223923712568787,-16.421368295713823,0.1603936956526839,-0.4721942708466944,-0.7731094772612561,-0.6722806548127895,-0.9000569953171773,-4.692303170868778,-1.1974445831450353,-8.546995456599046,-7.46208540414378
4FGL J1047.9-4642,161.991,-46.715,bcu,10.295006,2.6858346,2.6554048,0.07736124,5.2692447e-12,65.016914,3.5245332e-08,9.983177e-09,1.8476731e-09,2.380577e-10,3.3878778e-11,2.7448276e-12,2.1320157e-12,4.3402487e-19,,-11.278251631805874,-7.452898394158576,-8.000731228852223,-8.73337486397098,-9.6233177666458,-10.470072262836164,-11.561484926396673,-11.67120959948544,-18.352592704206828,-0.5478328346936463,-0.7326436351187571,-0.8899429026748198,-0.8467544961903641,-1.0914126635605097,-0.10972467308876688,-6.681383104721387,-10.89969431004825,-8.729274937561028
4FGL J1048.0-1912,162.0042,-19.212,fsrq,6.003094,2.4735394,2.438023,0.051189438,1.929004e-12,11.306626,1.8109618e-12,2.382276e-09,7.730675e-10,9.804624e-11,1.3367684e-11,8.136323e-12,8.260185e-17,1.6815428e-15,,-11.714666869546855,-11.742090708096292,-8.62300792449155,-9.111782584216181,-10.00856905650124,-10.873943828998515,-11.08957181836014,-16.082957652189435,-14.774289491484264,3.1190827836047426,-0.48877465972463163,-0.8967864722850596,-0.8653747724972742,-0.21562798936162508,-4.993385833829295,1.308668160705171,-3.0321987833879724,-4.765720434983024
4FGL J1048.5-4114,162.1456,-41.2461,fsrq,4.8290486,2.028564,1.9264226,0.1325285,1.1824608e-12,24.571983,7.433519e-13,9.988321e-13,2.5603816e-10,2.8121422e-11,4.2090487e-11,5.3224218e-12,7.6933903e-19,1.524368e-12,,-11.927213244063967,-12.128805538340089,-12.000507504594959,-9.591695302474431,-10.550962722219722,-10.375816049197761,-11.273890709924393,-18.10827357335767,-11.816910173797964,0.12829803374513027,2.4088122021205276,-0.9592674197452915,0.17514667302196152,-0.8980746607266319,-6.834382863433278,6.291363399559707,0.3118953645421243,-1.265947451578242
4FGL J1050.6+2027,162.664,20.4617,fsrq,4.519159,2.982454,2.96775,0.03530997,2.392005e-12,25.562263,2.4070127e-08,6.710523e-09,7.836219e-10,7.527672e-11,8.468655e-12,3.294674e-16,1.8281942e-17,1.4200094e-15,,-11.621237915062776,-7.618521618272621,-8.173243630774829,-9.10589343520845,-10.123339312436688,-11.072185558750498,-15.482174369816278,-16.737740184347984,-14.847705722338496,-0.5547220125022081,-0.9326498044336216,-1.017445877228237,-0.9488462463138099,-4.40998881106578,-1.2555658145317068,1.8900344620094884,-7.229184104065875,-4.724366409901808
4FGL J1050.6-5248,162.6699,-52.8102,bcu,7.841529,2.539276,2.5163414,0.033219066,5.7461193e-12,42.84037,3.7246338e-08,1.8966396e-08,1.8757227e-09,2.8481595e-10,6.6059005e-11,7.654536e-12,6.815002e-13,1.9659434e-15,,-11.240625360742836,-7.4289164199510695,-7.722015186033247,-8.726831365720816,-9.545435693380105,-10.18006797199975,-11.116081129512276,-12.166534006004175,-14.706426780686341,-0.2930987660821778,-1.0048161796875688,-0.8186043276592887,-0.6346322786196446,-0.9360131575125266,-1.0504528764918994,-2.5398927746821656,-7.277510360735271,-5.160991087306236
4FGL J1051.2-6517,162.8163,-65.2997,bcu,15.512173,2.253179,2.2041166,0.08507656,6.474723e-12,14.645811,8.6705825e-09,2.281932e-09,2.3243099e-09,5.0890353e-10,1.353824e-10,3.5470318e-11,5.594219e-17,1.6106478e-12,,-11.188778806057774,-8.061951725125608,-8.641697301399153,-8.633705967980678,-9.293364536632017,-9.86843779115573,-10.450134917832848,-16.252182910274115,-11.792999413581475,-0.5797455762735453,0.007991333418475577,-0.6596585686513396,-0.575073254523712,-0.5816971266771187,-5.802047992441267,4.45918349669264,-3.7310476884558668,-2.4996348769494574
4FGL J1053.3-1134,163.3303,-11.5726,bcu,4.9631753,2.8666759,2.8412802,-0.07080438,2.3894708e-12,17.103867,4.2033724e-11,7.3507818e-09,7.587296e-10,3.345089e-11,2.6150486e-11,4.488779e-16,1.1253488e-12,1.1636308e-18,,-11.621698270492992,-10.37640213163749,-8.133666468620017,-9.11991297265104,-10.47559232270065,-10.58252023530532,-15.347862101067618,-11.948712843971574,-17.930468501674554,2.2427356630174735,-0.9862465040310227,-1.355679350049611,-0.10692791260466983,-4.765341865762297,3.3991492570960435,-5.98175565770298,-7.554066370037063,-7.454876178973903
4FGL J1053.9+8628,163.4904,86.4725,bcu,3.6693769,2.074379,2.0860727,-0.011133159,8.5594915e-13,21.13013,3.652487e-11,5.07679e-10,4.308965e-10,2.4097075e-11,2.22977e-12,8.47878e-12,2.5237518e-12,1.5925245e-15,,-12.06755202993402,-10.437411321021049,-9.294410800685213,-9.365627033487675,-10.618035670458772,-11.651739930018637,-11.071666632771759,-11.597953356578179,-14.797911150517052,1.1430005203358355,-0.07121623280246148,-1.2524086369710972,-1.0337042595598653,0.5800732972468783,-0.5262867238064199,-3.1999577939388733,-4.360499829496003,-4.17987548005828
4FGL J1056.0+0253,164.0027,2.8935,bll,5.3645782,1.4658315,1.3714298,0.10541376,1.0107422e-12,12.11959,7.027621e-12,3.1005678e-13,6.209957e-12,1.3159928e-11,1.7406897e-11,9.88065e-12,5.294449e-12,5.5793755e-12,,-11.995359597179103,-11.153191667453317,-12.508558753505087,-11.206911406326544,-10.880746486477783,-10.759278640229095,-11.00521448390727,-11.276179229960205,-11.253414408184037,-1.3553670860517695,1.3016473471785428,0.32616491984876106,0.121467846248688,-0.24593584367817556,-0.2709647460529343,0.022764821776167565,-0.1002227407307199,-0.3726679217062543
4FGL J1057.8-0100,164.4635,-1.0054,bll,4.105639,1.8104769,1.7787931,0.053783648,8.392691e-13,6.9417276,1.9842794e-11,3.60747e-09,1.6668452e-12,7.4508004e-11,1.8635577e-11,1.8836978e-12,1.9451903e-12,2.2633226e-12,,-12.076098761163584,-10.702397176048173,-8.442797271844805,-11.778104728644776,-10.127797070732784,-10.729657155720474,-11.72498876713544,-11.71103790254413,-11.64525353806605,2.259599904203368,-3.3353074567999705,1.6503076579119913,-0.6018600849876901,-0.9953316114149651,0.013950864591310008,0.06578436447807867,-0.9428563620178778,-1.5174564673332664
4FGL J1058.0+4305,164.5181,43.0938,bll,6.630008,2.2522237,2.2479064,0.004067933,1.2826894e-12,31.11705,1.2921775e-08,1.2660817e-14,5.177806e-10,6.979303e-11,1.7359229e-11,7.38317e-12,1.4339355e-12,3.293358e-16,,-11.891878490821195,-7.888677825368657,-13.89753792545562,-9.285854225562874,-10.156187946708362,-10.760469567416335,-11.131757131096053,-11.843470380244884,-15.482347870550855,-6.008860100086962,4.611683699892746,-0.8703337211454887,-0.6042816207079724,-0.3712875636797186,-0.7117132491488309,-3.638877490305971,-7.593670045182198,-5.326159923842493
4FGL J1101.6-4358,165.4071,-43.9671,fsrq,4.86086,2.6905353,2.712309,0.25570366,2.453667e-12,21.892647,2.3692666e-11,3.824517e-09,1.0708465e-09,1.4425532e-10,1.545263e-11,2.4389592e-14,8.030266e-16,4.459882e-15,,-11.61018437621866,-10.62538606767374,-8.4174234042948,-8.970272778445805,-9.840868161476338,-10.810997593803888,-13.612795286632316,-15.095264660430155,-14.350675657963183,2.2079626633789395,-0.5528493741510054,-0.8705953830305333,-0.9701294323275498,-2.801797692828428,-1.482469373797839,0.7445890024669719,-3.725289590289444,-4.509807496486845
4FGL J1102.0-6054,165.5107,-60.9097,bcu,21.023537,2.5363362,2.8555593,0.26568374,3.7107168e-11,7.2921624,5.1436437e-09,2.8362011e-08,1.7028668e-08,3.4790142e-09,3.866737e-10,2.9996106e-11,1.0971344e-11,8.0144875e-14,,-10.430542189401198,-8.288729122603046,-7.547262978875295,-7.768819321671552,-8.458543798624241,-9.412655365886488,-10.522935120218127,-10.959740167286434,-13.096124189930684,0.7414661437277505,-0.2215563427962568,-0.6897244769526889,-0.9541115672622471,-1.1102797543316392,-0.43680504706830625,-2.1363840226442505,-4.807395067327638,-4.637580391306443
4FGL J1102.1+2249,165.5471,22.8323,fsrq,6.7508125,2.6848357,2.5581331,0.25577363,1.8975366e-12,12.357045,1.0878975e-11,1.9897743e-09,9.885961e-10,1.0774171e-10,9.040456e-12,1.5532655e-15,1.0399314e-15,7.139533e-16,,-11.721809836319121,-10.963412020857572,-8.701196182795936,-9.004981107154098,-9.967616135881084,-11.043809662706952,-14.808751507878451,-14.982991132214355,-15.146324111777224,2.2622158380616355,-0.30378492435816185,-0.9626350287269858,-1.0761935268258682,-3.7649418451714993,-0.1742396243359039,-0.16333297956286863,-4.182912090919652,-5.17870797589614
4FGL J1102.9-5628,165.7386,-56.4774,bcu,7.4071455,2.2188454,2.1380575,0.07322216,3.3260916e-12,8.267791,9.0580946e-11,7.1458515e-09,2.1184962e-10,2.6007718e-10,5.0585293e-11,2.0642899e-11,1.0823041e-12,7.622807000000001e-17,,-11.478065793249518,-10.042963147941233,-8.14594601323802,-9.673972310646745,-9.58489775249661,-10.2959757300575,-10.685229312101242,-11.965650692336732,-16.117828106584835,1.897017134703212,-1.528026297408724,0.08907455815013421,-0.7110779775608886,-0.38925358204374305,-1.2804213802354898,-4.1521774142481025,-6.074864958643602,-6.532930354088224
4FGL J1103.2+8603,165.8184,86.0628,bcu,6.5137973,2.394792,2.3866527,0.038993116,2.465523e-12,20.240608,7.782461e-09,7.5636347e-10,7.7887463e-10,1.2743635e-10,3.281017e-11,1.0821701e-11,5.844118e-18,1.0472231e-14,,-11.608090939971458,-8.1088830470056,-9.121269454385676,-9.108532442040701,-9.894706675948425,-10.48399151925694,-10.965704469248468,-17.23253852784818,-13.979960371827259,-1.0123864073800757,0.012737012344974374,-0.7861742339077242,-0.5892848433085138,-0.4817129499915289,-6.266834058599713,3.252578156020922,-5.871077324821659,-4.0852536958788335
4FGL J1103.9-5357,165.9757,-53.9647,bll,82.22847,2.1519477,2.0033214,0.110101566,4.0808575e-11,894.15564,5.673284e-08,2.6027388e-08,1.1276652e-08,3.5710728e-09,1.083614e-09,1.850671e-10,3.0201192e-11,2.8867316e-17,,-10.389248570041692,-7.246165475461192,-7.584569413684893,-7.947819821784079,-8.447201296175082,-8.96512539263129,-9.732670780350684,-10.519975915547848,-16.539443174695133,-0.33840393822370096,-0.3632504080991863,-0.49938147439100344,-0.5179240964562073,-0.7675453877193945,-0.7873051351971636,-6.0194672591472855,-9.293277699233942,-8.092241878520051
4FGL J1104.0+0020,166.017,0.3352,bll,5.6019115,2.318239,2.2863483,0.034552794,1.787588e-12,13.252012,2.2617243e-08,4.2307954e-10,3.5737602e-10,1.6603031e-10,1.0000632e-11,7.507789e-12,4.432918e-15,3.6813322e-17,,-11.74773256697224,-7.645560335876375,-9.373577976501858,-9.446874592084232,-9.779812621186005,-10.99997255302178,-11.124487940776355,-14.35330932249192,-16.43387703437656,-1.7280176406254828,-0.07329661558237355,-0.33293802910177384,-1.2201599318357736,-0.12451538775457571,-3.2288213817155658,-2.0805677118846404,-8.788316698500186,-6.6540644131905555
4FGL J1105.7+6037,166.4393,60.6216,fsrq,4.903369,2.4384787,2.295473,0.20368387,9.884421e-13,21.87077,1.0830525e-12,1.4395353e-09,2.963015e-10,7.2969686e-11,8.418011e-12,2.4556856e-12,7.095662e-18,7.0427886e-23,,-12.005048760891297,-11.965350486818439,-8.841777680968889,-9.528266149922525,-10.136857522521044,-11.074790510569569,-11.609827234673356,-17.1483954547451,-19.996952076161303,3.12357280584955,-0.6864884689536357,-0.6085913725985197,-0.9379329880485248,-0.5350367241037866,-5.538568220071744,-2.848556621416204,-8.031601589342865,-9.860094553640259
4FGL J1108.8-6833,167.2242,-68.5646,bcu,5.3497996,2.5417538,2.5315754,0.1613176,2.6655815e-12,9.681352,2.2226202e-15,5.2194653e-09,8.2048723e-10,1.4448558e-10,3.5329607e-11,1.7308165e-15,2.4642904e-16,9.046605e-16,,-11.574208032778117,-14.653132788969526,-8.282373985340515,-9.085928173878832,-9.84017549432323,-10.45186119342668,-14.761746464111361,-15.608290491663706,-15.043509571168988,6.370758803629011,-0.8035541885383175,-0.7542473204443976,-0.6116856991034503,-4.309885270684681,-0.8465440275523441,0.5647809204947176,-0.39037678219946237,-5.203334076845758
4FGL J1111.4-4624,167.8557,-46.4119,bcu,4.6622734,2.6213453,2.6544142,0.22658339,2.5475971e-12,12.894093,1.0096116e-08,7.652008e-09,8.154691e-10,1.2684397e-10,2.3614865e-11,5.20967e-13,2.686648e-14,1.200988e-15,,-11.593869252450752,-7.99584566821535,-8.116224584598951,-9.088592490723517,-9.896730173721153,-10.626814532644117,-12.283189777331158,-13.570789068706535,-14.920457715819149,-0.12037891638360154,-0.9723679061245658,-0.8081376829976357,-0.730084358922964,-1.656375244687041,-1.2875992913753773,-1.3496686471126136,-6.924612047603799,-5.023727542097996
4FGL J1111.5+3455,167.8794,34.9289,bll,4.17192,1.8466233,1.8479841,-0.009699486,1.0082153e-12,16.913298,3.399661e-10,6.1903165e-12,1.4588596e-10,6.17038e-11,2.3964095e-11,6.4543596e-12,1.4638966e-12,1.2923729e-12,,-11.996446711978177,-9.46856438681835,-11.208287144997282,-9.83598650237374,-10.209688089247864,-10.620438967239037,-11.190146841180672,-11.834489594925218,-11.888612153997647,-1.7397227581789316,1.372300642623543,-0.3737015868741249,-0.41075087799117327,-0.5697078739416348,-0.6443427537445459,-0.0541225590724288,-2.4200477671792964,-1.6789240647497827
4FGL J1112.0+2607,168.0122,26.1284,bll,5.097279,2.0893269,1.9945781,0.13615179,1.0046241e-12,15.171227,1.1753305e-10,2.9225036e-09,8.7515704e-13,1.0366274e-10,1.6242436e-11,3.687609e-12,2.3678707e-12,4.3855067e-15,,-11.997996403406896,-9.929839993658588,-8.534244945191437,-12.057914004316979,-9.984377316087876,-10.7893488355405,-11.433255132575349,-11.625642014561652,-14.357979230863751,1.3955950484671504,-3.5236690591255417,2.073536688229103,-0.8049715194526232,-0.6439062970348495,-0.1923868819863035,-2.732337216302099,-4.428139237205164,-4.373601914775875
4FGL J1113.6-1920,168.4048,-19.3359,bcu,6.0282226,2.3575628,2.0589674,0.18862665,1.9731456e-12,33.687363,3.418173e-11,2.2964457e-09,3.3136077e-10,1.3791765e-10,4.654884e-11,9.129646e-15,2.6836847000000004e-16,1.7939261e-20,,-11.7048408644254,-10.466205960492315,-8.638943819118179,-9.479698909244004,-9.860380151435143,-10.332091137100104,-14.039545586114807,-15.571252327307963,-19.553785085260728,1.8272621413741366,-0.8407550901258247,-0.3806812421911392,-0.47171098566496106,-3.707454449014703,-1.5317067411931564,-3.9825327579527645,-9.087579124768412,-9.693404933825585
4FGL J1116.3-4000,169.0942,-40.0046,bcu,6.282374,1.965743,1.9253391,0.121465944,1.5959542e-12,19.273361,3.1065737e-09,3.2917828e-14,1.1979308e-10,1.05168305e-10,4.393763e-11,8.579038e-12,4.029943e-12,3.7674093e-16,,-11.796979573279529,-8.507718338774515,-13.48256869640945,-9.921568268760337,-9.978115125517384,-10.357163372571133,-11.066561407998794,-11.39470109545133,-15.423945666967226,-4.974850357634935,3.5610004276491125,-0.056546856757046626,-0.37904824705374907,-0.709398035427661,-0.32813968745253597,-4.029244571515896,-6.916227328192711,-5.445830541449842
4FGL J1117.2+0008,169.3012,0.1435,bll,9.942618,1.6980373,1.5259687,0.15062627,2.2099148e-12,14.94078,2.0832192e-12,3.8996996e-13,2.1726518e-11,6.6838014e-11,6.3137294e-11,9.211771e-12,1.7055206e-11,1.8536208e-12,,-11.655624467609012,-11.6812650283315,-12.40896883493614,-10.663009870099783,-10.174976462987383,-10.199714035394521,-11.035656866444832,-10.768143030377612,-11.731979103507335,-0.7277038066046391,1.7459589648363565,0.4880334071124004,-0.024737572407138586,-0.8359428310503105,0.26751383606722,-0.9638360731297233,-0.050714075175834594,-1.5570026405199524
4FGL J1117.2-5337,169.3179,-53.6266,bcu,26.175304,2.0232089,1.8584098,0.1027904,7.624393e-12,12.518235,5.902456e-12,6.552055e-09,1.3657516e-09,5.1353705e-10,2.4600352e-10,6.682726e-11,2.2989423e-12,8.981059e-16,,-11.117794725476337,-11.228967240960028,-8.18362246562789,-8.86462828202692,-9.289428218017159,-9.6090586786284,-10.175046345055149,-11.638471926844257,-15.046667614911184,3.045344775332138,-0.6810058163990309,-0.42479993599023835,-0.3196304606112417,-0.5659876664267482,-1.4634255817891084,-3.408195688066927,-3.8177003739511566,-5.757239396894025
4FGL J1117.5-4839,169.3881,-48.6638,bcu,1.5871462,2.4,2.1978724,0.28784522,8.305141e-13,43.628384,2.585956e-12,4.1166645e-10,3.0595992e-10,9.040606e-11,2.6345237e-12,4.657421e-13,3.5122236e-15,2.6180005e-17,,-12.080652984713991,-11.587378867226992,-9.385454525689532,-9.51433546129145,-10.043802457348816,-11.579297888540868,-12.331854493624391,-14.454416606713224,-16.581864418662505,2.2019243415374596,-0.12888093560191827,-0.5294669960573657,-1.535495431192052,-0.7525566050835231,-2.122562113088833,-2.1274478119492812,-4.994485551435513,-6.538061961313689
4FGL J1117.7-3650,169.4377,-36.8349,bcu,7.6002398,2.0707333,1.9751667,0.08046692,2.1236515e-12,14.122037,3.53021e-10,1.7499825e-09,1.3962395e-10,1.5805576e-10,5.7907956e-11,8.498405e-13,5.0651766e-12,1.2650791e-15,,-11.672916749220192,-9.452199459152707,-8.756966294277758,-9.855040079814223,-9.801189672586334,-10.23726176418499,-12.070662570904613,-11.295405407280748,-14.897878886127971,0.6952331648749492,-1.0980737855364655,0.05385040722788936,-0.4360720915986551,-1.8334008067196237,0.7752571636238645,-3.602473478847223,-5.445679426975264,-5.096689213541637
4FGL J1118.0-1620,169.5012,-16.3439,bcu,5.171094,2.8792074,2.7188034,0.3333494,2.258516e-12,20.812496,5.5055114e-12,4.7213233e-09,1.0213903e-09,8.3395346e-11,2.5151029e-14,1.02402116e-13,1.1656303e-14,4.4830345e-15,,-11.646176826497314,-11.25920233296379,-8.325936259555416,-8.990808270890245,-10.078858185076562,-13.599444069349753,-12.9896910267539,-13.933438799231569,-14.34842695017982,2.933266073408374,-0.664872011334829,-1.0880499141863176,-3.5205858842731903,0.6097530425958535,-0.9437477724776695,-0.4149881509482505,-3.089224617216029,-4.269568765103257
4FGL J1123.5-6418,170.8892,-64.3109,bcu,6.2480264,2.5216374,2.4498882,0.25254953,4.3061887e-12,73.22657,2.498054e-08,4.944531e-09,1.3054925e-09,4.6087803e-10,6.6787825e-11,4.6525553e-12,1.4977547e-12,4.7505657e-18,,-11.365906942019294,-7.602398177791756,-8.305874895930769,-8.884225618834241,-9.336413994138097,-10.17530269939401,-11.33230845523427,-11.824559306006472,-17.32234143681928,-0.7034767181390125,-0.5783507229034726,-0.45218837530385514,-0.8388887052559131,-1.1570057558402596,-0.4922508507722032,-5.497782130812807,-9.719943259027524,-7.985927442681183
4FGL J1125.0-5804,171.2543,-58.0822,bcu,12.559536,1.7571664,1.456657,0.35013613,3.3203397e-12,14.978628,1.5337974e-08,2.5788647e-15,9.910331e-14,2.5340147e-11,8.948961e-11,5.3120876e-11,9.87197e-12,6.4397695e-13,,-11.478817480563752,-7.814232002755053,-14.58856975845165,-13.003911796235933,-10.59619086990062,-10.048227384541741,-10.274734771682732,-11.005596172649499,-12.191129670410156,-6.774337755696597,1.5846579622157169,2.407720926335312,0.5479634853588795,-0.22650738714099106,-0.7308614009667664,-1.185533497760657,-4.376897667655103,-1.594938800509535
4FGL J1127.3+3755,171.8378,37.9236,bcu,6.655941,2.4340017,2.3867543,0.08603271,2.8701906e-12,12.539663,8.642005e-10,5.3762967e-09,9.1205254e-10,2.0037837e-10,3.9147543e-11,1.9058394e-12,7.041872e-15,1.7163571e-17,,-11.542089260714654,-9.063385486750175,-8.269516772018681,-9.039980142834759,-9.69814916051084,-10.407295490073059,-11.719913696714023,-14.152311256627128,-16.765139390084077,0.7938687147314933,-0.7704633708160777,-0.6581690176760802,-0.7091463295622198,-1.3126182066409644,-2.4323975599131042,-2.612828133456949,-7.701753903333902,-7.066990229573237
4FGL J1132.3-5606,173.0826,-56.1139,bcu,4.672969,2.4005988,2.2899234,0.15258303,2.4409064e-12,12.117731,1.509759e-11,2.7587163e-10,5.8525673e-10,1.69296e-10,4.484705e-11,1.6020173e-12,3.1956614e-17,1.7500515000000002e-16,,-11.612448872118975,-10.821092372500914,-9.559292959048232,-9.232653583544366,-9.77135330293127,-10.34826611909736,-11.79533279561953,-16.495303363071258,-15.756924355447326,1.2617994134526818,0.32663937550386635,-0.538699719386905,-0.5769128161660895,-1.4470666765221694,-4.699970567451729,0.7383790076239318,-4.935831982946413,-5.985571052516056
4FGL J1132.8-5328,173.2227,-53.4682,bcu,5.745455,2.5980964,2.5969396,0.031131394,3.1343509e-12,35.917244,5.4134435e-09,5.3976534e-09,9.49618e-10,1.7935968e-10,4.4119083e-12,6.8872148e-12,1.7945051e-12,3.864738e-17,,-11.50385238318799,-8.266526391583053,-8.267795006273735,-9.02245106192317,-9.746275179559625,-11.355373521815443,-11.16195637129916,-11.74605530063994,-16.412767583574425,-0.0012686146906819573,-0.7546560556494359,-0.7238241176364539,-1.6090983422558178,0.19341715051628228,-0.5840989293407794,-4.666712282934485,-8.146241191991372,-6.6664924040148
4FGL J1133.8-2048,173.451,-20.811,bll,8.539312,1.8781209,1.5410987,0.3422741,1.4675777e-12,17.824095,5.386022e-12,2.4298537e-13,1.3888721e-10,6.148597e-11,7.970533e-11,1.0771745e-11,3.0053755e-12,1.2712689000000001e-17,,-11.83339889305776,-11.268731876174783,-12.614419856345462,-9.857337746183426,-10.2112239710922,-10.098512635736473,-10.967713935808305,-11.522101256861825,-16.89542108881015,-1.3456879801706787,2.7570821101620364,-0.3538862249087753,0.11271133535572808,-0.8692013000718326,-0.55438732105352,-5.373319831948324,-5.626689212635366,-6.6841971177179484
4FGL J1134.7+6612,173.6776,66.2107,bll,6.131091,2.4604895,2.2517622,0.20881784,1.1919144e-12,15.564826,6.0940613e-09,1.5491779e-09,3.8606862e-10,8.018576e-11,1.482926e-11,1.6077699e-12,1.1483574e-16,4.2787846e-16,,-11.923754929662298,-8.215093181534057,-8.809898707123708,-9.413335496771026,-10.095902750146989,-10.82888052001625,-11.7937761035772,-15.939885109557379,-15.368669426126264,-0.5948055255896509,-0.6034367896473185,-0.6825672533759626,-0.7329777698692617,-0.9648955835609492,-4.146109005980179,0.5712156834311148,-7.153576244592207,-5.272766675979275
4FGL J1136.0-6824,174.0207,-68.4113,bcu,11.629091,2.450986,2.4448872,0.06409063,6.355526e-12,17.689854,2.5898504e-11,4.8698383e-09,2.4707043e-09,3.4971806e-10,6.340713e-11,2.231165e-11,6.9953725e-17,2.725741e-20,,-11.196848499588855,-10.586725321593116,-8.312485459027513,-8.607179228923503,-9.456281939437508,-10.197861903791875,-10.651468311215917,-16.15512707592466,-19.428787338967528,2.2742398625656026,-0.2946937698959893,-0.8491027105140052,-0.7415799643543668,-0.4536064074240418,-5.503658764708744,-3.273660263042867,-8.842062017374412,-9.97250539953002
4FGL J1139.0+5530,174.7715,55.5088,bll,5.6001835,1.5570718,1.4396157,0.17572357,5.828034e-13,17.638529,3.6299186e-11,1.0767966e-10,9.431061e-15,6.2834807e-12,1.42368044e-11,8.209434e-12,2.1696e-12,1.2620122e-12,,-12.234477915824748,-10.440103113678184,-9.967866324368371,-14.025438985631824,-11.20179971384536,-10.846587481404743,-11.085686783782757,-11.663620325811305,-11.898936443261478,0.4722367893098127,-4.057572661263453,2.8236392717864636,0.3552122324406177,-0.2390993023780137,-0.5779335420285481,-0.23531611745017322,-1.4588333295832943,-0.6971367294161173
4FGL J1139.6+1149,174.9131,11.8182,bcu,4.462909,2.7790833,2.754574,0.13765526,1.869313e-12,12.074066,1.28752676e-14,4.5630757e-09,6.991188e-10,4.740586e-11,2.0102517e-11,2.5017224e-16,2.0037623e-14,4.194605599999999e-18,,-11.728317971422705,-13.890243398492714,-8.340742326356876,-9.155449019097107,-10.324167970294186,-10.696749561727932,-15.601743523354672,-13.698153581994037,-17.376274735603733,5.549501072135838,-0.8147066927402307,-1.1687189511970786,-0.3725815914337467,-4.90499396162674,1.9035899413606359,-3.6781211536096965,-3.4860313371110188,-7.0521067653095475
4FGL J1143.7-1014,175.9465,-10.2402,bcu,4.8038087,2.266686,2.1661947,0.4970188,7.733006e-13,9.081441,5.364186e-11,5.3766773e-13,1.2492103e-10,1.2223873e-10,3.306593e-11,5.3806565e-15,8.288931e-16,6.7876723e-15,,-12.111651647238828,-10.270496171572224,-12.26948602035808,-9.903364443543543,-9.912791170814476,-10.480619257852451,-14.269163925199038,-15.08149623615056,-14.168278493193762,-1.9989898487858557,2.366121576814537,-0.009426727270932744,-0.5678280870379755,-3.788544667346587,-0.8123323109515219,0.9132177429567978,-3.8977823216215377,-4.255487322379286
4FGL J1143.9+1558,175.9899,15.9739,bll,3.961811,1.8375244,1.5786502,0.25437373,6.498233e-13,11.351638,2.1459645e-09,6.7351263e-10,1.0782007e-10,1.3809562e-11,1.1699112e-11,1.0117498e-11,1.8380321e-12,1.7767755e-17,,-12.187204714008578,-8.668377466702447,-9.171654255780314,-9.967300390510102,-10.859820095473259,-10.931847100971142,-10.994926872357311,-11.735646905858502,-16.75012308322356,-0.5032767890778675,-0.7956461347297878,-0.8925197049631564,-0.07202700549788332,-0.06307977138616927,-0.7407200335011908,-5.014476177365058,-8.081745616521113,-5.890302987750301
4FGL J1145.5-0340,176.3941,-3.6753,bll,6.1652737,1.9580772,1.9638736,-0.0059905485,1.2567206e-12,10.847117,6.441091e-14,2.2807505e-09,1.7498894e-10,6.936021e-11,2.4772791e-11,7.084641e-12,5.7725513e-12,3.5629589000000004e-16,,-11.900761262506549,-13.191040497644742,-8.641922221253575,-9.756989399567518,-10.158889600565784,-10.606025061159096,-11.149682151249412,-11.238632198116143,-15.448176998380516,4.549118276391168,-1.115067178313943,-0.4019002009982664,-0.4471354605933122,-0.5436570900903153,-0.08895004686673147,-4.209544800264373,-2.2571365007357738,-5.289287397814732
4FGL J1145.6+5552,176.4098,55.8798,bcu,3.7670114,2.257392,2.1192908,0.14462337,6.4445275e-13,18.35618,2.2536233e-09,3.5180234e-10,6.652611e-11,6.044106e-11,7.5567e-12,4.4127826e-12,1.7128952e-16,6.363669e-16,,-12.19080891201616,-8.647118675867215,-9.453701276163233,-10.177007870370018,-10.218667927647756,-11.121667818299313,-11.355287466979027,-15.766243853973446,-15.196285593300457,-0.8065826002960179,-0.7233065942067842,-0.04166005727773836,-0.9029998906515573,-0.23361964867971352,-4.410956386994419,0.5699582606729887,-6.549166917433242,-4.977617665652701
4FGL J1145.7-6949,176.4382,-69.8314,fsrq,12.261848,2.7330766,2.8719547,0.23903178,7.14093e-12,132.6091,1.1055257e-09,1.661349e-08,3.4021104e-09,3.8162765e-10,2.0431094e-11,4.418007e-12,1.1799941e-17,1.5886791e-16,,-11.146245223530714,-8.956431156981429,-7.779539125613953,-8.46825159744385,-9.418360166956042,-10.68970837787145,-11.354773599374067,-16.927752272025643,-15.798936481848678,1.1768920313674762,-0.6887124718298967,-0.9501085695121922,-1.2713482109154075,-0.6650652215026174,-5.572978672651576,1.128815790176965,-6.842505324867249,-6.380576314892636
4FGL J1145.7-1528,176.4459,-15.4828,bcu,3.0794754,2.5613942,2.4182994,0.43092787,8.539174e-13,58.304306,1.6069205e-12,2.2914923e-09,4.920445e-10,7.631536e-11,1.2224026e-11,2.2237192e-18,5.9258743e-15,9.707708e-16,,-12.068584131788489,-11.794005606075615,-8.639881597755345,-9.30799561830003,-10.11738804269746,-10.912785734685642,-17.65097142278502,-14.227246832161079,-15.012878821685499,3.15412400832027,-0.6681140205446852,-0.80939242439743,-0.7953976919881818,-6.738185688099378,3.423724590623941,-0.7856319895244201,-3.218873215609884,-4.895490778988039
4FGL J1146.4-0926,176.6036,-9.4467,bcu,2.5593898,2.5,2.3831642,0.0055613266,1.0081844e-12,70.77135,2.7743237e-09,2.5180735e-09,2.3135177e-10,5.1592276e-11,1.3585098e-11,6.653155e-12,4.072099e-18,1.0589787e-15,,-11.996460022532982,-8.556842868090953,-8.59893159742796,-9.635727173481415,-10.287415312662059,-10.866937224007325,-11.176972357930262,-17.38911646688297,-14.975108674032107,-0.04208872933700647,-1.0367955760534553,-0.6516881391806439,-0.5795219113452657,-0.3100351339229377,-6.2121441089527085,2.414007792850864,-6.418265805941154,-4.687693361370048
4FGL J1147.4-6758,176.8737,-67.981,fsrq,8.276233,2.5421526,2.661722,0.3287437,3.905495e-12,13.312146,2.9529357e-10,6.4257e-09,1.8347265e-09,4.3578882e-10,4.072523e-11,6.804992e-15,2.0136715e-20,3.2364226e-16,,-11.408323912750353,-9.52974600965388,-8.192079554443014,-8.736428666228875,-9.360723915600195,-10.390136454182333,-14.167171742820846,-19.520904088953216,-15.489921356042615,1.3376664552108668,-0.544349111785861,-0.6242952493713201,-1.0294125385821378,-3.7770352886385137,-5.35373234613237,4.030982732910601,-5.960175346388734,-6.12919744044242
4FGL J1149.1+2819,177.277,28.3304,bcu,5.7327633,2.2346153,2.0501456,0.13899723,1.3952708e-12,19.41864,9.604376e-09,3.9829797e-09,2.431173e-10,8.976302e-11,3.232936e-11,6.6462335e-12,1.6082929e-21,1.2752702e-20,,-11.855341491405266,-8.017530846164666,-8.399791907046888,-9.614184136049492,-10.046902544327502,-10.490402892569902,-11.17742440420643,-19.935231642330407,-19.64296702124819,-0.38226106088222167,-1.2143922290026037,-0.43271840827801,-0.4435003482424005,-0.6870215116365284,-8.757807238123977,0.29226462108221796,-11.625436175083523,-9.596064476920688
4FGL J1149.2+6246,177.3205,62.7678,bll,5.5012627,2.3143845,2.1147346,0.18953796,9.701519e-13,12.085999,1.149182e-08,2.2682928e-10,2.1751405e-10,7.634607e-11,1.4530172e-11,4.7037894e-12,4.1054717e-17,1.9799355e-20,,-12.013160256961307,-7.9396111851178395,-9.644300885731456,-9.662512685170311,-10.117213313773233,-10.83772924443896,-11.32755212998511,-16.386531165793244,-19.525793136023488,-1.7046897006136161,-0.018211799438855536,-0.4547006286029216,-0.7205159306657265,-0.4898228855461504,-5.058979035808134,-3.139261970230244,-11.586181950905647,-9.408579822250255
4FGL J1150.0+1033,177.5053,10.5556,bll,4.519141,2.032582,2.074178,-0.05250304,9.913689e-13,16.612003,1.3723316e-08,2.2840758e-09,8.890805e-11,7.3108235e-11,1.7251109e-11,3.6461316e-12,3.908597e-12,3.3901672e-15,,-12.003764704986203,-7.862540936260293,-8.641289487562867,-10.05105891488305,-10.136033700771723,-10.76318298050713,-11.438167659195804,-11.407979104537144,-14.46977760121552,-0.7787485513025736,-1.4097694273201835,-0.08497478588867224,-0.6271492797354075,-0.6749846786886735,0.030188554658659328,-3.0617984966783762,-6.607236664955227,-4.333743900443798
4FGL J1153.7-3210,178.4283,-32.1824,bcu,4.173948,2.4149175,2.293439,0.16575153,1.8144103e-12,16.592375,1.9911607e-12,4.196381e-13,2.46599e-10,1.6867084e-10,3.077449e-11,2.2190046e-13,1.0594213e-15,4.260506e-15,,-11.741264494994315,-11.700893685904557,-12.377125077649277,-9.608008688855532,-9.772959992202642,-10.511809135396744,-12.65384177790233,-14.97492720034843,-14.370537799399218,-0.6762313917447198,2.769116388793744,-0.1649513033471095,-0.738849143194102,-2.142032642505585,-2.3210854224461013,0.6043894009492128,-2.6696441134946607,-4.597577807196576
4FGL J1155.2+4320,178.8135,43.3409,fsrq,4.462245,2.728165,2.730117,-0.05693093,1.4211833e-12,11.954227,4.737037e-11,3.590561e-09,4.4302315e-10,4.17338e-11,1.482683e-11,2.0773559e-12,6.4526954e-16,1.3912423e-12,,-11.847349901392015,-10.32449322298423,-8.444837690648912,-9.353573579287286,-10.379512069440269,-10.828951691609854,-11.682489090124887,-15.190252104931567,-11.856597223184671,1.8796555323353186,-0.9087358886383736,-1.025938490152983,-0.4494396221695851,-0.8535373985150336,-3.507763014806679,3.333654881746895,-1.532104000200441,-1.4770851537444027
4FGL J1155.6-6547,178.9093,-65.7945,bcu,7.240668,2.6815171,2.8170178,0.30586725,5.984084e-12,12.633297,2.8108499e-12,1.0106979e-08,2.9115523e-09,4.1594028e-10,2.9529573e-11,1.3154585e-15,3.8615725e-19,1.706632e-16,,-11.223002318080875,-11.551162343648711,-7.995378636662852,-8.535875404284534,-9.380969020151994,-10.529742832775575,-14.880919547000529,-18.402132391722294,-15.767834668726408,3.555783706985859,-0.5404967676216819,-0.8450936158674605,-1.1487738126235811,-4.351176714224954,-3.5212128447217648,2.6342977229958855,-4.216672325077697,-6.386865648574414
4FGL J1155.8-1217,178.9688,-12.2848,bcu,5.367174,2.3158364,2.2114627,0.19032839,1.7479542e-12,12.677404,1.1400222e-08,1.4608928e-12,6.3609584e-10,8.476667e-11,4.2787666e-11,3.521204e-12,7.27315e-16,4.1976414e-16,,-11.757469948477816,-7.943086691431898,-11.835381648359546,-9.19647744464766,-10.071774877414683,-10.368681402850571,-11.4533088122344,-15.138271484372128,-15.376984319448784,-3.892294956927648,2.638904203711885,-0.875297432767022,-0.29690652543588847,-1.0846274093838293,-3.6849626721377273,-0.2387128350766563,-7.4338976280168865,-5.305209442034101
4FGL J1156.6+0640,179.1636,6.6728,bcu,6.9917583,2.5156422,2.4482565,0.08533572,2.0827012e-12,34.47297,2.4141513e-09,3.0083256e-09,4.854085e-10,1.6626239e-10,2.1945739e-11,1.7516333e-15,6.7782504e-13,7.231057e-16,,-11.681373030655168,-8.617235515224436,-8.521675160555475,-9.31389262298736,-9.779205980837046,-10.658649789958623,-14.756554327741936,-12.168882385224602,-15.140792209134984,0.09556035466896162,-0.7922174624318856,-0.46531335784968597,-0.879443809121577,-4.097904537783313,2.587671942517334,-2.971909823910382,-6.523556693910548,-5.361586228297938
4FGL J1156.8-1537,179.224,-15.6181,bcu,10.783278,2.3567367,2.29172,0.08962896,3.4263306e-12,105.33111,6.198332e-11,3.0158056e-09,1.0258361e-09,2.4450392e-10,4.7753863e-11,7.385055e-12,1.7660481e-12,2.304787e-18,,-11.465170733848252,-10.207725165376392,-8.520596656689523,-8.988922021823907,-9.61171417365666,-10.320991490759454,-11.131646265355354,-11.752997469714888,-17.635488965328758,1.6871285086868681,-0.4683253651343833,-0.622792151832753,-0.709277317102794,-0.8106547745958999,-0.6213512043595344,-5.88249149561387,-7.427763799952366,-8.023774791672098
4FGL J1158.9+0956,179.7309,9.9487,bcu,7.950351,2.4579418,2.4318259,0.26961946,4.2399773e-12,30.72403,7.556905e-09,4.0011776e-09,1.896834e-09,4.0881903e-10,2.4999508e-11,5.939013e-12,2.0431757e-12,5.0987542e-15,,-11.372636467503531,-8.121656037386666,-8.397812171192234,-8.721970674400815,-9.388468896542676,-10.602068538153748,-11.226285723356582,-11.689694283097335,-14.292535072167999,-0.2761561338055678,-0.3241585032085812,-0.6664982221418612,-1.2135996416110721,-0.6242171852028342,-0.4634085597407527,-2.6028407890706635,-6.170879034781333,-4.9040661756253225
4FGL J1202.5-0528,180.6291,-5.4709,fsrq,12.9848175,2.878966,2.7479432,0.19312118,6.1878254e-12,289.00516,7.1694695e-09,1.4586903e-08,2.3883941e-09,2.0098485e-10,3.0040543e-12,4.8589765e-15,2.4761614e-12,4.7567884e-15,,-11.20846194845413,-8.144512978466368,-7.836036905007032,-8.62189401031569,-9.696836677927925,-11.52229222003002,-14.313454307560507,-11.606221048994595,-14.322685254218705,0.30847607345933614,-0.7858571053086587,-1.074942667612234,-1.8254555421020946,-2.7911620875304877,2.7072332585659122,-2.71646420522411,-6.1781722757523365,-4.62584857629078
4FGL J1202.9+5141,180.7372,51.6899,bcu,3.990103,2.4943395,2.5152721,-0.07282816,9.64979e-13,18.125416,5.472696e-13,2.8600036e-09,2.8745606e-10,3.7640183e-11,1.0416975e-11,2.733945e-12,1.5223537e-12,9.3666915e-17,,-12.015482133226485,-12.261798667654586,-8.5436334202054,-9.541428531334716,-10.424348273660298,-10.982258377696246,-11.563210224989021,-11.817484430052884,-16.028367420033664,3.7181652474491873,-0.9977951111293173,-0.8829197423255817,-0.5579101040359475,-0.5809518472927753,-0.25427420506386333,-4.21088298998078,-3.7665687523790776,-5.604019146373366
4FGL J1203.7+5821,180.9378,58.3638,bll,10.26104,2.4153836,2.451661,-0.05208609,2.1414853e-12,47.55705,2.7534142e-09,3.6074979e-09,7.2911044e-10,1.1617303e-10,2.238762e-11,8.191116e-12,3.5798745e-12,4.58794e-13,,-11.669284900397844,-8.560128452156286,-8.442793913045094,-9.13720668313035,-9.934894683282408,-10.649992073078542,-11.08665692315222,-11.44613219697896,-12.338382260868697,0.11733453911119263,-0.6944127700852558,-0.7976880001520588,-0.7150973897961332,-0.4366648500736776,-0.3594752738267406,-0.8922500638897368,-3.7782538087124102,-2.4034875775862883
4FGL J1204.4+3750,181.1076,37.8406,bcu,3.7859595,2.7746642,2.6443186,0.35733175,1.0788187e-12,10.472645,6.908014e-11,1.4860565e-09,5.13111e-10,7.0386336e-11,9.025468e-13,2.9936977e-16,4.3350244e-15,3.854944e-15,,-11.967051530165666,-10.160646790885865,-8.82796467834388,-9.28978867489356,-10.152511641588266,-12.044530264438919,-15.523777549598186,-14.363007451896905,-14.413980799886788,1.3326821125419848,-0.4618239965496791,-0.8627229666947063,-1.892018622850653,-3.4792472851592677,1.1607700977012811,-0.05097334798988307,-4.253334009000923,-4.261469158298523
4FGL J1204.8+0407,181.2027,4.12,fsrq,5.3483896,2.7262633,2.6919124,0.048840832,2.1235323e-12,38.656883,3.4664358e-09,5.3580016e-09,4.9021376e-10,1.2436079e-10,1.05929284e-11,1.4131933000000001e-21,8.446093e-18,1.4642909e-12,,-11.67294112673925,-8.460116838724861,-8.270997161038483,-9.309614502523877,-9.905316527736165,-10.97498396279201,-19.94259282722597,-17.072830249309344,-11.834372633621285,0.18911967768637794,-1.0386173414853932,-0.5957020252122884,-1.0696674350558446,-8.96760886443396,2.8697625779166245,5.238457615688059,-3.374255794896424,-1.9290561058851203
4FGL J1209.7+2548,182.4444,25.8007,fsrq,5.331422,2.1016202,1.9812222,0.14621013,1.0928553e-12,11.845188,1.3620566e-11,1.2349564e-10,1.8904811e-10,5.7128306e-11,3.3861386e-11,6.0801906e-12,2.2129604e-18,1.5792871e-17,,-11.961437333227028,-10.86580484470575,-9.908348374817457,-9.723427660096371,-10.243148653611721,-10.470295269376065,-11.216082805665815,-17.653068273789838,-16.80126400505896,0.9574564698882924,0.18492071472108584,-0.5197209935153495,-0.2271466157643438,-0.7457875362897504,-6.436985468124023,0.8518042687308771,-5.935459160353211,-6.55811535144724
4FGL J1210.3+3928,182.5993,39.4798,bll,6.046887,2.1054676,2.1399658,-0.05243958,1.0853075e-12,14.422933,3.567652e-11,1.9791464e-09,3.029838e-10,5.090016e-11,2.4277419e-11,2.5513454e-12,3.069591e-12,1.5566428e-12,,-11.96444719179297,-10.447617514558301,-8.70352207928281,-9.518580591809082,-10.293280852410769,-10.614797486019187,-11.593230741114976,-11.512919485738692,-11.80781102997673,1.7440954352754918,-0.8150585125262726,-0.7747002606016871,-0.3215166336084181,-0.9784332550957888,0.0803112553762837,-0.29489154423803754,-1.3601935154184286,-1.5145301775659608
4FGL J1211.8-4817,182.9577,-48.2948,bcu,4.305691,2.3345652,2.3474452,-0.060571168,1.5648659e-12,7.7246556,4.619448e-09,3.3291365e-09,6.013429e-10,5.91731e-11,1.778179e-11,1.1324362e-11,7.521890300000002e-16,1.2271526e-12,,-11.805522870284948,-8.335409917273392,-8.477668397698306,-9.220877812331082,-10.227875677943366,-10.750024522761978,-10.945986255835331,-15.123667230958713,-11.911101424592042,-0.14225848042491407,-0.7432094146327763,-1.0069978656122842,-0.5221488448186111,-0.19596173307335363,-4.177680975123382,3.212565806366671,-3.57569150731865,-1.6832257466486755
4FGL J1212.1+6412,183.0372,64.2019,bcu,6.76547,2.3018641,2.290146,0.056390762,1.6907114e-12,22.309937,3.397502e-12,1.01036006e-10,6.9969475e-10,8.8366835e-11,3.230813e-11,3.4755237e-12,1.0031559e-12,7.4130076e-19,,-11.771930516435708,-11.468840277661943,-9.995523829931955,-9.155091384699038,-10.053710699632616,-10.490688178158173,-11.458979744390124,-11.998631563898218,-18.124186171836882,1.4733164477299887,0.840432445232917,-0.8986193149335779,-0.43697747852555757,-0.9682915662319509,-0.5396518195080944,-6.125554607938664,-6.655345894174939,-8.070475472204267
4FGL J1214.6-1926,183.6702,-19.4481,bcu,4.5096135,2.5254903,2.3508635,0.50414056,1.133503e-12,16.295034,1.6660467e-08,9.733088e-11,4.1815e-10,1.8070852e-10,4.355762e-14,6.7813026e-15,1.09483e-15,3.055251e-16,,-11.945577322273543,-7.778312829298687,-10.011749349965223,-9.378667898868805,-9.743021370924959,-13.36093575852883,-14.16868623537142,-14.960649344014989,-15.51493889062379,-2.233436520666536,0.6330814510964178,-0.36435347205615365,-3.6179143876038715,-0.8077504768425889,-0.7919631086435697,-0.5542895466088016,-7.736626061325103,-5.771917519698832
4FGL J1215.0+5351,183.7663,53.8528,bll,5.6513495,2.1751292,2.1891737,-0.02049052,9.244591e-13,22.486456,2.637368e-10,1.5143761e-09,2.2326543e-10,7.6692416e-11,2.9169056e-12,1.3581528e-11,2.5604241e-15,1.6494771e-15,,-12.034112293476246,-9.578829267528471,-8.819766253056198,-9.651178517045766,-10.115247580612376,-11.535077624261675,-10.867051366360386,-14.591686397480302,-14.782651076554359,0.7590630144722734,-0.8314122639895682,-0.46406906356661004,-1.4198300436492985,0.668026257901289,-3.7246350311199166,-0.19096467907405668,-5.203821809025888,-4.667403495941983
4FGL J1216.2-6121,184.0505,-61.3587,bcu,5.0374403,2.5877085,2.7117918,0.37300807,4.3686335e-12,12.103719,6.964899e-11,1.6922193e-09,1.8348032e-09,5.811093e-10,1.2135522e-11,3.7512844e-12,2.1802482e-15,3.0798825e-15,,-11.359654387256727,-10.157085176960967,-8.771543356064914,-8.736410511103019,-9.235742174103981,-10.915941537734474,-11.425820007827117,-14.661492071443512,-14.511464441769546,1.3855418208960533,0.03513284496189506,-0.4993316630009623,-1.6801993636304928,-0.5098784700926426,-3.235672063616395,0.150027629673966,-4.354379264808578,-5.275722267665564
4FGL J1216.3-1032,184.0787,-10.5338,fsrq,8.677343,2.6750386,2.555852,0.3047054,3.3106393e-12,24.509617,3.2701197e-10,4.1296007e-09,1.5378361e-09,2.4583874e-10,7.2712374e-12,3.1696645e-13,1.6175043e-18,5.825174e-15,,-11.480088132509648,-9.485436350048746,-8.384091939182797,-8.81308994844504,-9.609349678622596,-11.138391675165005,-12.498986690487497,-17.78847785531657,-14.23469035203197,1.1013444108659485,-0.4289980092622425,-0.7962597301775567,-1.529041996542409,-1.3605950153224917,-5.289491164829075,3.5537875032846014,-4.749254001983225,-4.625340673409374
4FGL J1219.8+6600,184.9702,66.0037,fsrq,5.1906567,2.660622,2.6217723,0.14423226,1.2386184e-12,19.148632,1.1947032e-10,1.5260222e-09,4.699209e-10,6.26068e-11,3.0241105e-12,1.1579995e-12,9.295329e-13,2.1078817000000002e-17,,-11.90706246921423,-9.922739973015924,-8.816439148378706,-9.327975239043521,-10.20337849352386,-11.519402342467702,-11.936291624377443,-12.031735229476395,-16.675947781795937,1.1063008246372181,-0.5115360906648156,-0.8754032544803394,-1.316023848943841,-0.41688928190974117,-0.09544360509895178,-4.6442125523195426,-6.753207808780013,-6.4725692882720764
4FGL J1221.1+4742,185.291,47.7149,bll,5.08265,1.5293053,1.2196509,0.22387086,5.7947755e-13,13.116111,1.4721491e-12,1.25145345e-11,2.5093336e-10,1.194387e-11,1.9738562e-12,6.807478e-12,5.1740227e-12,1.4158179e-12,,-12.236963377227335,-11.832048199257676,-10.902585299751172,-9.600441598130715,-10.92285493186097,-11.7046844876735,-11.167013752874679,-11.286171669394884,-11.848992598176844,0.929462899506504,1.302143701620457,-1.322413333730255,-0.7818295558125303,0.5376707347988212,-0.11915791652020502,-0.5628209287819601,-0.016944398919168435,-0.9261376663158742
4FGL J1221.2+6910,185.304,69.1681,bcu,4.1931534,2.1310291,2.2740788,-0.09014102,6.6257205e-13,14.192808,2.4196698e-09,3.923743e-09,2.0992971e-10,3.548059e-11,8.759913e-12,4.3265114e-12,1.7060254e-12,2.1648926000000003e-16,,-12.178766881831155,-8.616243895927811,-8.406299446076162,-9.677926094145922,-10.450009166857313,-11.057500206556185,-11.363862146613572,-11.768014504621835,-15.664543583737709,0.2099444498516494,-1.271626648069761,-0.772083072711391,-0.6074910396988713,-0.30636194005738737,-0.4041523580082629,-3.896529079115874,-7.048299687809898,-5.2145344168803955
4FGL J1221.9+3543,185.4895,35.7262,bll,4.6235437,2.1113539,2.0813143,0.035620287,9.378406e-13,12.684429,5.6683935e-11,7.3316326e-14,4.0635084e-10,3.1574514e-11,1.7407726e-11,8.989297e-12,1.2817904e-12,1.19640715e-17,,-12.027870965543581,-10.246540008569074,-13.134799247129662,-9.39109883813502,-10.500663325314186,-10.759257957533473,-11.046274270070485,-11.892182982010542,-16.921758152907994,-2.888259238560588,3.7437004089946413,-1.1095644871791652,-0.25859463221928713,-0.28701631253701265,-0.8459087119400568,-5.029575170897452,-6.6752181443389205,-6.421094827593809
4FGL J1223.8+4649,185.9647,46.8243,bll,4.9382033,2.302821,2.3235445,-0.022833474,1.03273e-12,9.3083,1.083927e-10,1.2630706e-09,1.9484271e-10,6.5883576e-11,1.8619604e-11,3.762294e-12,9.031280000000001e-18,6.619047e-15,,-11.986013202674993,-9.96499996551101,-8.89857237364274,-9.710315838583925,-10.181222836350162,-10.730029559557718,-11.424547268878316,-17.04377008085373,-14.179203878969377,1.0664275918682709,-0.8117434649411859,-0.470906997766237,-0.5488067232075551,-0.6945177093205981,-5.619222811975414,2.8645662018843527,-4.214203913458366,-3.997981042619214
4FGL J1223.9-0545,185.9965,-5.7548,bcu,4.4182634,2.5991974,2.5219238,0.13563721,2.1194869e-12,23.572168,8.047291e-09,1.9869502e-09,8.831737e-10,9.3696655e-11,2.3814343e-11,2.140197e-12,1.058509e-15,8.436985e-15,,-11.673769261300206,-8.094350293762703,-8.701813017707442,-9.053953872258214,-10.028275913238472,-10.623161395301558,-11.66954624701635,-14.975301342159355,-14.073812208267816,-0.6074627239447388,-0.3521408545507718,-0.9743220409802582,-0.594885482063086,-1.046384851714791,-3.305755095143006,0.9014891338915394,-5.979461914505112,-4.045536295029343
4FGL J1225.0+0330,186.2519,3.5098,fsrq,15.313387,2.6255875,2.4772286,0.18254074,7.568229e-12,236.33784,8.620038e-08,1.0942588e-08,2.1243234e-09,5.1171756e-10,3.8492758e-11,4.0310984e-12,2.2417678e-12,2.480764e-16,,-11.121005734920942,-7.064490819656219,-7.960879952115801,-8.672779366993412,-9.290969679598932,-10.414620970547078,-11.394576599416219,-11.649409371249403,-15.605397042929905,-0.8963891324595821,-0.7118994148776112,-0.6181903126055204,-1.1236512909481462,-0.9799556288691402,-0.2548327718331844,-3.955987671680502,-8.540906223273687,-6.314427363330973
4FGL J1225.4-1550,186.3699,-15.847,bcu,2.8586173,1.6991763,1.4204427,0.38063055,5.260286e-13,16.83617,1.3817345e-14,7.4052404e-14,1.6995745e-11,5.025945e-14,1.0855434e-11,1.0569167e-11,1.6857951e-12,2.2840235e-18,,-12.278990634501723,-13.859575084229835,-13.130460779549374,-10.769659793326268,-13.298782181885107,-10.964352808379061,-10.975959239486894,-11.773195210259088,-17.639402137494887,0.7291143046804613,2.360800986223106,-2.5291223885588394,2.3344293735060457,-0.011606431107832549,-0.7972359707721939,-5.866206927235799,-3.779827053265052,-4.34061995560978
4FGL J1225.6-4937,186.414,-49.6176,bcu,10.728079,2.6819024,2.629393,0.246233,5.289137e-12,65.496506,2.6883344e-08,7.998717e-09,2.3996103e-09,3.6511463e-10,3.6589946e-11,1.1050172e-13,1.5465622e-14,3.8284627e-15,,-11.276615182855041,-7.570516710676843,-8.096979668570704,-8.619859282578929,-9.437570764680194,-10.436638231332642,-12.956630922670524,-13.810632327939864,-14.416974445417797,-0.5264629578938607,-0.5228796140082252,-0.8177114821012648,-0.9990674666524484,-2.5199926913378814,-0.8540014052693401,-0.6063421174779329,-6.846457734740953,-4.979403680737603
4FGL J1225.8-2941,186.465,-29.6971,bcu,4.497316,2.422546,2.3649068,0.078557655,1.835776e-12,24.44256,3.1395524e-12,1.3724135e-11,4.914523e-10,1.3283064e-10,2.3776488e-11,2.5600314e-12,3.6921686e-18,2.948964e-17,,-11.736180309820705,-11.50313226266653,-10.862515018260167,-9.308518628081577,-9.876701734814283,-10.623852293977937,-11.591754706131123,-17.43154380698173,-16.53018328391904,0.6406172444063625,1.5539963901785896,-0.5681831067327057,-0.7471505591636536,-0.9679024121531867,-5.839789100850606,0.9013605230626887,-5.027051021252511,-6.653481549104757
4FGL J1227.8+6053,186.9749,60.8841,bcu,4.278662,2.1618044,2.2391372,-0.07495675,7.110415e-13,10.769219,9.177729e-11,3.2930776e-12,3.3134756e-10,2.973648e-11,1.4201992e-11,4.721584e-13,2.3293281e-12,1.021675e-15,,-12.148105044786806,-10.03726477025303,-11.482398033880392,-9.479716223135641,-10.526710441419604,-10.847650736020036,-12.32591227033435,-11.632769332278569,-14.990682982722587,-1.445133263627362,2.0026818107447504,-1.046994218283963,-0.3209402946004314,-1.4782615343143135,0.6931429380557805,-3.3579136504440186,-4.953418212469558,-4.463972541302983
4FGL J1229.1+5521,187.2977,55.352,bcu,6.159335,2.7239575,2.693356,0.048449986,1.6118596e-12,26.081636,8.613538e-10,1.6921144e-09,6.4569056e-10,6.3733095e-11,1.2738317e-11,2.8309076e-15,5.9462536e-18,8.691341000000001e-18,,-11.792672787132325,-9.064818425978112,-8.771570278641235,-9.189975562929046,-10.195634990775952,-10.894887947318738,-14.548072771534267,-17.225026819526995,-17.060413811287045,0.2932481473368771,-0.418405284287811,-1.005659427846906,-0.6992529565427859,-3.653184824215529,-2.6769540479927283,0.16461300823995018,-7.995595385308933,-6.864778820511093
4FGL J1229.7-5304,187.4442,-53.0704,bll,15.120987,2.1950264,2.2087178,-0.018765746,5.592749e-12,22.69214,1.4648423e-08,4.679258e-09,1.7211195e-09,3.3571346e-10,8.441154e-11,3.143973e-11,4.4771235e-12,2.915539e-12,,-11.252374670394243,-7.834209127477678,-8.329823008474923,-8.764188974882664,-9.474031245910517,-10.073598176359342,-10.502521192138692,-11.349000924608832,-11.535281143330778,-0.49561388099724546,-0.43436596640774106,-0.7098422710278527,-0.5995669304488249,-0.42892301577935044,-0.8464797324701401,-0.18628021872194545,-3.7010720158531,-2.061249897420261
4FGL J1234.0-5735,188.5194,-57.5961,bcu,32.303253,2.009879,1.8643433,0.10828485,1.3597682e-11,29.506721,8.469912e-09,9.267889e-12,2.1528759e-09,1.0610643e-09,3.6960054e-10,1.2209642e-10,2.319079e-11,1.3337185e-12,,-10.86653511928171,-8.072121101842681,-11.033019175856724,-8.66698100384777,-8.974258297254751,-9.432267402919486,-9.913297069820029,-10.634684456573757,-11.874935821434152,-2.960898074014043,2.3660381720089543,-0.3072772934069814,-0.4580091056647344,-0.48102966690054316,-0.7213873867537277,-1.240251364860395,-3.8028147195914705,-2.9006775241794003
4FGL J1234.2+2813,188.5695,28.2326,bll,4.758938,1.9165139,0.8508251,0.36595067,8.89125e-13,9.451197,2.2003845e-09,7.895071e-10,3.6700284e-10,4.3744963e-11,7.953175e-12,1.16450235e-11,3.6127913e-12,2.2129325e-17,,-12.051037173409577,-8.657501422976878,-9.102643960042895,-9.435330574996142,-10.359071946365072,-11.099459460771056,-10.933859630336432,-11.442157124380786,-16.654835624344564,-0.44514253706601714,-0.33268661495324636,-0.92374137136893,-0.7403875144059846,0.16559983043462445,-0.5082974940443545,-5.212678499963777,-7.997334201367686,-6.295763677979492
4FGL J1235.1-1405,188.7953,-14.0893,bll,7.343733,1.6425589,1.4196293,0.3338931,1.3195275e-12,23.192055,2.7885896e-09,1.2563764e-14,3.3304956e-15,1.0061778e-12,4.2351237e-11,1.443614e-11,7.533571e-12,8.02605e-18,,-11.87958155101676,-8.554615396657534,-13.90087988439035,-14.477489831772306,-11.997325264729232,-10.373133900120258,-10.840548914554097,-11.122999113797501,-17.094957369751498,-5.346264487732816,-0.5766099473819573,2.480164567043074,1.6241913646089738,-0.46741501443383804,-0.28245019924340475,-5.9719582559539965,-8.540341973093964,-5.0976321050222655
4FGL J1237.0+3019,189.2534,30.319,bll,5.023595,1.5678886,1.0861179,0.3696907,6.7863445e-13,9.121277,1.734874e-13,3.000334e-11,1.5304675e-12,2.1852856e-11,1.6870368e-12,1.5359687e-11,5.597274e-12,1.0976645e-15,,-12.168364091334182,-12.760732036526829,-10.522830396374635,-11.815175885522699,-10.660491795841047,-11.772875441296192,-10.813617633992973,-11.252023432039467,-14.95952642474146,2.2379016401521934,-1.2923454891480635,1.154684089681652,-1.1123836454551448,0.959257807303219,-0.43840579804649416,-3.7075029927019933,-2.1987943882146315,-4.299034628900413
4FGL J1239.5+4134,189.8934,41.5683,bll,5.293075,1.6924202,1.4154072,0.23830628,6.358003e-13,11.378216,6.4152426e-09,1.8643661e-13,6.360778e-11,1.272343e-11,1.5489278e-11,7.197583e-12,3.6577833e-12,2.4673736e-17,,-12.196679264670292,-8.192786915617427,-12.729468779203597,-10.196489761572208,-10.895395794850469,-10.809968825209204,-11.142813317686135,-11.436782026048974,-16.60758910714326,-4.536681863586169,2.532979017631389,-0.6989060332782611,0.08542696964126506,-0.3328444924769318,-0.29396870836283817,-5.170807081094285,-8.414802191525832,-5.71219331229279
4FGL J1240.1-6846,190.0475,-68.7734,bcu,12.864968,2.3044486,2.2312093,0.12030513,4.680364e-12,13.36827,8.866094e-12,2.0773039e-09,1.6875505e-09,3.6579173e-10,1.1120065e-10,2.0440327e-11,1.5320844e-12,6.907261e-17,,-11.329720368851804,-11.052267668050469,-8.682499963530988,-8.772743222024333,-9.436766117480769,-9.95389267413048,-10.689512160518612,-11.814717306643791,-16.160631262778217,2.3697677045194805,-0.09024325849334502,-0.6640228954564353,-0.5171265566497105,-0.7356194863881331,-1.1252051461251789,-4.345913956134426,-5.108363594727749,-6.723865145297449
4FGL J1240.4-7148,190.116,-71.8156,bcu,20.939856,1.858923,1.7915698,0.05588153,6.6085284e-12,42.294502,1.834274e-10,4.6092888e-10,1.254237e-09,2.721009e-10,1.3896545e-10,7.182499e-11,1.4836634e-11,3.783284e-12,,-11.179895238633764,-9.73653578979834,-9.336366079820712,-8.90162039167807,-9.565270021730973,-9.857093161869138,-10.143724425741196,-10.8286646163544,-11.422131055126503,0.4001697099776287,0.43474568814264103,-0.6636496300529018,-0.291823140138165,-0.2866312638720583,-0.6849401906132044,-0.5934664387721025,-1.6855952653281623,-1.8568610333955302
4FGL J1241.6+3844,190.423,38.7469,bcu,4.272422,2.263842,1.9915695,0.22499536,9.75254e-13,15.3089075,9.272103e-09,2.5551996e-09,1.9066439e-10,5.892092e-11,2.9498713e-11,3.3426498e-16,2.866327e-14,9.529425e-16,,-12.010882255302464,-8.03282175261742,-8.592575169189885,-9.719730411653897,-10.229730480564184,-10.530196931304815,-15.475896128506388,-13.542674113855142,-15.020928746268293,-0.559753416572466,-1.1271552424640117,-0.510000068910287,-0.3004664507406307,-4.945699197201574,1.9332220146512462,-1.478254632413151,-6.988106993650874,-4.791198265704109
4FGL J1242.6+7635,190.666,76.5856,bll,4.749827,1.8283241,1.815083,0.1359775,6.5911095e-13,11.773239,2.7887297e-11,1.9196487e-14,1.9692828e-13,5.4330363e-11,1.5102029e-11,1.8991137e-12,3.7071886e-12,1.8018371e-12,,-12.181041466651518,-10.554593577900674,-13.716778014649005,-12.705691890218631,-10.264957393204579,-10.820964699816185,-11.721449030972789,-11.430955317882365,-11.744284472749678,-3.1621844367483316,1.0110861244303742,2.440734497014052,-0.5560073066116065,-0.9004843311566031,0.2904937130904237,-0.31332915486731316,-1.1896908948490044,-1.479327079545099
4FGL J1250.2+3157,192.5535,31.9582,bll,5.1411114,1.7169174,1.5324033,0.28827503,6.9943725e-13,9.455412,7.9567304e-13,5.4644084e-10,6.446411e-13,1.8344217e-11,2.993363e-11,2.9092835e-12,5.1865573e-12,2.198809e-16,,-12.155251235936733,-12.099265351546185,-9.262456849721532,-12.190682002148456,-10.736500820593422,-10.523840613673714,-11.53621395464534,-11.285120818909999,-15.657792743179277,2.8368085018246525,-2.928225152426924,1.4541811815550343,0.21266020691970766,-1.0123733409716262,0.2510931357353421,-4.372671924269278,-3.558527391633092,-4.921291922585855
4FGL J1251.3-1719,192.837,-17.321,fsrq,4.5222645,3.1042466,3.069409,0.056577943,2.5915038e-12,21.241653,2.7218832e-08,7.242912e-09,8.763724e-10,6.599854e-11,1.5164404e-17,6.7989223e-13,3.81575e-17,4.2811103e-17,,-11.586448148329076,-7.565130514945833,-8.14008679136179,-9.057311308327334,-10.180465671618947,-16.818888357557107,-12.167559915649557,-16.418306285735007,-16.368342150197954,-0.574956276415957,-0.9172245169655433,-1.1231543632916132,-6.63842268593816,4.65132844190755,-4.25074637008545,0.04996413553705281,-8.80321163525212,-6.187876478579007
4FGL J1252.8-3321,193.2202,-33.3564,fsrq,5.2463613,2.2061536,2.1600366,0.12093198,1.7057298e-12,20.205025,4.086044e-10,7.907886e-12,2.7684918e-10,1.8138581e-10,2.5974292e-11,1.5691292e-12,3.0123631e-12,3.3484052e-18,,-11.768089760577139,-9.388696961027666,-11.101939599548652,-9.55775675847193,-9.741396691230738,-10.585456281319994,-11.80434129294618,-11.521092679495052,-17.47386690631957,-1.7132426385209865,1.5441828410767222,-0.1836399327588083,-0.8440595900892554,-1.2188850116261865,0.2832486134511285,-5.95277422682452,-8.085169945291906,-7.732470215088833
4FGL J1254.9-7141,193.7267,-71.6931,bcu,8.375783,2.5185843,2.4975827,0.12083954,4.2431735e-12,166.6429,2.3244842e-08,9.021741e-09,1.4600992e-09,2.3783484e-10,4.6905056e-11,3.7342256e-12,1.48123e-12,2.6042760000000002e-17,,-11.372309208889794,-7.633673401460116,-8.044709644970634,-8.835617636987203,-9.623724526017604,-10.328780341103807,-11.427799446906986,-11.829377497645162,-16.584146261259818,-0.4110362435105186,-0.7909079920165691,-0.7881068890304004,-0.7050558150862027,-1.0990191058031797,-0.4015780507381752,-4.754768763614656,-8.950472859799703,-6.960421735242214
4FGL J1256.1-5919,194.0333,-59.3198,bcu,14.725992,2.1035404,2.0842009,0.0200043,6.995856e-12,17.750338,1.6829904e-09,3.990968e-09,1.94827e-09,3.9988052e-10,1.2474458e-10,4.547311e-11,1.4084064e-11,2.8242805000000004e-16,,-11.15515913783058,-8.773918361287738,-8.398921754419634,-8.710350856806015,-9.398069751801025,-9.903978314825892,-10.3422453423862,-10.851272009792806,-15.549076795609361,0.37499660686810365,-0.31142910238638066,-0.6877188949950099,-0.5059085630248674,-0.43826702756030755,-0.5090266674066068,-4.697804785816555,-6.775158434321623,-6.151007043808336
4FGL J1259.5+2332,194.8872,23.5491,bcu,4.464665,2.806695,2.82785,-0.040004067,1.8532886e-12,11.070178,9.382232e-09,3.7393315e-09,5.1353843e-10,8.772818e-11,1.2102008e-11,5.384694e-13,3.9729307e-16,1.6242349000000002e-16,,-11.7320569433523,-8.027693832199093,-8.427206031972462,-9.289427050962942,-10.056860880328122,-10.91714256395543,-12.26883896357408,-15.400878079095385,-15.789324424462299,-0.39951219977336905,-0.8622210189904802,-0.7674338293651797,-0.8602816836273082,-1.3516963996186497,-3.132039115521305,-0.3884463453669138,-7.761630592263206,-5.732463544134177
4FGL J1300.3+5353,195.0868,53.899,bll,4.088537,2.5034962,2.3088162,0.3515113,1.1094835e-12,13.152541,3.7809604e-12,2.7634302e-09,3.391623e-10,8.710704e-11,9.552616e-12,1.0826144e-17,1.2597848e-14,1.5065227e-17,,-11.954879148203695,-11.422397870061044,-8.558551500553286,-9.469592428253666,-10.059946743798987,-11.019877679397531,-16.965125232321977,-13.899703291220627,-16.821736139612014,2.8638463695077583,-0.9110409277003804,-0.590354315545321,-0.9599309355985444,-5.945247552924446,3.0654219411013504,-2.922032848391387,-5.39933826955097,-6.761789395813027
4FGL J1302.7+4750,195.687,47.8495,bll,3.953756,2.563531,2.6156533,-0.04136676,1.0607525e-12,14.8452,3.7208678e-09,3.8240433e-09,2.1091867e-10,5.408523e-11,1.4048953e-11,3.4360368e-12,3.3708155e-16,4.9359315e-16,,-11.974385931913117,-8.429355759902165,-8.417477198809916,-9.675884975862948,-10.266921319014276,-10.852356040095014,-11.463942192252247,-15.472252133964842,-15.306622077452827,0.011878561092249385,-1.2584077770530318,-0.5910363431513286,-0.5854347210807376,-0.6115861521572334,-4.008309941712595,0.1656300565120148,-6.877266317550662,-5.039700758438551
4FGL J1304.0-5539,196.0049,-55.6515,bcu,7.399993,2.7341459,2.8084462,0.17852955,6.2712405e-12,29.521414,2.6723672e-08,7.62352e-09,2.691246e-09,1.9941654e-10,3.855245e-11,1.0325342e-12,5.421740400000002e-16,3.340715e-12,,-11.202646543162956,-7.573103867312736,-8.117844456009488,-8.570046602658424,-9.700238823270254,-10.413948017301392,-11.986095550356213,-15.265853270676498,-11.47616057161225,-0.5447405886967518,-0.4522021466489363,-1.1301922206118302,-0.7137091940311375,-1.572147533054821,-3.2797577203202852,3.7896926990642488,-3.9030567042995132,-1.775921748341995
4FGL J1305.9+3858,196.4776,38.9759,bll,4.721614,2.2032075,2.1812608,0.14076215,1.012921e-12,14.784183,7.258129e-13,2.7985255e-15,2.73931e-10,9.29394e-11,1.342184e-11,2.8305784e-16,2.8992507e-12,2.850441e-17,,-11.994424420640392,-12.139175311291293,-14.553069179607235,-9.562358817065277,-10.031800135528199,-10.872187942333039,-15.548109469045052,-11.53771422781103,-16.5449356101001,-2.4138938683159417,4.990710362541957,-0.4694413184629216,-0.8403878068048396,-4.675921526712013,4.010395241234022,-5.007221382289071,-4.405760298808808,-6.513135474571902
4FGL J1306.5+1926,196.6291,19.4391,bcu,4.2804785,2.8327515,2.8962488,-0.1281249,1.6844805e-12,6.388157,1.0413698e-11,4.3722266e-09,6.057596e-10,6.3403844e-12,8.447008e-12,3.562922e-12,2.4541035e-12,1.1571542000000002e-16,,-11.773534009585456,-10.982395020715659,-8.359297337897148,-9.217699694485821,-11.197884410559784,-11.073297093991009,-11.448193683963142,-11.610107123404545,-15.936571234365836,2.6230976828185106,-0.8584023565886731,-1.9801847160739623,0.12458731656877475,-0.37489658997213304,-0.16191343944140257,-4.326464110961291,-4.954176213650177,-4.738686823806052
4FGL J1307.1-0344,196.7818,-3.7498,bcu,5.6448727,1.9302909,1.730679,0.22500929,1.3102334e-12,20.179787,6.742918e-10,9.0368085e-10,2.5707025e-10,4.7321782e-11,3.407138e-11,1.5683281e-11,2.0696123e-17,3.7238684000000005e-16,,-11.882651330569134,-9.171152121699695,-9.043984920799002,-9.589948180082446,-10.324938909383548,-10.467610275631115,-10.804563075868577,-16.683901210489914,-15.428994012911923,0.12716720090069344,-0.5459632592834449,-0.7349907293011011,-0.14267136624756738,-0.3369528002374622,-5.879338134621337,1.2549071975779906,-6.2578418912122284,-5.104055103528376
4FGL J1308.1-3801,197.0294,-38.0178,bcu,5.0450897,1.8127,1.7267324,0.058582265,1.0554601e-12,10.24524,1.0353634e-10,1.1296464e-09,2.3432262e-10,8.944157e-12,3.6823437e-11,4.692511e-12,3.2609063e-12,1.5862328e-12,,-11.976558175747371,-9.98490719131046,-8.947057477363055,-9.630185785362288,-11.04846058557817,-10.433875677950043,-11.32859469972385,-11.486661678849526,-11.799633071319679,1.0378497139474057,-0.6831283079992332,-1.4182748002158814,0.6145849076281262,-0.8947190217738061,-0.15806697912567635,-0.3129713924701534,-1.8147258800092185,-0.7511724857415096
4FGL J1308.4-6706,197.1104,-67.1081,bcu,17.820942,2.360241,2.2649999,0.12956095,8.607359e-12,146.371,3.1967186e-11,6.6572534e-09,2.8934486e-09,8.29526e-10,1.4423872e-10,3.0133895e-11,1.2046299e-12,2.5191297000000004e-16,,-11.065130082382277,-10.495295591883355,-8.17670491185837,-8.538584228154521,-9.081169997241897,-9.840918140244753,-10.52094472919551,-11.919146357845921,-15.598732232305586,2.318590680024986,-0.361879316296152,-0.5425857690873759,-0.7597481430028559,-0.6800265889507564,-1.398201628650412,-3.679585874459665,-5.103436640422231,-6.517562235063689
4FGL J1310.1-0450,197.5428,-4.8433,bcu,4.4267797,2.5081215,2.4936721,0.023203058,1.8270557e-12,24.962225,2.1187086e-12,7.608577e-09,5.4229243e-10,6.2825634e-11,2.8909344e-11,6.3239388e-12,3.203256e-16,1.1094424e-15,,-11.738248210076735,-11.673928768523254,-8.118696559895769,-9.265766457942991,-10.201863119995153,-10.538961762914933,-11.199012340923243,-15.494394794010505,-14.954891326023949,3.5552322086274852,-1.1470698980472225,-0.9360966620521616,-0.33709864291978064,-0.6600505780083097,-4.295382453087262,0.539503467986556,-3.280962557500695,-4.753028206028796
4FGL J1310.7-5553,197.6837,-55.8867,bcu,6.110724,2.7290182,2.643635,0.38133675,3.5073559e-12,87.43603,3.1328578e-09,8.903759e-09,1.4172515e-09,3.1478076e-10,2.3530034e-11,1.8997831e-13,1.2954419000000002e-16,1.2694239e-16,,-11.455020161718645,-8.504059317238475,-8.05042660365788,-8.848553074682224,-9.501991820394439,-10.628377445100025,-12.721295957160791,-15.88754853663838,-15.89635911870486,0.4536327135805944,-0.798126471024343,-0.653438745712215,-1.126385624705586,-2.0929185120607663,-3.1662525794775895,-0.008810582066479,-7.392299801466384,-6.394367298310421
4FGL J1313.6+0159,198.4232,1.9936,bll,4.689617,2.5687497,2.5196407,0.058032032,1.9301342e-12,14.993507,8.38076e-11,3.0844975e-09,6.0682015e-10,8.2274645e-11,3.1700885e-11,7.499922e-15,5.302309e-16,4.0504886e-20,,-11.714412491699006,-10.076716596014794,-8.51081557741621,-9.216940006506173,-10.08473398287778,-10.498928613189369,-14.124942674229453,-15.27552677611399,-19.29666660484782,1.5659010185985842,-0.7061244290899626,-0.8677939763716065,-0.41419463031158976,-3.6260140610400846,-1.1505841018845366,-4.021139828733832,-9.219950008833028,-9.211932621970043
4FGL J1314.7-0901,198.6865,-9.0322,bcu,5.8188605,1.9099958,1.8107337,0.08529013,1.3034287e-12,23.91477,3.1997825e-12,8.640304e-15,2.7526104e-10,6.1669427e-11,2.7480363e-11,1.3071469e-11,2.5068311e-12,1.2097057e-15,,-11.88491271723849,-11.49487953977911,-14.063470474420484,-9.560255253575932,-10.209930086721275,-10.560977534632917,-10.883675602389898,-11.600874924304962,-14.917316682930363,-2.5685909346413744,4.503215220844552,-0.6496748331453439,-0.35104744791164144,-0.3226980677569813,-0.7171993219150643,-3.3164417586254,-3.422437143151253,-4.707386596209087
4FGL J1315.1-5333,198.7978,-53.5649,bll,31.434862,2.4331331,2.4026637,0.098746695,1.9668704e-11,388.41278,2.4356787e-08,2.0791196e-08,6.8317916e-09,1.5574793e-09,2.8363945e-10,3.9099227e-11,5.149645e-12,5.319194e-16,,-10.706224255222924,-7.613380001761557,-7.682120527442708,-8.16546539002779,-8.807577716708069,-9.547233365413753,-10.407831828502086,-11.288222707951403,-15.274146005346072,-0.06874052568115019,-0.48334486258508313,-0.6421123266802784,-0.7396556487056838,-0.8605984630883334,-0.8803908794493172,-3.9859232973946686,-7.660766003584515,-6.466568288638003
4FGL J1315.4+8453,198.8673,84.8871,bcu,6.4256916,2.5491796,2.548966,0.0007451258,2.065031e-12,13.803203,5.2508067e-11,5.005115e-09,6.0489724e-10,9.992404e-11,2.3318158e-11,3.440429e-12,4.1677446e-17,7.393229e-16,,-11.685073422278396,-10.279773969188518,-8.300585939504145,-9.21831839706177,-10.000330015400731,-10.632305759131208,-11.463387398981183,-16.379994711304107,-15.131159967452504,1.979188029684373,-0.9177324575576247,-0.7820116183389612,-0.6319757437304769,-0.831081639849975,-4.916607312322924,1.248834743851603,-4.851385998263986,-5.130829952051773
4FGL J1315.9-6349c,198.9926,-63.8294,bcu,6.3556333,2.401291,2.3972192,-0.017103685,8.693127e-12,19.689184,1.3833102e-09,1.0077231e-08,1.5261108e-09,5.1824783e-10,1.2950156e-10,1.2631794e-11,9.339543e-16,2.2977052e-12,,-11.060823975115511,-8.859080420724686,-7.996658786007512,-8.81641393421464,-9.28546250769364,-9.887724999925169,-10.898534965096797,-15.029669723994019,-11.638705691001372,0.8624216347171743,-0.819755148207129,-0.4690485734790002,-0.6022624922315281,-1.010809965171628,-4.131134758897222,3.390964032992647,-2.7796252702766857,-2.3532431833077307
4FGL J1316.7+2054,199.1905,20.9098,bcu,4.502608,2.1990342,2.3139253,-0.07640146,1.0162926e-12,17.627243,1.5339682e-10,2.1511248e-09,2.8219685e-10,3.132746e-11,1.8819673e-11,7.637447e-12,1.4952427e-12,2.1921480000000002e-17,,-11.99298123239425,-9.814183643427613,-8.667334392781568,-9.549447838317,-10.504074815726625,-10.725387926667866,-11.117051789953242,-11.825288306297224,-16.658932059879923,1.1468492506460457,-0.8821134455354329,-0.9546269774096245,-0.2213131109412405,-0.39166386328537683,-0.7082365163439821,-4.833643753582699,-6.84474841645231,-6.154857244153298
4FGL J1317.1+6613,199.2822,66.222,bcu,6.0205,2.5474372,2.5475152,-0.006436759,1.3924018e-12,11.802333,1.3008988e-10,1.4193e-09,5.880558e-10,6.53443e-11,7.506605e-12,1.2910867e-12,1.7741983e-12,1.8390834e-15,,-11.856235420842719,-9.885756486887763,-8.847925797228712,-9.230581462211882,-10.184792289983493,-11.124556435670915,-11.889044589329286,-11.750997838774166,-14.735396214168896,1.0378306896590512,-0.3826556649831705,-0.954210827771611,-0.9397641456874215,-0.7644881536583714,0.1380467505551195,-2.984398375394729,-4.849639727281133,-4.550603924185403
4FGL J1317.6+7450,199.4106,74.8383,bcu,7.148808,2.2865133,2.1789074,0.12456448,1.2504171e-12,12.307836,7.5799744e-10,1.3438206e-09,3.0545455e-10,1.0233154e-10,1.7189389e-11,2.8819644e-12,1.1475494e-12,3.8720382e-18,,-11.90294509230833,-9.12033226111123,-8.871658705706398,-9.515053401291448,-9.989990490029957,-10.764739559863344,-11.540311386685127,-11.940228605983839,-17.41094019538568,0.2486735554048316,-0.6433946955850498,-0.4749370887385087,-0.774749069833387,-0.7755718268217837,-0.39991721929871105,-5.4707115894018425,-8.290607934274451,-7.420949705355724
4FGL J1322.0-5921,200.5183,-59.3571,bcu,4.2692966,2.2635038,2.0073156,0.18402113,2.7633245e-12,9.098207,1.1635857e-10,1.9312699e-11,6.773553e-10,1.4136396e-10,5.403718e-11,1.3729864e-11,4.1425817e-17,6.4309484e-13,,-11.558568110875456,-9.934201624659272,-10.714157027968978,-9.169183466680957,-9.849661297496747,-10.267307323196487,-10.862333764292675,-16.38262409364679,-12.191724968298645,-0.7799554033097067,1.544973561288021,-0.6804778308157893,-0.4176460256997405,-0.5950264410961879,-5.520290329354115,4.190899125348144,-2.257523343639374,-2.342063670801899
4FGL J1325.3+6621,201.3416,66.3574,bll,4.6056347,1.9860713,1.9362085,0.05428566,6.256714e-13,9.870865,6.0187085e-12,4.940878e-10,1.9126026e-10,2.657639e-11,1.165671e-11,4.589915e-12,2.9739698e-12,6.9371194e-16,,-12.203653689617202,-11.220496689332455,-9.306195869554722,-9.71837525815495,-10.575504011550265,-10.93342400756322,-11.33819535608142,-11.526663444494952,-15.158814570066914,1.9143008197777327,-0.4121793886002276,-0.8571287533953154,-0.35791999601295466,-0.4047713485181994,-0.1884680884135328,-3.632151125571962,-3.938317880734459,-4.583310558516649
4FGL J1326.1-6800,201.5352,-68.0014,bcu,6.334782,2.7149239,2.8827496,0.4654617,4.30316e-12,8.0625725,6.220308e-10,3.125344e-09,2.1774125e-09,2.913323e-10,3.5729013e-12,3.6124647e-12,2.3308405e-15,2.581983e-15,,-11.36621250468016,-9.206188110577324,-8.50510217381306,-8.662059288226775,-9.535611362476853,-11.446978979631412,-11.4421963868173,-14.632485581094267,-14.58804493947684,0.7010859367642635,-0.1569571144137143,-0.8735520742500782,-1.9113676171545588,0.004782592814112974,-3.1902891942769678,0.044440641617427445,-5.381856828899515,-5.052433576999986
4FGL J1326.1+2933,201.538,29.5529,bll,8.781392,2.014101,1.9234512,0.09151863,1.775749e-12,22.273104,5.5191676e-12,1.3499638e-11,3.9516018e-10,9.774294e-11,4.5604277e-11,1.1460759e-11,1.6828493e-12,1.0546045e-16,,-11.750618418779887,-11.258126416771338,-10.869677876865532,-9.403226825403308,-10.009914601967182,-10.34099442499484,-10.940786619459452,-11.773954770991176,-15.976869201025629,0.38844853990580575,1.466451051462224,-0.6066877765638736,-0.3310798230276575,-0.5997921944646123,-0.8331681515317246,-4.202914430034452,-4.718742784254291,-5.966954599058447
4FGL J1326.2+4115,201.559,41.2593,bll,9.986667,2.452916,2.4363234,0.030774849,2.185851e-12,29.963697,3.4574241e-09,3.6907788e-09,5.5871896e-10,1.5130505e-10,2.864665e-11,6.910878e-16,8.087032e-17,1.3977971e-12,,-11.660379443365278,-8.461247345075092,-8.432881982659602,-9.252806590698176,-9.820146576571156,-10.542926157893323,-15.160460489536286,-16.092157139143573,-11.854555861782032,0.02836536241549048,-0.8199246080385745,-0.5673399858729802,-0.7227795813221665,-4.617534331642963,-0.9316966496072876,4.2376012773615415,-3.3933085167069397,-2.0344092852108755
4FGL J1326.6+0152,201.6598,1.8798,bcu,4.923274,1.8999202,1.8429233,0.06461848,1.0403494e-12,26.455376,3.0542526e-12,1.0046155e-09,2.4271715e-10,2.6712951e-11,3.3686675e-11,6.395141e-12,2.8333993e-12,1.7867259999999998e-19,,-11.982820774788383,-11.515095046326048,-8.998000125482779,-9.61489953602256,-10.573278132324337,-10.47254185325373,-11.1941498750806,-11.5476922161929,-18.72429116572181,2.5170949208432685,-0.6168994105397818,-0.9583785963017757,0.10073627907060612,-0.721608021826869,-0.3535423411123002,-7.176598949528909,-7.209196119395761,-8.151013033397472
4FGL J1326.8-5256,201.7201,-52.9376,bll,46.341568,2.3238049,2.1979156,0.11721762,2.4011584e-11,483.15335,2.5047498e-08,2.3744088e-08,8.037487e-09,2.1400366e-09,4.7346493e-10,5.3905765e-11,5.4083634e-12,9.94871e-13,,-10.619579189209487,-7.601235649399856,-7.6244445068218925,-8.094879716503614,-8.669578799059007,-9.324712184067677,-10.268364786239138,-11.266934134068078,-12.002233224054955,-0.02320885742203682,-0.4704352096817219,-0.5746990825553926,-0.6551333850086696,-0.9436526021714613,-0.9985693478289406,-0.7352990899868761,-4.400997574655099,-3.3326544249959476
4FGL J1327.0+3154,201.7683,31.9013,bcu,4.4791355,2.2047007,2.2073057,-0.03083931,9.999613e-13,17.909376,2.4546414e-09,2.7894398e-09,3.5180375e-10,5.3705373e-11,1.20763035e-11,8.685011e-12,9.776131e-13,2.0997384e-17,,-12.000016803178564,-8.6100119452405,-8.554483006831344,-9.453699535543793,-10.26998226268288,-10.918065980522922,-11.061229626660841,-12.00983298308098,-16.677628025894883,0.055528938409155515,-0.899216528712449,-0.8162827271390878,-0.6480837178400414,-0.14316364613791954,-0.9486033564201382,-4.6677950428139034,-8.067616080654384,-6.4076457632120025
4FGL J1328.6+1145,202.1667,11.7627,bll,8.40855,1.7424585,1.5068398,0.18945856,1.5751096e-12,17.230825,1.6757613e-13,2.8155795e-13,2.0501993e-10,6.617308e-11,1.9716895e-11,1.9070969e-11,1.0365207e-11,5.525282e-16,,-11.80268921878752,-12.775787817471905,-12.550432190094563,-9.688203919077646,-10.179318650754366,-10.705161476118752,-10.719627239570448,-10.984422019918124,-15.257637691442463,0.2253556273773416,2.8622282710169173,-0.4911147316767206,-0.5258428253643856,-0.014465763451696034,-0.26479478034767645,-4.273215671524339,-2.4818498739705586,-5.078319040688097
4FGL J1329.0-5607,202.2672,-56.1186,bll,54.115337,2.4575326,2.3555543,0.13574462,3.65115e-11,1163.9688,3.3681054e-08,4.7096865e-08,1.43991725e-08,2.951303e-09,4.9268706e-10,4.2733234e-11,5.7020846e-12,3.0187198e-16,,-10.43757032446786,-7.472614326340264,-7.327008000695094,-7.841662465474593,-8.529986200707725,-9.30742884393587,-10.369234238950883,-11.243966342729209,-15.520162810196958,0.1456063256451703,-0.5146544647794986,-0.6883237352331326,-0.7774426432281452,-1.0618053950150124,-0.8747321037783262,-4.276196467467749,-8.047548483856694,-6.990176609489232
4FGL J1330.2-7003,202.5616,-70.0586,bcu,37.442696,2.4710271,2.3646946,0.1379386,1.8194071e-11,1070.7053,3.733869e-08,2.5189212e-08,7.587281e-09,1.3593752e-09,2.3289548e-10,2.8998132e-11,1.8271315e-16,3.9780423e-18,,-10.740070114605407,-7.42784092301648,-7.5987854184248835,-8.119913831252411,-8.866660657465879,-9.632838940086032,-10.537629977407192,-15.738206426482483,-17.399240243901215,-0.17094449540840362,-0.5211284128275278,-0.7467468262134673,-0.7661782826201531,-0.9047910373211607,-5.200576449075291,-1.6610338174187316,-9.971399320884736,-8.532579586435336
4FGL J1330.4+2416,202.612,24.2727,bll,4.9916368,2.390276,2.438783,-0.052595105,1.2220496e-12,9.5393305,8.998951e-11,1.9923512e-09,2.3864946e-10,7.560783e-11,2.1194794e-11,4.2318447e-14,2.291444e-12,1.3381872999999998e-18,,-11.912911163232648,-10.045808112897245,-8.70063410427449,-9.622239543970867,-10.121433226270629,-10.673770799938179,-13.37347017576971,-11.63989075000336,-17.870249768256343,1.3451740086227542,-0.9216054396963766,-0.4991936822997616,-0.5523375736675504,-2.69969937583153,1.733579425766349,-6.230359018252983,-7.824441655359099,-7.748816541985715
4FGL J1333.0-6626,203.2648,-66.4387,bcu,5.7090526,2.7035794,2.6489875,0.24942291,4.2664067e-12,27.960173,1.2394536e-12,3.4839744e-09,2.044025e-09,2.9413513e-10,4.3347922e-11,2.2704204e-17,3.4747366e-17,7.559543e-18,,-11.369937746287096,-11.906769723271342,-8.457925044816854,-8.689513796746722,-9.531453102462123,-10.363031716670376,-16.643702478064185,-16.458953142896824,-17.120930339597596,3.4488446784544884,-0.23158875192986805,-0.8419393057154014,-0.8315786142082526,-6.280670761393809,0.18474933516736058,-0.6619771967007715,-5.214160616326254,-7.589477237135473
4FGL J1336.2+2107,204.0507,21.1204,bll,6.4126706,1.981005,1.7651709,0.16662979,1.4648378e-12,9.279198,5.7326856e-12,4.862497e-10,9.920553e-14,5.4388157e-11,5.6036422e-11,5.5368206e-12,3.5922944e-12,1.54001e-16,,-11.834210458669197,-11.241641875002943,-9.313140653602568,-13.003464074577185,-10.264495657381707,-10.251529602703206,-11.256739547166987,-11.444628077517317,-15.812448259236957,1.9285012214003743,-3.6903234209746163,2.738968417195478,0.012966054678500427,-1.0052099444637808,-0.18788853035032993,-4.36782018171964,-4.5708063842340145,-5.5479526018552505
4FGL J1336.5-1529,204.1488,-15.4921,bcu,15.001639,2.249832,2.2223895,0.051224723,4.978991e-12,281.48257,2.3953459e-12,3.5949632e-09,1.4226976e-09,3.5689907e-10,7.740231e-11,1.7688786e-11,8.103152e-13,1.6021531e-12,,-11.302858657880178,-11.620631761599462,-8.444305550931833,-8.846887401112777,-9.447454583706014,-10.111246077952433,-10.752301971909365,-12.09134600910341,-11.795295982851826,3.1763262106676287,-0.40258185018094395,-0.6005671825932364,-0.6637914942464196,-0.6410558939569313,-1.3390440371940446,0.2960500262515833,-0.17466422125236392,-2.3478413991458122
4FGL J1338.1-0931,204.5312,-9.5174,bcu,4.4087186,1.87968,1.9283876,0.13107729,9.215635e-13,12.228985,7.822631e-14,1.2402568e-15,7.994226e-15,1.1165972e-10,1.2355068e-11,5.9978307e-12,3.6004305e-12,3.3241768e-17,,-12.035474729796933,-13.106647099784462,-14.906484881527915,-14.097223034961972,-9.952103465490286,-10.908154859627631,-11.222005796454187,-11.443645566749685,-16.47818525826371,-1.7998377817434523,0.809261846565942,4.145119569471687,-0.9560513941373454,-0.3138509368265563,-0.2216397702954982,-5.034539691514025,-3.3715381584792485,-6.526081792773425
4FGL J1340.1+3857,205.0427,38.9623,bcu,7.068578,2.5364563,2.443775,0.16361855,1.7763285e-12,41.102886,4.08343e-12,3.3704122e-09,5.853272e-10,9.083098e-11,2.3430617e-11,2.5906254e-14,7.023577e-17,2.4177993e-18,,-11.750476713733711,-11.38897488382013,-8.47231698184601,-9.232601293859888,-10.041766000017947,-10.630216274761551,-13.586595213072558,-16.15337982261105,-17.614787218134335,2.9166579019741192,-0.7602843120138782,-0.8091647061580591,-0.5884502747436038,-2.9563789383110066,-2.5667846095384927,-1.4614073955232847,-6.225812334314206,-7.573021218116388
4FGL J1340.4+6926,205.1099,69.4446,bcu,12.294093,2.5586634,2.5477068,0.079879336,2.7896687e-12,162.74739,4.0707764e-15,4.3062203e-09,1.2159939e-09,1.13268485e-10,3.406046e-11,1.2305052e-12,2.162786e-15,1.4033428e-12,,-11.554447368755696,-14.390321685077014,-8.36590375606586,-8.915068603680588,-9.945890908231334,-10.467749490887348,-11.90991654314,-14.664984442305,-11.85283622611667,6.024417929011154,-0.549164847614728,-1.030822304550746,-0.521858582656014,-1.4421670522526515,-2.7550678991650006,2.81214821618833,2.5374854589603437,-1.9069453178853362
4FGL J1341.7-3907,205.4326,-39.1223,bcu,7.66099,1.9897165,1.933049,0.04664892,1.9206362e-12,28.426208,6.1041866e-11,4.2124013e-10,3.6039044e-10,7.170029e-11,5.2082644e-11,1.2151028e-11,4.203284e-12,5.5339055e-16,,-11.716554887585653,-10.214372198751416,-9.3754702618652,-9.443226737964814,-10.144479087714515,-10.28330697663253,-10.915386978017604,-11.376411264334648,-15.256960413569034,0.8389019368862165,-0.0677564760996141,-0.7012523497497014,-0.1388278889180139,-0.6320800013850754,-0.46102428631704306,-3.880549149234387,-5.042588214817618,-5.112481325854519
4FGL J1346.3+7227,206.5988,72.4612,bcu,5.174455,2.322686,2.2280574,0.1293787,9.513122e-13,21.46786,2.144792e-11,2.5149047e-09,2.4516703e-10,5.765935e-11,1.8976555e-11,5.8638007e-13,8.044862e-13,3.9949786000000004e-17,,-12.0216769290899,-10.66861481872307,-8.59947846748438,-9.610537934020948,-10.239130257692892,-10.721782626257678,-12.231820791595139,-12.094481395905827,-16.398376846253562,2.06913635123869,-1.0110594665365689,-0.6285923236719437,-0.48265236856478566,-1.5100381653374608,0.13733939568931142,-4.303895450347735,-5.729762027530493,-6.15924658856067
4FGL J1347.4+7309,206.8557,73.1545,bcu,4.9962883,2.8718674,2.8639865,0.09926729,1.6925608e-12,12.952372,2.9553437e-09,2.492281e-09,7.008233e-10,4.1622573e-11,1.1309224e-11,9.5933926e-17,9.978285e-18,1.2658706e-16,,-11.771455719113707,-8.529392004346947,-8.603402993363673,-9.154391467773827,-10.38067107622662,-10.946567193459758,-16.017982514291525,-17.00050907423404,-15.897576379947438,-0.07401098901672576,-0.5509884744101541,-1.226279608452792,-0.5658961172331392,-5.0714153208317665,-0.9825265599425137,1.1029326942866007,-7.3681843756004906,-5.516905303720819
4FGL J1347.9-0618,206.9929,-6.3013,bcu,4.372519,2.1370764,2.2028642,0.5349373,6.7869885e-13,16.512922,4.5623448e-14,8.47148e-15,5.8390126e-11,1.4358578e-10,1.6581412e-11,7.813576e-16,9.506491e-20,1.9357631e-17,,-12.16832288028566,-13.340811800747153,-14.072040197477142,-10.233660587509654,-9.842888568234265,-10.780378489344216,-15.107144601087873,-18.978542307168176,-16.712923497842986,-0.7312283967299891,3.838379609967488,0.3907720192753885,-0.9374899211099503,-4.326766111743657,-3.8713977060803035,2.26561880932519,-3.372111697095834,-6.870034929608721
4FGL J1348.9+0756,207.2452,7.9449,bll,9.638933,1.971622,1.9878886,-0.021199178,2.010579e-12,16.79524,4.4907637e-12,2.7750704e-09,3.974447e-10,1.3756044e-10,2.4734997e-11,1.3006009e-11,9.265314e-12,1.8524405e-12,,-11.696678855695717,-11.34767979555916,-8.556725994902369,-9.400723290029502,-9.861506443684501,-10.606688137797903,-10.8858559494676,-11.033139857456867,-11.73225573022776,2.7909538006567907,-0.8439972951271333,-0.4607831536549991,-0.745181694113402,-0.27916781166969784,-0.14728390798926583,-0.6991158727708928,-0.3845759346686002,-1.8707492865432584
4FGL J1349.5-7153,207.3767,-71.8837,bcu,8.59216,2.5238273,2.521791,-0.03555776,4.4236633e-12,4.3044434,3.299558e-08,6.456131e-09,2.0785278e-09,1.4786077e-10,3.6919454e-11,1.245764e-11,2.3481312e-12,1.3543613e-12,,-11.354217935087977,-7.481544233157596,-8.190027666017667,-8.682244162492768,-9.83014703647055,-10.432744730240858,-10.904564223143161,-11.629277639031383,-11.868265461199702,-0.7084834328600706,-0.4922164964751019,-1.147902873977781,-0.6025976937703081,-0.47181949290230385,-0.7247134158882211,-0.23898782216831904,-4.386721228042106,-2.038118424729152
4FGL J1353.6-6640,208.4055,-66.6719,bll,34.061646,1.9488754,1.9301,0.019352552,1.4947278e-11,61.13835,2.8111296e-11,4.3379695e-09,2.6889186e-09,8.708134e-10,3.030145e-10,9.9832975e-11,5.0554304e-11,6.9757256e-12,,-10.82543788779896,-10.551119131730987,-8.362713505808207,-8.570422344709225,-9.060074896689253,-9.518536588911365,-10.000725986773555,-10.296241864242674,-11.156410610702576,2.1884056259227798,-0.2077088389010182,-0.48965255198002744,-0.4584616922221123,-0.4821893978621894,-0.29551587746911956,-0.8601687464599017,-0.6052914789715889,-2.096335714013323
4FGL J1354.1-8750,208.5448,-87.8397,bcu,4.590312,2.5227387,2.526241,0.032806743,1.965535e-12,8.37815,1.7502439e-08,2.9503715e-12,6.753251e-10,1.1831028e-10,1.4579055e-11,1.89895e-12,1.3815989e-12,1.8367385e-16,,-11.706519216145903,-7.756901427288656,-11.530123294332244,-9.170487108426924,-9.926977517775718,-10.83627062534884,-11.72148646794698,-11.859618018073178,-15.735929026406291,-3.7732218670435875,2.3596361859053196,-0.7564904093487943,-0.9092931075731219,-0.8852158425981393,-0.13813155012619838,-3.876311008333113,-7.979027599117635,-5.808951508630573
4FGL J1354.7+0623,208.6951,6.3899,bll,6.413306,2.020668,1.8205373,0.18647563,1.4785358e-12,13.550798,1.9976334e-10,7.774737e-10,1.6371006e-10,7.590838e-11,4.4045476e-11,9.427259e-12,3.0499972e-17,2.0117142e-16,,-11.830168152438466,-9.699484209264108,-9.10931429314835,-9.78592463230101,-10.119710276921305,-10.356098692128004,-11.025614560695336,-16.515558190923674,-15.696412130793423,0.5901699161157588,-0.6766103391526599,-0.3337856446202956,-0.23638841520669907,-0.6695158685673324,-5.489943630228337,0.8191460601302509,-5.9969279215293145,-5.576701853872118
4FGL J1356.2-2454,209.0635,-24.9101,bcu,5.509272,2.6059716,2.4842777,0.16661611,2.4008618e-12,17.897,3.7423373e-11,5.799133e-09,5.744537e-10,1.7531836e-10,1.6292372e-11,1.1022073e-12,3.4745793e-15,7.357113e-16,,-11.61963283656172,-10.426857071629895,-8.236636930826181,-9.24074496896086,-9.756172600543396,-10.788015682059788,-11.957736712996507,-14.45909652209106,-15.133286670437647,2.1902201408037136,-1.004108038134678,-0.5154276315825363,-1.0318430815163921,-1.169721030936719,-2.501359809094554,-0.674190148346586,-4.706429598807752,-5.377114069894251
4FGL J1358.9-0703,209.7392,-7.0621,bcu,7.4196258,2.1981008,1.941465,0.30971354,1.3973551e-12,17.852621,7.819021e-17,1.4590307e-09,3.7270848e-10,1.4250923e-10,6.4363764e-11,2.3689531e-12,4.168125e-15,2.110522e-15,,-11.854693212557585,-16.106792080677764,-8.835935569857977,-9.428630725894799,-9.846157006444272,-10.191358566173795,-11.625443535423202,-14.380058223296444,-14.675608058663299,7.270856510819787,-0.5926951560368217,-0.41752628054947394,-0.3452015597295226,-1.4340849692494064,-2.754614687873243,-0.2955498353668542,1.431184022014465,-4.829451052219026
4FGL J1359.4+1809,209.8631,18.1611,bcu,4.3402734,2.0577512,2.0582223,-0.020916814,1.1363036e-12,4.236891,1.3568266e-15,3.483669e-10,2.6225117e-10,6.01849e-11,2.692433e-11,4.749298e-12,1.2799808e-12,2.2504977e-12,,-11.94450561358037,-14.867472450049291,-9.457963116080883,-9.581282565564326,-10.220512456664508,-10.569855094959609,-11.323370578356936,-11.892796541425243,-11.647721424642796,5.409509333968408,-0.12331944948344287,-0.6392298911001824,-0.34934263829510037,-0.7535154833973277,-0.5694259630683067,0.24507511678244676,3.219751025406495,-1.427208967978288
4FGL J1400.6-5605,210.1567,-56.0879,bcu,15.459061,2.5204124,2.4895024,0.08787136,9.5221305e-12,99.6863,2.1827386e-08,1.1541781e-08,4.09679e-09,5.896263e-10,1.1446285e-10,1.9568349e-11,1.6521902e-16,4.1972442e-19,,-11.021265870395178,-7.6609982713337335,-7.937727170487374,-8.38755629725611,-9.229423153211288,-9.941335444796605,-10.708445814408085,-15.78191367300222,-18.36680996591139,-0.27672889915364074,-0.4498291267687353,-0.8418668559551783,-0.7119122915853175,-0.7671103696114798,-5.073467858594135,-2.5848962929091694,-10.705811694577656,-9.137386812700102
4FGL J1403.6+3606,210.9023,36.1117,bcu,5.1318617,1.9760827,1.9290954,0.03210699,7.0849874e-13,8.641778,2.0887658e-11,1.491242e-11,8.983682e-11,3.9327003e-11,1.8270973e-11,2.8371613e-12,3.763247e-12,7.2262144e-16,,-12.149660911638936,-10.680110251755092,-10.82645187286452,-10.046545629370732,-10.40530914857659,-10.738238323932537,-11.547115971200524,-11.424437274755006,-15.141083147222085,-0.1463416211094284,0.7799062434937891,-0.35876351920585847,-0.3329291753559467,-0.8088776472679875,0.12267869644551865,-3.7166458724670797,-4.460972895466993,-4.735773998645495
4FGL J1406.5-0054,211.6411,-0.9007,bll,5.0159683,2.6207247,2.6355743,-0.035758916,1.9480637e-12,9.975566,6.326653e-09,3.6629126e-09,6.1546135e-10,5.0281262e-11,1.9461065e-11,5.360644e-12,8.417497399999999e-19,4.5491195e-17,,-11.710396843941494,-8.198825984778018,-8.436173443821454,-9.210799214876324,-10.298593830486858,-10.71083339658,-11.270783032473629,-18.069687990330184,-16.341977197296938,-0.2373474590434359,-0.7746257710548701,-1.0877946156105338,-0.4122395660931417,-0.5599496358936289,-6.798904957856555,1.7277107930332463,-8.14315121251892,-6.04338336681008
4FGL J1407.1+5312,211.7921,53.2083,bll,4.3677564,2.2395194,2.109554,0.13335593,8.608758e-13,18.013542,1.4676285e-10,3.0107203e-09,2.533328e-10,4.5848617e-11,1.948615e-11,2.4471681e-12,8.5132926e-17,2.0955174e-15,,-12.065059495377769,-9.833383863203919,-8.521329589158292,-9.596308576726862,-10.338673759971805,-10.710273958449218,-11.61133619544691,-16.06985142904943,-14.678706656189714,1.312054274045627,-1.0749789875685707,-0.7423651832449423,-0.3716001984774131,-0.9010622369976922,-4.458515233602519,1.3911447728597146,-4.845322792985796,-4.3400328962179096
4FGL J1407.5-2706,211.8913,-27.1041,bll,7.698543,1.9180939,1.9978954,-0.062390115,1.805623e-12,19.646753,3.108675e-11,4.991454e-09,2.3317345e-10,7.736541e-11,3.596716e-11,1.3735509e-11,6.610246e-12,3.0403033e-12,,-11.743372919452916,-10.507424679259524,-8.301772926881618,-9.632320901471257,-10.111453168509609,-10.444093852998256,-10.862155241875879,-11.179782377307498,-11.517083087677957,2.2056517523779053,-1.3305479745896385,-0.4791322670383522,-0.3326406844886467,-0.41806138887762323,-0.3176271354316196,-0.3373007103704584,-1.0096584084184332,-1.405629919168348
4FGL J1408.7+3617,212.1754,36.2885,bcu,5.6088653,2.406206,2.4225857,-0.037028573,1.2470687e-12,15.506968,8.060902e-12,2.4567217e-09,4.1569542e-10,5.985215e-11,1.6194518e-11,7.0131097e-12,7.915121e-16,2.156384e-16,,-11.904109617450265,-11.093616358189054,-8.60964403806429,-9.381224760375531,-10.222920244243236,-10.790631973168614,-11.154089367136448,-15.101536954744699,-15.666253759747331,2.4839723201247637,-0.7715807223112403,-0.8416954838677047,-0.5677117289253779,-0.3634573939678347,-3.9474475876082504,-0.5647168050026323,-4.572637401558277,-5.443333515504095
4FGL J1409.7+5940,212.4382,59.672,bll,6.834245,2.306121,2.2423248,0.06299987,1.1885458e-12,17.887695,7.636659e-10,1.0278792e-09,3.641317e-10,6.980275e-11,2.5646417e-11,1.392701e-12,5.1955976e-13,1.5075834e-20,,-11.924984074645263,-9.117096601525368,-8.988057922161516,-9.43874151128813,-10.156127467195725,-10.59097330039536,-11.856142109451445,-12.284364484125978,-19.60074461381803,0.12903867936385183,-0.4506835891266139,-0.717385955907595,-0.43484583319963477,-1.2651688090560853,-0.42822237467453306,-7.316380129692051,-10.483648012292662,-9.444617146622305
4FGL J1410.3+6058,212.5967,60.977,bll,6.350613,1.6144496,1.4919845,0.12342759,6.698734e-13,19.997292,3.540345e-09,7.75213e-10,1.2223548e-11,1.6930936e-11,1.3703952e-11,6.074746e-12,5.0514575e-12,1.0393217e-12,,-12.174007260781018,-8.450954414725636,-9.11057895295256,-10.912802717373756,-10.771319031687803,-10.863154170899863,-11.21647187555046,-11.296583295698639,-11.983250000805025,-0.6596245382269235,-1.8022237644211963,0.14148368568595338,-0.09183513921206021,-0.353317704650598,-0.08011142014817807,-0.6866667051063864,-3.532295586079389,-1.2119309691172226
4FGL J1412.2+2132,213.0705,21.5425,bcu,4.2737637,2.3558936,2.2410989,0.17071763,1.3283642e-12,27.9904,2.5616887e-15,4.2237797e-10,3.299304e-10,1.182513e-10,1.5679529e-11,1.7417556e-16,2.3773485e-12,1.0753875e-15,,-11.876682834074026,-14.591471952117631,-9.374298741403685,-9.481577666423956,-9.927194076094878,-10.804666987023403,-15.758987850891234,-11.623907147731117,-14.968430977471572,5.217173210713947,-0.10727892502027103,-0.4456164096709223,-0.8774729109285246,-4.9543208638678315,4.135080703160117,-3.3445238297404547,-0.37695902535394055,-5.041236901376694
4FGL J1414.5+0826,213.6421,8.4372,bcu,4.74736,2.864585,2.7326455,0.12670709,2.1198943e-12,14.926022,1.1580288e-08,5.851743e-09,5.4092675e-10,1.1002991e-10,4.1351913e-12,8.412343e-16,4.841814e-13,8.6213594e-18,,-11.673685790829733,-7.936280639636234,-8.232714755706061,-9.266861541215587,-9.958489242236318,-11.383504393498281,-15.075077865397308,-12.314991889180545,-17.063920799484652,-0.29643411606982717,-1.0341467855095257,-0.6916277010207317,-1.425015151261963,-3.6915734718990265,2.7600859762167627,-4.748928910304107,-9.127640159848418,-7.105431557248334
4FGL J1415.9-1002,213.976,-10.0483,fsrq,5.535283,2.796215,2.4939873,0.39692798,2.1012744e-12,15.280668,4.4662016e-10,1.4072105e-09,1.1771737e-09,1.4962535e-10,8.0479595e-14,8.569677e-16,1.2199146e-13,7.475791e-15,,-11.67751722842851,-9.35006167718153,-8.851640933016634,-8.92915944931463,-9.824994820664172,-13.094314163833145,-15.067030479002067,-12.913670535402657,-14.126342267720194,0.49842074416489623,-0.07751851629799589,-0.8958353713495413,-3.2693193431689735,-1.9727163151689222,2.15335994359941,-1.2126717323175367,-4.776280590538663,-4.301347447056022
4FGL J1416.0+1320,214.0034,13.3386,bcu,63.183285,2.0689065,1.9917266,0.047497556,2.2729726e-11,2138.6946,5.7896665e-09,1.6336589e-08,5.5834795e-09,1.7619396e-09,4.722091e-10,1.3007496e-10,2.865233e-11,5.2003723e-12,,-10.643405799341561,-8.237346452054393,-7.786838616904886,-8.253095074054222,-8.754008983456304,-9.325865647824747,-9.88580629895058,-10.54284005539501,-11.283965562828584,0.4505078351495069,-0.4662564571493366,-0.5009139094020814,-0.5718566643684433,-0.5599406511258334,-0.6570337564444291,-0.7411255074335745,-3.0466191107741913,-2.5299565793722802
4FGL J1416.0+3443,214.0143,34.7202,bcu,9.191514,2.6816428,2.5830393,0.26465568,2.4277737e-12,183.20078,1.8091509e-12,2.5959859e-09,1.0319081e-09,1.876466e-10,6.2140336e-12,1.9785394e-15,6.0996185e-15,7.108019e-16,,-11.614791795800357,-11.742525205032551,-8.58569767071777,-8.986358978518616,-9.72665930021052,-11.206626402095196,-14.703653101890461,-14.214696615040573,-15.14824531009989,3.1568275343147807,-0.40066130780084563,-0.7403003216919029,-1.479967101884677,-3.4970266997952653,0.48895648684988835,-0.9335486950593168,-3.4057201050673385,-5.421586009889371
4FGL J1417.9+4613,214.4818,46.2327,fsrq,3.5222347,2.9572616,2.9091017,0.081037,1.2328994e-12,37.11335,6.1888645e-12,2.5713531e-09,5.496335e-10,2.7151614e-11,3.0139862000000003e-16,6.5957537e-15,2.028881e-16,6.804692e-15,,-11.909072355248554,-11.208389025014966,-8.589838281639365,-9.259926805013093,-10.56620434895534,-15.520844331434454,-14.180734911794097,-15.692722019814259,-14.16719088921001,2.618550743375602,-0.6700885233737282,-1.3062775439422474,-4.954639982479113,1.3401094196403562,-1.5119871080201612,1.5255311306042483,-2.9588018641950438,-3.60098654025467
4FGL J1419.6-5153,214.9222,-51.8901,bcu,14.867191,2.461779,2.4480941,0.05456993,9.283e-12,4.85104,7.5406476e-10,9.653787e-09,3.0016416e-09,5.719252e-10,8.686348e-11,2.117916e-11,1.379794e-12,1.6485865e-12,,-11.03231164907885,-9.122591354783733,-8.015302287632595,-8.522641164334614,-9.242660767268378,-10.061162775493418,-10.674091268508798,-11.860185744756574,-11.782888258208517,1.1072890671511377,-0.5073388767020184,-0.720019602933764,-0.8185020082250407,-0.6129284930153798,-1.186094476247776,0.07729748654805668,-2.6602969034247845,-2.54022749094014
4FGL J1421.1+3859,215.2922,38.9966,fsrq,7.1576853,2.6130855,2.5305753,0.1587976,2.1350478e-12,38.773148,1.15343e-08,6.3244157e-09,4.8969323e-10,1.431355e-10,1.6855635e-11,9.176991e-15,2.185174e-15,8.140738e-16,,-11.670592395399286,-7.938008757047322,-8.198979591888616,-9.310075900044724,-9.844252640549113,-10.773254881461368,-14.037299220971429,-14.660511988066457,-15.089330887488726,-0.26097083484129424,-1.1110963081561085,-0.5341767405043889,-0.9290022409122543,-3.264044339510061,-0.623212767095028,-0.4288188994222697,-7.151322130441405,-5.245078246939613
4FGL J1422.5+3223,215.6371,32.385,fsrq,130.02838,2.2391915,2.168116,0.05219629,4.9980315e-11,9982.744,6.739613e-08,5.2924726e-08,1.6832763e-08,3.6658e-09,8.4918683e-10,1.8705626e-10,2.144242e-11,1.5134207e-12,,-10.301201010981204,-7.171365040673798,-7.276341381716519,-7.77384459126306,-8.435831233116692,-9.070996749902102,-9.728027753157797,-10.668726201363656,-11.820040327341374,-0.10497634104272091,-0.49750320954654104,-0.6619866418536322,-0.6351655167854098,-0.6570310032556943,-0.9406984482058593,-1.1513141259777182,-4.648675286667576,-3.3842090942246816
4FGL J1423.6-7829,215.9156,-78.485,fsrq,24.106903,2.4116025,2.312049,0.11924715,7.86074e-12,270.6631,4.901167e-13,9.918532e-09,2.81603e-09,6.1677474e-10,1.4785327e-10,1.29794136e-11,7.246909e-15,1.0072983e-14,,-11.104536567557078,-12.309700490433544,-8.00355260117978,-8.550362722836246,-9.209873421109679,-9.8301690659191,-10.886744927851048,-14.139846592835113,-13.996841467852219,4.306147889253763,-0.5468101216564651,-0.6595106982734329,-0.6202956448094206,-1.0565758619319485,-3.253101664984065,0.14300512498289386,-1.6871409774186752,-4.78696804674254
4FGL J1424.5+3433,216.1304,34.5555,bll,5.430914,1.7579281,1.4342028,0.328022,6.9887694e-13,10.070165,1.3513065e-11,9.959283e-10,4.9166885e-14,8.210643e-14,2.8748708e-11,6.405449e-12,3.2806945e-12,5.3024824e-16,,-12.155599282967135,-10.869246133882651,-9.001771926667542,-13.308327217517146,-13.085622777755404,-10.541381668078202,-11.193450421621012,-11.48403420813823,-15.275512573997208,1.8674742072151087,-4.306555290849603,0.22270443976174192,2.544241109677202,-0.6520687535428102,-0.2905837865172174,-3.7914783658589783,-4.406266440114557,-2.189889796241804
4FGL J1424.5+3705,216.1447,37.0954,bll,5.659997,1.6761582,1.5287865,0.15057267,8.070363e-13,9.13761,2.4614252e-12,1.2034294e-09,1.9948247e-13,4.3616634e-12,2.0924727e-11,9.42936e-12,3.3881739e-12,1.350401e-12,,-12.09310692515663,-11.608813355657125,-8.919579382817652,-12.700095241197507,-11.360347852012671,-10.67934019922832,-11.025517782719467,-11.470034306070097,-11.869537245898172,2.6892339728394727,-3.7805158583798555,1.3397473891848364,0.6810076527843503,-0.346177583491146,-0.4445165233506305,-0.39950293982807494,-0.2607238902410476,-0.5091893938855012
4FGL J1424.8-6808,216.2169,-68.1489,bcu,31.631945,2.4969108,2.413627,0.15631224,1.7618436e-11,146.95398,3.9551593e-09,2.2800371e-08,7.4364346e-09,1.3914574e-09,1.7977751e-10,2.8814446e-11,4.0401473e-16,1.6783929e-15,,-10.754032646569465,-8.402836019948337,-7.642058086247518,-8.128635237126232,-8.856530085214803,-9.745264639018075,-10.540389725800233,-15.393592051290794,-14.77510377876151,0.7607779337008189,-0.48657715087871445,-0.727894848088571,-0.8887345538032712,-0.7951250867821589,-4.85320232549056,0.6184882725292837,-6.372267758813173,-5.918573693546707
4FGL J1425.8+1423,216.4644,14.3863,fsrq,4.0130987,2.420201,2.2880833,0.18673077,1.658082e-12,22.123413,1.2560893e-08,3.5124992e-09,4.9535653e-10,1.09012174e-10,3.2773284e-11,4.864716e-18,1.9272354e-15,2.2511528e-16,,-11.780393992718412,-7.900979483911689,-8.454383765999685,-9.30508210757076,-9.962524999214109,-10.484480038447884,-17.31205068113994,-14.715062982241115,-15.647575734017478,-0.5534042820879961,-0.8506983415710749,-0.657442891643349,-0.5219550392337755,-6.827570642692056,2.5969876988988254,-0.932512751776363,-7.746596250105789,-5.685050734803369
4FGL J1428.3+5635,217.0828,56.5947,fsrq,6.0273046,2.5607958,2.514874,0.08428814,1.5189578e-12,17.914743,4.7597766e-09,9.751863e-10,5.1404386e-10,8.488334e-11,2.0036839e-11,1.1114406e-15,9.1462346e-17,2.4409065e-15,,-11.818454288769638,-8.322413430401298,-9.01091240857082,-9.288999823908092,-10.071177540047174,-10.698170791227668,-14.95410983537091,-16.038710182380036,-14.612447076875107,-0.6884989781695214,-0.2780874153372732,-0.7821777161390813,-0.6269932511804939,-4.255939044143242,-1.0846003470091272,1.4262631055049297,-6.290033646473809,-4.541269536827933
4FGL J1428.7-1017,217.1991,-10.2964,bcu,8.360599,1.6287905,1.3483728,0.25939298,1.6211983e-12,11.490404,9.1556146e-10,1.7887337e-15,7.264937e-12,2.1766016e-11,3.77094e-11,1.6226562e-11,1.0188432e-11,4.8272920000000004e-17,,-11.790163857655521,-9.038312496968734,-14.747451882825489,-11.138768146861901,-10.662221055718256,-10.423550377549807,-10.789773486227334,-10.99189264835886,-16.31620647300841,-5.709139385856755,3.608683735963588,0.4765470911436456,0.23867067816844845,-0.36622310867752716,-0.2021191621315257,-5.3243138246495505,-7.277893976039676,-5.653985417290155
4FGL J1430.5+3647,217.6397,36.7963,fsrq,7.9208937,2.5630412,2.5531561,0.025407165,2.2395287e-12,26.850996,1.28844775e-08,4.4358384e-09,9.058033e-10,8.60375e-11,2.4732619e-11,1.742958e-12,2.3237487e-15,1.1404578e-12,,-11.649843365675354,-7.889933188557661,-8.353024283817355,-9.042966101434557,-10.065312217387733,-10.606729892479525,-11.758713075451658,-14.633808971246976,-11.942920776343584,-0.46309109525969383,-0.6899418176172016,-1.0223461159531766,-0.5414176750917914,-1.151983182972133,-2.8750958957953188,2.6908881949033923,-4.052987587785923,-1.8776085589558509
4FGL J1431.0-4458,217.7661,-44.98,bll,5.6162558,2.5389354,2.5042236,0.10628847,3.343067e-12,32.140697,5.737548e-11,6.817036e-10,8.9032326e-10,2.2279208e-10,3.1321674e-11,2.5769794e-12,1.3148997e-12,9.364851e-16,,-11.475854918118301,-10.241273668080874,-9.166404412528829,-9.050452280378732,-9.652100251869449,-10.50415503480447,-11.588889051437107,-11.881107370409643,-15.028494490631006,1.074869255552045,0.11595213215009714,-0.601647971490717,-0.8520547829350207,-1.0847340166326376,-0.2922183189725356,-3.1473871202213637,-4.7872208225501325,-5.3763942387615575
4FGL J1433.7-7304,218.4321,-73.0795,bll,6.377969,1.6464454,1.127758,0.33808953,1.0290219e-12,16.85725,1.6085265e-08,3.5764918e-09,2.2543381e-13,2.8466937e-11,1.6479268e-11,7.122218e-12,1.0935862e-11,8.5213484e-20,,-11.987575378113371,-7.7935717798292155,-8.446542766345678,-12.646980929738119,-10.545659259625726,-10.783062083068398,-11.147384736770876,-10.961146978384788,-19.021301543084924,-0.6529709865164621,-4.200438163392441,2.1013216701123927,-0.23740282344267172,-0.3643226537024784,0.18623775838608836,-8.060154564700136,-11.22772976325571,-8.475642283459198
4FGL J1434.5+5428,218.6252,54.4833,bcu,6.6472363,2.8838718,2.8774886,-0.016036583,2.2360072e-12,92.44337,1.0984205e-08,5.640716e-09,9.234375e-10,5.5023253e-11,2.4680939e-12,1.2682835e-12,3.2220199e-12,2.7869054e-16,,-11.650526800401819,-7.9592313703868935,-8.248665765676739,-9.034592493097929,-10.259453737419072,-11.607638319590633,-11.896783654131136,-11.491871780249383,-15.554862189812734,-0.28943439528984527,-0.7859267274211899,-1.2248612443211435,-1.3481845821715606,-0.2891453345405033,0.404911873881753,-4.062990409563351,-7.595630819425841,-5.295408452393662
4FGL J1437.3-3239,219.3259,-32.6569,bcu,4.221713,2.8488336,2.6491146,0.24036823,2.5274314e-12,49.072266,1.39692204e-08,6.631659e-09,9.1369523e-10,1.05854756e-10,4.5173972e-13,6.398321e-15,9.222111e-16,1.2875549e-15,,-11.597320621558014,-7.854827830494355,-8.178377813311437,-9.039198642337594,-9.975289624536426,-12.345111712048777,-14.193933296644042,-15.0351649455424,-14.890230871023462,-0.3235499828170818,-0.8608208290261565,-0.9360909821988326,-2.3698220875123504,-1.8488215845952656,-0.8412316488983578,0.1449340745189378,-7.035403040529107,-4.914941246487036
4FGL J1438.1-2201,219.5402,-22.0305,fsrq,4.464941,2.697867,2.5756261,0.13835731,2.2393947e-12,26.358437,1.6686332e-08,2.9963574e-09,9.0643026e-10,1.1146958e-10,5.7022646e-12,6.0975666e-14,3.5729297e-18,5.007095e-16,,-11.64986935203642,-7.7776391197155235,-8.523406386034381,-9.042665604539184,-9.952843635183552,-11.243952633396876,-13.214843376230428,-17.445761712961882,-15.300405495124973,-0.7457672663188575,-0.5192592185048035,-0.9101780306443672,-1.2911089982133248,-1.9708907428335518,-4.230918336731454,2.145356217836909,-7.52276637540945,-5.347561859941422
4FGL J1438.4+2924,219.6139,29.4101,bll,4.896191,1.7384886,1.5297816,0.42288578,6.0657317e-13,8.813168,2.6231267e-11,2.2770388e-11,8.099874e-15,9.86423e-12,3.6321134e-11,5.9795094e-12,2.3783138e-17,7.539669000000001e-17,,-12.217116796194013,-10.581180731820542,-10.642629568894467,-14.0915212006918,-11.005936809596717,-10.43984060049795,-11.223334446324287,-16.623548276491043,-16.122590122284116,-0.06144883707392523,-3.4488916317973324,3.0855843910950824,0.5660962090987667,-0.783493845826337,-5.400213830166756,0.500958154206927,-5.541409390463574,-5.116653312687399
4FGL J1438.6+1205,219.6598,12.0855,bll,5.5988812,2.095613,2.076107,0.015689077,1.2762007e-12,7.782104,7.818203e-09,1.4133529e-09,4.598443e-10,6.5100314e-11,2.2039742e-11,7.148994e-12,3.6100936e-12,3.3723857000000004e-16,,-11.89408101809868,-8.106893057280645,-8.849749385645172,-9.33738919243356,-10.186416916616427,-10.656793493499434,-11.145755066820444,-11.442481536659615,-15.47204988314583,-0.7428563283645264,-0.4876398067883887,-0.8490277241828661,-0.47037657688300705,-0.48896157332101,-0.2967264698391716,-4.029568346486215,-7.365156825865185,-5.285632966529404
4FGL J1449.6-2137,222.422,-21.6271,fsrq,11.635051,2.3211892,2.2861555,0.060887482,4.3915652e-12,111.6559,6.751511e-11,4.131036e-09,1.4185665e-09,2.5640692e-10,8.7988505e-11,8.041724e-12,2.952116e-15,1.9343808e-16,,-11.357380664060003,-10.170599020360175,-8.383941020337486,-8.848150300396545,-9.591070258086127,-10.055574061222654,-11.094650835857683,-14.529865110284998,-15.713435576356503,1.7866580000226886,-0.4642092800590589,-0.7429199576895815,-0.4645038031365267,-1.0390767746350296,-3.435214274427315,-1.1835704660715045,-5.5428365559963275,-6.122365318270376
4FGL J1451.8-3851,222.9562,-38.8536,bcu,3.576862,2.2085652,2.2091274,-0.0007679293,1.1100229e-12,11.590989,3.7269606e-12,2.5982744e-10,4.8466614e-10,5.1319e-11,2.0987283e-11,1.7901390000000002e-22,4.9520995e-12,3.1277562000000003e-16,,-11.954668057624241,-11.428645197251537,-9.585314985612364,-9.314557320117293,-10.289721814775094,-10.67804378105267,-19.992294292581956,-11.305210636966597,-15.50475322139929,1.8433302116391737,0.2707576654950703,-0.9751644946578004,-0.38832196627757654,-9.314250511529286,8.687083655615359,-4.199542584432692,-4.076108024147752,-5.215031406624195
4FGL J1454.8-2456,223.7199,-24.9468,fsrq,7.238271,2.5880275,2.5029578,0.28602603,2.8620424e-12,46.293835,7.57754e-09,4.1665817e-09,1.1311153e-09,2.5329538e-10,1.3397122e-11,2.2404116e-12,1.6790435e-16,2.0922558e-16,,-11.543323935114149,-8.120471762418239,-8.380220097933938,-8.946493123097648,-9.596372731466703,-10.872988487412696,-11.649672185447203,-15.774912187366965,-15.679364462807692,-0.25974833551569887,-0.56627302516371,-0.649879608369055,-1.2766157559459934,-0.7766836980345069,-4.125240001919762,0.09554772455927285,-7.558892700389453,-6.082991731340989
4FGL J1455.0+0247,223.7616,2.7958,bll,5.33125,1.9087484,1.6733991,0.460195,7.4554073e-13,7.252242,1.900816e-11,3.8135898e-13,4.4091862e-11,3.9018368e-12,4.3487523e-11,1.18166015e-11,4.0604533e-16,1.0967662e-15,,-12.127528619583538,-10.72105992080835,-12.418666011275077,-10.355641560425367,-11.408730898447027,-10.361635328451579,-10.927507409891026,-15.391414784461102,-14.95988198228931,-1.697606090466726,2.06302445084971,-1.0530893380216604,1.0470955699954487,-0.5658720814394478,-4.463907374570075,0.431532802171791,-4.23882206148096,-3.5511510838422833
4FGL J1458.1+4119,224.5255,41.3274,bcu,5.0003476,1.8868229,1.5641857,0.41475725,5.6703345e-13,22.873758,3.587184e-12,1.1291564e-14,7.4548194e-11,1.3498119e-11,3.2605467e-11,8.266046e-12,1.9684817e-16,1.5279414e-16,,-12.246391313127177,-11.445246344963868,-13.94724551495119,-10.127562873216913,-10.8697267470971,-10.486709574986854,-11.082702181702084,-15.70584655642728,-15.815864879040447,-2.5019991699873216,3.8196826417342766,-0.7421638738801875,0.38301717211024666,-0.5959926067152299,-4.623144374725197,-0.11001832261316657,-4.370618534076579,-4.946138131943346
4FGL J1459.0-5353,224.7741,-53.8928,bcu,5.9495077,2.4240465,2.5066943,0.16685762,4.7106403e-12,25.57894,7.068262e-09,2.658911e-10,1.1886657e-09,4.2897705e-10,3.6263645e-11,5.2889364e-12,6.34622e-17,3.0272005e-12,,-11.326920055886147,-8.150687360827733,-9.575296199265779,-8.924940269060775,-9.367565941662892,-10.440528545299268,-11.276631654563946,-16.197416448412028,-11.518958812111624,-1.4246088384380453,0.6503559302050039,-0.4426256726021176,-1.072962603636375,-0.8361031092646787,-4.920784793848082,4.678457636300404,-3.3682714512838903,-2.1513928704487313
4FGL J1503.3-8136,225.8319,-81.6159,bcu,4.4758434,2.504258,2.4842057,0.27753976,1.5186279e-12,7.4720144,5.631528e-09,2.9286455e-09,6.367144e-10,1.650783e-10,1.0193441e-11,4.644475e-12,2.0473733e-15,5.226768e-16,,-11.818548622733088,-8.249373752229092,-8.533333194623303,-9.196055327968477,-9.782310012172122,-10.991679186023822,-11.333063369538072,-14.688800843467638,-15.281758467492736,-0.28395944239421134,-0.6627221333451736,-0.5862546842036451,-1.2093691738516998,-0.3413841835142506,-3.3557374739295653,-0.5929576240250984,-7.032384715263644,-5.499448455320614
4FGL J1503.6-6427,225.91,-64.4517,bcu,10.418844,2.3970568,2.4118428,0.112679854,5.9598624e-12,86.61561,9.396955e-11,9.234964e-11,2.6874123e-09,4.6866516e-10,1.1668308e-10,9.764625e-12,3.6403367e-12,3.3539818e-17,,-11.224763766311359,-10.027012852836487,-10.034564793152546,-8.570665699445895,-9.329137330196017,-9.932992115600246,-11.010344430227105,-11.438858444776214,-16.47430983143568,-0.0075519403160591025,1.463899093706651,-0.7584716307501225,-0.6038547854042289,-1.077352314626859,-0.4285140145491084,-5.0354513866594655,-6.4472969785991925,-7.145172501239662
4FGL J1503.7-5801,225.9257,-58.0299,bcu,26.210323,2.555295,2.5035887,0.2998523,3.3053695e-11,10.895832,5.846224e-10,6.755001e-09,1.4246152e-08,3.779704e-09,4.7857357e-10,3.4152365e-11,2.5336636e-12,4.3315143e-12,,-10.480779984506457,-9.233124548516104,-8.170374582349012,-7.846302426240682,-8.42254220973838,-9.320051289666928,-10.466579216573114,-11.596251046129193,-11.363360246486316,1.0627499661670914,0.32407215610832996,-0.5762397834976971,-0.8975090799285486,-1.1465279269061863,-1.129671829556079,0.2328907996428775,-2.130235697970212,-2.9408180367479364
4FGL J1503.9-4247,225.997,-42.7999,bcu,9.102422,2.5450866,2.5526326,0.33283427,3.2292413e-12,17.034357,2.3704408e-10,5.5037974e-11,1.3277475e-09,3.3124237e-10,4.0953147e-11,3.3934827e-15,4.5676086e-18,1.018189e-15,,-11.490899500450267,-9.625170886373686,-10.259337561190998,-8.876884507632706,-9.479854116679945,-10.387712719628507,-14.469353080715369,-17.33936134362457,-14.992167333830496,-0.6341666748173118,1.382453053558292,-0.6029696090472392,-0.9078586029485614,-4.081640361086862,-2.8700082629092023,2.347194009794075,-5.36699644745681,-5.512313217150551
4FGL J1507.2-1651,226.8071,-16.8609,fsrq,4.161322,2.482241,2.4883,-0.069236495,1.9203977e-12,9.966793,1.4911752e-08,3.5869205e-09,8.3253604e-10,6.502545e-11,8.062251e-12,7.289119e-12,2.6271216e-12,5.508078e-15,,-11.716608820581937,-7.826471327758521,-8.44527824885779,-9.079596957054456,-10.186916633577557,-11.0935436846547,-11.137324958954517,-11.580519823167668,-14.258999129851368,-0.6188069210992682,-0.6343187081966661,-1.107319676523101,-0.9066270510771428,-0.043781274299817596,-0.4431948642131509,-2.6784793066837,-6.432527802092847,-4.072082496273811
4FGL J1508.5-4951,227.1437,-49.8622,bcu,17.30693,2.8397682,2.8773088,0.16294432,1.6334142e-11,68.87392,2.9588787e-09,4.0998454e-08,6.272142e-09,6.6391265e-10,7.026998e-11,9.589637e-13,8.630039000000001e-17,2.489794e-15,,-10.786903672949103,-8.528872838487935,-7.387232519668648,-8.202584117874212,-9.177889056346,-10.153230170008362,-12.01819782749561,-16.063936920993243,-14.603834839678882,1.1416403188192872,-0.8153515982055639,-0.9753049384717887,-0.9753411136623615,-1.8649676574872487,-4.045739093497632,1.4601020813143606,-6.074962001190947,-5.425945783332882
4FGL J1510.4-3017,227.6063,-30.2936,bcu,4.2240305,2.574532,2.5946722,0.12679681,2.6530477e-12,18.233988,2.3180133e-10,6.1344493e-12,9.950891e-10,1.4709647e-10,2.2370083e-11,4.0243256e-12,1.0517405e-15,6.180037000000001e-17,,-11.576254939989996,-9.634884076507252,-11.212224417837172,-9.002138030902284,-9.83239774925461,-10.650332404337968,-11.395306887568108,-14.978087272848224,-16.208938656691668,-1.5773403413299203,2.210086386934888,-0.8302597183523268,-0.8179346550833575,-0.7449744832301395,-3.5827803852801168,-1.2308513838434436,-6.574054580184416,-6.376540907437057
4FGL J1512.9-5639,228.2495,-56.6553,bcu,23.514719,2.2909577,2.133685,0.12813841,1.9598548e-11,243.84196,1.9432884e-08,1.12057945e-08,6.446164e-09,1.5220578e-09,5.7401983e-10,9.3462606e-11,1.2120813e-11,1.8945541e-15,,-10.707776102857983,-7.711462741739666,-7.950557346202738,-8.19069864958488,-8.817568854957848,-9.241073104265508,-10.029362113746286,-10.916468248658614,-14.722490696377191,-0.23909460446307218,-0.24014130338214112,-0.6268702053729687,-0.4235042493076602,-0.7882890094807777,-0.8871061349123277,-3.8060224477185773,-7.011027954637525,-5.904921841419343
4FGL J1513.0-6549,228.2712,-65.828,bcu,4.194693,2.5680692,2.620911,0.17477378,2.867655e-12,16.796976,1.570984e-11,2.4433526e-09,1.400953e-09,1.0150079e-10,2.4795927e-11,4.1473327e-12,2.5137952e-15,8.460019e-17,,-11.542473097169283,-10.80382823781986,-8.612013855503484,-8.853576434434922,-9.993530577498074,-10.605619650720241,-11.382231122986338,-14.599668379729984,-16.072577329700096,2.191814382316375,-0.24156257893143795,-1.139954143063152,-0.6120890732221671,-0.7766114722660973,-3.2174372567436453,-1.4729089499701118,-5.268749091880236,-6.0790467522020215
4FGL J1513.4-0753,228.3685,-7.8903,bll,5.25612,1.7576158,1.517798,0.27028582,1.281339e-12,6.580374,4.8708208e-11,9.3058485e-11,3.075118e-14,1.4517553e-11,3.8399714e-11,9.435665e-12,6.849382e-12,5.3431397e-18,,-11.892335951680844,-10.312397847962298,-10.031244022049396,-13.512138073370396,-10.838106579490715,-10.415672010120526,-11.02522748606654,-11.164348611245432,-17.271391422757524,0.2811538259129023,-3.480894051321,2.6740314938796814,0.4224345693701892,-0.6095554759460136,-0.1391211251788924,-6.107042811512093,-6.958993574795226,-6.43328484326681
4FGL J1514.8-4748,228.7002,-47.8141,fsrq,28.490204,2.400728,2.3186765,0.07833831,1.5494312e-11,74.34161,5.337123e-09,2.0152855e-08,5.382441e-09,1.1640516e-09,2.3982735e-10,3.2480036e-11,3.1379539e-12,2.8922883e-17,,-10.809827702864133,-8.272692788275657,-7.69566341984949,-8.269020722026635,-8.9340277678795,-9.620101291290908,-10.488383497936539,-11.503353439582629,-16.538608289179244,0.5770293684261674,-0.5733573021771452,-0.6650070458528656,-0.686073523411407,-0.868282206645631,-1.0149699416460898,-5.035254849596615,-8.265915500903587,-7.604580521299743
4FGL J1515.7-2321,228.9344,-23.3645,bcu,5.5817285,1.9020027,1.8647399,0.13530162,1.7063592e-12,9.796313,2.6443457e-08,1.9351503e-11,1.7961937e-13,1.1899655e-10,4.79287e-11,9.269887e-12,4.036873e-12,1.3060838e-12,,-11.767929539112572,-7.57768176938736,-10.71328529815931,-12.745646807017335,-9.924465629643933,-10.319404350397742,-11.032925559408099,-11.39395491220071,-11.884028953954754,-3.1356035287719495,-2.032361508858026,2.8211811773734023,-0.3949387207538084,-0.7135212090103575,-0.3610293527926114,-0.4900740417540437,-4.306347184567394,-1.959563324310821
4FGL J1516.0+2424,229.0096,24.408,bll,4.8367705,1.6241704,1.4877928,0.19690098,7.7845304e-13,11.087048,1.622741e-09,8.952369e-13,7.902256000000001e-17,3.045785e-11,5.8469484e-12,1.4034936e-11,1.5669218e-12,1.4270167e-12,,-12.108767575441137,-8.789750790859191,-12.048062020448793,-16.102193950290726,-10.516300756342979,-11.233070738102372,-10.852789563119835,-11.804952674452132,-11.845570941378483,-3.2583112295896015,-4.054131929841933,5.585893193947747,-0.7167699817593931,0.380281174982537,-0.9521631113322968,-0.04061826692635151,-3.055820150519292,-1.3292701850355044
4FGL J1516.4-1523,229.1084,-15.3853,bll,4.466269,1.8019258,1.6773896,0.14054772,1.0713387e-12,12.7758665,1.1857486e-14,3.7359287e-13,2.690025e-10,1.9356348e-11,2.5140222e-11,8.5494875e-12,6.156522e-12,4.849736e-21,,-11.970073202717845,-13.926007013180685,-12.427601409225073,-9.570243683806133,-10.71317657826294,-10.599630891435574,-11.068059917815665,-11.210664563556113,-19.828281267206187,1.4984056039556126,2.8573577254189395,-1.1429328944568073,0.11354568682736677,-0.46842902638009143,-0.14260464574044818,-8.617616703650073,-5.902274254025501,-9.115104688943246
4FGL J1517.3+6630,229.3307,66.5075,bcu,5.939362,2.5429022,2.4124057,0.18429402,1.5699858e-12,20.937607,5.044981e-11,1.9744024e-09,4.6668497e-10,1.1286591e-10,1.5370573e-11,7.272870500000002e-16,5.5938373e-16,2.3716319e-17,,-11.804104272856083,-10.297140464942709,-8.704564329734339,-9.330976185716152,-9.947437212461068,-10.813309941840371,-15.138288173973073,-15.252282405754377,-16.624769634812207,1.59257613520837,-0.6264118559818126,-0.6164610267449167,-0.8658727293793032,-4.324978232132702,-0.11399423178130341,-1.37248722905783,-6.327629169869498,-6.677332422351139
4FGL J1521.7+1650,230.4373,16.8397,bcu,4.282721,2.6378546,2.6465812,0.33654347,1.4336713e-12,8.974245,2.434325e-12,1.9416115e-09,5.6964217e-10,1.3677823e-10,7.347092e-12,1.807904e-12,1.12256e-15,5.461882e-15,,-11.843550405582837,-11.61362143899561,-8.711837664376938,-9.24439786781794,-9.863983020590295,-11.133884521311868,-11.742824631954683,-14.949786568216961,-14.262656891575958,2.9017837746186714,-0.5325602034410011,-0.6195851527723555,-1.2699015007215735,-0.6089401106428145,-3.206961936262278,0.6871296766410033,-2.649035452580348,-4.398673870985663
4FGL J1523.1+3413,230.7842,34.2306,bcu,4.9905367,2.4868145,2.512265,-0.019361038,1.3421165e-12,37.73892,1.688701e-08,2.3078204e-09,3.906384e-10,6.68425e-11,2.1579504e-11,1.9321897e-12,9.812187e-16,2.0301403e-17,,-11.872209781146365,-7.772447239443142,-8.636797992015254,-9.40822506751835,-10.17494731520828,-10.665958541497202,-11.713950235083392,-15.008229757582097,-16.692260076885024,-0.8643507525721112,-0.7714270755030963,-0.7667222476899305,-0.49101122628892213,-1.047991693586189,-3.294279522498705,-1.6840303193029271,-8.919812837441881,-6.5173127616767434
4FGL J1523.2+2818,230.8247,28.3127,bcu,5.1379232,2.710627,2.6801445,0.027836688,1.838961e-12,4.9738927,4.104824e-09,4.5822897e-09,4.911744e-10,1.12819885e-10,9.809397e-12,3.2994236e-16,6.811273e-16,3.5716097e-17,,-11.735427478658256,-8.386705459120202,-8.338917457455974,-9.308764276687985,-9.94761434725863,-11.008357688163201,-15.481548760978743,-15.166765336512837,-16.447014426953167,0.047788001664228474,-0.9698468192320107,-0.6388500705706459,-1.0607433409045708,-4.473191072815542,0.31478342446590624,-1.2802490904403303,-8.060308967832965,-6.499400079694537
4FGL J1524.2+1523,231.0535,15.3853,fsrq,8.667118,2.819853,2.79167,0.07257913,3.8886806e-12,38.530567,3.497371e-08,9.868335e-09,1.2961573e-09,1.4989368e-10,1.40367926e-11,8.689261e-18,4.0447598e-12,3.9118377e-17,,-11.41019772540763,-7.456258295426824,-8.005756115953044,-8.887342289838191,-9.824216677989915,-10.852732116630008,-17.060517639019746,-11.393107262998251,-16.407508165760508,-0.54949782052622,-0.8815861738851467,-0.9368743881517236,-1.0285154386400936,-6.207785522389738,5.667410376021495,-5.014400902762256,-8.951249870333683,-6.583291487770593
4FGL J1524.8-5904,231.2077,-59.0679,bcu,12.375398,2.1673348,2.052868,0.12642133,8.562756e-12,26.255335,3.3508618e-09,1.7240676e-08,2.0289004e-09,4.0388504e-10,2.0027943e-10,4.5378565e-11,2.7685243e-12,2.0939442e-12,,-11.067386430732428,-8.474843483454116,-7.7634457096645315,-8.692739272231199,-9.39374223289446,-9.698363653262064,-10.343149241771759,-11.557751658660084,-11.679034893627529,0.7113977737895842,-0.9292935625666674,-0.7010029606632617,-0.304621420367603,-0.6447855885096949,-1.2146024168883258,-0.12128323496744464,-3.2041914101734132,-2.2852926607330684
4FGL J1525.7-4334,231.4281,-43.5747,bcu,5.1841283,2.710917,2.8423285,0.35100004,3.0647305e-12,3.19675,4.253886e-11,4.5966235e-09,1.6718227e-09,1.2307083e-10,1.9568135e-11,1.610919e-12,4.6984905e-15,3.8113425e-15,,-11.513607708148996,-10.371214152844203,-8.337561066961975,-8.776809782214093,-9.909844870439036,-10.708450563890388,-11.792926293469211,-14.328040722592345,-14.418920882840192,2.0336530858822286,-0.43924871525211806,-1.1330350882249434,-0.7986056934513517,-1.0844757295788234,-2.5351144291231336,-0.09088016024784729,-4.047706729995989,-4.509076012401156
4FGL J1527.4+1717,231.8711,17.2923,bcu,5.3620896,2.6945705,2.7640886,0.2670416,1.917889e-12,14.912669,7.689292e-13,1.4298795e-09,1.0779092e-09,7.663392e-11,1.2949302e-11,5.8269427e-13,2.2152487e-15,4.733622e-15,,-11.717176529459035,-12.114113640850729,-8.844700560217293,-8.967417821334315,-10.115578958663994,-10.887753640183114,-12.234559245126993,-14.654575549160132,-14.324805507831002,3.269413080633436,-0.12271726111702286,-1.1481611373296783,-0.7721746815191199,-1.3468056049438797,-2.4200163040331386,0.32977004132913024,-2.210691866980273,-4.209226549167008
4FGL J1532.7+2342,233.1866,23.708,bcu,6.9537916,2.5352747,2.518779,0.10968185,2.7905727e-12,69.0769,1.8986277e-09,1.2475065e-09,9.785648e-10,1.672138e-10,3.3662517e-11,4.1402933e-16,9.593588e-13,4.959736e-19,,-11.554306657203801,-8.721560187281327,-8.903957182849966,-9.009410410317717,-9.776727883470706,-10.472853414127117,-15.38295840286295,-12.018018931871504,-18.295872142593854,-0.18239699556863975,-0.10545322746775021,-0.767317473152989,-0.6961255306564116,-4.910104988735833,3.3649394709914464,-6.27785321072235,-9.574311955312528,-8.519144259123149
4FGL J1535.8-4730,233.9586,-47.5085,bcu,3.8048337,2.6374347,2.638619,0.0849083,3.7586973e-12,25.080341,6.91211e-08,5.734475e-09,1.7758736e-09,1.4774493e-10,3.446431e-11,1.1329302e-12,3.6787313e-13,1.8191632e-21,,-11.424962646855946,-7.160389359068904,-8.241506336269326,-8.750587948901858,-9.830487413366905,-10.462630411841177,-11.945796842427356,-12.434301920719118,-19.9274132705349,-1.0811169772004225,-0.5090816126325315,-1.079899464465047,-0.6321429984742721,-1.483166430586179,-0.4885050782917624,-7.493111349815781,-12.767023911465994,-10.096925857167994
4FGL J1536.9-3731,234.2386,-37.5322,bcu,5.243551,2.1157646,2.1285744,0.054898437,1.8553308e-12,10.471893,5.7875856e-13,5.0831874e-15,4.784961e-10,1.3656899e-10,2.7409143e-11,1.2470817e-11,2.5954356e-12,1.0918728e-15,,-11.731578643381262,-12.237502565086467,-14.29386302465376,-9.320121597596728,-9.864647902385219,-10.562104543148807,-10.904105093328875,-11.58578974103617,-14.961823975225498,-2.0563604595672924,4.973741427057032,-0.5445263047884907,-0.6974566407635887,-0.34200055018006736,-0.6816846477072946,-3.376034234189328,-2.72432141013903,-5.097176072840279
4FGL J1540.1+4142,235.0281,41.7113,bll,3.854065,1.8189448,1.7622039,0.1363207,5.097317e-13,8.618455,2.743647e-14,6.481509e-10,2.1861038e-14,2.4998692e-11,1.13792925e-11,5.291868e-12,1.5706942e-12,1.0755108e-12,,-12.29265834846023,-13.5616716077844,-9.188323871579621,-13.660329022180125,-10.602082714035964,-10.94388473869266,-11.276390996541137,-11.80390835718544,-11.968385220144249,4.373347736204778,-4.472005150600504,3.0582463081441613,-0.34180202465669574,-0.3325062578484772,-0.5275173606443033,-0.16447686295880892,1.5932863876401502,-1.3663025061082852
4FGL J1541.1+3451,235.2762,34.8614,bcu,4.560315,2.5856364,2.6274207,-0.06999785,1.272246e-12,15.149299,3.4010406e-14,2.2455018e-09,2.7414754e-10,7.384119e-11,1.45879e-11,1.6104112e-12,2.0487605e-12,1.5889304e-16,,-11.895428902480763,-13.468388055941446,-8.648686592467623,-9.562015646788984,-10.131701312921853,-10.836007222137395,-11.793063215004524,-11.688508805515015,-15.798867794154509,4.819701463473823,-0.9133290543213608,-0.5696856661328695,-0.7043059092155417,-0.9570559928671294,0.10455440948950923,-4.110358988639494,-2.3304797382130626,-5.667166481232655
4FGL J1543.3+1026,235.8495,10.443,bcu,5.4107246,2.551102,2.5418003,0.046625115,2.4807734e-12,31.17535,1.1333561e-08,5.638098e-09,6.822708e-10,1.4981368e-10,2.1688368e-11,2.4877656e-12,1.1556802e-15,1.8298809e-12,,-11.605412901701463,-7.945633613554911,-8.248867379600693,-9.16604321536218,-9.824448527880921,-10.663773126220805,-11.604190540009693,-14.937158569429506,-11.737577173555257,-0.303233766045782,-0.917175835761487,-0.6584053125187417,-0.8393245983398838,-0.9404174137888877,-3.3329680294198134,3.199581395874249,-3.7919435600003464,-1.9131286456743357
4FGL J1543.6+6551,235.9023,65.8647,bcu,4.9558616,2.2740877,2.2668421,0.019968497,1.0712236e-12,20.980928,1.1481378e-09,1.0379495e-09,1.3312708e-10,6.724994e-11,2.2444576e-11,5.618933e-12,3.7909874e-18,1.6984540000000006e-17,,-11.970119863946271,-8.940005984592709,-8.983823775967828,-9.875733593641163,-10.172308098735778,-10.64888859423901,-11.250346145616573,-17.4201035700495,-16.769690586195093,-0.043817791375118986,-0.8919098176733353,-0.2965745050946147,-0.47658049550323156,-0.601457551377564,-6.169757424432925,0.6504129838544053,-7.829684601602384,-6.597382487459315
4FGL J1544.3-0649,236.0785,-6.8255,bcu,32.574852,1.8731236,1.782346,0.04969003,1.2771554e-11,599.8132,3.5178297e-13,3.2328715e-09,1.669833e-09,7.662633e-10,3.3575484e-10,8.567269e-11,3.6717854e-11,1.4967558e-11,,-10.893756255680499,-12.453725176450167,-8.490411557357412,-8.777326960469624,-9.115621974371312,-9.473977718124669,-10.067157596608453,-10.435122709247755,-10.824849049977061,3.963313619092755,-0.28691540311221253,-0.33829501390168737,-0.3583557437533571,-0.5931798784837845,-0.3679651126393022,-0.3897263407293057,1.6288761264731058,-1.7092270756057495
4FGL J1544.7+5017,236.1828,50.2871,bll,7.677568,2.283591,2.2756755,0.011806619,1.5188882e-12,31.9701,1.8014379e-09,2.223115e-09,5.214955e-10,7.6754963e-11,2.9339007e-11,4.6810112e-12,1.3067599e-12,2.5505801e-19,,-11.818474188985611,-8.744380704481094,-8.653038071004131,-9.282749434752805,-10.114893533268752,-10.532554589108122,-11.329660318830832,-11.883804197683629,-18.57665906694694,0.09134263347696248,-0.6297113637486742,-0.832144098515947,-0.4176610558393694,-0.7971057297227109,-0.5541438788527966,-6.6928548692633125,-9.832278362465848,-8.46176553367819
4FGL J1545.0-6642,236.2507,-66.7017,bll,16.61969,1.6479299,1.6149987,0.032445848,3.8733114e-12,11.495285,2.8955413e-11,1.2611447e-09,2.8523686e-10,1.4210702e-10,5.7220197e-11,4.2565028e-11,1.7761988e-11,8.481606e-12,,-11.411917584808975,-10.538270236060093,-8.899235080904667,-9.544794353067822,-9.847384467629874,-10.24245065124574,-10.370947076483182,-10.750508427439502,-11.07152190537985,1.639035155155426,-0.6455592721631547,-0.30259011456205265,-0.39506618361586554,-0.12849642523744187,-0.3795613509563207,-0.3210134779403475,-0.5332516693197569,-1.2241374377499756
4FGL J1546.4-2903,236.6231,-29.0558,bcu,5.375702,2.0674589,2.029482,0.10518801,1.884413e-12,8.660015,9.22006e-13,6.343823e-10,6.360988e-10,1.182635e-10,4.9837464e-11,2.9251224e-12,6.1510224e-12,5.823439e-16,,-11.724823906051451,-12.035266248033865,-9.197648942832988,-9.196475423712144,-9.92714927219522,-10.30244406495411,-11.533855954923627,-11.211052690709693,-15.234813011730802,2.8376173052008777,0.0011735191208437357,-0.7306738484830753,-0.3752947927588899,-1.2314118899695181,0.3228032642139347,-4.0237603210211095,-3.1995467636969366,-5.307663739535583
4FGL J1547.9-6403,236.9922,-64.0511,bcu,7.3498034,2.7846513,2.9341128,0.3058116,4.6662396e-12,16.075754,1.5964785e-10,8.2830685e-09,2.3149271e-09,1.619538e-10,2.1584864e-11,1.3454842e-12,1.4260604e-15,7.9751074e-15,,-11.331032964078698,-9.796836925762685,-8.081808747061533,-8.635462680914664,-9.790608857446871,-10.665850683162109,-11.871121394555825,-14.845859034388193,-14.098262915067409,1.7150281787011519,-0.5536539338531306,-1.1551461765322077,-0.8752418257152375,-1.205270711393716,-2.9747376398323677,0.7475961193207841,-4.3014259893047235,-4.307654057620537
4FGL J1548.3+6615,237.0982,66.2639,bcu,3.682555,2.1458404,2.165996,-0.02354125,6.8633174e-13,17.113783,2.759198e-11,8.421829e-10,3.1506417e-10,2.5844084e-11,1.6201858e-11,2.361053e-14,2.6224988e-12,1.4621084e-16,,-12.163465909996322,-10.559217133280773,-9.074593580900427,-9.501600983216726,-10.587638855891422,-10.790435178221564,-13.626894079997157,-11.581284700202298,-15.834990725517688,1.4846235523803468,-0.4270074023162991,-1.0860378726746962,-0.20279632233014233,-2.8364589017755932,2.0456093797948594,-4.25370602531539,-5.275773592236915,-5.247351869626266
4FGL J1548.4-2109,237.1025,-21.1656,bcu,4.994332,1.8339185,1.592782,0.21987998,1.424349e-12,23.428507,1.2336124e-11,3.0931693e-09,1.4508433e-10,4.6909356e-12,4.4466198e-11,1.30420666e-11,6.2311354e-12,2.7249976000000003e-16,,-11.846383581945274,-10.908821273486698,-8.509596308885303,-9.83837949147465,-11.328740528343316,-10.351970002412225,-10.884653586042257,-11.205432810905918,-15.564617938751606,2.3992249646013946,-1.328783182589346,-1.4903610368686664,0.9767705259310908,-0.5326835836300319,-0.32077922486366184,-4.359185127845688,-4.6557966652649085,-4.235877410408291
4FGL J1549.0+4821,237.2583,48.3617,bll,5.966565,1.759166,1.5949161,0.36222035,6.171771e-13,10.814897,1.4086436e-14,5.9124204e-15,2.842798e-11,2.7784995e-11,2.6438143e-11,7.198132e-12,1.2118715e-12,1.7423675e-21,,-12.209590189519187,-13.851198565249911,-14.228233958655629,-10.546253998616896,-10.556189676874991,-10.577769052546174,-11.142780192874989,-11.916543424275455,-19.93024433166364,-0.377035393405718,3.681979960038733,-0.009935678258095493,-0.021579375671182177,-0.5650111403288154,-0.7737632314004657,-8.013700907388186,-6.07904576641373,-9.37405465478865
4FGL J1549.0+7846,237.2624,78.783,bcu,5.903453,1.9577751,1.8904366,0.07396733,7.7133563e-13,17.026485,1.1798296e-11,8.623591e-10,1.9378924e-11,5.672433e-11,1.5938993e-11,4.8431376e-12,2.7346272e-12,5.0818746e-21,,-12.112756601351416,-10.928180711922009,-9.064311849398969,-10.712670340262155,-10.246230625009854,-10.797539119829167,-11.31487319099587,-11.563101869211618,-19.821544674524755,1.8638688625230397,-1.6483584908631865,0.4664397152523012,-0.5513084948193132,-0.5173340711667027,-0.24822867821574768,-8.258442805313138,-8.893363962602747,-9.575314049514901
4FGL J1553.3+0600,238.3284,6.0127,bll,5.519327,2.1856506,2.0638914,0.370772,9.36429e-13,22.75245,1.5793067e-11,6.905121e-13,1.0135674e-11,1.7040919e-10,2.4949485e-11,4.823423e-12,2.0681102e-14,4.134127e-15,,-12.02852514058865,-10.80153352191223,-12.160828700488597,-10.9941473659556,-9.768506987838041,-10.602938414354158,-11.316644649159828,-13.684426113427214,-14.383615135507918,-1.3592951785763674,1.1666813345329974,1.2256403781175589,-0.834431426516117,-0.7137062348056702,-2.3677814642673862,-0.699189022080704,-3.5820816135956886,-4.615108147669877
4FGL J1553.5-6910,238.3897,-69.1818,bcu,6.40591,1.8923824,1.8374127,0.17828508,1.4689777e-12,13.8483095,8.26975e-14,5.1300513e-12,3.570537e-14,1.09443433e-10,4.3083186e-11,1.09840435e-11,2.4475704e-12,1.0239335e-16,,-11.83298479406505,-13.08250756674177,-11.28987829111851,-13.447266340518777,-9.960810292507043,-10.365692188024942,-10.959237755440322,-11.611264805864096,-15.98968583571647,1.7926292756232591,-2.157388049400266,3.4864560480117337,-0.40488189551789944,-0.5935455674153793,-0.652027050423774,-4.378421029852374,-2.9071782689747003,-6.028875543209427
4FGL J1554.0-0243,238.5185,-2.7314,bcu,7.827368,2.4969885,2.640091,0.32664514,3.8690474e-12,78.07377,2.9228653e-09,2.295322e-09,1.8327763e-09,3.8518586e-10,1.8265804e-11,1.1716152e-11,1.5769201e-15,3.8467565e-16,,-11.412395948548273,-8.534191198604356,-8.639156380707066,-8.73689053972952,-9.414329663999073,-10.738361206593517,-10.931215002245139,-14.802187557056063,-15.414894013958463,-0.10496518210270978,-0.09773415902245475,-0.6774391242695526,-1.3240315425944438,-0.1928537956516223,-3.8709725548109244,-0.6127064569023997,-6.880702815354107,-6.00056434995939
4FGL J1555.2-4149,238.8244,-41.8282,bcu,13.9918,2.6011014,2.5749943,0.13845147,1.0056869e-11,81.94589,9.8143e-09,1.6562236e-08,4.0389425e-09,6.1826744e-10,9.1388584e-11,1.1282678e-11,6.481286e-15,1.3476157e-15,,-10.997537206489413,-8.008140670793907,-7.780881031264183,-8.39373232957478,-9.20882362426989,-10.039108051652523,-10.94758780576697,-14.188338143917758,-14.870430715365481,0.2272596395297235,-0.6128512983105967,-0.8150912946951099,-0.8302844273826331,-0.9084797541144471,-3.2407503381507876,-0.6820925714477237,-6.862290044571575,-5.661607091095592
4FGL J1556.1+2812,239.0464,28.2068,bcu,5.399745,1.8783829,1.5866864,0.3718303,6.1917886e-13,17.048605,1.1462753e-11,1.3759798e-15,4.550677e-11,1.1170854e-12,3.1757617e-11,7.96956e-12,5.4529966e-17,1.142187e-16,,-12.208183872736955,-10.940711065312396,-14.861384785446536,-10.341923988853427,-11.951913620372633,-10.49815209309113,-11.0985656548277,-16.263285137131774,-15.942224765742747,-3.9206737201341397,4.519460796593108,-1.6099896315192055,1.453761527281502,-0.6004135617365698,-5.164719482304074,0.3210603713890272,-5.001513700430351,-3.9903111453701143
4FGL J1556.6+1417,239.1532,14.2857,bcu,3.920046,2.4751766,2.3293793,0.34741578,9.914313e-13,15.684686,6.4800644e-11,5.459866e-10,4.7679144e-10,1.2220601e-10,1.7476387e-11,6.2517266e-15,8.465587700000001e-16,3.0152584e-16,,-12.003737369932065,-10.188420677947317,-9.262818015927365,-9.321671550226279,-9.912907435255525,-10.757548346518751,-14.203999328089882,-15.072337756729995,-15.520661061005839,0.9256026620199513,-0.0588535342989136,-0.5912358850292456,-0.8446409112632267,-3.4464509815711306,-0.8683384286401132,-0.4483233042758439,-5.332240383058522,-5.607753625750314
4FGL J1558.1+6239,239.5386,62.6538,bcu,4.76321,2.6769671,2.6883466,-0.013948888,1.3754458e-12,9.863694,7.494737e-09,1.2274423e-09,3.9194595e-10,6.7632906e-11,1.4582207e-11,5.783701e-15,3.3042031e-15,3.7816370000000004e-17,,-11.861556515329967,-8.12524360250195,-8.910998914175453,-9.406773818772539,-10.169841951669834,-10.836176740782983,-14.237793415962658,-14.480931951312414,-16.422205333690354,-0.785755311673503,-0.49577490459708606,-0.7630681328972955,-0.666334789113149,-3.4016166751796746,-0.2431385353497557,-1.9412733823779398,-8.296961731188404,-6.252363382020519
4FGL J1558.9-6432,239.7377,-64.5404,bll,41.985756,1.9714097,1.949519,0.023855245,1.7293248e-11,24.254803,1.1420293e-10,6.3624435e-09,3.1825718e-09,1.0218196e-09,3.7236084e-10,1.1871971e-10,3.8640355e-11,1.3048204e-11,,-10.762123430072323,-9.942322753613364,-8.196376061274885,-8.497221789717859,-8.990625771163884,-9.429035998640805,-9.92547717289061,-10.412958892138125,-10.884449261676195,1.7459466923384799,-0.3008457284429742,-0.4934039814460256,-0.43841022747692016,-0.4964411742498047,-0.4874817192475156,-0.47149036953807055,-0.9421265080628309,-1.893823490512311
4FGL J1559.8-0425,239.9645,-4.4309,bcu,4.8933406,2.6229339,2.5687551,0.15527156,3.4896571e-12,35.518105,1.9527864e-09,7.352815e-09,1.1469066e-09,2.1019447e-10,2.6631622e-11,3.8444157e-12,2.8323816000000003e-16,7.407721000000001e-17,,-11.45721724425881,-8.709345258181802,-8.13354636092688,-8.940471948055036,-9.677378713977301,-10.57460238186972,-11.415169656696134,-15.547832902662948,-16.13025675971103,0.5757988972549217,-0.8069255871281555,-0.7369067659222654,-0.897223667892419,-0.8405672748264141,-4.132663245966814,-0.5824238570480826,-7.420911501529229,-6.45287804573373
4FGL J1600.3-5811,240.0983,-58.184,bll,16.837542,2.3556457,2.3362963,0.052535255,1.10617175e-11,4.8769403,1.5826134e-11,5.6126264e-09,4.0158743e-09,6.614862e-10,1.5662714e-10,2.9595097e-11,5.500456e-12,2.2288923e-17,,-10.956177436575107,-10.800625161143762,-8.250833865283282,-8.396219889405465,-9.179479211676062,-9.805132982154634,-10.528780232112515,-11.259601304248083,-16.65171611212907,2.54979129586048,-0.1453860241221836,-0.783259322270597,-0.6256537704785714,-0.7236472499578817,-0.7308210721355675,-5.392114807880986,-5.8510909509853075,-7.472236900453007
4FGL J1602.0-0641,240.5039,-6.6856,bcu,5.597662,2.3326325,2.282644,0.23366997,1.810172e-12,14.9780655,8.592243e-13,7.060409e-10,7.2849854e-10,1.7963064e-10,4.5315043e-11,2.978566e-12,2.4319398e-12,8.864462e-15,,-11.74228015471953,-12.065893443993799,-9.151170140117943,-9.137571314266312,-9.745619582744887,-10.343757603467644,-11.525992770767056,-11.61404717796359,-14.052347127442138,2.9147233038758564,0.013598825851630636,-0.6080482684785746,-0.5981380207227573,-1.182235167299412,-0.0880544071965339,-2.438299949478548,-1.9864536834483388,-4.306727544697251
4FGL J1603.5+1552,240.8816,15.8733,bcu,4.887029,2.3258517,2.3049695,0.09714934,1.6531298e-12,17.97694,3.3482677e-09,6.949521e-14,6.692112e-10,6.823288e-11,4.1417095e-11,2.5653849e-16,2.1050013e-12,7.825199e-17,,-11.781693042645601,-8.475179826667606,-13.158045065899307,-9.174436799237084,-10.166006297398772,-10.382820365736407,-15.590830537183212,-11.676747629554871,-16.106449113309463,-4.682865239231701,3.9836082666622232,-0.991569498161688,-0.2168140683376354,-5.208010171446805,3.914082907628341,-4.429701483754592,-7.6312692866418566,-5.940442815910691
4FGL J1603.8-4903,240.9665,-49.0617,bll,64.54491,1.9891381,1.8928365,0.058147866,5.9411094e-11,535.7979,9.1995064e-11,2.2706608e-08,1.1488057e-08,3.808678e-09,1.4963771e-09,4.5229048e-10,1.6368405e-10,2.2143695e-11,,-10.226132450347912,-10.0362354740754,-7.643847737506529,-7.939753418268174,-8.41922574267906,-8.824958946701708,-9.344582553360949,-9.785993637815478,-10.654749908815921,2.392387736568872,-0.2959056807616456,-0.47947232441088605,-0.40573320402264734,-0.5196236066592412,-0.44141108445452915,-0.8687562710004428,-0.6185144347405203,-2.2355241661368606
4FGL J1604.5-4441,241.1277,-44.6903,bll,28.245876,2.3455954,2.3005733,0.09427415,2.0632785e-11,296.58002,2.7002065e-09,1.698099e-08,7.0549993e-09,1.6980781e-09,4.1397022e-10,3.7458224e-11,1.262666e-11,1.6654435e-12,,-10.685442147070894,-8.568603021624149,-7.770036993773575,-8.151503024999897,-8.770042339048862,-9.383030899822364,-10.42645281748244,-10.898711513344686,-11.778470093510991,0.7985660278505744,-0.3814660312263225,-0.6185393140489648,-0.612988560773502,-1.0434219176600763,-0.4722586958622461,-0.879758580166305,-3.2098670718868423,-3.0084277544621294
4FGL J1604.7+1734,241.1857,17.5717,bll,5.119643,2.0603247,1.7493273,0.41321725,7.1559664e-13,14.681427,6.60778e-09,3.185562e-10,1.0299582e-12,7.7060636e-11,3.9546616e-11,2.1762785e-12,9.288009e-19,2.5074091e-17,,-12.145331701209638,-8.179944424884436,-9.496813937893421,-11.987180396202197,-10.113167410914848,-10.402890673002226,-11.662285526429661,-18.027426502728275,-16.60060163236144,-1.3168695130089851,-2.4903664583087757,1.874012985287349,-0.289723262087378,-1.2593948534274357,-6.365140976298614,1.4268248703668363,-8.420657207477003,-6.487434221446591
4FGL J1604.9-3414,241.2289,-34.2385,bcu,4.181231,1.7535186,1.6366023,0.25781986,1.0325554e-12,19.968857,1.650606e-15,5.37231e-12,1.837224e-13,1.353993e-11,2.9471e-11,1.14098436e-11,3.1293223e-12,2.1392113e-18,,-11.986086633510252,-14.782353949437486,-11.269838934248357,-12.735837866308563,-10.868383580580664,-10.530605127419282,-10.942720308235554,-11.504549703633735,-17.667720884688702,3.5125150151891287,-1.4659989320602058,1.8674542857278986,0.33777845316138233,-0.4121151808162722,-0.5618293953981812,-6.163171181054967,-2.8853669352512163,-6.799337304108038
4FGL J1605.8+7208,241.4536,72.1386,bcu,4.9116616,1.8828874,1.7323138,0.14524308,6.4669624e-13,15.714665,1.3856397e-11,1.6951288e-10,1.6666452e-10,1.5647717e-11,1.828521e-11,3.5809684e-12,2.0423368e-12,8.0076066e-13,,-12.189299657390643,-10.858349681852264,-9.770797297432862,-9.778156844106537,-10.805549016729964,-10.73790004732154,-11.445999510159053,-11.689872635088282,-12.096497265725334,1.0875523844194017,-0.007359546673674444,-1.0273921726234274,0.06764896940842391,-0.708099462837513,-0.24387312492922852,-0.4066246306370527,-1.2381475838730704,-1.2909482489953703
4FGL J1606.2+1346,241.568,13.768,bll,7.8197494,1.8213629,1.7874012,0.04914504,1.8780116e-12,15.060159,5.0249846e-11,2.0194261e-11,7.232669e-11,5.693724e-11,6.6424394e-11,4.518117e-12,6.581224e-12,3.5161416e-12,,-11.726301727222545,-10.29886526479523,-10.694772034801561,-10.140701409689074,-10.244603588778077,-10.177672398969827,-11.345042525930198,-11.181693326545215,-11.453933642357331,-0.3959067700063308,0.5540706251124874,-0.1039021790890029,0.06693118980824941,-1.1673701269603711,0.16334919938498338,-0.27224031581211605,-1.1550683775621007,-1.2093300535792544
4FGL J1606.6+1324,241.6681,13.4042,bcu,4.0225487,2.3362186,2.2956066,0.09756238,1.5591538e-12,15.022502,5.0051865e-11,1.4330255e-09,6.697321e-10,1.0224844e-10,2.2516208e-11,7.0832845e-12,5.99538e-17,1.1737572e-16,,-11.807111039692934,-10.300579735398223,-8.8437460814693,-9.17409888499227,-9.990343309239613,-10.647504747879223,-11.149765313807778,-16.222110853029587,-15.930384731899366,1.456833653928923,-0.33035280352297036,-0.8162444242473423,-0.6571614386396103,-0.5022605659285553,-5.072345539221809,0.2917261211302211,-5.629804996501143,-5.940041422659753
4FGL J1606.8-0351,241.7117,-3.8625,bcu,6.3585396,2.3160138,2.2476628,0.109935835,2.8130772e-12,122.29174,7.52055e-09,2.5163776e-09,8.7384977e-10,1.5617599e-10,5.887891e-11,8.050044e-12,1.0465744e-14,2.8489215e-18,,-11.55081834767242,-8.123750397010108,-8.599224189420648,-9.058563223731324,-9.806385732351576,-10.230040238429796,-11.094201745315623,-13.980229477669939,-17.543797769295693,-0.4754737924105399,-0.4593390343106769,-0.747822508620251,-0.4236545060782202,-0.8641615068858268,-2.886027732354316,-3.5635682916257547,-9.420047372285586,-7.737412036944118
4FGL J1607.8+2541,241.9749,25.6834,bll,4.509964,1.8745476,1.8124859,0.0821081,8.220803e-13,17.11991,9.663002e-09,1.6963418e-10,1.3862514e-10,3.0627452e-11,2.4332189e-11,5.36681e-12,1.760986e-12,1.4253645e-12,,-12.085085753644695,-8.01488793057208,-9.77048663619406,-9.858158002209494,-10.513889131956908,-10.613818818640102,-11.27028377886409,-11.754244094233709,-11.846074058856763,-1.7555987056219795,-0.08767136601543513,-0.655731129747414,-0.09992968668319335,-0.6564649602239889,-0.48396031536961814,-0.09182996462305404,-3.831186128284683,-1.3321849268998545
4FGL J1608.0-1625,242.0209,-16.4185,bcu,4.4222116,2.6261873,2.6402733,0.23406386,3.1091978e-12,13.372525,6.9551526e-13,5.1935656e-09,1.7399553e-09,1.3497516e-10,1.5320918e-11,3.557804e-12,3.50595e-18,1.6371785e-15,,-11.507351646866862,-12.157693330655487,-8.284534378427974,-8.759461908733698,-9.869746149010128,-10.81471521154854,-11.44881797972593,-17.45395730961604,-14.785901314603413,3.873158952227513,-0.4749275303057239,-1.11028424027643,-0.9449690625384122,-0.6341027681773905,-6.00513932989011,2.6680559950126277,-2.6282079839479255,-4.916155165593285
4FGL J1610.3-3958,242.5981,-39.9737,fsrq,13.701763,2.598758,2.6226456,0.08537598,1.1517954e-11,35.806805,1.2754765e-12,1.6790102e-08,4.1235486e-09,6.5439937e-10,9.826354e-11,1.674793e-11,3.4401688e-15,4.4011554e-17,,-10.938624659895632,-11.89432753522849,-7.7749466655113295,-8.384728882490014,-9.184157127431648,-10.007607594169084,-10.77603886270404,-14.463418984801903,-16.356334630530682,4.11938086971716,-0.6097822169786848,-0.7994282449416339,-0.8234504667374356,-0.7684312685349557,-3.6873801220978635,-1.8929156457287792,-4.462007095302193,-7.172177503099034
4FGL J1611.1+2501,242.7811,25.0176,bcu,5.814475,2.6220672,2.5941331,0.046859283,2.529312e-12,56.458454,2.418419e-08,2.3567988e-09,8.182573e-10,1.4535552e-10,2.2118089e-11,2.6688938e-12,6.1164344e-18,4.1109164e-16,,-11.596997593801813,-7.616468453837527,-8.627677491627194,-9.087110111482936,-9.837568470846684,-10.655252398536588,-11.573668705586224,-17.212792212421004,-15.386050790693428,-1.0112090377896674,-0.45943261985574146,-0.7504583593637477,-0.8176839276899042,-0.9184163070496361,-5.63912350683478,1.8267414217275757,-7.769582336855901,-5.548482319846745
4FGL J1611.3-0930,242.8388,-9.5078,bcu,5.245358,2.1267712,2.016732,0.08433903,2.10008e-12,38.86559,1.2356207e-08,5.273409e-09,2.0338684e-10,8.412739e-11,6.452419e-11,8.689193e-12,3.3841086e-13,2.2417145000000004e-16,,-11.677764158961525,-7.9081148246981146,-8.277908543942763,-9.691677151196643,-10.075062584540204,-10.1902774385686,-11.0610205558388,-12.470555695558545,-15.649400326156458,-0.3697937192446483,-1.4137686072538802,-0.3833854333435607,-0.11521485402839637,-0.8707431172701998,-1.409535139719745,-3.1788446305979132,-7.741285501458344,-5.5743377416162545
4FGL J1612.4-0554,243.1206,-5.9098,bll,3.8778622,2.5631354,2.567072,-0.0042971773,2.533663e-12,19.876446,1.4756321e-13,3.7137804e-09,1.3701935e-09,5.9580396e-12,3.367021e-11,8.160465e-12,2.3876241e-16,4.2491504e-13,,-11.596251148975018,-12.831021876534324,-8.430183780155616,-8.863218097038855,-11.22489661385222,-10.472754174793982,-11.088285093020282,-15.622015857094578,-12.37169788642943,4.400838096378708,-0.4330343168832389,-2.361678516813365,0.7521424390582379,-0.6155309182263,-4.533730764074296,3.2503179706651473,0.45932399010489355,-1.1468012725772105
4FGL J1613.5-4225,243.3822,-42.4223,bcu,4.553166,2.5661886,2.580182,0.08980379,4.846638e-12,13.378981,7.304672e-09,3.258912e-14,2.140852e-09,2.0735832e-10,3.6196345e-11,3.78652e-12,3.0625307e-12,1.2237703000000002e-16,,-11.314559416037564,-8.13639928031611,-13.486927233313395,-8.669413355031883,-9.683278534392363,-10.441335280906836,-11.42175974378863,-11.51391954765054,-15.91226460423203,-5.350527952997284,4.8175138782815115,-1.0138651793604794,-0.7580567465144732,-0.9804244628817944,-0.09215980386190914,-4.3983450565814906,-7.7758653239159194,-6.228986069839667
4FGL J1614.4+5028,243.6016,50.4723,bcu,4.646346,1.7650267,1.6144145,0.22220278,6.561414e-13,12.406475,6.309858e-11,5.851189e-13,3.4735374e-11,1.6218697e-11,1.9308138e-11,8.119979e-12,1.2365354e-12,1.5771638e-19,,-12.183002552446965,-10.19998041414351,-12.232755866039094,-10.459228020537871,-10.789984039403375,-10.714259605608099,-11.090445093400815,-11.907793442466929,-18.775424520004403,-2.032775451895583,1.7735278455012224,-0.3307560188655039,0.07572443379527627,-0.376185487792716,-0.8173483490661138,-6.8676310775374745,-8.575444105860893,-7.985440480601028
4FGL J1614.8-0850,243.7106,-8.8379,bcu,4.5984564,1.6931815,1.7852534,-0.06519097,1.1585645e-12,15.361105,3.580721e-10,2.181489e-17,5.843587e-11,5.534146e-11,1.3203909e-11,5.176309e-12,1.2723202e-11,5.765215e-13,,-11.936079779261123,-9.44602951669752,-16.661047936511896,-10.233320485674922,-10.256949387552812,-10.879297477115966,-11.285979805497767,-10.89540357734536,-12.23918448455309,-7.215018419814376,6.427727450836974,-0.02362890187789013,-0.6223480895631539,-0.40668232838180174,0.39057622815240656,-1.34378090720773,-2.793154967855571,-1.9822350970002791
4FGL J1616.5-3500,244.1297,-35.0019,bcu,4.986881,2.7957973,3.0223198,0.3621044,4.348035e-12,7.7657647,1.1953819e-12,8.526756e-09,1.631309e-09,1.9122316e-10,1.1342354e-11,1.6281310999999998e-19,8.175206e-15,4.3137923e-15,,-11.361706967670242,-11.922493320734748,-8.06921616452525,-8.787463767783295,-9.71845950925963,-10.945296801928329,-18.762423314029075,-14.087500763882499,-14.365139762336513,3.853277156209499,-0.718247603258046,-0.9309957414763339,-1.2268372926686997,-7.817126512100746,4.674922550146576,-0.2776389984540142,-2.442646441601765,-4.646680253076884
4FGL J1617.3-5849,244.3486,-58.8257,fsrq,17.447836,2.5493531,2.5611367,0.19905892,9.81121e-12,109.06793,8.006624e-11,1.0345013e-08,4.3493777e-09,7.358592e-10,1.2522171e-10,5.1570245e-12,1.503297e-13,5.763341300000001e-16,,-11.008277428067565,-10.096550565913345,-7.985268959243867,-8.361572876559167,-9.133205276027253,-9.902320369846253,-11.287600804499343,-12.822955180331522,-15.239318125721905,2.111281606669478,-0.3763039173153002,-0.7716323994680856,-0.7691150938189999,-1.3852804346530903,-1.5353543758321795,-2.4163629453903823,-5.14276755980856,-6.106112849694652
4FGL J1618.8+0620,244.7164,6.3458,bll,6.540555,2.1991997,2.0398614,0.14769955,2.0915914e-12,22.643513,5.4779275e-11,2.2356432e-09,2.7242456e-10,1.4910019e-10,5.467971e-11,5.34808e-19,4.6316e-13,9.449883e-23,,-11.679523150451706,-10.261383719822838,-8.650597506971371,-9.564753741854688,-9.826521803091325,-10.262173797348376,-18.263756523836925,-12.33426894536455,-19.99591523796536,1.6107862128514672,-0.9141562348833165,-0.2617680612366371,-0.4356519942570518,-8.001582726488548,5.929487578472374,-7.661646292600809,-9.734531518142521,-10.169393434874035
4FGL J1621.3-0030,245.3455,-0.5091,bll,5.427302,1.6307698,1.4496524,0.2191046,1.2718053e-12,15.932593,1.5843845e-13,5.746173e-10,4.8970853e-12,2.9798376e-11,2.6119353e-11,1.1438431e-11,9.8288e-12,5.801703e-13,,-11.89557936609648,-12.800139387529752,-9.24062130283802,-11.310062330260006,-10.525807404014826,-10.58303758496461,-10.941633542888319,-11.007499501582652,-12.23644449982341,3.5595180846917316,-2.069441027421986,0.7842549262451808,-0.057230180949783716,-0.35859595792370946,-0.06586595869433332,-1.2289449982407579,0.5636948877063421,-1.7106370958085844
4FGL J1622.9+4401,245.7389,44.026,bll,5.1341133,2.1006293,1.9881116,0.11980062,8.072344e-13,10.573806,1.8486315e-13,9.50022e-10,9.6967746e-11,5.5806408e-11,1.8851053e-11,2.4485275e-12,1.9137868e-12,8.995029e-18,,-12.093000333695567,-12.733149627525568,-9.022266337477136,-10.013372699334635,-10.253315930030181,-10.724664385317105,-11.611095012179119,-11.718106442942338,-17.04551488423038,3.7108832900484323,-0.9911063618574989,-0.23994323069554646,-0.4713484552869236,-0.8864306268620137,-0.10701143076321884,-5.327408441288041,-4.31236525670481,-6.792198954200197
4FGL J1624.9-4210,246.2297,-42.1764,bcu,6.9933934,2.7842753,2.907345,0.34357902,8.04656e-12,7.0412965,1.0658589e-12,1.3495548e-08,3.3100271e-09,4.890586e-10,4.8800883e-11,8.1136704e-17,1.338363e-15,1.4272997e-16,,-11.094389745467293,-11.97230027998468,-7.869809475794505,-8.480168450533458,-9.310639099698044,-10.31157231974112,-16.090729115562738,-14.873422833304843,-15.845454398855788,4.102490804190174,-0.6103589747389533,-0.8304706491645852,-1.000933220043077,-5.779156795821617,1.2173062822578942,-0.9720315655509442,-3.873154118871108,-6.534815299157744
4FGL J1625.2-3600,246.3117,-36.009,bcu,7.2576094,2.6159747,2.7504005,0.18142611,5.937089e-12,18.65783,1.8677425e-14,8.508284e-09,2.6236948e-09,3.785007e-10,3.537711e-11,7.914293e-12,2.5279534000000004e-16,8.435146e-16,,-11.226426439997294,-13.728682766319729,-8.070158022109847,-8.581086685447463,-9.421933312966553,-10.451277647909444,-11.101587874935484,-15.597213756702786,-15.073902247409809,5.658524744209881,-0.5109286633376158,-0.84084662751909,-1.0293443349428912,-0.6503102270260399,-4.495625881767301,0.5233115092929772,-1.34521948109008,-5.651968934443255
4FGL J1626.0+5436,246.5071,54.6068,bcu,1.1708415,2.8,2.687985,0.32067895,5.263127e-13,31.184885,5.506203e-12,1.6352022e-09,1.1947413e-10,4.3445667e-11,2.1968285e-18,4.149942e-17,9.5322785e-17,7.280855e-15,,-12.278756142017276,-11.25914778050218,-8.786428537242813,-9.922726123253137,-10.36205353077994,-17.65623141599905,-16.38185333485948,-16.020757719550332,-14.137817021454735,2.472719243259368,-1.1362975860103237,-0.4393274075268039,-7.294177885219108,1.2743780811395702,0.36109561530914647,1.882940698095597,-2.8786692409525543,-3.7757634906747946
4FGL J1626.5-7435,246.6358,-74.594,bcu,4.3725643,2.1918535,1.9971615,0.2761994,1.2199204e-12,9.904129,8.721445e-09,1.778397e-09,2.8782459e-11,8.007195e-11,3.3321443e-11,4.3639207e-12,2.6217287e-16,1.9404575e-17,,-11.91366850262472,-8.059411553652295,-8.749971282922765,-10.540872105157804,-10.096519594893973,-10.477276199410793,-11.360123148899989,-15.581395686816425,-16.711872112054582,-0.6905597292704702,-1.7909008222350398,0.4443525102638315,-0.3807566045168205,-0.8828469494891955,-4.221272537916436,-1.1304764252381574,-8.652460558402288,-6.615352517160609
4FGL J1628.8-6149,247.2171,-61.8313,fsrq,16.401928,2.6723783,2.7874048,0.22020094,1.0256923e-11,108.037445,3.6180747e-08,1.6919465e-08,4.4307185e-09,6.367017e-10,6.55068e-11,2.1128026e-12,1.2896681e-15,2.5610468e-17,,-10.988982904350921,-7.441522470792035,-7.771613373638419,-8.353525841432132,-9.196063990557116,-10.183713615221437,-11.675141075305536,-14.889518674847293,-16.591412941415644,-0.33009090284638454,-0.5819124677937131,-0.8425381491249837,-0.9876496246643214,-1.4914274600840987,-3.2143775995417574,-1.7018942665683507,-9.14989047062361,-7.395348950858528
4FGL J1631.0-5302,247.7563,-53.0406,bcu,6.8251414,2.6206408,2.5972497,0.05347703,8.012105e-12,7.432589,2.0401868e-12,1.6360405e-08,2.2975695e-09,4.112714e-10,3.9356553e-11,2.2930255e-11,1.5754728e-16,2.1795066e-15,,-11.096253367296,-11.690330064516413,-7.786205949619926,-8.638731342612443,-9.385871490465792,-10.404982945664756,-10.639591115404382,-15.802561525268247,-14.661639818887203,3.9041241148964874,-0.8525253929925176,-0.747140147853349,-1.0191114551989635,-0.2346081697396265,-5.162970409863865,1.1409217063810448,-2.9713097543707896,-5.27576832842141
4FGL J1631.2+4926,247.8008,49.4481,fsrq,7.0177298,2.4974592,2.4908993,0.0065052295,1.8376182e-12,12.934232,6.0267194e-11,2.9439617e-09,7.3698087e-10,6.5990456e-11,2.977357e-11,1.0856629e-15,1.6742664e-15,1.4880222e-12,,-11.735744714121623,-10.219919028448166,-8.531067844328598,-9.132543785081142,-10.180518870547676,-10.526169088004036,-14.964301002668913,-14.77617284437988,-11.827390586526391,1.6888511841195673,-0.6014759407525432,-1.0479750854665344,-0.3456502174563596,-4.438131914664877,0.1881281582890324,2.9487822578534892,-1.6074715580782257,-1.6468717159787154
4FGL J1631.5+4219,247.8785,42.3264,bll,4.939358,1.8695691,1.7623951,0.08302637,7.3619165e-13,14.92718,2.0822841e-13,2.150965e-09,1.0575311e-10,3.707836e-11,1.8825299e-11,5.432337e-12,1.314932e-12,1.3575642e-12,,-12.133009106797658,-12.681459996214311,-8.66736665629138,-9.975706851940426,-10.430879483113259,-10.725258116993837,-11.265013295236523,-11.881096702265625,-11.867239620015951,4.0140933399229315,-1.3083401956490466,-0.45517263117283235,-0.2943786338805783,-0.5397551782426859,-0.6160834070291017,0.013857082249673525,0.8142203761983602,-1.4363601369026924
4FGL J1633.5+2806,248.3896,28.106,bcu,4.9486184,2.60576,2.4753041,0.15298848,1.666309e-12,15.013174,1.790582e-09,3.924377e-09,5.3172206e-10,9.3800794e-11,1.3444697e-11,2.1232081e-15,2.1395754000000003e-16,8.400716e-18,,-11.778244457374882,-8.747005785606328,-8.40622927826473,-9.274315321363698,-10.027793485366116,-10.871448980600798,-14.673005392192236,-15.669652106408464,-17.075167031358692,0.34077650734159803,-0.8680860430989679,-0.7534781640024182,-0.8436554952346818,-3.801556411591438,-0.9966467142162276,-1.4055149249502286,-8.328161245752364,-7.047373545992576
4FGL J1635.3+0911,248.8298,9.1844,bcu,4.9815803,2.673161,2.6839957,0.16337891,2.8343764e-12,32.138058,1.20261445e-08,3.839527e-09,1.1548241e-09,1.3230383e-10,2.0211272e-11,2.2047975000000003e-16,6.952964e-16,1.408995e-16,,-11.547542475213922,-7.919873582198489,-8.415722274053884,-8.937484161410522,-9.878427583415428,-10.694406353009194,-15.65661159495763,-15.157823773099798,-15.851059726134816,-0.4958486918553948,-0.5217618873566376,-0.9409434220049064,-0.8159787695937659,-4.9622052419484355,0.49878782185783166,-0.6932359530350176,-7.931186143936326,-5.972632142719387
4FGL J1636.3+7128,249.0954,71.4803,bcu,6.990795,2.83154,2.8311932,0.021646867,2.117255e-12,11.71301,3.1968336e-12,4.927184e-09,8.281005e-10,5.3774218e-11,1.20455815e-11,1.9006994e-12,2.4079352e-16,9.156868e-13,,-11.674226830801548,-11.495279967462869,-8.307401219195171,-9.081916953129195,-10.269425896447915,-10.919172229249023,-11.721086560094257,-15.618337168969848,-12.038253041557974,3.187878748267698,-0.7745157339340238,-1.1875089433187203,-0.6497463328011079,-0.8019143308452339,-3.8972506088755914,3.580084127411874,-0.5429730740951051,-1.768827145110059
4FGL J1636.9-4103,249.2432,-41.0655,bcu,9.568906,2.550721,2.5948896,0.14352241,8.508567e-12,26.137394,1.3796458e-13,6.5347336e-09,3.2611986e-09,6.1390293e-10,9.2561486e-11,1.6744042e-11,1.7198852e-16,2.0837273e-12,,-11.070143576466888,-12.860232365344718,-8.184772112506373,-8.486622752784921,-9.211900293832379,-10.033569681705803,-10.776139695043934,-15.764475290061048,-11.681159116231939,4.675460252838345,-0.30185064027854835,-0.7252775410474577,-0.821669387873424,-0.7425700133381312,-4.988335595017114,4.083316173829109,1.179073249112779,-2.46925882239956
4FGL J1637.2+4327,249.3249,43.4565,bll,6.390117,1.944915,1.7851518,0.12436468,1.0357389e-12,8.747939,9.8307e-09,1.1891847e-10,2.878082e-10,3.1847504e-11,2.8333547e-11,6.9777266e-12,3.4293057e-12,7.381355000000001e-17,,-11.98474970813982,-8.007415556906627,-9.92475068700905,-9.5408968366386,-10.496924599032267,-10.547699053773112,-11.156286050378643,-11.464793797402411,-16.13180507444325,-1.9173351301024226,0.38385385037044983,-0.956027762393667,-0.05077445474084463,-0.6085869966055313,-0.3085077470237678,-4.667011277040839,-8.124389517536622,-5.6348804754109825
4FGL J1637.8-3449,249.467,-34.8189,bll,27.74031,1.9169945,1.714394,0.12796497,1.12828765e-11,35.300575,9.132239e-09,6.6032495e-09,1.2623086e-09,6.246781e-10,3.5378064e-10,1.1262454e-10,3.3561202e-11,3.2466744e-12,,-10.947580165143329,-8.039422731103476,-8.180242292848078,-8.89883445896066,-9.204343719300542,-9.451265936736858,-9.948366969788923,-10.474162493106693,-11.488561262045485,-0.14081956174460153,-0.7185921661125825,-0.3055092603398819,-0.2469222174363157,-0.4971010330520649,-0.52579552331777,-1.0143987689387917,-3.449138530942008,-2.2842175427449423
4FGL J1642.3-8108,250.5855,-81.1375,bll,5.510499,2.3692203,2.3797133,-0.03369723,1.7978111e-12,21.243454,2.0413786e-12,5.388426e-09,7.1644646e-10,5.632212e-11,1.751301e-11,1.0928865e-11,1.3372198e-12,1.0423802e-18,,-11.745255940074452,-11.690076440171348,-8.268538076991337,-9.14481625884795,-10.24932100636388,-10.756639204094261,-10.961424938277984,-11.87379719825509,-17.97782733154,3.4215383631800105,-0.8762781818566125,-1.1045047475159304,-0.5073181977303811,-0.20478573418372292,-0.912372259977106,-6.104030133284908,-6.287750891368651,-7.728506325176118
4FGL J1642.4+6855,250.6169,68.9266,fsrq,4.83904,2.3799365,2.3719597,0.015804205,1.5674422e-12,15.4691,1.6769903e-11,4.609134e-11,2.7307e-10,7.248177e-11,3.2304655e-11,4.343462e-12,1.6092425e-14,1.7008385000000002e-16,,-11.804808462197897,-10.775469449161571,-10.336380665481707,-9.563726009658048,-10.139771209699484,-10.490734892545289,-11.362163972682023,-13.793378236382516,-15.76931138867637,0.43908878367986404,0.7726546558236596,-0.5760452000414364,-0.3509636828458049,-0.8714290801367337,-2.431214263700493,-1.9759331522938535,-4.993841939514798,-5.629540178976885
4FGL J1643.0-7714,250.7719,-77.2488,bll,5.465239,2.5094373,2.510851,-0.026973817,2.1310768e-12,11.670294,5.9244933e-14,4.8690576e-09,1.0166329e-09,5.3357988e-11,2.1938269e-11,9.6923155e-12,6.681259e-18,4.8960474e-15,,-11.671400896809502,-13.227348714025446,-8.312555087803965,-8.992835839880613,-10.272800554890397,-10.658797642443277,-11.013572456893002,-17.174492159465384,-14.310153499286283,4.914793626221481,-0.6802807520766478,-1.2799647150097844,-0.3859970875528802,-0.3547748144497245,-6.160919702572382,2.8643386601791008,-1.0828047852608371,-4.037352944395886
4FGL J1644.5-4602c,251.144,-46.0478,bcu,7.8597307,2.641428,2.8129864,0.37108198,2.1713836e-11,9.571395,1.1750149e-09,1.3848146e-10,8.373331e-09,2.3288302e-09,2.612798e-10,4.72597e-14,5.348508e-14,9.010463e-13,,-10.663263446429914,-8.929956626199823,-9.858608366341906,-8.077101740675554,-8.632862175650379,-9.582894165026982,-13.325508947658923,-13.271767269066677,-12.045252887533026,-0.9286517401420831,1.7815066256663528,-0.5557604349748253,-0.9500319893766029,-3.742614782631941,0.05374167859224599,1.2265143815336508,-3.115296261333203,-3.4123907118826473
4FGL J1644.8-2154c,251.2231,-21.9105,bcu,7.5608907,2.3824928,2.349702,0.12077656,6.50084e-12,9.14217,5.0944106e-12,9.701937e-09,1.4029301e-09,4.958581e-10,7.2944296e-11,1.866786e-11,1.3263465e-12,5.179921e-18,,-11.18703052210529,-11.29290605378338,-8.013141549812703,-8.852963966844905,-9.304642588025178,-10.137008662759344,-10.728905464542425,-11.877343001028013,-17.284839252850038,3.279764503970677,-0.8398224170322024,-0.4516786211802728,-0.8323660747341659,-0.591896801783081,-1.1484375364855879,-5.407496251822025,-5.991933199066658,-7.9801966648248595
4FGL J1647.6-1210,251.9003,-12.1753,bcu,4.8972406,2.5659258,2.6134856,0.2749705,3.6364447e-12,35.434185,1.7143858e-11,2.3926716e-09,1.881768e-09,1.7547794e-10,6.937388e-11,7.563651e-15,2.5769406e-15,3.150578e-17,,-11.439323011234153,-10.765891438893949,-8.621116905269009,-8.725433921039603,-9.75577747255488,-10.158804015175978,-14.121267944280808,-14.588893906770416,-16.501471939831276,2.1447745336249397,-0.10431701577059371,-1.0303435515152781,-0.40302654262109705,-3.96246392910483,-0.46762596248960797,-1.9125780330608606,-5.735580500937328,-6.745694467276396
4FGL J1648.1-2920,252.0402,-29.3402,bcu,5.567527,2.650048,2.54608,0.31875867,3.2887538e-12,13.339843,1.8456112e-11,4.042259e-09,1.312608e-09,3.2652445e-10,5.49805e-12,4.218073e-12,1.297916e-14,5.013546e-18,,-11.482968635778603,-10.733859782749137,-8.393375863341364,-8.881864953157253,-9.486084293387801,-11.259791314152743,-11.374885907392713,-13.886753079180128,-17.298989616604473,2.340483919407774,-0.48848908981588934,-0.6042193402305482,-1.7737070207649417,-0.11509459323997007,-2.511867171787415,-3.412236537424345,-6.565129833855336,-7.812905323216672
4FGL J1649.3+8252,252.3422,82.8755,bcu,5.45818,2.1672869,1.958285,0.2568471,1.1379646e-12,9.668664,1.6478705e-08,5.264619e-10,1.0261724e-10,6.3376256e-11,3.107819e-11,4.5242746e-12,7.742338e-13,2.1654918e-17,,-11.94387124402241,-7.78307692088211,-9.278633053185317,-9.988779670294027,-10.19807342059262,-10.507544282392331,-11.344451042564401,-12.11112786740634,-16.664242950396737,-1.4955561323032072,-0.7101466171087107,-0.20929375029859187,-0.3094708617997117,-0.8369067601720701,-0.7666768248419391,-4.553115082990397,-8.881166029514628,-6.466169529804118
4FGL J1650.3-5045,252.5894,-50.7515,bll,42.208862,2.339621,2.2892163,0.046263393,3.4986326e-11,351.87646,9.065554e-13,3.9272223e-08,1.1744866e-08,2.4614113e-09,5.600314e-10,1.13467284e-10,1.9781564e-11,1.3019889e-16,,-10.45610166132844,-12.042605646039728,-7.40591451484079,-7.930151933827901,-8.608815809946186,-9.25178762215671,-9.945129340427496,-10.703739374313148,-15.885359363339711,4.636691131198939,-0.5242374189871111,-0.6786638761182857,-0.6429718122105239,-0.6933417182707853,-0.7586100338856525,-5.181619989026563,-3.842753717299983,-7.276543553393525
4FGL J1651.0-1523,252.7592,-15.3883,bcu,4.6587806,2.4245706,2.4442308,0.21870992,3.2608653e-12,18.288715,7.8239126e-19,5.141787e-09,8.037922e-10,4.1141224e-10,2.5780895e-11,1.0585346e-11,2.9151822e-21,1.6320222e-15,,-11.486667139351608,-18.101060323333776,-8.28888591809306,-9.09485621251205,-9.385722791664811,-10.58870200974611,-10.975294941350032,-19.888899462669414,-14.78727127686625,9.812174405240716,-0.8059702944189908,-0.2908665791527607,-1.202979218081298,-0.38659293160392316,-8.913604521319382,5.101628185803165,3.3137890464675266,-5.401548485201438
4FGL J1654.0-3509,253.5107,-35.1552,bcu,9.542669,2.3245704,2.3232238,0.0029128483,7.333067e-12,15.068517,2.0990049e-10,7.3455073e-09,1.8634798e-09,4.3705228e-10,1.034916e-10,1.9225056e-11,7.873925e-12,1.1625706e-12,,-11.134714346377597,-9.677986547561522,-8.133978205321378,-8.729675310606272,-9.359466609798854,-9.98509489868388,-10.71613238625743,-11.103808725677144,-11.934580660285668,1.5440083422401436,-0.5956971052848932,-0.6297912991925827,-0.6256282888850251,-0.7310374875735501,-0.38767633941971447,-0.8307719346085243,-2.2565941127241462,-2.575114050486814
4FGL J1655.1-2239,253.79,-22.6527,bcu,4.422346,1.8927819,1.9190056,-0.027838128,1.7073852e-12,12.402117,2.1547298e-13,6.9577843e-10,2.8862654e-10,7.517622e-11,2.8452483e-11,1.4031127e-11,4.1239937e-12,4.0341953e-12,,-11.767668484916927,-12.666607161833339,-9.157529039044647,-9.539663736825531,-10.123919515148808,-10.545879827318586,-10.852907444113015,-11.384682005782889,-11.39424307984612,3.509078122788692,-0.3821346977808844,-0.5842557783232767,-0.42196031216977836,-0.3070276167944286,-0.5317745616698737,-0.0095610740632317,1.2723640819872184,-1.2703235646973123
4FGL J1655.9+3248,253.9909,32.8081,bll,5.3640575,2.6176817,2.5814977,0.08615099,1.5811287e-12,12.651371,9.718487e-13,2.1267128e-09,6.3206146e-10,6.860417e-11,9.873355e-12,3.903977e-12,2.3753742000000003e-16,1.4993218e-16,,-11.801032775376111,-12.012401337466814,-8.67229115503966,-9.199240690000146,-10.163649485498913,-11.005535247052395,-11.408492748500104,-15.624249682086907,-15.82407617926363,3.3401101824271535,-0.5269495349604849,-0.9644087954987679,-0.8418857615534812,-0.4029575014477089,-4.215756933586803,-0.19982649717672274,-3.8116748417968154,-5.660426693764716
4FGL J1656.3-3301,254.0946,-33.0189,fsrq,15.724507,2.831575,2.9306505,0.25883886,1.497761e-11,157.86981,7.0581294e-08,2.939108e-08,6.628528e-09,5.690731e-10,5.950028e-11,2.1908911e-12,1.8023126e-17,3.5006687e-20,,-10.824557481848732,-7.151310383778368,-7.5317844551173465,-8.178582904845682,-9.244831942933814,-10.225480990464531,-11.659379206876222,-16.743928982824194,-19.346722954859207,-0.3804740713389787,-0.646798449728335,-1.0662490380881327,-0.9806490475307168,-1.4338982164116914,-5.084549775947972,-2.6027939720350126,-12.195412571080839,-10.101891011925392
4FGL J1657.7+0738,254.4417,7.6334,fsrq,5.2012405,2.8374467,2.8019862,0.034149017,3.3196553e-12,23.071524,2.7643317e-08,6.273417e-09,8.472343e-10,1.8675998e-10,1.14008455e-11,8.192866e-15,9.858322e-16,2.8086647e-14,,-11.47890700808405,-7.558409845944394,-8.20249584353485,-9.071996470271284,-9.728716181226277,-10.943062939302923,-14.086563618181406,-15.006192595356714,-13.551499949401206,-0.644085997590456,-0.8695006267364338,-0.6567197109549934,-1.2143467580766458,-3.1435006788784836,-0.9196289771753072,1.4546926459555074,-5.9930901034568125,-3.8227837681749293
4FGL J1659.7-3131,254.9455,-31.5209,bcu,24.502222,2.229608,2.2090652,0.02641978,1.6164193e-11,123.52654,2.0089761e-08,2.2203409e-08,4.4129993e-09,9.636981e-10,3.0146424e-10,5.9446226e-11,1.613303e-11,1.7868763e-12,,-10.79144597246612,-7.6970252298517625,-7.6535803410343926,-8.355266141440598,-9.016058997253516,-9.520764196914898,-10.225875711693869,-10.79228405833692,-11.747905508906575,0.043444888817369964,-0.7016858004062057,-0.6607928558129181,-0.504705199661382,-0.7051115147789702,-0.5664083466430512,-0.9556214505696552,-4.050880279054812,-2.7318465116530586
4FGL J1701.7-5621,255.4389,-56.3588,bcu,4.6329656,2.4724078,2.4907026,0.026794069,3.1006035e-12,13.66485,5.320186e-10,2.054247e-12,1.6642201e-09,1.2934444e-10,2.5584163e-11,1.08591565e-11,1.5782904e-12,7.44415e-17,,-11.508553765664733,-9.27407318398221,-11.68734733647869,-8.778789237000487,-9.8882522350949,-10.592028786473154,-10.964203907461659,-11.80181308233304,-16.12812654794323,-2.413274152496479,2.9085580994782028,-1.109462998094413,-0.7037765513782546,-0.3721751209885049,-0.8376091748713801,-4.326313465610189,-6.854053363961018,-6.239874312848329
4FGL J1705.3-6946,256.3427,-69.7753,bcu,4.169761,2.5251603,2.5068302,0.0100585045,1.7846188e-12,22.118452,1.672419e-08,4.322317e-09,4.363799e-10,7.056079e-11,2.5364736e-11,5.0075248e-12,8.84296e-16,2.001135e-18,,-11.748454533833407,-7.776654907165202,-8.364283384998693,-9.360135261557067,-10.151436565417862,-10.59576965335434,-11.300376890298109,-15.053397428294772,-17.69655877585417,-0.5876284778334906,-0.9958518765583744,-0.791301303860795,-0.44433308793647797,-0.7046072369437688,-3.7530205379966635,-2.643161347559399,-9.91990386868897,-7.545122210436309
4FGL J1705.5-7423,256.385,-74.3953,bll,6.749749,1.6251721,1.6553063,-0.04448492,1.0315008e-12,12.5508375,1.138989e-08,6.5533506e-10,8.3212964e-11,5.2934716e-11,1.1826812e-11,9.9053404e-12,4.5547884e-12,2.6978734e-12,,-11.986530426655063,-7.943480470180719,-9.183536596943036,-10.079809008331747,-10.276259412529013,-10.927132306348605,-11.004130594770135,-11.341531793115527,-11.56897843221351,-1.2400561267623162,-0.8962724113887113,-0.19645040419726634,-0.6508728938195922,-0.07699828842152989,-0.3374011983453915,-0.2274466390979839,-3.6254979620327914,-1.2927190196844975
4FGL J1706.9+4543,256.7427,45.7248,fsrq,7.2899966,2.749087,2.6671607,0.11394183,2.5982404e-12,38.32647,3.3655686e-11,5.224335e-09,8.5686774e-10,1.3812135e-10,1.584904e-11,4.2614026000000006e-16,6.931788e-16,1.3903885e-18,,-11.585320667002067,-10.472941552713204,-8.281968982576954,-9.067086207501076,-9.859739185470076,-10.799997038240297,-15.370437242252402,-15.159148462890451,-17.853751464321636,2.1909725701362497,-0.7851172249241216,-0.7926529779690004,-0.9402578527702214,-4.570440204012105,0.21128877936195067,-2.694603001431185,-7.3808099116084325,-7.99401227885156
4FGL J1707.9+0016,256.9886,0.2731,bcu,5.1297784,1.9908657,1.8913318,0.110561736,1.6030405e-12,33.701077,6.9041667e-10,2.4680558e-14,6.5745304e-10,5.462244e-11,3.6004966e-11,1.2243159e-11,3.7336865e-12,2.47621e-19,,-11.795055502569646,-9.160888731189203,-13.6076448496458,-9.182135262142948,-10.26262890362488,-10.443637594732703,-10.91210651000089,-11.427862149346929,-18.589018738313804,-4.446756118456596,4.425509587502852,-1.0804936414819313,-0.1810086911078237,-0.46846891526818624,-0.5157556393460396,-7.161156588966875,-9.4281300071246,-8.326389834688925
4FGL J1709.0-3525,257.2514,-35.4315,bcu,5.8782744,2.6148994,2.6444755,0.12962678,9.0651315e-12,8.9873495,1.7406798e-11,2.4357123e-08,2.200666e-09,4.2318327e-10,6.740424e-11,7.6612995e-12,1.2742805e-12,2.080957e-12,,-11.042625891110333,-10.759281110242904,-7.613374010743964,-8.657445866287937,-9.37347150989054,-10.171312783657132,-11.115697559067756,-11.894734959335475,-11.681736891682956,3.14590709949894,-1.0440718555439723,-0.7160256436026042,-0.7978412737665916,-0.944384775410624,-0.7790374002677183,0.21299806765251894,-0.9224557814400516,-2.308265381792415
4FGL J1710.3-3943,257.5945,-39.7223,bcu,15.102393,2.6037123,2.6100924,0.26555675,3.6419173e-11,15.567029,2.8950377e-12,2.0980357e-08,1.4557827e-08,3.2882845e-09,5.2781085e-10,1.0960673e-11,6.075778400000001e-16,2.0546175e-15,,-10.438669920190504,-11.538345774893973,-7.678187126160799,-7.836903445925076,-8.48303061466019,-9.277521686395168,-10.960162778373947,-15.216390926504026,-14.687266903402678,3.860158648733174,-0.15871631976427736,-0.6461271687351147,-0.7944910717349778,-1.6826410919787786,-4.256228148130079,0.5291240231013479,-3.1489211285087055,-6.204236288742488
4FGL J1711.1+0242,257.7765,2.7005,bcu,4.0053744,1.8564676,1.8717484,0.24373893,1.0898016e-12,13.473423,8.441655e-09,7.333659e-15,1.5254737e-11,4.3364411e-13,5.178915e-11,8.635906e-12,3.430445e-16,2.652187e-12,,-11.962652554833818,-8.073572400896795,-14.134678695509521,-10.816595275146472,-12.362866538052323,-10.285761216786623,-11.06369209301225,-15.464636879464372,-11.576395856380534,-6.061106294612726,3.318083420363049,-1.5462712629058508,2.0771053212657,-0.7779308762256267,-4.400944786452122,3.888241023083838,-3.502823455483739,0.7864706816717888
4FGL J1711.1-4600c,257.7816,-46.0058,bcu,4.205027,2.5828087,2.7704165,0.3349792,4.990063e-12,16.439022,5.7555063e-08,3.5893014e-10,2.7104594e-09,4.1115822e-10,8.2356996e-11,7.0926304e-17,2.6022927e-12,3.937751e-12,,-11.30189397046428,-7.239916466365206,-9.444990071646053,-8.566957093634699,-9.38599102276029,-10.084299502754266,-16.14913144335521,-11.584643854896619,-11.404751748431966,-2.2050736052808473,0.8780329780113547,-0.8190339291255917,-0.698308479993976,-6.064831940600943,4.56448758845859,0.1798921064646528,-4.16483528206676,-2.018760725671676
4FGL J1711.6-5027,257.903,-50.454,bcu,11.496775,2.6178644,2.6154146,0.058754064,1.039584e-11,26.528671,4.0058814e-11,1.6091763e-08,4.376346e-09,3.8296932e-10,1.0136138e-10,2.9462804e-12,3.017663e-12,1.7210596e-15,,-10.98314041282905,-10.39730191266943,-7.793396372356421,-8.35888834939062,-9.416836016329164,-9.994127485272918,-11.530725921878894,-11.520329260607133,-14.764201566462246,2.6039055403130096,-0.5654919770341991,-1.057947666938544,-0.5772914689437538,-1.536598436605976,0.010396661271760976,-3.2438723058551133,-4.3668996537928155,-5.347365550133082
4FGL J1712.5-3142,258.1404,-31.702,bcu,6.3534365,2.7176192,2.7478178,0.31408378,6.371424e-12,6.3091106,1.4406636e-11,2.2448239e-09,2.877022e-09,4.3127812e-10,3.8341556e-11,4.1848833e-12,1.03683106e-16,7.082096e-16,,-11.19576349222202,-10.841437416330375,-8.648817722479647,-8.541056817134209,-9.365242574313957,-10.416330266188151,-11.378316647235746,-15.98425011656838,-15.149832058297964,2.1926196938507285,0.10776090534543847,-0.8241857571797482,-1.0510876918741943,-0.9619863810475948,-4.6059334693326335,0.8344180582704155,-4.308394641967588,-5.784589483984007
4FGL J1713.2-3417,258.3235,-34.294,bcu,4.1041484,2.0805144,2.030796,0.12896156,2.9767469e-12,13.0598135,1.7143348e-09,2.6004562e-10,1.327517e-12,5.9980666e-11,7.8772155e-11,1.9202747e-11,2.4850607000000004e-16,2.159229e-12,,-11.526258088518519,-8.765904358843462,-9.584950456719017,-11.87695990542404,-10.221988716254684,-10.10362727315263,-10.716636639736619,-15.604645522879657,-11.665701293513468,-0.8190460978755549,-2.2920094487050218,1.6549711891693555,0.11836144310205299,-0.613009366583988,-4.888008883143039,3.9389442293661894,-2.8997969346700057,-1.4437125772587844
4FGL J1715.4-4025,258.869,-40.4294,bcu,9.158828,2.2044146,2.08064,0.1452423,7.514222e-12,29.634794,1.144367e-10,2.3151963e-09,1.5662308e-09,6.1261435e-10,2.3731628e-10,4.6945402e-11,8.2292775e-12,7.534582e-16,,-11.12411597771906,-9.941434674356037,-8.635412180284524,-8.805144239861045,-9.212812834403154,-9.624672467952113,-10.328406937571934,-11.084638292028764,-15.122935072288907,1.306022494071513,-0.16973205957652127,-0.407668594542109,-0.4118596335489588,-0.7037344696198211,-0.7562313544568298,-4.0382967802601435,-5.18150039793287,-5.910122237885753
4FGL J1716.3-3421,259.0805,-34.352,bcu,8.190568,2.4867158,2.3618345,0.24186599,6.688819e-12,17.828634,1.9421694e-08,7.72151e-09,1.1351593e-09,7.72932e-10,1.6390218e-10,1.6005792e-11,3.2413923e-16,8.544330500000001e-16,,-11.17465055528398,-7.711712892719912,-8.112297761769705,-8.944943188461382,-9.111858712187047,-9.785415269980343,-10.795722830919267,-15.489255005704292,-15.068316878402548,-0.4005848690497933,-0.832645426691677,-0.16691552372566498,-0.6735565577932956,-1.0103075609389247,-4.693532174785025,0.42093812730174385,-7.356603985682637,-5.956458166215501
4FGL J1716.6-6707,259.1546,-67.1177,bcu,4.018412,2.357963,2.353981,0.0076796613,1.3102978e-12,14.673829,9.764439e-09,3.0686031e-09,2.1411457e-10,5.7779784e-11,2.9469586e-11,3.1491613e-12,2.4967193e-16,7.767151e-18,,-11.882629984847759,-8.010352703343747,-8.513059280555632,-9.669353778947283,-10.238224085950467,-10.53062596509461,-11.501805092857074,-15.602612887305273,-17.109179468766346,-0.5027065772118853,-1.1562944983916505,-0.5688703070031842,-0.2924018791441423,-0.9711791277624648,-4.100807794448199,-1.5065665814610725,-9.098826765422599,-6.870955382815879
4FGL J1717.5-3342,259.3985,-33.7003,bll,20.246254,2.523559,2.5240955,0.12311701,2.5914534e-11,257.51065,1.4549387e-10,5.5826284e-08,1.0294034e-08,2.0124e-09,3.5438366e-10,2.5978135e-11,5.700827e-12,6.982227e-17,,-10.586456596151294,-9.837155304113903,-7.253161279403748,-7.987414401658771,-8.696285691344132,-9.450526310856908,-10.585392030473875,-11.24406213734042,-16.155943840352645,2.5839940247101554,-0.7342531222550237,-0.7088712896853604,-0.7542406195127764,-1.1348657196169665,-0.6586701068665448,-4.9118817030122255,-6.318788536238742,-7.459658149008513
4FGL J1717.6-5154,259.4026,-51.909,fsrq,18.794525,2.523451,2.5248764,0.21207893,1.0805304e-11,503.75323,2.5198638e-10,1.54434e-08,5.364658e-09,8.9070734e-10,1.4401895e-10,1.1382412e-11,3.0142573000000003e-16,5.7686145e-15,,-10.966363009622194,-9.598622932418275,-7.811257079732956,-8.270457959335078,-9.050264968799477,-9.841580359687338,-10.943765698254051,-15.520805270859656,-14.238927729872762,1.7873658526853191,-0.45920087960212186,-0.779807009464399,-0.7913153908878616,-1.1021853385667129,-4.577039572605605,1.281877540986894,-4.640304797454487,-5.188662761073285
4FGL J1718.0-3055,259.5229,-30.9298,bcu,12.412182,2.1957395,2.009353,0.20469831,6.20643e-12,15.368287,6.845743e-17,4.0607418e-12,1.991017e-09,4.974708e-10,2.34117e-10,3.4410672e-11,3.761065e-12,6.750622999999999e-20,,-11.207158137791406,-16.164515973545942,-11.391394622934722,-8.70092503179629,-9.303232405906599,-9.630567049599076,-10.463306845909004,-11.424689159733607,-19.110663387224292,4.77312135061122,2.6904695911384326,-0.6023073741103087,-0.32733464369247756,-0.8327397963099283,-0.9613823138246023,-7.685974227490686,-2.94614741367835,-9.807430981317694
4FGL J1720.0-5101,260.0239,-51.0167,bcu,5.837846,2.8400114,3.054476,0.53945976,4.959886e-12,11.38411,1.3023832e-09,8.5969285e-09,2.5608027e-09,2.4157915e-10,7.388965e-14,1.3739457e-12,2.0784494e-12,1.2420903e-15,,-11.304528304517234,-8.885261214566368,-8.06565668524037,-8.591623880960602,-9.616940551120237,-13.131416331823472,-11.862030427620896,-11.682260541869928,-14.905843333323887,0.8196045293259981,-0.5259671957202325,-1.0253166701596346,-3.5144757807032345,1.2693859042025757,0.17976988575096797,-3.2235827914539588,-6.020582118757519,-5.28890278220365
4FGL J1725.4+5254,261.3613,52.9144,bcu,4.140591,1.8584167,1.8644555,-0.0094804,6.618652e-13,14.561615,1.25761455e-08,8.7562074e-10,1.1845995e-10,3.0869415e-11,1.0430474e-11,6.563497e-12,1.5062903e-12,1.4984136e-12,,-12.179230446381373,-7.900452446695418,-9.057683960254833,-9.926428454966945,-10.510471600525557,-10.981695954732658,-11.182864708263594,-11.822091317723334,-11.824368290944449,-1.157231513559415,-0.8687444947121126,-0.5840431455586117,-0.4712243542071004,-0.20116875353093633,-0.6392266094597403,-0.002276973221114531,-3.9239158442490307,-1.3138966904188916
4FGL J1727.9-0654,261.9879,-6.9124,bcu,4.60787,2.6226308,2.6012356,0.15006232,5.18969e-12,11.9923315,1.4642281e-09,1.1288032e-08,1.6277493e-09,2.4721772e-10,5.590383e-11,9.851996e-15,4.538338e-16,1.4511073e-15,,-11.284858582607637,-8.83439126285468,-7.947381768087154,-8.788412482743075,-9.606920403216108,-10.252558437279433,-14.006475332341857,-15.343093593113101,-14.838297480268183,0.8870094947675264,-0.841030714655921,-0.8185079204730332,-0.6456380340633245,-3.7539168950624244,-1.3366182607712442,0.5047961128449181,-6.003906217413503,-5.231377077052075
4FGL J1730.6+3805,262.6642,38.0855,bcu,5.6077614,2.1692502,2.2097194,-0.051514704,1.2922284e-12,16.802885,1.4243335e-08,2.2498581e-10,4.3068735e-10,7.5887525e-11,2.2066569e-11,8.227991e-12,2.7244505e-16,2.1326825e-12,,-11.888660715106251,-7.846388311083713,-9.647844872238378,-9.36583788398742,-10.119829610989978,-10.656265187266909,-11.084706191492327,-15.564705137964284,-11.671073792660218,-1.8014565611546658,0.28200698825095927,-0.7539917270025587,-0.5364355762769311,-0.42844100422541764,-4.479998946471957,3.8936313453040654,-3.8246854815765055,-1.5512441816702403
4FGL J1731.6-3002,262.9192,-30.0457,bll,17.457537,2.24462,2.125208,0.1844616,1.386669e-11,21.068777,3.3396813e-10,2.2187124e-11,1.9635331e-09,1.5104674e-09,3.970222e-10,7.739105e-11,1.1891771e-11,3.2733055e-15,,-10.858027192996358,-9.476294975168027,-10.653898989229713,-8.706961773267752,-8.820888643544325,-9.401185208420053,-10.111309260971062,-10.924753462236264,-14.4850121330038,-1.1776040140616857,1.9469372159619613,-0.11392687027657367,-0.5802965648757272,-0.7101240525510093,-0.8134442012652023,-3.560258670767535,-5.008717157835772,-5.664123489459474
4FGL J1731.9-2719,262.9821,-27.3294,bcu,8.252483,2.3283453,2.3464239,0.030551339,1.0565511e-11,14.309699,2.1795843e-15,1.6620834e-08,3.2591352e-09,8.7832575e-10,1.1758722e-10,1.34254986e-11,1.1677339e-11,1.1468858e-12,,-10.97610949307866,-14.661624336518425,-7.779347187981823,-8.48689762314934,-9.056344384783653,-9.92963987707571,-10.872069576052953,-10.932656111413385,-11.94047982059536,6.882277148536603,-0.7075504351675166,-0.569446761634314,-0.8732954922920566,-0.9424296989772429,-0.060586535360432237,-1.0078237091819755,2.721144515923065,-2.8841354358117073
4FGL J1733.4+1521,263.3507,15.3547,bcu,4.8918304,2.5957813,2.4097655,0.23161921,2.3127728e-12,33.292355,1.0123802e-08,2.2989113e-09,6.207166e-10,1.7139067e-10,2.666811e-11,3.6324812e-16,1.3863886e-16,1.111021e-16,,-11.635867027069141,-7.994656357305167,-8.63847778499838,-9.207106639991853,-9.766012823448174,-10.574007762012148,-15.439784669027798,-15.858083696931736,-15.954238644235636,-0.6438214276932124,-0.5686288549934737,-0.5589061834563207,-0.807994938563974,-4.8657769070156505,-0.418299027903938,-0.09615494730389962,-7.959582286930469,-6.188225820787462
4FGL J1733.4-3943,263.3722,-39.725,bcu,12.357638,2.2305553,2.2265468,0.02671082,1.0098438e-11,20.197855,1.295267e-07,4.1636135e-09,3.100569e-09,5.6672067e-10,1.8901596e-10,2.9705446e-11,1.1726802e-11,2.3100217e-12,,-10.9957457961281,-6.887640699015529,-8.380529591986546,-8.508558599427445,-9.246630947041625,-9.72350152359589,-10.527163922559211,-10.930820407217013,-11.636383938510932,-1.492888892971017,-0.12802900744089918,-0.73807234761418,-0.47687057655426557,-0.8036623989633203,-0.4036564846578017,-0.7055635312939188,-4.748743239495402,-2.3897529914693063
4FGL J1733.4+4517,263.3728,45.2892,bll,4.186156,1.8900181,1.8758324,0.014535462,6.6266946e-13,9.795759,7.038171e-14,8.9432595e-10,5.694763e-13,5.099702e-11,9.973881e-12,7.1480604e-12,6.967134000000001e-18,1.4983523e-12,,-12.178703037430568,-13.152540124011464,-9.048504167455645,-12.24452433769598,-10.292455200980989,-11.001135817289569,-11.14581178582241,-17.156322936057443,-11.824386058265924,4.104035956555819,-3.1960201702403346,1.9520691367149912,-0.7086806163085804,-0.14467596853284093,-6.010511150235033,5.331936877791518,1.3281540657455402,-1.5319308572849355
4FGL J1735.0-0132,263.7734,-1.5493,bcu,5.303769,1.850502,1.7656423,0.20043132,1.4410605e-12,8.726424,4.5693802e-15,1.573288e-14,2.0730321e-13,4.7664272e-11,4.4840433e-11,8.306384e-12,6.7830208e-12,1.6739156e-16,,-11.841317782817265,-14.340141754075812,-13.803191493793182,-12.683393952043279,-10.32180703569447,-10.348330202211194,-11.080587995021359,-11.168576850537173,-15.776240499172896,0.5369502602826302,1.1197975417499038,2.3615869163488092,-0.026523166516724928,-0.7322577928101648,-0.08798885551581392,-4.607663648635723,-1.436098745097084,-5.454433463478427
4FGL J1736.9-3357,264.23,-33.9633,bcu,6.1145945,2.5381413,2.5733578,0.22366677,8.685233e-12,14.104983,1.2505006e-09,4.3149959e-10,2.9413683e-09,9.0195224e-10,1.53507e-10,1.3503835e-11,2.083513e-14,1.2239951e-15,,-11.061218525679775,-8.902916095552056,-9.365019612594146,-8.531450592409765,-9.044816458521543,-9.813871815649982,-10.869542876900612,-13.681203576991047,-14.912216772633887,-0.46210351704208996,0.8335690201843811,-0.5133658661117781,-0.7690553571284386,-1.0556710612506297,-2.8116607000904352,-1.2310131956428396,-6.00930067708183,-5.867400314112343
4FGL J1737.6-1503,264.4203,-15.0589,bcu,3.8017573,2.6254442,2.6910195,0.27485797,4.147488e-12,26.331373,6.060875e-09,7.591944e-09,1.3821779e-09,1.998722e-10,1.8879374e-11,3.0593956e-12,4.0118943e-16,2.9175037e-12,,-11.382214860806522,-8.217464672823136,-8.119647004028648,-8.859436055355213,-9.699247607191795,-10.724012409853088,-11.514364360827985,-15.39663969267064,-11.534988583018153,0.09781766879448739,-0.7397890513265644,-0.8398115518365827,-1.0247648026612932,-0.7903519509748964,-3.8822753318426546,3.8616511096524864,-3.3175239101950176,-1.8357409758263579
4FGL J1738.0+0236,264.5065,2.6116,bcu,4.50509,2.8241417,2.802155,0.18815026,3.82876e-12,10.258484,1.4879658e-08,5.730906e-09,1.5313708e-09,1.0944077e-10,1.5784711e-12,4.2122707e-12,2.7032998e-12,1.0719531e-12,,-11.416941854754203,-7.827407050672893,-8.241776714908461,-8.814919638236876,-9.960820859977781,-11.801763362382724,-11.37548372578635,-11.568105786114778,-11.969824211391046,-0.41436966423556765,-0.5731429233284153,-1.145901221740905,-1.8409425024049426,0.4262796365963748,-0.19262206032842855,-0.4017184252762682,-4.142417160718153,-2.0090033514132646
4FGL J1738.3+3228,264.584,32.4823,fsrq,4.5490007,2.8648348,2.969994,-0.118162684,1.822292e-12,23.359936,3.188616e-08,3.5135037e-09,4.709892e-10,3.7008202e-11,2.0413237e-11,1.7334921000000002e-16,1.2437737e-12,1.0164391000000001e-17,,-11.739382029025904,-7.496397779007929,-8.454259584778512,-9.326989051320865,-10.431702013961997,-10.690088121981038,-15.761053080768894,-11.905258627231932,-16.992491576525826,-0.957861805770583,-0.8727294665423528,-1.1047129626411323,-0.2583861080190406,-5.070964958787856,3.855794453536962,-5.0872329492938935,-9.496093797517897,-6.560789562563828
4FGL J1738.8+3822,264.7157,38.3727,bcu,6.762518,1.89355,1.862273,0.035593532,1.0519718e-12,8.218057,6.18858e-11,3.6462586e-10,1.5085641e-10,8.465187e-11,1.0926947e-11,8.952925e-12,2.7596092e-12,1.4041098e-12,,-11.977995897944142,-10.208408990475311,-9.438152533537933,-9.821436231575651,-10.072363443626472,-10.961501163020186,-11.048035053156994,-11.559152414295996,-11.852598926385566,0.7702564569373784,-0.3832836980377188,-0.25092721205082036,-0.8891377193937142,-0.08653389013680801,-0.5111173611390019,-0.2934465120895702,-1.644189935910255,-1.7802354827590943
4FGL J1738.8-3418,264.7225,-34.31,bcu,5.2969923,2.5024312,2.428621,0.29887483,5.1375904e-12,8.15363,6.44163e-10,5.4857545e-09,2.5343567e-09,6.334772e-10,1.191088e-10,5.9556435e-12,2.8484452e-12,6.8663034e-18,,-11.289240522445583,-9.191004224180979,-8.260763631962378,-8.59613226003511,-9.198269011543028,-9.924056150737213,-11.225071305928823,-11.545392129805164,-17.1626449693848,0.9302405922186008,-0.3353686280727324,-0.602136751507917,-0.7257871391941855,-1.3010151551916103,-0.3203208238763402,-5.617252839579637,-7.971640745203821,-7.9643759578417725
4FGL J1741.5-3119,265.3781,-31.3302,bcu,7.9118,2.488503,2.6329963,0.23776574,1.6400669e-11,9.170983,3.761133e-10,6.92442e-09,3.595245e-09,1.4869553e-09,3.243048e-10,1.7638809e-11,5.030889e-12,4.16341e-12,,-10.785138436011735,-9.424681308909895,-8.159616597908892,-8.444271509028829,-8.827702086791284,-9.489046623320771,-10.753530742211392,-11.298355263846236,-11.380550817959639,1.2650647110010027,-0.28465491111993657,-0.38343057776245537,-0.6613445365294872,-1.2644841188906213,-0.544824521634844,-0.08219555411340274,-1.9558695090497444,-2.552848731168355
4FGL J1741.8-2537,265.4577,-25.6206,bcu,13.4785795,2.1772804,2.1662216,0.018895715,1.3461667e-11,18.887566,1.8978598e-10,2.9931286e-08,4.572249e-09,8.096153e-10,2.0906149e-10,7.8933304e-11,1.4735756e-11,2.7652455e-12,,-10.870901156425843,-9.721735873200538,-7.523874623263055,-8.339870126398868,-9.091721293183216,-9.679725958652618,-10.10273971800701,-10.83162757799874,-11.55826630417669,2.1978612499374837,-0.815995503135813,-0.7518511667843484,-0.588004665469402,-0.4230137593543919,-0.7288878599917297,-0.726638726177951,-1.8365304309761523,-2.4665450109934746
4FGL J1742.4-1518,265.6097,-15.3079,bcu,5.312349,2.557073,2.6239178,0.19989085,5.619163e-12,13.050784,9.8553256e-11,1.0332171e-08,1.7800613e-09,3.1766165e-10,3.555549e-11,4.7894345e-12,7.332093e-15,9.945408e-13,,-11.250328368987743,-10.006329022893247,-7.9858084147571216,-8.749565041624992,-9.498035212602359,-10.449093331728463,-11.319715760841051,-14.134771442780002,-12.00237739132872,2.0205206081361258,-0.7637566268678704,-0.7484701709773667,-0.9510581191261043,-0.8706224291125881,-2.8150556819389507,2.132394051451282,-1.9960483684354724,-2.504342178726361
4FGL J1743.9-1824,265.9848,-18.4132,bcu,9.113689,2.648308,2.5138276,0.49105144,6.3075573e-12,9.437126,5.7880575e-11,7.0475585e-09,2.4814155e-09,7.742465e-10,3.5830956e-11,2.0499674e-12,2.1981006e-17,1.7085367e-15,,-11.200138794824865,-10.237467163067347,-8.151961310472169,-8.605300509305751,-9.111120749199822,-10.445741604216565,-11.688253043222133,-16.657754902960473,-14.767373146057421,2.085505852595178,-0.4533391988335822,-0.5058202398940708,-1.3346208550167429,-1.2425114390055683,-4.96950185973834,1.8903817569030519,-4.5299059829900745,-5.6562523968575995
4FGL J1743.9+3747,265.9996,37.794,fsrq,4.912381,2.191728,2.0322406,0.1923933,1.0685306e-12,16.094042,1.3918767e-12,1.4534754e-15,2.9568722e-10,5.6434024e-11,2.9925368e-11,1.5401549e-12,1.0468485e-12,2.8311756000000005e-16,,-11.971213032167505,-11.856399232065995,-14.837589326281776,-9.529167445846149,-10.248458981396972,-10.523960500111876,-11.812435595283853,-11.980116160757813,-15.548017853795066,-2.9811900942157816,5.308421880435628,-0.7192915355508234,-0.27550151871490414,-1.288475095171977,-0.16768056547395993,-3.5679016930372534,-3.691618621729072,-5.299558872398094
4FGL J1744.1+4635,266.0325,46.595,bcu,4.1928215,1.6470338,1.6012149,0.1154518,5.1154437e-13,15.7248955,3.2821163e-12,2.2445386e-13,4.0990183e-11,1.4131495e-11,1.2422205e-11,5.3762736e-12,1.8122034e-12,2.3026316e-12,,-12.291116682278298,-11.483846032699088,-12.64887290215738,-10.387320142672625,-10.84981189050474,-10.90580130764746,-11.269518637221818,-11.741793056724026,-11.637775537737726,-1.165026869458293,2.261552759484756,-0.46249174783211444,-0.055989417142720654,-0.3637173295743583,-0.4722744195022077,0.10401751898629996,-0.15392950503863823,-0.7879636472329867
4FGL J1744.9-1727,266.235,-17.4514,bcu,28.345709,1.9088213,1.8974575,0.011601471,1.720583e-11,20.006702,3.46552e-12,4.1004897e-09,3.3585787e-09,8.8638163e-10,3.5793246e-10,1.0741242e-10,6.9908274e-11,8.969775e-12,,-10.764324372152712,-11.46023158918235,-8.387164274667496,-8.473844470625787,-9.05237925314358,-9.446198914731019,-9.968945498618329,-10.155471420188059,-11.047218450282656,3.0730673145148533,-0.0866801959582908,-0.5785347825177922,-0.39381966158743964,-0.5227465838873098,-0.18652592156973036,-0.8917470300945975,0.41301313889969293,-1.9948391971390773
4FGL J1745.1+4102,266.2927,41.0389,bcu,5.0400267,2.2933385,2.2206264,0.07788698,1.2711624e-12,22.415768,3.1800949e-09,3.4173472e-10,3.5333106e-10,6.761501e-11,2.8620854e-11,1.7809322e-12,8.265672e-13,2.6946106e-16,,-11.895798958288838,-8.497559919658427,-9.466310894942135,-9.451818183685898,-10.169956883334915,-10.543317411586132,-11.749352611352727,-12.08272182721608,-15.569487869279401,-0.968750975283708,0.014492711256236745,-0.7181386996490176,-0.3733605282512169,-1.2060351997665943,-0.3333692158633532,-3.486766042063321,-7.071927949620974,-5.3995309859444856
4FGL J1746.8-5235,266.7199,-52.5868,bcu,12.667715,2.5413046,2.5138614,0.2070704,5.8914883e-12,244.67946,1.1145263e-10,7.780457e-09,2.469499e-09,4.4032844e-10,8.907236e-11,2.6692097e-12,1.3268492000000002e-16,5.1288857e-15,,-11.22977497971697,-9.952909678773212,-8.108994893144807,-8.607391145364035,-9.356223263346914,-10.050257040715145,-11.573617303950238,-15.877145703045121,-14.289976132553477,1.8439147856284048,-0.49839625221922823,-0.7488321179828787,-0.6940337773682312,-1.5233602632350927,-4.303528399094883,1.5871695704916444,-4.337066453780265,-4.933752869206563
4FGL J1747.4+2330,266.8689,23.5048,fsrq,4.869782,2.94953,2.8454227,0.1928332,4.1839527e-12,14.489731,3.3549963e-08,9.3230526e-09,1.5790562e-09,8.597551e-11,2.2218139e-12,3.6464145e-13,2.3523574000000003e-16,2.6523058e-15,,-11.378413232817197,-7.4743079544488,-8.030441865513184,-8.801602412791022,-10.0656252392469,-11.65329231859251,-12.43813395327418,-15.628478232348078,-14.576374767585472,-0.5561339110643848,-0.7711605472778373,-1.2640228264558786,-1.587667079345609,-0.7848416346816709,-3.190344279073898,1.052103464762606,-7.102066813136672,-4.510749528338572
4FGL J1747.4+2759,266.8689,27.9949,bcu,5.956325,2.7114496,2.7219203,-0.026725078,2.5766654e-12,66.21199,4.02875e-08,6.8564847e-09,6.7079653e-10,1.2829521e-10,2.124435e-11,1.6050423e-12,1.2208068e-17,9.4841245e-18,,-11.588941972611247,-7.394829681479501,-8.163898488765852,-9.173409192639308,-9.89178955800589,-10.672756552001562,-11.79451351481217,-16.91299746211917,-17.022545077514597,-0.7690688072863514,-1.009510703873456,-0.7183803653665812,-0.7809669939956727,-1.1217569628106077,-5.1184839473069985,-0.10954761539542801,-9.627715396035097,-7.130755519508707
4FGL J1747.6-4211,266.9087,-42.1929,bcu,7.4937057,2.5181732,2.4455097,0.1821254,4.044277e-12,44.790405,8.696992e-12,4.61138e-09,1.6171474e-09,2.7683897e-10,6.66381e-11,9.471502e-13,7.3807133e-13,3.0966963e-15,,-11.393159105357428,-11.060630928915165,-8.336169088340652,-8.791250393146498,-9.557772775237543,-10.17627739405829,-12.023581140108696,-12.131901658406031,-14.509099982353206,2.724461840574513,-0.4550813048058462,-0.7665223820910452,-0.6185046188207473,-1.8473037460504056,-0.1083205182973348,-2.377198323947175,-3.448469053438041,-4.951327207115662
4FGL J1748.5-0854,267.1366,-8.9017,bcu,6.556986,1.8818351,1.8769268,-0.0027491136,2.6257093e-12,11.258642,1.7054749e-08,4.145998e-12,6.0895566e-10,1.0316154e-10,5.4851262e-11,1.24069826e-11,1.5718399e-11,1.0269294e-12,,-11.580753355950625,-7.768154667855105,-11.38237091069518,-9.215414328572436,-9.986482183276511,-10.260813375788924,-10.90633382649188,-10.803591690900374,-11.988459408302539,-3.614216242840075,2.1669565821227437,-0.771067854704075,-0.2743311925124132,-0.6455204507029553,0.10274213559150525,-1.184867717402165,-4.2203047404474345,-2.001977225026028
4FGL J1749.0-2327,267.2518,-23.4554,bcu,7.933901,2.753057,2.9208324,0.32103166,1.2654323e-11,16.385805,5.632957e-10,2.0978973e-08,5.869938e-09,6.770854e-10,5.327727e-11,2.5991034e-12,1.1121694e-12,1.1267208e-16,,-10.897761084080269,-9.249263563994646,-7.678215775977808,-8.231366485872613,-9.169356550791933,-10.273458037027853,-11.585176440968805,-11.95382905427881,-15.948145144964707,1.5710477880168376,-0.5531507098948047,-0.9379900649193207,-1.104101486235919,-1.3117184039409526,-0.36865261331000454,-3.9943160906858974,-6.6988815809700615,-6.778788594172774
4FGL J1750.2+4704,267.551,47.0777,bll,2.6345878,1.7398477,1.7382671,0.042041983,4.976396e-13,9.54794,5.643393e-12,1.0763026e-12,1.7124302e-12,1.2158533e-11,1.547848e-11,1.290691e-13,3.0892305e-12,1.3576788e-12,,-12.303085058944667,-11.248459704092712,-11.96806560657265,-11.766387119122843,-10.915118821781665,-10.810271689368928,-12.889177684625608,-11.510149684613411,-11.86720296020518,-0.7196059024799375,0.2016784874498061,0.8512682973411785,0.10484713241273624,-2.0789059952566795,1.3790280000121964,-0.3570532755917686,-0.6187432561124684,-0.9520841384235155
4FGL J1751.6-1750,267.9064,-17.838,bcu,6.7731705,2.1775994,2.1751986,0.014261011,4.950718e-12,13.008594,4.855052e-10,7.683947e-10,1.3845383e-09,2.8849692e-10,7.988748e-11,2.0737143e-11,8.514079e-12,2.471284e-12,,-11.305331810123516,-9.313806114214154,-9.11441563933917,-8.85869502601235,-9.539858819006696,-10.097521278115556,-10.683251077284476,-11.06986232392071,-11.60707734084319,0.19939047487498485,0.25572061332681884,-0.6811637929943455,-0.5576624591088599,-0.5857297991689201,-0.3866112466362335,-0.537215016922481,-2.2932712266290363,-2.0672185218364945
4FGL J1752.1+4531,268.0298,45.5316,bcu,4.1566772,2.4048686,2.3702366,0.07841167,1.037709e-12,18.52632,5.3566197e-12,6.12133e-10,4.6160406e-10,3.4861967e-11,2.2948098e-11,1.7397137e-13,1.3602823e-13,5.818708e-16,,-11.983924412449465,-11.271109185008703,-9.21315420711096,-9.335730380025234,-10.457648112421422,-10.63925330393901,-12.759522191547308,-12.86637092101946,-15.23516597274579,2.057954977897742,-0.12257617291427358,-1.121917732396188,-0.18160519151758692,-2.120268887608299,-0.1068487294721514,-2.3687950517263303,-3.9640567877370874,-4.777517860324368
4FGL J1752.6-1010,268.1596,-10.1763,bcu,5.672071,2.5144155,2.5256677,0.104360044,6.019898e-12,13.261765,3.299875e-08,7.586434e-09,2.0310396e-09,3.8105824e-10,3.448142e-11,9.444138e-12,2.0023638e-12,8.4158723e-23,,-11.220410866561016,-7.481502510982109,-8.119962316073241,-8.692281608895456,-9.419008642744364,-10.46241485741204,-11.024837675072398,-11.698457012610447,-19.996360327218067,-0.6384598050911325,-0.5723192928222147,-0.726727033848908,-1.0434062146676766,-0.562422817660357,-0.6736193375380495,-8.29790331460762,-12.514857816235958,-10.577351684473703
4FGL J1753.3-3325,268.3497,-33.4169,bcu,12.356327,2.4642003,2.364252,0.4652684,7.356352e-12,4.086544,6.319422e-11,4.5764694e-13,2.545053e-09,1.0365967e-09,1.5502692e-10,2.4505894e-12,3.028365e-12,6.6831713e-17,,-11.133337497440639,-10.199322642169452,-12.339469427659136,-8.594303169173111,-8.984390178064237,-9.809592881206076,-11.610729447584628,-11.518791780336064,-16.17495242866323,-2.1401467854896836,3.745166258486025,-0.39008700889112546,-0.825202703141839,-1.8011365663785526,0.09193766724856367,-4.656160648327164,-5.975629786493776,-7.190562250598992
4FGL J1753.4-5913,268.3596,-59.2257,bcu,5.3665442,1.9715079,1.77307,0.15089822,1.3310166e-12,7.4647927,2.9390284e-12,2.3627806e-11,5.5102332e-14,7.720075e-11,3.3383407e-11,9.401197e-12,4.775853e-12,2.8039824e-16,,-11.875816524851144,-11.531796215816943,-10.626576603462318,-13.258829942054545,-10.11237848044636,-10.476469342607757,-11.026816846215084,-11.320949048279077,-15.552209228458764,0.9052196123546246,-2.6322533385922267,3.1464514616081853,-0.3640908621613974,-0.5503475036073269,-0.2941322020639934,-4.231260180179687,-4.020413012641821,-5.439830748012405
4FGL J1758.2+6532,269.5598,65.5393,bcu,7.227444,2.4131405,2.2947936,0.18082274,1.841408e-12,14.239397,2.5546898e-08,1.5350763e-09,5.978282e-10,1.2314591e-10,3.0152474e-11,4.7911158000000003e-17,4.287334e-18,1.6125466e-12,,-11.734849972028872,-7.592661825989743,-8.813870033313973,-9.223423602813172,-9.90958000761363,-10.520677048206725,-16.319472695899762,-17.36680089050511,-11.792487723406959,-1.2212082073242305,-0.40955356949919874,-0.6861564048004585,-0.6110970405930942,-5.798795647693037,-1.047328194605349,5.574313167098152,-4.199825897417216,-1.882907715793328
4FGL J1758.3-3028,269.5981,-30.4684,bcu,12.438481,2.3145037,2.2266743,0.14665213,8.913392e-12,15.02488,8.1497653e-10,3.6358025e-10,2.262208e-09,8.38212e-10,2.2455528e-10,3.14703e-11,9.140724e-12,1.06344896e-17,,-11.049956992833113,-9.088854898050103,-9.439399716056874,-8.645467466119856,-9.076646126011337,-9.648676728834406,-10.502099116887655,-11.039019403708748,-16.97287515801315,-0.35054481800677095,0.7939322499370185,-0.4311786598914811,-0.5720306028230695,-0.8534223880532483,-0.5369202868210934,-5.9338557543044015,-7.884020259963046,-7.896229032001813
4FGL J1758.7-1621,269.685,-16.3556,bcu,8.467657,2.5865302,2.5496638,0.32605422,6.796203e-12,35.44951,6.3933615e-11,4.699173e-13,2.8994742e-09,7.1357187e-10,9.543931e-11,5.677598e-14,1.6674278000000002e-16,2.295842e-16,,-11.16773365675915,-10.19427073848013,-12.327978556894436,-8.537680751321057,-9.1465622787836,-10.02027270911069,-13.245835284271793,-15.777926917060014,-15.639039087266273,-2.1337078184143063,3.7902978055733794,-0.6088815274625432,-0.8737104303270904,-3.225562575161103,-2.5320916327882212,0.1388878297937417,-5.444768348786143,-6.492476808482673
4FGL J1759.1-3849,269.7931,-38.8217,bcu,14.366592,2.3028321,2.028413,0.4141075,4.7733705e-12,22.305801,1.2926583e-10,3.648495e-09,1.1305623e-09,5.4595967e-10,2.3079502e-10,2.2361553e-12,2.706465e-16,5.919987e-14,,-11.321174854298459,-9.888516260883753,-8.437886244579069,-8.94670550071794,-9.262839437403349,-9.636773566424065,-11.650498036235712,-15.567581538570204,-13.227679173604624,1.4506300163046841,-0.5088192561388709,-0.316133936685409,-0.3739341290207161,-2.013724469811647,-3.917083502334492,2.33990236496558,-3.3391629127208713,-3.9648397362012755
4FGL J1801.5+2123,270.3972,21.3971,bcu,4.028306,2.4254878,2.4400396,-0.043945123,1.6334386e-12,8.539379,1.0631978e-08,4.008005e-09,6.2382055e-10,7.195965e-11,2.0130734e-11,2.1015505e-12,1.9433663e-12,5.2132982e-17,,-11.786897183098093,-7.973385930718837,-8.397071745355532,-9.204940322735425,-10.142910957598517,-10.696140389508715,-11.677460167423634,-11.711445330425732,-16.282804135631967,-0.42368581463669575,-0.8078685773798924,-0.9379706348630918,-0.5532294319101982,-0.9813197779149192,-0.03398516300209842,-4.571358805206234,-8.309418204913129,-6.13989317803345
4FGL J1801.8+2951,270.4549,29.8532,bcu,4.909278,1.8347983,1.704573,0.24933659,9.945562e-13,14.58114,2.1278067e-14,1.648029e-09,4.4506272e-14,7.988545e-11,1.989512e-11,1.0726251e-11,1.756279e-12,7.520790700000002e-16,,-12.002370666533544,-13.672067623840602,-8.783035150385562,-13.351578684628445,-10.097532314000022,-10.701253436787832,-10.969552044126413,-11.755406489068928,-15.123730722814182,4.889032473455041,-4.568543534242883,3.254046370628423,-0.6037211227878103,-0.2682986073385809,-0.7858544449425153,-3.3683242337452537,-1.4516630989735795,-5.02619840881416
4FGL J1802.6-3940,270.6711,-39.6687,fsrq,58.34715,2.3889592,2.3272378,0.09956278,3.994787e-11,3046.668,6.4061865e-08,5.057782e-08,1.5414667e-08,2.9097282e-09,6.1852606e-10,7.6970125e-11,2.712134e-12,4.5932956e-17,,-10.398506371983641,-7.193400422097064,-7.296039893504258,-7.812065852813582,-8.536147576907162,-9.208641997764664,-10.113677808086369,-11.566688855230625,-16.337781065449477,-0.1026394714071932,-0.5160259593093244,-0.7240817240935797,-0.6724944208575021,-0.9050358103217047,-1.4530110471442566,-4.7710922102188515,-9.144380643352413,-7.801633488542315
4FGL J1803.5+2756,270.8796,27.9403,bcu,6.6276736,2.2385054,2.1790252,0.080465235,1.9955485e-12,19.285128,9.2553236e-11,2.7663363e-09,4.7234144e-10,9.9010036e-11,4.8022617e-11,9.241582e-12,1.3812294e-17,1.2000697e-12,,-11.699937710441096,-10.033608392073504,-8.558095024385604,-9.32574395072189,-10.004320781535228,-10.31855417659817,-11.03425367819512,-16.859419873831254,-11.920793525794863,1.475513367687899,-0.7676489263362853,-0.6785768308133378,-0.3142333950629421,-0.7156995015969496,-5.825166195636134,4.93862634803639,-1.8871851337213599,-1.9164727442596359
4FGL J1803.9+0342,270.9939,3.7053,fsrq,4.58737,2.196376,2.0896955,0.20558615,1.9753264e-12,53.77227,2.7939211e-12,6.871183e-12,4.4421845e-11,1.6835056e-10,4.0019675e-11,9.471474e-12,1.0757565e-12,3.1077186000000006e-21,,-11.704361129734286,-11.553785860918824,-11.16296848412178,-10.352403407493494,-9.77378543461389,-10.397726442484833,-11.023582428114544,-11.968286017080384,-19.88247289073939,0.39081737679704354,0.8105650766282864,0.5786179728796039,-0.6239410078709433,-0.6258559856297108,-0.9447035889658402,-7.9141868736590055,-8.328687029820566,-10.1086874561255
4FGL J1804.4+5249,271.1186,52.8323,bcu,5.137108,1.8823683,1.8420885,0.029378505,8.2101497e-13,11.506158,1.8574342e-08,2.2007618e-09,1.294793e-10,3.5796647e-11,1.8600463e-11,7.659485e-12,9.672557e-13,1.1950614e-12,,-12.085648918797748,-7.731086562268671,-8.65742696087212,-9.88779965714262,-10.446157650821252,-10.730476245019432,-11.115800429431879,-12.01445869782882,-11.922609777277447,-0.9263403986034495,-1.2303726962705,-0.5583579936786318,-0.2843185941981794,-0.38532418441244687,-0.8986582683969413,0.09184892055137261,-4.191523215008776,-1.476452126456195
4FGL J1806.2+6143,271.5673,61.726,bcu,6.4051924,2.976851,2.9573245,0.06358709,2.2936056e-12,24.28958,1.5547678e-09,6.847266e-09,7.0311135e-10,7.022008e-11,5.290625e-12,1.4098495e-12,3.6748734e-16,3.856268e-21,,-11.639481257806137,-8.808334462395534,-8.164482800496547,-9.152975891387747,-10.153538680027578,-11.276493019390095,-11.850827242284067,-15.434745800055984,-19.858353725370353,0.6438516618989869,-0.9884930908912004,-1.0005627886398312,-1.1229543393625168,-0.5743342228939721,-3.5839185577719164,-4.42360792531437,-11.05001926297482,-9.704815045342775
4FGL J1809.6-2443,272.4027,-24.7248,bcu,5.362606,1.7769885,1.6668705,0.15720148,2.625666e-12,9.999611,1.6876732e-09,1.9890303e-09,8.696081e-10,9.341026e-12,5.0915775e-11,2.5385598e-11,1.0601154e-11,4.418193e-12,,-11.58076051786533,-8.772711646082891,-8.701358600974652,-9.06067642364432,-11.029605418629773,-10.29314764127075,-10.595412601438653,-10.974646856160176,-11.354755315773998,0.07135304510823914,-0.3593178226696683,-1.9689289949854523,0.7364577773590231,-0.3022649601679035,-0.3792342547215224,-0.38010845961382245,-2.5820436696911067,-0.32514989714422526
4FGL J1810.0-4550,272.5231,-45.8391,bcu,4.397953,2.687002,2.6824589,-0.0119233625,3.3720654e-12,17.971388,3.1026932e-09,1.3792425e-08,1.2737641e-09,1.1656719e-10,2.7859161e-11,2.0723132e-12,2.3606165e-12,6.203804300000002e-16,,-11.472104009691856,-8.508261166127104,-7.860359368955893,-8.894910995509447,-9.933423672585326,-10.55503196667063,-11.68354460457608,-11.626974559773554,-15.207334910133493,0.6479017971712109,-1.0345516265535535,-1.0385126770758788,-0.6216082940853038,-1.12851263790545,0.05657004480252503,-3.580360350359939,-6.699073744006389,-5.273911237548168
4FGL J1811.2-2759,272.8079,-27.9956,bcu,7.1506886,1.9570401,1.9265921,0.056625955,3.281921e-12,16.268688,4.446852e-12,9.966039e-11,6.2108846e-10,1.6404574e-10,7.675666e-11,2.209338e-11,9.306813e-12,2.3835382e-12,,-11.483871875852685,-11.351947323510325,-10.001477417597838,-9.206846539987323,-9.78503504302357,-10.114883931419442,-10.655737837437782,-11.031199011728162,-11.622777881597589,1.3504699059124867,0.7946308776105155,-0.5781885030362464,-0.32984888839587256,-0.5408539060183397,-0.37546117429038084,-0.5915788698694264,-0.27083055808726364,-1.8377428385740195
4FGL J1814.2+4114,273.5578,41.2358,fsrq,4.465415,2.6666894,2.636668,0.07091628,1.657742e-12,14.344097,1.271313e-08,2.9201412e-09,6.761429e-10,6.3318704e-11,1.36252684e-11,2.08547e-12,2.7458517e-15,1.0602112e-20,,-11.780483056627398,-7.895747512043747,-8.53459614824248,-9.169961508012195,-10.198467982739967,-10.865654933613984,-11.68079605112391,-14.561321340529492,-19.686088256187652,-0.6388486361987331,-0.6353653597697146,-1.028506474727772,-0.6671869508740169,-0.8151411175099259,-2.8805252894055826,-5.12476691565816,-11.790340744143904,-9.487620273447686
4FGL J1815.2-2715,273.8131,-27.2574,bcu,8.530437,2.3799074,2.4178882,0.17630054,5.3899858e-12,15.244358,2.5703025e-11,9.156714e-12,1.783148e-09,4.7676274e-10,1.2259266e-10,2.04075e-11,1.4357392e-12,3.4538205e-18,,-11.268412378161464,-10.590015761188557,-11.038260349842755,-8.748812609196952,-9.321697692949776,-9.911535531551547,-10.690210194615732,-11.842924438884559,-17.46044462181617,-0.44824458865419814,2.2894477406458034,-0.5728850837528245,-0.5898378386017704,-0.7786746630641854,-1.152714244268827,-5.61752018293161,-6.870428860627612,-8.138746928866393
4FGL J1816.7+0951,274.1885,9.8562,bcu,5.123679,2.34203,2.2933638,0.09546134,2.6041927e-12,11.291736,1.9917065e-08,3.3906864e-14,7.358266e-10,1.6947937e-10,4.2439052e-11,7.9274165e-12,1.3630663e-12,1.6130256e-18,,-11.584326881166481,-7.7007746592964885,-13.469712247589351,-9.133224516547358,-9.77088315903079,-10.372234325793887,-11.100868323181318,-11.865483016236784,-17.789674629988276,-5.768937588292863,4.336487731041993,-0.6376586424834318,-0.6013511667630969,-0.7286339973874316,-0.7646146930554654,-5.924191613751493,-10.088899970691788,-8.018791470957487
4FGL J1817.9+2707,274.4893,27.1185,bcu,4.198398,2.717951,2.6867595,0.067607835,2.3277062e-12,14.844209,5.998947e-09,6.88598e-09,7.2863565e-10,8.556339e-11,2.450371e-11,1.3860753e-12,1.7008849e-15,1.0291357999999999e-16,,-11.633071834772764,-8.221924974986178,-8.16203424301646,-9.137489583816231,-10.067712017070697,-10.610768155844074,-11.858213172445074,-14.769322521049526,-15.987485116095533,0.05989073196971795,-0.9754553407997708,-0.9302224332544657,-0.5430561387733768,-1.2474450166010005,-2.9111093486044517,-1.2181625950460067,-7.765560141109354,-5.919773099024836
4FGL J1823.6-3453,275.9109,-34.8952,bcu,44.667873,1.8039707,1.7245551,0.040843353,2.1636342e-11,52.969833,7.551314e-13,1.2343075e-09,2.3679425e-09,1.0680593e-09,5.4865745e-10,1.6191645e-10,8.9062785e-11,2.0037813e-11,,-10.664816162195688,-12.121977464699572,-8.908576632100827,-8.625628847655012,-8.971404634056368,-9.260698719305292,-9.790709026566882,-10.050303728522515,-10.698149680485383,3.2134008325987455,0.28294778444581503,-0.3457757864013562,-0.2892940852489243,-0.5300103072615894,-0.25959470195563306,-0.6478459519628679,1.4238277842141898,-1.7267450464290146
4FGL J1824.5+0107,276.125,1.1251,bcu,10.1756525,2.6407077,2.6362815,0.07340485,1.3387729e-11,45.03,7.3454254e-10,2.9562807e-08,5.4763443e-09,5.5277855e-10,1.2822016e-10,5.8516395e-12,2.6357018e-12,9.728158e-24,,-10.873293087071115,-9.13398304758425,-7.5292543318895975,-8.261509255407672,-9.257448817647305,-9.892043685482106,-11.232722436415504,-11.57910372518459,-19.999577716834732,1.6047287156946526,-0.7322549235180746,-0.9959395622396325,-0.6345948678348012,-1.3406787509333977,-0.346381288769086,-8.420473991650143,-10.865594669250482,-10.742128899187428
4FGL J1826.1-2922,276.5493,-29.3757,bcu,5.8773136,2.3601944,2.3522623,0.039962683,3.780267e-12,48.588963,2.3972133e-10,7.1390254e-09,8.500889e-10,2.5344749e-10,3.289321e-11,1.6751508e-11,1.2729243e-12,5.0143466e-16,,-11.422477523741026,-9.620293321437753,-8.14636107285797,-9.070535654562281,-9.596112005408045,-10.482893742157241,-10.775946090660447,-11.89519741938375,-15.299776989229368,1.4739322485797839,-0.9241745817043121,-0.525576350845764,-0.8867817367491959,-0.29305234850320616,-1.119251328723303,-3.404579569845618,-5.679483667791615,-5.703664983821323
4FGL J1827.4+3424,276.8623,34.4065,fsrq,4.08951,2.774319,2.7281282,0.2517029,1.9363398e-12,17.52689,5.6673515e-09,4.3860955e-09,6.69812e-10,9.6784435e-11,6.8555067e-16,1.933448e-12,1.8873188e-16,1.92378e-16,,-11.713018425613434,-8.246619850746422,-8.357921916508054,-9.17404707612813,-10.014194480840342,-15.163954105454636,-11.713667501518861,-15.724131723391752,-15.715822020116873,-0.11130206576163282,-0.8161251596200749,-0.8401474047122122,-5.149759624614294,3.4502866039357745,-4.0104642218728905,0.008309703274878899,-7.469202169370451,-5.701627539276531
4FGL J1828.5-5920,277.1422,-59.3495,bcu,4.576826,1.8059084,1.6390939,0.31126034,7.1139394e-13,9.6339855,3.059352e-10,1.6621896e-15,2.7527261e-14,1.03460174e-11,1.7622598e-11,1.3205148e-11,1.2994416e-12,1.362784e-16,,-12.147889832561523,-9.514370551486639,-14.779316826536432,-13.560236841581165,-10.985226795107241,-10.753930065377265,-10.879256726636836,-11.88624323061047,-15.865541106970737,-5.264946275049793,1.2190799849552665,2.575010046473924,0.2312967297299764,-0.12532666125957093,-1.0069865039736339,-3.979297876360267,-6.351170555484098,-4.880314311863495
4FGL J1829.0-2417,277.2585,-24.2906,bll,12.895326,2.0506613,2.0465682,0.006211972,7.0296945e-12,20.794975,5.5002216e-09,2.7193474e-09,1.2202794e-09,4.1859358e-10,1.6376703e-10,2.9994333e-11,1.1792009e-11,5.0614773e-12,,-11.153063547740349,-8.259619812737975,-8.565535307208462,-8.913540720153065,-9.378207436741747,-9.785773527032044,-10.522960791112663,-10.928412197650578,-11.295722705701543,-0.3059154944704865,-0.3480054129446035,-0.4646667165886811,-0.4075660902902971,-0.7371872640806192,-0.40545140653791556,-0.36731050805096466,-3.0361028929635676,-1.9175152689597965
4FGL J1830.0+3958,277.5034,39.9679,bcu,6.414437,2.7699428,2.6409512,0.1912085,3.3397588e-12,62.750603,2.0098964e-08,8.374837e-09,1.6735335e-09,1.4761442e-10,6.842447e-12,8.266546e-13,1.9346675e-15,3.6098134e-15,,-11.47628489584362,-7.696826327687695,-8.077023636910234,-8.776365589715605,-9.830871215515158,-11.16478855721396,-12.08267590798456,-14.71339141909126,-14.442514044155713,-0.38019730922253814,-0.699341952805371,-1.0545056257995533,-1.3339173416988022,-0.9178873507706005,-2.6307155111066987,0.2708773749355462,-6.745687716468018,-4.611642828640555
4FGL J1830.1+0617,277.5363,6.2878,fsrq,11.444273,2.400445,2.3568225,0.07798106,8.627993e-12,245.86787,7.091504e-12,1.4471702e-08,2.1838498e-09,5.110669e-10,1.3501267e-10,1.2458547e-11,3.8583668e-12,1.0241286e-12,,-11.064090215414609,-11.14926164719024,-7.839480389009199,-8.660777234680673,-9.291522245846782,-9.869625474044001,-10.904532604734218,-11.413596486908238,-11.989645501264425,3.309781258181041,-0.8212968456714735,-0.630745011166109,-0.5781032281972198,-1.0349071306902164,-0.5090638821740203,-0.5760490143561867,-0.8403838540741848,-2.6981232554176433
4FGL J1830.7-2713,277.6924,-27.2281,bcu,13.505876,2.22829,2.155737,0.08596688,8.154326e-12,10.873187,4.618438e-13,4.7464312e-09,1.9198754e-09,5.297988e-10,1.5465168e-10,3.229362e-11,4.3343155e-12,8.183677e-16,,-11.088611929440921,-12.335504872763993,-8.323632809886421,-8.716726956111051,-9.275889029711164,-9.810645357813343,-10.490883269252034,-11.363079478049743,-15.087046213238828,4.011872062877572,-0.39309414622463024,-0.5591620736001133,-0.5347563281021781,-0.6802379114386916,-0.8721962087977086,-3.7239667351890855,-2.7515413404748355,-5.811157183527664
4FGL J1833.6-2103,278.4101,-21.0574,FSRQ,203.58696,2.5047958,2.4187708,0.119409755,3.473976e-10,37330.152,8.422745e-07,5.2650057e-07,1.4340317e-07,2.3605311e-08,3.728987e-09,3.0134129e-10,3.1636326e-12,8.135407999999999e-20,,-9.459173186194084,-6.074546347446802,-6.278601154302379,-6.843441248261696,-7.626990273364543,-8.428409130672955,-9.520941356893138,-11.499813956499857,-19.039272051683994,-0.2040548068555772,-0.564840093959317,-0.7835490251028467,-0.8014188573084127,-1.0925322262201824,-1.978872599606719,-7.539458095184138,-12.964725704237193,-11.412281778319452
4FGL J1834.7-5858,278.6874,-58.9818,bll,7.96847,2.466625,2.4212108,0.13175924,3.1871424e-12,27.89818,4.989928e-12,2.1705482e-12,1.1765481e-09,2.0419326e-10,4.306981e-11,1.8427584e-12,1.3864836000000002e-16,3.9198753e-18,,-11.496598530660128,-11.301905719924763,-11.66343056361268,-8.92939031316122,-9.689958597159853,-10.365827043997571,-11.734531598086022,-15.858053940782007,-17.405621230128673,-0.36152484368791704,2.7340402504514607,-0.7605682839986336,-0.6758684468377183,-1.3687045540884508,-4.123522342695985,-1.5475672893466665,-6.1037155102039105,-7.7156626329688205
4FGL J1835.5+1349,278.8835,13.8176,bll,7.7688546,2.2511435,2.049448,0.17933041,3.6847318e-12,18.516857,2.4471525e-08,1.7095005e-09,8.140382e-10,2.154587e-10,8.674282e-11,1.30363975e-11,6.440106e-16,6.862968e-18,,-11.43359411640078,-7.611338965733929,-8.767130767841033,-9.08935521468784,-9.666635964838314,-10.061766463039529,-10.884842405358825,-15.191100240833912,-17.162855678127283,-1.155791802107104,-0.32222444684680696,-0.5772807501504733,-0.3951304982012154,-0.8230759423192957,-4.306257835475087,-1.9717554372933712,-9.551516712393354,-7.496219713288969
4FGL J1835.7-0541,278.9307,-5.6984,bcu,4.235305,2.318945,2.3298597,0.017113509,8.597677e-12,10.62673,2.607943e-08,7.713445e-11,6.549508e-09,8.3153706e-10,5.0421046e-11,2.6906359e-11,6.0263175e-12,2.8147246e-12,,-11.0656188741073,-7.583701904909272,-10.112751612770259,-8.18379132304732,-9.080118390342024,-10.297388148908306,-10.570145067336567,-11.219947990284917,-11.550564089696461,-2.5290497078609864,1.928960289722939,-0.8963270672947043,-1.2172697585662817,-0.2727569184282608,-0.64980292294835,-0.3306160994115448,-3.966862184787189,-2.4704456993544373
4FGL J1837.3+1052,279.3296,10.8785,bcu,7.000172,2.4749079,2.470335,0.020711517,4.6934193e-12,40.701103,9.441867e-10,9.050906e-09,2.2574653e-09,1.6180891e-10,7.064381e-11,1.10682965e-11,2.6399743e-16,1.3933808e-15,,-11.32851064419271,-9.024942121414771,-8.043307945533915,-8.646378916598067,-9.79099756763329,-10.15092588613352,-10.955919215005249,-15.578383850544586,-14.855927061264076,0.9816341758808562,-0.6030709710641524,-1.1446186510352234,-0.3599283185002289,-0.8049933288717295,-4.6224646355393375,0.7224567892805105,-5.830984939849305,-5.064929493630785
4FGL J1837.4-1646,279.351,-16.7732,bcu,7.520334,2.7913904,2.6472597,0.31182486,7.199879e-12,13.806188,9.300163e-12,1.0474386e-08,3.554914e-09,5.018039e-10,3.5038923e-11,1.6703692e-15,4.0930852000000003e-17,2.9666895e-15,,-11.142674801586907,-11.031509439217778,-7.979871425604912,-8.44917090119944,-9.299465967680156,-10.455449251191236,-14.777184926592982,-16.38784312368992,-14.527726441583766,3.051638013612866,-0.4692994755945268,-0.850295066480717,-1.1559832835110804,-4.3217356754017455,-1.610658197096937,1.8601166821061526,-3.496217002365988,-5.22826047390361
4FGL J1838.5+5733,279.6498,57.5551,bll,6.568826,2.1443272,2.0913575,0.074934356,1.462022e-12,21.118351,5.176695e-13,4.7087854e-09,5.551551e-11,1.1890422e-10,2.499412e-11,9.3729885e-12,2.0754e-12,7.5460064e-18,,-11.83504608924574,-12.285947413593965,-8.32709110180939,-10.255585666053452,-9.924802731634179,-10.602162149230608,-11.028121915358954,-11.682898185509412,-17.121707682899025,3.958856311784574,-1.9284945642440618,0.33078293441927364,-0.6773594175964295,-0.4259597661283454,-0.6547762701504585,-5.438809497389613,-4.8357602693050605,-7.196904951264846
4FGL J1839.6-7107,279.9142,-71.1243,fsrq,9.787242,2.8670664,2.8169434,0.15978956,4.4239343e-12,70.636536,1.4302241e-08,1.1698293e-08,1.6609089e-09,1.5016055e-10,1.27687045e-11,5.527118e-13,5.9265423e-19,3.881446e-15,,-11.354191330396016,-7.844595908151348,-7.93187750532746,-8.779654187721981,-9.823444149644365,-10.893853163245497,-12.257501255586428,-18.219931790800622,-14.411005332614183,-0.08728159717611206,-0.847776682394521,-1.0437899619223838,-1.0704090136011324,-1.3636480923409309,-5.962430535214194,3.8089264581864395,-6.566409424462835,-4.587561182969818
4FGL J1840.3-3037,280.0891,-30.6171,bcu,5.1593633,2.4897702,2.4716713,0.2659734,2.2876744e-12,9.138118,9.26023e-14,2.3324778e-09,1.2494153e-09,1.9635153e-10,3.7708107e-11,3.0767817e-15,2.3851815e-16,1.5126823e-16,,-11.640605785824075,-13.033378179541174,-8.6321824810773,-8.903293180101834,-9.706965710271783,-10.423565269125712,-14.511901904663402,-15.622460360153239,-15.82022356550708,4.401195698463875,-0.27111069902453444,-0.8036725301699494,-0.7165995588539289,-4.08833663553769,-1.1105584554898371,-0.19776320535384073,-2.786845385965906,-6.113257855235297
4FGL J1840.5+3707,280.1475,37.1172,bcu,5.5603046,2.963359,2.8248374,0.42877924,2.3846747e-12,19.79906,5.7029118e-11,6.2089245e-09,1.1307275e-09,7.006661e-11,9.390781e-18,1.3271971000000002e-16,2.8318304e-15,3.5732784e-15,,-11.622570854060728,-10.243903344991294,-8.206983621105604,-8.946642045385024,-10.15448889420281,-17.026836064495985,-15.877031854491488,-14.54793122674233,-14.446931930488306,2.03691972388569,-0.7396584242794209,-1.2078468488177858,-6.872347170293175,1.149804210004497,1.329100627749158,0.10099929625402382,-4.203028585497012,-4.292443036285496
4FGL J1842.4+7613,280.6115,76.2171,bcu,5.3669977,2.5871964,2.5801768,0.0074278675,1.6690972e-12,29.149439,1.3433685e-09,2.505812e-09,6.0301975e-10,6.838658e-11,2.270192e-11,2.9434905e-12,4.7173634e-17,1.1383834e-15,,-11.777518368810773,-8.87180483947653,-8.601051515313536,-9.219668463680915,-10.165029114645735,-10.6439374108912,-11.531137360042496,-16.32620861356976,-14.943707630801399,0.27075332416299425,-0.6186169483673787,-0.9453606509648207,-0.47890829624546427,-0.887199949151297,-4.795071253527265,1.382500982768363,-6.071902791324868,-4.778678516155663
4FGL J1843.8-2011,280.9592,-20.1961,bcu,9.599654,2.420378,2.1205614,0.43009803,3.551437e-12,19.52567,6.3143497e-12,3.4141415e-14,8.6329877e-10,5.1711957e-10,1.1298344e-10,1.3226082e-13,2.4681749000000004e-16,1.3296388e-15,,-11.449595883780049,-11.199671369083418,-13.466718356193713,-9.06383887785202,-9.286409026361502,-9.946985206421989,-12.878568756217785,-15.607606473121562,-14.87626305404297,-2.2670469871102945,4.402879478341694,-0.2225701485094831,-0.6605761800604864,-2.9315835497957963,-2.729037716903777,0.7313434190785912,-3.6765916849595524,-5.5898540276814686
4FGL J1844.4+1547,281.1174,15.7888,bll,39.84988,2.0663114,1.9558474,0.09885617,1.9646756e-11,99.017365,3.3585693e-12,1.1468686e-08,4.0644723e-09,1.5232615e-09,5.733771e-10,1.2880651e-10,2.6380705e-11,3.4321096e-12,,-10.70670914825351,-11.473845684840368,-7.94048633760308,-8.390995831883055,-8.817225534442928,-9.241559656241108,-9.8900621867435,-10.578713602350632,-11.464438850701534,3.5333593472372886,-0.45050949427997544,-0.4262297025598727,-0.4243341217981804,-0.648502530502391,-0.6886514156071328,-0.8857252483509015,0.009406834138834697,-2.647213316258606
4FGL J1845.0+1613,281.2623,16.2186,bcu,13.515158,2.2953641,2.2853544,0.025867559,8.6443665e-12,74.11014,6.030878e-11,5.597232e-09,3.0072118e-09,5.334384e-10,1.3158985e-10,3.0782828e-11,7.2282414e-12,7.905523e-18,,-11.063266827872074,-10.219619456809829,-8.25202669162177,-8.521835983161106,-9.272915724468822,-9.88077760809782,-10.511691484156284,-11.140967351230078,-17.1015203848433,1.9675927651880585,-0.2698092915393353,-0.7510797413077164,-0.6078618836289973,-0.6309138760584645,-0.6292758670737939,-5.960553033613223,-6.881900928033472,-7.828604660374479
4FGL J1849.2-1647,282.3148,-16.7835,bll,13.701247,1.7664992,1.7655085,-0.0002031847,4.9985246e-12,5.838021,1.5451704e-11,5.948386e-11,9.11818e-10,2.0453499e-10,8.5126656e-11,4.3084324e-11,2.346689e-11,1.032978e-11,,-11.301158165322066,-10.811023619712753,-10.225600857119648,-9.040091838732152,-9.689232386099691,-10.069934426456433,-10.365680716714692,-10.629544462211825,-10.985908927411687,0.5854227625931046,1.1855090183874957,-0.6491405473675389,-0.3807020403567414,-0.2957462902582595,-0.2638637454971331,-0.35636446519986187,-0.1748853076989345,-1.2966765413119958
4FGL J1850.1-0758,282.5394,-7.9701,bcu,10.0557785,2.1714327,2.179693,-0.012688978,6.91064e-12,14.135084,2.1277762e-09,1.956695e-08,1.9220041e-09,4.0547288e-10,1.00792694e-10,3.7264e-11,1.12671044e-11,3.5788141e-12,,-11.160481729769065,-8.672074053168357,-7.708476864755695,-8.716245690231563,-9.392038188199766,-9.9965709467212,-10.42871052869285,-10.948187681144278,-11.446260859055611,0.9635971884126624,-1.0077688254758685,-0.6757924979682031,-0.6045327585214331,-0.4321395819716507,-0.5194771524514277,-0.49807317791133343,-2.774186805887254,-2.054222670855845
4FGL J1851.5+3406,282.8762,34.1049,bcu,6.8195353,2.339126,2.2837,0.12241568,2.2265044e-12,26.209272,1.0079787e-09,1.9881992e-11,5.4605703e-10,1.9048356e-10,2.3195454e-11,9.003037e-12,6.109611e-16,6.610296e-16,,-11.652376440332098,-8.996548645039162,-10.701540105068958,-9.262761997358945,-9.720142500854696,-10.634597122515428,-11.045610964538842,-15.21397933215903,-15.179772523046369,-1.7049914600297953,1.4387781077100126,-0.45738050349575055,-0.9144546216607328,-0.4110138420234133,-4.168368367620188,0.03420680911266061,-6.183223878007206,-5.459630022191673
4FGL J1855.4+7350,283.8528,73.8402,fsrq,10.511966,2.7451415,2.6708698,0.17031099,4.1392146e-12,133.42322,1.3289736e-08,7.655718e-09,1.6155585e-09,2.1530235e-10,1.7878385e-11,2.3269052e-18,9.130993e-13,1.0414078e-15,,-11.38308205571509,-7.8764836462113434,-8.116014072265584,-8.791677311387257,-9.666951229856933,-10.747671714450782,-17.631358905045495,-12.039481985401643,-14.982375003599339,-0.23953042605424013,-0.6756632391216737,-0.8752739184696754,-1.080720484593849,-6.8836871905947135,5.591876919643852,-2.9428930181976956,-7.105891357387995,-5.315423773742406
4FGL J1855.8-2028,283.9749,-20.4694,bcu,7.0358095,2.208942,2.0490804,0.14386553,3.13147e-12,31.182238,5.18818e-13,6.6294437e-10,4.6301296e-10,1.5883603e-10,8.745733e-11,1.1699596e-11,1.194663e-12,1.4406679000000002e-17,,-11.504251743168766,-12.284984956435569,-9.178522913241265,-9.334406852649312,-9.799050976344347,-10.0582037853907,-10.931829134292888,-11.922754583031404,-16.841134771383825,3.1064620431943037,-0.15588393940804757,-0.4646441236950345,-0.25915280904635374,-0.8736253489021877,-0.9909254487385155,-4.918380188352421,-4.556149814948256,-7.042083795039478
4FGL J1857.8+3544,284.4562,35.7434,bcu,6.4115596,2.044943,2.045825,0.0016164598,1.4499654e-12,7.630421,9.3102476e-10,1.2390001e-09,3.8492312e-10,1.0985409e-10,1.9883819e-11,9.148342e-12,6.23006e-12,1.7865162e-16,,-11.838642358058342,-9.031038769080174,-8.906928658568416,-9.414626002672074,-9.959183769096615,-10.701500198626784,-11.03865760769895,-11.205507770052494,-15.747968732398759,0.12411011051175791,-0.5076973441036579,-0.5445577664245409,-0.7423164295301685,-0.33715740907216585,-0.1668501623535441,-4.542460962346265,-6.716929963318584,-5.7887849633021435
4FGL J1857.9+0313c,284.4784,3.2185,bcu,8.074249,2.6065927,2.8948534,0.27794507,3.2458883e-11,13.962794,3.2712137e-09,9.0193176e-08,1.0464634e-08,2.3158255e-09,2.8475095e-10,2.3993913e-11,9.118015e-12,5.409487e-16,,-10.488666429393954,-8.485291083602448,-7.044826319859954,-7.980275956484938,-8.635294168277026,-9.545534818316773,-10.619898920015862,-11.040099697201526,-15.266835890247902,1.4404647637424937,-0.935449636624984,-0.655018211792088,-0.9102406500397464,-1.0743641016990892,-0.4202007771856646,-4.226736193046376,-6.781544806645455,-6.631541721970876
4FGL J1858.1-1821,284.5268,-18.3569,bcu,4.377033,2.1800299,2.1840692,-0.0003791778,1.7511006e-12,12.067453,2.781028e-10,3.449636e-12,7.7270784e-10,7.663866e-11,2.0677219e-11,1.6436562e-11,1.472502e-12,5.8509438e-18,,-11.75668890068265,-9.555794638526093,-11.462226727300076,-9.111984681315464,-10.115552097292642,-10.684507872242854,-10.784189017466817,-11.831944103718238,-17.232032443004478,-1.9064320887739825,2.3502420459846114,-1.0035674159771784,-0.5689557749502114,-0.09968114522396299,-1.0477550862514207,-5.40008833928624,-7.676237804478385,-7.116480345711835
4FGL J1858.5+0640,284.63,6.6766,bcu,10.543343,2.3220916,2.3218837,0.008666551,1.5142604e-11,36.191586,1.8189747e-08,1.8404657e-08,8.295042e-09,8.005466e-10,1.8975757e-10,5.363647e-11,1.2711188e-11,1.1760783e-12,,-10.819799434616028,-7.740173341467782,-7.735072271908758,-8.081181410685263,-9.096613382622689,-9.721800889751357,-10.270539812207925,-10.89581385762254,-11.929563759494084,0.00510106955902323,-0.3461091387765043,-1.015431971937426,-0.6251875071286683,-0.5487389224565682,-0.6252740454146153,-1.033749901871543,-4.189390418026302,-2.832950376871395
4FGL J1859.0+2329,284.7715,23.4993,bcu,8.5320835,2.261947,2.2890534,-0.037539065,3.7856354e-12,12.137232,1.9209674e-15,7.384569e-09,1.3207409e-09,1.6411585e-10,6.054771e-11,1.8986453e-11,5.1406522e-12,9.6588484e-24,,-11.421861214738216,-14.716477744515208,-8.131674847187462,-8.87918237294771,-9.784849473550995,-10.217902277769939,-10.721556161227456,-11.288981777262542,-19.999580723997422,6.584802897327746,-0.7475075257602484,-0.905667100603285,-0.4330528042189439,-0.5036538834575168,-0.5674256160350861,-8.71059894673488,-5.283102979482214,-10.214731250446427
4FGL J1901.0+6208,285.2614,62.1436,bcu,5.9876914,2.6330483,2.6099637,0.025403766,1.8603654e-12,14.407074,1.7798176e-11,5.141161e-09,4.384314e-10,1.1900149e-10,1.558216e-11,1.5668244e-12,1.8066255e-16,1.3535718999999998e-18,,-11.730401743975499,-10.749624502712516,-8.288938795603674,-9.358098349681685,-9.92444760080016,-10.80737234028334,-11.804979671075076,-15.743107825796036,-17.86532195713564,2.4606857071088424,-1.069159554078011,-0.566349251118476,-0.8829247394831796,-0.9976073307917357,-3.9381281547209603,-2.1222141313396055,-7.115697454423126,-7.940874356335481
4FGL J1901.0-1739,285.2623,-17.6506,bcu,4.8085275,2.5324779,2.4780807,0.060213137,3.5081447e-12,21.90564,3.5999265e-10,1.0259766e-08,4.2450762e-10,1.8981759e-10,5.943507e-11,1.9674574e-12,3.1044305e-13,6.3611734e-15,,-11.454922500409118,-9.443706366156839,-7.9888625442986,-9.372114509663625,-9.721663544857556,-10.225957221391635,-11.706094660139003,-12.508018044426127,-14.196462083049505,1.4548438218582387,-1.3832519653650248,-0.349549035193931,-0.5042936765340791,-1.4801374387473683,-0.8019233842871234,-1.6884440386233788,-4.752755716892667,-4.4747985381919495
4FGL J1902.4-0629,285.6021,-6.4843,bcu,8.251523,1.866222,1.8916068,-0.0364872,3.0302442e-12,20.883446,3.3854757e-08,1.99693e-10,7.3044204e-10,1.7092598e-10,6.313975e-11,1.7012778e-11,7.874397e-12,6.4455043e-12,,-11.518522369919603,-7.470380299099861,-9.699637158515939,-9.136414239281333,-9.7671919213784,-10.199697141947958,-10.769224764817418,-11.103782692808974,-11.190743096854925,-2.229256859416078,0.5632229192346063,-0.630777682097067,-0.4325052205695581,-0.5695276228694599,-0.3345579279915558,-0.08696040404595173,-3.7203627977550644,-1.4235511754765255
4FGL J1902.8+3201,285.7152,32.0189,fsrq,21.600153,2.5534024,2.5400624,0.033591744,9.69363e-12,461.9834,4.6951715e-08,1.5967903e-08,3.471776e-09,4.710703e-10,1.0399935e-10,1.2409624e-11,3.1556715e-12,8.611852e-15,,-11.01351356060685,-7.328348539682477,-7.796752114251115,-8.459448303397005,-9.326914276250779,-9.982969375008455,-10.906241376668548,-11.500908211045406,-14.06490293810525,-0.46840357456863835,-0.6626961891458905,-0.8674659728537737,-0.6560550987576761,-0.9232720016600933,-0.5946668343768575,-2.5639947270598444,-6.736554398422774,-4.737988661854471
4FGL J1907.2+0126,286.8176,1.4449,bcu,8.2185135,2.2671301,2.259586,0.016871827,7.069939e-12,16.79504,4.628822e-09,5.9539533e-09,1.923087e-09,4.933632e-10,1.1836512e-10,1.3863673e-11,5.8006933e-12,1.7938327e-12,,-11.15058433270023,-8.334529519562787,-8.225194576076177,-8.716001067935418,-9.306833247689061,-9.926776257232277,-10.85812169348711,-11.236520095624568,-11.746218061019647,0.10933494348661021,-0.4908064918592405,-0.5908321797536438,-0.6199430095432152,-0.9313454362548335,-0.37839840213745823,-0.5096979653950786,-3.4116885414568596,-2.4393848133305855
4FGL J1907.7-1232,286.9402,-12.5382,bcu,4.65244,2.3404124,2.3383331,0.0018332815,2.9879896e-12,15.295976,3.1132437e-08,5.9174426e-13,1.1391853e-09,1.7985625e-10,2.714146e-11,1.3993219e-11,1.19752e-12,8.696262e-14,,-11.52462091700641,-7.506786882072652,-12.227865938754908,-8.943405627785284,-9.745074465837172,-10.566366794213792,-10.854082368605413,-11.921717220994838,-13.060667334409162,-4.721079056682256,3.2844603109696244,-0.8016688380518886,-0.8212923283766198,-0.2877155743916209,-1.0676348523894248,-1.1389501134143245,-5.55388045233651,-3.31559286857199
4FGL J1911.5+0311,287.8984,3.1842,bcu,7.810947,1.9695219,1.896159,0.3444219,2.6235008e-12,10.7000675,2.3193886e-08,1.1760733e-13,1.5989498e-16,1.6848169e-10,1.08648965e-10,3.215278e-11,5.0463904e-12,2.2675038e-16,,-11.581118797378172,-7.634626481764184,-12.929565572630453,-15.796138010594971,-9.773447289805691,-9.963974406412824,-10.492781470926191,-11.297019153669842,-15.644432823899427,-5.2949390908662695,-2.8665724379645177,6.02269072078928,-0.19052711660713229,-0.5288070645133676,-0.8042376827436506,-4.347413670229585,-8.009806342135242,-5.870985534093736
4FGL J1912.0+1612,288.0206,16.2021,bcu,5.4428596,2.5966003,2.584103,0.025176566,6.8614953e-12,40.626987,3.7659277e-08,2.0253351e-08,1.3545398e-09,3.631139e-10,7.031739e-11,1.0962001e-11,3.1200872e-14,2.8056696e-17,,-11.163581229174454,-7.424128022023023,-7.693503110700564,-8.868208229707387,-9.439957125964284,-10.15293725746345,-10.960110162249459,-13.505833128984156,-16.55180870932578,-0.269375088677541,-1.1747051190068225,-0.5717488962568975,-0.7129801314991653,-0.8071729047860092,-2.5457229667346972,-3.045975580341624,-9.127680687302757,-7.111851583361496
4FGL J1912.1-0803,288.0284,-8.0589,bcu,22.874544,2.3626664,2.3395028,0.04360498,1.675023e-11,136.746,6.755859e-10,1.3518042e-08,5.364281e-09,1.0117348e-09,2.6533237e-10,3.55934e-11,1.053465e-11,9.1381885e-18,,-10.775979224962185,-9.170319423061587,-7.869086208555031,-8.270488480343678,-8.99493331159305,-9.576209763741167,-10.448630524638643,-10.977379888271411,-17.038664895260478,1.3012332145065555,-0.40140227178864674,-0.7244448312493716,-0.5812764521481171,-0.8724207608974766,-0.5287493636327678,-6.061285006989067,-7.868345472198891,-8.043731583667428
4FGL J1912.2-2056,288.0509,-20.9481,fsrq,4.7151303,2.5981853,2.3558562,0.47359234,1.6489192e-12,13.80651,3.4504004e-11,9.732717e-12,6.6543365e-10,2.5148011e-10,2.240103e-11,5.703974e-14,5.4586234e-15,7.752238e-17,,-11.782800622409288,-10.462130504389094,-11.011765904055235,-9.176895241272804,-9.599496358339643,-10.649732012140168,-13.243822386624958,-14.262916071787329,-16.110516884352403,-0.5496353996661405,1.8348706627824303,-0.4226011170668382,-1.0502356538005255,-2.5940903744847894,-1.019093685162371,-1.8476008125650747,-5.648386379963309,-6.511020526012761
4FGL J1912.4+3738,288.1193,37.6495,fsrq,7.210755,2.591985,2.5688114,0.103057116,3.196989e-12,12.073207,2.3632097e-14,5.8511613e-09,1.4283486e-09,1.3242467e-10,3.3854346e-11,2.9340664e-15,1.4434918e-12,1.6900883e-17,,-11.49525885666061,-13.62649755565584,-8.232757929450605,-8.845165786548193,-9.8780311006126,-10.470385571380412,-14.532528581812972,-11.84058567585108,-16.771833715168928,5.393739626205235,-0.6124078570975886,-1.0328653140644057,-0.5923544707678126,-4.06214301043256,2.6919429059618913,-4.931248039317847,-3.1453361595130875,-6.8938026145563285
4FGL J1913.2+0512,288.308,5.2059,bcu,6.372838,2.7446537,2.8459864,0.21940784,1.0672899e-11,13.510173,6.8204015e-10,2.0714596e-08,4.6948774e-09,5.075453e-10,8.5442986e-11,3.047277e-13,8.014353e-17,2.6259803000000003e-16,,-10.971717599971946,-9.166190058753276,-7.68372353239597,-8.328375744227335,-9.294525189540101,-10.068323582588393,-12.516088052003399,-16.096077346350857,-15.580691998233704,1.4824665263573067,-0.6446522118313656,-0.9661494453127659,-0.7737983930482919,-2.447764469415006,-3.579989294347458,0.5153853481171531,-6.414501939480427,-6.2861668086936024
4FGL J1915.3+1149,288.8357,11.8178,bcu,12.388215,2.5944066,2.744183,0.31465364,2.4744162e-11,11.939968,2.2979858e-10,2.713116e-08,1.2758941e-08,2.2002213e-09,3.293716e-10,4.696697e-15,1.964787e-16,1.0602318e-12,,-10.606527249494585,-9.638652659267084,-7.566531637464591,-7.894185370829449,-8.657533635296137,-9.482313850493144,-14.328206532056958,-15.70666242070208,-11.974599169832075,2.0721210218024932,-0.32765373336485837,-0.7633482644666874,-0.8247802151970074,-4.845892681563814,-1.3784558886451226,3.732063250870006,-2.335946510564991,-3.3170655345359386
4FGL J1916.8+4201,289.2088,42.0251,bcu,5.280546,2.4445977,2.4379158,0.014071153,1.7850198e-12,11.600284,8.935278e-14,4.3070187e-09,5.8752847e-10,8.607586e-11,2.76399e-11,3.3829874e-17,1.7066369e-12,4.2716687e-16,,-11.748356959761342,-13.048891882300058,-8.365823242634074,-9.230971083832964,-10.065118629433844,-10.558463532397107,-16.470571262689948,-11.767858865971641,-15.369392270734455,4.683068639665985,-0.8651478411988904,-0.8341475456008798,-0.4933449029632637,-5.91210773029284,4.702712396718306,-3.6015334047628134,-2.3205003884343967,-5.304273641300611
4FGL J1919.2+0618,289.8136,6.3107,bcu,7.28813,2.7255447,2.9325738,0.22944169,9.736339e-12,11.462308,4.0906517e-10,1.3257408e-08,5.0812985e-09,4.7234117e-10,3.0463625000000004e-16,8.342395e-12,4.729465e-12,2.6715965000000002e-17,,-11.01160431279678,-9.388207497075612,-7.877541377992287,-8.294025291785362,-9.325744198973544,-15.516204163393216,-11.078709250284746,-11.325187983225304,-16.573066604674516,1.510666119083325,-0.4164839137930745,-1.031718907188182,-6.190459964419672,4.43749491310847,-0.24647873294055778,-5.247878621449212,-7.1848591075989034,-7.247322405700972
4FGL J1919.4-4550,289.8547,-45.844,fsrq,5.9626007,3.1283975,3.0590613,0.11021488,3.5698066e-12,21.206459,3.9784762e-08,9.2655865e-09,9.216569e-10,1.3276803e-10,4.652478e-12,1.9724634e-15,1.4234807e-16,2.8627666e-17,,-11.447355310634247,-7.40028323562707,-8.033127085178728,-9.035430721206508,-9.876906488686082,-11.332315670891065,-14.704988844803516,-15.846617908516125,-16.54306238038046,-0.6328438495516586,-1.0023036360277793,-0.8414757674795741,-1.455409182204983,-3.3726731739124514,-1.1416290637126085,-0.6964444718643339,-9.142779144753389,-6.666155891694377
4FGL J1921.7+5817,290.4473,58.2965,bcu,4.951117,1.9108994,1.8826609,0.03499849,8.296421e-13,13.907639,3.111625e-09,1.9711583e-09,6.8915223e-15,8.588814e-11,1.1378359e-11,7.1910962e-12,3.681255e-13,1.1460234e-12,,-12.081109212650235,-8.507012747877594,-8.705278496948253,-14.16168420400716,-10.0660668022202,-10.943920367491943,-11.143204900762385,-12.434004086198106,-11.940806510876499,-0.19826574907065897,-5.456405707058908,4.09561740178696,-0.8778535652717423,-0.1992845332704416,-1.2907991854357217,0.4931975753216076,-3.4337937629989046,-1.874739708656298
4FGL J1922.2+2314,290.5662,23.2477,bcu,11.20822,2.2044208,2.133003,0.09798698,6.7286953e-12,17.429075,9.066524e-12,5.375776e-09,1.6953424e-09,3.5124134e-10,1.5992849e-10,2.0213418e-11,9.123704e-12,7.8240444e-16,,-11.172069137053535,-11.042559184011628,-8.269558835933838,-8.770742576270584,-9.454394374651944,-9.796074163195694,-10.694360242775149,-11.039828812491052,-15.106563142941251,2.7730003480777903,-0.5011837403367458,-0.6836517983813604,-0.34167978854375036,-0.8982860795794547,-0.34546856971590323,-4.066734330450199,-4.064003958929623,-5.652168768289307
4FGL J1922.6-6324,290.6558,-63.4082,bcu,5.8947654,2.2110326,2.1276042,0.2512618,1.0310393e-12,45.0467,7.536389e-09,1.6300538e-12,3.6490902e-10,1.1901866e-10,2.2791357e-11,8.8559255e-12,8.162867e-16,1.3175663e-17,,-11.986724776238667,-8.122836692991495,-11.787798058786016,-9.437815401386917,-9.924384943615324,-10.642229815916172,-11.052766045102686,-15.088151959196631,-16.87989802817602,-3.6649613657945217,2.3499826573990994,-0.4865695422284073,-0.7178448723008479,-0.4105362291865138,-4.035385914093945,-1.7917460689793874,-8.757061335184524,-6.955513084560694
4FGL J1923.5+7354,290.886,73.902,fsrq,4.4616513,2.7318451,2.6771,0.14094326,1.919557e-12,6.452478,5.8857643e-09,4.537487e-09,7.280086e-10,8.709359e-11,1.5914608e-13,6.650609e-12,5.5530157e-17,4.3351315e-17,,-11.716798984999693,-8.230197133547081,-8.34318460621633,-9.137863490309453,-10.060013807400221,-12.79820402692852,-11.177138583633418,-16.255392896927546,-16.362897555607496,-0.11298747266924813,-0.7946788840931234,-0.9221503170907681,-2.738190219528299,1.6210654432951017,-5.078254313294128,-0.10750465867995018,-8.132700422060415,-6.302883748207275
4FGL J1925.0+2815,291.2683,28.2643,bcu,19.129208,1.9968646,1.9663746,0.03753262,6.6843527e-12,18.404068,8.219228e-12,4.1647024e-09,1.5696959e-09,3.6959294e-10,1.472315e-10,5.5624432e-11,9.1389145e-12,2.9094901e-12,,-11.174940641967567,-11.08516897160128,-8.380416026826502,-8.804184476087425,-9.432276333296043,-9.831999263252744,-10.254734410639006,-11.03910538526322,-11.536183114731003,2.7047529447747785,-0.4237684492609226,-0.6280918572086183,-0.39972292995670067,-0.4227351473862626,-0.7843709746242133,-0.49707772946778306,-0.4510141431297221,-2.1039067814349597
4FGL J1925.1-3358,291.2856,-33.9797,fsrq,5.2448754,2.7222137,2.6827383,0.16328463,3.1438443e-12,24.526842,3.5242493e-09,7.696328e-09,8.5598295e-10,2.09431e-10,4.9307286e-16,1.4828477e-12,1.7604718e-13,6.752031e-17,,-11.502538969306322,-8.452933377845353,-8.113716431931918,-9.067534885778826,-9.67895903356059,-15.307080093670029,-11.828903449175792,-12.754370902586036,-16.17050125663284,0.3392169459134351,-0.9538184538469086,-0.6114241477817632,-5.628121060109439,3.478176644494237,-0.9254674534102438,-3.4161303540468033,-7.717567878787486,-6.4915422230722495
4FGL J1925.7+1227,291.4312,12.4639,bcu,9.985257,2.4755073,2.4561377,0.11771088,1.12597084e-11,119.76204,3.4601463e-08,1.01490185e-08,4.408275e-09,8.965902e-10,1.8016372e-10,2.2144392e-11,6.9273493e-13,1.1620568e-16,,-10.948472856160311,-7.460905538218815,-7.993575955843433,-8.355731320857366,-9.047406012408482,-9.744332659448995,-10.654736239078785,-12.159432906969032,-15.934735272306572,-0.532670417624618,-0.3621553650139333,-0.6916746915511158,-0.6969266470405131,-0.91040357962979,-1.5046966678902471,-3.7753023653375397,-8.473829734087758,-6.88732925989809
4FGL J1926.1+2059,291.5316,20.9948,bll,4.2670956,2.6704206,2.7644215,0.0990984,7.2516745e-12,8.644712,6.372026e-10,2.527059e-08,2.148663e-09,3.474935e-10,5.384096e-11,1.073479e-12,1.3206811e-12,6.80467e-17,,-11.13956169736242,-9.195722460793549,-7.597384618358777,-8.66783169465882,-9.459053314631252,-10.268887205037265,-11.969206443011894,-11.879202033926775,-16.16712911322634,1.5983378424347716,-1.0704470763000433,-0.7912216199724309,-0.8098338904060132,-1.7003192379746288,0.0900044090851182,-4.287927079299566,-6.971406652432792,-6.70807579859509
4FGL J1930.3+0911,292.5854,9.1975,bcu,9.992687,2.8098893,3.0065687,0.27296776,1.4269526e-11,61.46948,3.5794767e-09,2.0737168e-08,6.4795405e-09,4.606606e-10,6.11239e-11,1.367825e-15,4.2883217e-17,1.1809918e-14,,-10.845590452579838,-8.44618046020243,-7.683250553923235,-8.188455791256848,-9.336618931072646,-10.213788943392014,-14.863966287785038,-16.367611380364924,-13.927752750083185,0.7629299062791954,-0.5052052373336124,-1.1481631398157983,-0.8771700123193682,-4.650177344393024,-1.5036450925798857,2.439858630281739,-5.481572289880754,-4.591133819010539
4FGL J1931.1+0937,292.784,9.6314,bll,51.743275,1.8430037,1.6547822,0.1034865,2.8787119e-11,96.95094,3.575519e-08,8.174032e-09,2.9977336e-09,1.4391871e-09,7.623822e-10,3.027064e-10,1.1090041e-10,1.2514129e-11,,-10.540801796763695,-7.446660909813388,-8.087563666428615,-8.523206964278357,-8.841882742394288,-9.117827252096486,-9.518978396817976,-9.955066848217374,-10.90259937212961,-0.640902756615227,-0.435643297849742,-0.3186757781159315,-0.27594450970219775,-0.4011511447214904,-0.43608845139939767,-0.9475325239122352,-3.4559384623162215,-2.060716629735321
4FGL J1931.2+5958,292.8234,59.9744,bcu,4.256256,1.6244189,1.5830986,0.16485667,5.9599873e-13,13.140389,1.3427505e-11,2.1268788e-12,6.9995344e-13,3.8491953e-17,1.4670248e-11,6.8488878e-12,2.7015469e-12,1.5345266e-12,,-12.224754658400075,-10.87200467691076,-11.672257255582805,-12.154930841529112,-16.41451724047563,-10.833562544066465,-11.164379947806307,-11.568387486915357,-11.814025576130195,-0.800252578672044,-0.4826735859463067,-4.259586398946517,5.580954696409163,-0.33081740373984125,-0.40400753910905074,-0.24563808921483776,-0.9420208992194343,4.600491664345434
4FGL J1931.5+5229,292.894,52.4838,bcu,5.523094,2.5155754,2.5190659,-0.0015586765,2.0481167e-12,17.086697,1.8936621e-11,3.2446317e-09,8.2248264e-10,7.320369e-11,2.0593393e-11,7.365802e-12,1.6183552e-19,5.0811086e-13,,-11.688645299129412,-10.722697512535994,-8.48883459307965,-9.084873259855105,-10.13546702672043,-10.686272092229975,-11.132779958997274,-18.76488705851686,-12.294041514142013,2.233862919456344,-0.5960386667754545,-1.050593766865326,-0.5508050655095449,-0.44650786676729837,-7.632107099519585,6.470845544374846,-1.5713440016060183,-2.158574487421582
4FGL J1933.3+0726,293.341,7.44,bll,29.679762,1.8753916,1.8321722,0.040224306,1.3094066e-11,29.45439,2.0269471e-10,9.871388e-09,1.8368425e-09,6.043906e-10,3.1880676e-10,1.0468866e-10,3.7501342e-11,1.00919065e-11,,-10.882925474036712,-9.693157585512445,-8.005621777587322,-8.735928080661536,-9.218682298792862,-9.49647247835524,-9.980100359026098,-10.425953190482705,-10.996026781378717,1.6875358079251228,-0.7303063030742134,-0.48275421813132624,-0.2777901795623787,-0.4836278806708574,-0.44585283145660703,-0.570073590896012,-1.302869195866272,-1.777344482585855
4FGL J1934.5+6139,293.6352,61.6522,fsrq,6.082778,2.2216175,2.2143884,0.05576084,1.3843547e-12,23.02696,1.7556255e-10,1.374336e-13,4.627812e-10,1.03893005e-10,1.2573725e-11,1.028136e-11,5.170517999999999e-19,5.462301e-19,,-11.858752617351636,-9.755568119743053,-12.861907045642152,-9.334624292109563,-9.983413691979148,-10.900536041993268,-10.987949433417436,-18.278146699116444,-18.254745513296022,-3.1063389258990988,3.527282753532589,-0.6487893998695853,-0.9171223500141199,-0.08741339142416749,-7.290197265699009,0.023401185820421944,-8.49917739355297,-8.271331821316874
4FGL J1942.1+4011,295.539,40.1984,bcu,13.311375,2.2374227,2.2331405,0.004572376,5.679258e-12,31.822695,5.86846e-09,8.079144e-09,1.6047241e-09,2.874409e-10,1.3147043e-10,1.0285126e-11,9.547349e-12,1.2232867e-18,,-11.245708400769974,-8.231475851264321,-8.09263465107759,-8.79459962503051,-9.541451435976088,-9.8811719165855,-10.98779038310271,-11.020117201207311,-17.908935951989612,0.13884120018673052,-0.7019649739529203,-0.7468518109455768,-0.3397204806094116,-1.1066184665172116,-0.03232681810460036,-6.888818750782301,-9.677460100725291,-8.367484516013524
4FGL J1942.7+1033,295.696,10.5584,bll,53.306038,1.8574362,1.7764152,0.041836247,2.8550549e-11,89.46213,3.5777778e-10,5.0809423e-09,3.8807344e-09,1.5446645e-09,7.0004463e-10,2.441579e-10,8.975419e-11,2.3041444e-11,,-10.544385536114419,-9.446386635033875,-8.294055736979008,-8.4110860796401,-8.811165834437713,-9.154874271486875,-9.61232921905447,-10.0469452680338,-10.63749030710979,1.152330898054867,-0.11703034266109213,-0.4000797547976127,-0.34370843704916254,-0.4574549475675944,-0.4346160489793309,-0.5905450390759892,-1.191103672075915,-1.826324472672077
4FGL J1943.6-0533,295.9249,-5.5665,bcu,5.3999934,1.9401584,1.904842,0.052647024,2.2857514e-12,5.9259806,4.1205355e-12,4.1455914e-09,5.405878e-11,1.5882955e-10,3.979784e-11,2.197649e-11,4.4891534e-12,2.1294319e-17,,-11.640971003658926,-11.385046338839471,-8.382413505297095,-10.267133759615902,-9.79906869452611,-10.400140498207568,-10.658041670011476,-11.347835552990405,-16.6715323436165,3.0026328335423766,-1.8847202543188075,0.4680650650897924,-0.6010718036814584,-0.25790117180390837,-0.689793882978929,-5.323696790626096,-5.28648600477703,-6.872463649090392
4FGL J1943.9-2705,295.9981,-27.0903,bcu,6.0480437,2.264479,2.259364,0.019289756,2.421742e-12,12.212735,1.6825156e-11,4.1856447e-09,6.7020456e-10,1.7875383e-10,2.1765348e-11,1.3163086e-11,1.9818643e-12,1.3912759e-15,,-11.61587212444698,-10.774040900122232,-8.378237639679607,-9.173792621591103,-9.74774464415967,-10.662234384439762,-10.880642280935104,-11.702926083168366,-14.85658361620926,2.3958032604426247,-0.7955549819114953,-0.5739520225685677,-0.9144897402800911,-0.21840789649534287,-0.8222838022332617,-3.153657533040894,-4.082542716087028,-5.10883897204959
4FGL J1944.0+2117,296.0049,21.2904,bcu,17.990492,1.5023783,1.3002404,0.20046976,7.381316e-12,15.64259,7.5329476e-10,3.0979963e-12,2.0076822e-15,2.7678876e-18,1.2736878e-10,7.353875e-11,4.8940803e-11,1.3938865e-11,,-11.131866201194747,-9.123035053550632,-11.50891910386138,-14.697302868264046,-17.556285330840062,-9.894937011019213,-10.13348375641403,-10.310328909116823,-10.855772587784767,-2.3858840503107483,-3.1883837644026656,-2.858982462576016,7.661348319820849,-0.23854674539481735,-0.17684515270279277,-0.5454436786679437,-1.7327375342341345,6.700512743055295
4FGL J1944.2+3921,296.0679,39.3645,bcu,15.639561,2.1617978,1.9775317,0.15689114,4.3589342e-12,18.922304,6.5960304e-10,4.710992e-10,1.1183862e-09,4.1067322e-10,1.344761e-10,2.1709997e-11,2.1080756e-12,1.3281651e-18,,-11.36061968579984,-9.180717351425752,-9.326887633251763,-8.951408200411416,-9.386503616554878,-9.871354894517252,-10.663340236358597,-11.67611381641163,-17.87349030092129,-0.1461702818260111,0.375479432840347,-0.4350954161434615,-0.4848512779623739,-0.791985341841345,-1.0127735800530342,-6.197376484509659,-8.692772949495538,-8.486986684366412
4FGL J1946.0+0937,296.5129,9.6193,bcu,8.206696,2.0340211,2.0207038,0.010888611,2.9322495e-12,14.6793,2.347138e-10,9.1488584e-14,5.444555e-10,1.3018495e-10,7.425456e-11,1.3248575e-11,9.763947e-12,7.232547000000001e-18,,-11.532799077616945,-9.629461375284226,-13.038633046607117,-9.264037610655443,-9.885439219342317,-10.129276870948516,-10.877830831053553,-11.010374586211736,-17.140108677791524,-3.4091716713228912,3.7745954359516745,-0.6214016086868739,-0.2438376516061993,-0.7485539601050366,-0.13254375515818317,-6.129734091579788,-7.510647302507298,-7.254669458449207
4FGL J1946.4+6031,296.6041,60.5333,bcu,4.1270947,1.9805614,1.9350537,0.17167275,7.2858267e-13,15.94683,5.434671e-12,3.4130524e-13,3.727421e-13,6.514977e-11,1.9462678e-11,3.8445987e-12,1.4094816e-12,1.536266e-16,,-12.137521157098815,-11.264826740973477,-12.466857031297998,-12.428591540684433,-10.186087113083618,-10.710797402251329,-11.415148984114225,-11.850940586147557,-15.813505312399709,-1.2020302903245206,0.03826549061356488,2.2425044276008155,-0.5247102891677109,-0.7043515818628965,-0.43579160203333167,-3.962564726252152,-4.548678571426231,-5.627418199316091
4FGL J1948.3+1207,297.0993,12.1167,bcu,6.6698637,2.58987,2.5316231,0.41851982,3.1820807e-12,12.173059,2.2732715e-11,1.7169416e-09,1.5167921e-09,3.7890044e-10,3.4797804e-11,1.618178e-12,2.0998812000000003e-16,1.4725386e-18,,-11.497288809144779,-10.64334869258798,-8.76524447666479,-8.819073941959463,-9.421474890386648,-10.458448162272715,-11.790973704906481,-15.677784593253131,-17.828993990342273,1.878104215923189,-0.053829465294672474,-0.6024009484271851,-1.0369732718860671,-1.3325255426337659,-3.88681088834665,-2.1512093970891417,-7.185645297754293,-8.407519099955625
4FGL J1949.0+1314,297.2503,13.2451,bcu,13.872195,2.430501,2.4044027,0.09388389,7.497989e-12,44.05929,2.0298147e-11,1.0942763e-08,2.573754e-09,6.0174205e-10,1.06806335e-10,1.7534292e-11,3.0303743e-12,2.2772608e-16,,-11.125055200470864,-10.69254360642486,-7.960873006690586,-8.589432965412893,-9.22058963875064,-9.971402987211102,-10.75611176513222,-11.518503724392941,-15.642568159092358,2.731670599734273,-0.628559958722307,-0.6311566733377472,-0.7508133484604613,-0.7847087779211179,-0.7623919592607216,-4.124064434699417,-4.950024552667498,-6.4219785203417175
4FGL J1949.2+7250,297.3178,72.8435,bcu,8.313279,2.5585394,2.5509074,0.19343671,2.8370529e-12,98.92984,2.4147349e-08,6.7254873e-09,1.1673212e-09,2.2292042e-10,4.1259517e-11,2.078082e-12,1.5142415000000002e-16,2.047373e-15,,-11.547132564695241,-7.617130541014457,-8.172276243067083,-8.93280962707511,-9.651850147349851,-10.38447586024846,-11.682337317323759,-15.819776175799353,-14.688800907104161,-0.5551457020526263,-0.7605333840080277,-0.7190405202747403,-0.7326257128986082,-1.2978614570752995,-4.137438858475594,1.1309752686951917,-7.0716703660897045,-5.03695075975431
4FGL J1949.4+1247,297.3707,12.7931,bcu,4.320544,2.4619727,2.4400294,0.068306655,3.0546366e-12,43.31656,3.7916076e-10,1.4675041e-12,1.2102536e-09,1.6677013e-10,4.1583237e-11,6.7317467e-12,5.0459514e-15,1.218686e-16,,-11.515040447502837,-9.42117661488074,-11.83342067376156,-8.917123616836502,-9.777881732676066,-10.381081706422005,-11.171872233236734,-14.29705607602041,-15.914072543092018,-2.4122440588808214,2.9162970569250586,-0.8607581158395643,-0.603199973745939,-0.7907905268147282,-3.1251838427836773,-1.6170164670716076,-6.492895928211279,-6.136190810415952
4FGL J1949.5+0906,297.3902,9.1054,bll,16.240795,2.026916,2.0065053,0.01412537,6.216292e-12,32.815716,3.012528e-08,9.458146e-09,1.316436e-09,2.843098e-10,1.535595e-10,4.456631e-11,1.140169e-11,1.7622004e-12,,-11.206468592766832,-7.521068907839676,-8.024193986312419,-8.880600249750565,-9.546208170148066,-9.813723310615922,-10.350993323029302,-10.943030770802205,-11.753944702048999,-0.5031250784727428,-0.8564062634381457,-0.6656079203975018,-0.2675151404678555,-0.53727001241338,-0.5920374477729027,-0.8109139312467946,-4.232875794209323,-2.2077365319009328
4FGL J1949.9-6134,297.4908,-61.5678,bcu,3.620443,2.3959162,2.3213117,0.14349103,1.3488261e-12,23.781727,8.332607e-09,8.333499e-13,4.292095e-10,1.0874707e-10,1.3700964e-11,4.050964e-12,7.3046864e-17,3.1243078000000004e-16,,-11.87004403575079,-8.079219100803881,-12.079172607147713,-9.367330674040055,-9.963582435482577,-10.863248874486338,-11.39244161520393,-16.136338974017423,-15.505232286660531,-3.9999535063438323,2.7118419331076584,-0.596251761442522,-0.8996664390037612,-0.5291927407175923,-4.743897358813493,0.6311066873568922,-7.42601318585665,-5.541649851177954
4FGL J1950.0-7321,297.5093,-73.3641,bcu,5.431879,2.0876923,2.0752673,0.0019527018,1.3379261e-12,19.30517,4.7824865e-12,1.9981098e-13,3.2263311e-10,8.375483e-11,3.261811e-11,5.437178e-12,1.2347103e-15,1.2452463e-12,,-11.873567870802406,-11.320346246317044,-12.699380628396852,-9.491291065475357,-10.07699013848568,-10.4865412068766,-11.264626448220437,-14.908431411573575,-11.90474473652512,-1.3790343820798086,3.2080895629214954,-0.5856990730103231,-0.40955106839092004,-0.7780852413438364,-3.643804963353139,3.0036866750484545,-0.584398490208077,-1.8277545980394407
4FGL J1950.6+3456,297.6642,34.9434,bcu,6.5080943,1.9346336,1.5202186,0.30874944,1.9730257e-12,18.681696,1.1965643e-11,1.986214e-12,2.6552656e-13,1.1898749e-10,3.0699946e-11,2.6163736e-11,1.9732623e-12,1.1449151e-15,,-11.704867255529166,-10.922063958296565,-11.701973959086018,-12.575892014593707,-9.92449869663454,-10.512862388287624,-10.58230024151449,-11.70481517921136,-14.941222923560487,-0.779910000789453,-0.8739180555076889,2.651393317959167,-0.5883636916530843,-0.0694378532268658,-1.1225149376968702,-3.236407744349126,-4.019158965263921,-5.016724226925946
4FGL J1950.8+1211,297.7222,12.1995,bcu,12.970852,2.5284984,2.424514,0.29446608,5.745003e-12,12.754576,2.2671859e-10,6.3241807e-09,2.6286286e-09,5.76386e-10,9.794886e-11,2.547507e-12,1.2962388e-15,1.09860936e-14,,-11.240709739434173,-9.64451286801749,-8.198995729521604,-8.58027077120081,-9.23928657642197,-10.009000614230219,-11.59388461226751,-14.887311632650054,-13.959156309857152,1.4455171384958856,-0.38127504167920634,-0.6590158052211592,-0.7697140378082494,-1.5848839980372915,-3.293427020382543,0.928155322792902,-4.314643441839662,-4.719869733435182
4FGL J1951.2-0951,297.8161,-9.8568,bcu,3.2157118,2.663126,2.6971877,0.15261145,2.4231225e-12,12.15642,5.950906e-09,4.7742925e-09,9.959901e-10,6.560709e-11,3.4576633e-11,2.03165e-13,3.309967e-20,7.330321600000001e-16,,-11.615624627929371,-8.225416909758627,-8.321090977191664,-9.001744978375896,-10.183049224864657,-10.46121729956329,-12.692151086114524,-19.365526055076568,-15.134871046738391,-0.09567406743303764,-0.6806540011842319,-1.1813042464887609,-0.27816807469863214,-2.230933786551235,-6.673374968962044,4.230655008338177,-6.909454136979765,-4.951821821873734
4FGL J1951.6-4624,297.902,-46.4156,bcu,4.23601,1.9879037,1.9234585,0.13500346,1.0211336e-12,16.694685,5.5055113e-11,5.3393227e-14,5.0979648e-11,1.0977453e-10,9.580295e-12,9.974398e-12,9.640382e-13,7.153215e-18,,-11.990917429030272,-10.259202341562101,-13.272513748956234,-10.292603167451341,-9.95949841361324,-11.018621117305335,-11.00111330604968,-12.015905752338574,-17.144892013533223,-3.0133114073941325,2.9799105815048925,0.3331047538381018,-1.0591227036920952,0.017507811255654815,-1.0147924462888938,-5.128986261194649,-6.885689671971122,-7.185393599919983
4FGL J1953.0+7651,298.2542,76.8514,bcu,5.433513,2.1785247,2.0388045,0.17679946,1.2609343e-12,15.065256,1.8534294e-08,2.8996494e-10,2.5253588e-10,8.1455516e-11,3.28198e-11,1.7517264e-12,2.2737975e-12,5.839112e-16,,-11.899307537969047,-7.732023952269404,-9.537654509965437,-9.597676909096489,-10.089079500777308,-10.483864069682014,-11.756533722314941,-11.64324821344126,-15.23364575685031,-1.8056305576960332,-0.060022399131051785,-0.4914025916808189,-0.39478456890470603,-1.2726696526329278,0.11328550887368216,-3.5903975434090505,-7.501621804580906,-5.144566256073002
4FGL J1955.2+1358,298.8201,13.9824,fsrq,16.244642,2.4438539,2.3270507,0.1237655,7.573702e-12,210.46684,2.9168525e-11,1.1220524e-08,2.7412543e-09,6.3843936e-10,9.703617e-11,1.0167079e-11,4.335971e-12,2.9809188000000003e-16,,-11.12069178634994,-10.535085531667228,-7.949986860994385,-8.562050674067125,-9.194880346425153,-10.013066353282747,-10.992803801457843,-11.362913630122604,-15.525635285050726,2.585098670672843,-0.6120638130727398,-0.632829672358028,-0.8181860068575944,-0.9797374481750953,-0.37010982866476105,-4.162721654928122,-4.9905497533834975,-6.330754938625573
4FGL J1958.1+2438,299.5284,24.6417,bcu,12.434516,2.0262213,2.0153782,0.041096352,6.9029058e-12,17.212635,4.0933463e-12,1.1740472e-10,1.0052053e-09,4.2866666e-10,1.7304556e-10,2.5063866e-11,1.1812088e-11,5.764005e-12,,-11.160968052510047,-11.38792151111831,-9.930314442840606,-8.997745230227663,-9.367880292875519,-9.761839539322146,-10.600951939833708,-10.927673325835391,-11.239275650374633,1.4576070682777047,0.9325692126129432,-0.3701350626478561,-0.3939592464466273,-0.8391124005115618,-0.3267213860016831,-0.3116023245392423,0.14864586074367736,-1.8713953574991145
4FGL J1959.0+3844,299.7663,38.7368,bcu,12.344509,2.7221456,2.5638018,0.2645218,7.787266e-12,42.37643,3.7871595e-09,1.0989693e-08,3.791112e-09,5.0944177e-10,7.47727e-11,3.4125675e-13,4.2965945e-16,4.525631e-16,,-11.108614989718655,-8.42168640374754,-7.959014439538644,-8.42123338511516,-9.292905449358374,-10.126256936883442,-12.46691873686952,-15.366865524063561,-15.344311263171278,0.4626719642088952,-0.46221894557651577,-0.8716720642432136,-0.8333514875250678,-2.340661799986078,-2.8999467871940414,0.022554260892283295,-6.922624859423738,-6.051405813812904
4FGL J2000.0+4214,300.0028,42.2371,bcu,5.3784747,2.4823127,2.5065227,-0.067147635,3.4343997e-12,60.726025,2.52347e-08,1.0455789e-08,1.0020378e-09,1.8112288e-10,3.5809255e-11,7.337457e-12,3.4553266e-13,1.1099801e-12,,-11.464149161200352,-7.598001853962381,-7.980643189491777,-8.999115895209176,-9.742026684780104,-10.446004714129444,-11.134454430258737,-12.461510883948398,-11.954684803370675,-0.38264133552939583,-1.0184727057173992,-0.7429107895709279,-0.7039780293493401,-0.6884497161292931,-1.3270564536896607,0.5068260805777225,-4.356682949408294,-2.2126581185905714
4FGL J2000.9+6614,300.2368,66.2476,bcu,4.969864,2.1929507,2.069199,0.23452094,1.4212241e-12,7.078605,4.3778983e-10,7.1989974e-09,2.0036377e-10,9.699436e-11,3.260919e-11,2.9691148e-12,1.7311816000000003e-16,8.123072e-15,,-11.84733743364039,-9.358734331442914,-8.14272798328573,-9.698180805295879,-10.01325351818476,-10.486659988638271,-11.52737300874096,-15.761632286613638,-14.090279162675078,1.2160063481571832,-1.5554528220101478,-0.31507271288888106,-0.4734064704535115,-1.0407130201026895,-4.2342592778726775,1.6713531239385606,-4.7315448312321635,-4.077025644490318
4FGL J2001.2+4353,300.3018,43.8862,bll,60.965855,2.0027843,1.8763152,0.08057528,3.1166826e-11,1443.3435,3.8465213e-08,1.5528343e-08,5.4139737e-09,2.2713151e-09,8.687879e-10,2.2676797e-10,5.744011e-11,5.9602024e-12,,-10.506307423470027,-7.41493185832638,-7.808874884538394,-8.266483858275205,-8.643722611838037,-9.061086236322772,-9.644418287655062,-10.240784736998865,-11.224738991257512,-0.39394302621201405,-0.45760897373681075,-0.3772387535628319,-0.41736362448473585,-0.5833320513322899,-0.5963664493438028,-0.9839542542586468,-3.809807132931132,-2.5810163794194754
4FGL J2001.5-0818,300.3754,-8.3162,bcu,6.1033273,2.2950492,2.2975388,-0.03267191,2.7363368e-12,19.794727,1.3155614e-10,4.206669e-09,7.8256573e-10,1.7925628e-10,2.566761e-11,1.43934e-11,5.875516e-12,7.271635e-18,,-11.562830447258298,-9.880888877641118,-8.376061658918237,-9.10647917457159,-9.746525620452832,-10.59061456793904,-10.841836604870501,-11.230953986000115,-17.13777109434725,1.5048272187228804,-0.7304175156533521,-0.6400464458812429,-0.8440889474862079,-0.25122203693146083,-0.3891173811296138,-5.906817108347136,-7.256882216706133,-7.391245473894418
4FGL J2003.6+2333,300.9025,23.5634,bcu,5.938274,2.51558,2.538146,0.346832,3.6632928e-12,9.768396,6.4835e-11,5.02037e-09,1.7706588e-09,3.3858644e-10,5.506271e-11,6.3116503e-15,3.2540745e-13,1.8277508e-15,,-11.436128366433769,-10.188190484751882,-8.29926427428105,-8.751865117832502,-9.470330438863689,-10.259142417835065,-14.199856383341972,-12.487572495038687,-14.738080641226587,1.8889262104708315,-0.45260084355145125,-0.7184653210311875,-0.7888119789713759,-3.940713965506907,1.7122838883032845,-2.250508146187899,-4.549890156474705,-5.2677502023628975
4FGL J2009.9+3544,302.4892,35.746,bcu,6.6310506,2.3104527,2.245296,0.052253123,6.4645867e-12,35.657352,9.857252e-10,6.2963577e-09,2.5409084e-09,3.1409253e-10,1.2385784e-10,1.4231097e-11,4.5192045e-12,1.3431637000000002e-16,,-11.189459234945042,-9.006244140589303,-8.200910607407607,-8.595010991024896,-9.502942392203897,-9.907076498038037,-10.846761620855533,-11.344938004861582,-15.871838721349954,0.8053335331816953,-0.39410038361728894,-0.9079314011790007,-0.40413410583414056,-0.9396851228174956,-0.49817638400604913,-4.526900716488372,-6.865594580760652,-6.368896329146057
4FGL J2010.2-2523,302.5571,-25.3945,fsrq,0.4749338,2.8,,,6.831169e-13,119.51795,1.8660208e-08,2.0885211e-09,9.8991676e-11,3.5926796e-11,3.2508796e-12,1.1761809e-14,3.7058443e-16,7.0328013e-16,,-12.165504963927686,-7.729083519605965,-8.68016113276581,-10.004401322724789,-10.444581511913688,-11.487999113457056,-13.929525508143135,-15.431101112373955,-15.152865477448836,-0.9510776131598462,-1.324240189958978,-0.440180189188899,-1.0434176015433678,-2.441526394686079,-1.5015756042308208,0.27823563492511916,-7.423781957842872,-4.7082839655351485
4FGL J2012.0+4629,303.0204,46.488,bll,78.69911,2.0254116,1.8910981,0.09070575,4.6222057e-11,570.5496,1.2614862e-08,2.2431092e-08,9.220361e-09,3.4721688e-09,1.3100535e-09,3.4172284e-10,7.025236e-11,5.256694e-12,,-10.335150731115375,-7.899117496074823,-7.649149583392753,-8.035252074906989,-8.459399169690563,-8.882710968249054,-9.466325992934307,-10.153339081784384,-11.279287302349308,0.2499679126820702,-0.3861024915142357,-0.4241470947835744,-0.42331179855849044,-0.583615024685253,-0.6870130888500778,-1.1259482205649238,-3.380169806274485,-2.819888132658745
4FGL J2013.0-3828,303.2686,-38.4768,bcu,5.338764,2.2703369,2.1735413,0.33439946,1.2129358e-12,10.068209,3.2600493e-13,6.636533e-14,3.2569963e-10,1.8894519e-10,2.5539213e-11,3.4515992e-12,3.5217603e-18,1.3773275e-12,,-11.916162181903776,-12.486775818955111,-13.178058676306087,-9.487182734787005,-9.723664159469138,-10.592792489636437,-11.461979639083927,-17.452008779590468,-11.860962778062941,-0.6912828573509753,3.6908759415190815,-0.2364814246821325,-0.8691283301672996,-0.8691871494474892,-5.990029140506541,5.591046001527527,0.6258130408921705,-2.137298618593803
4FGL J2015.5+3710,303.8924,37.176,FSRQ,28.320824,2.482489,2.668175,0.16702506,7.223601e-11,267.60178,1.9363573e-07,2.8746747e-09,2.2373984e-08,6.262106e-09,1.0918803e-09,9.968197e-11,4.755677e-12,1.4526897e-15,,-10.141246250492111,-6.713014502863827,-8.54141129322957,-7.650256676825794,-8.203279585261136,-8.961824969593305,-10.001383387659043,-11.322787648909955,-14.837824153156873,-1.8283967903657432,0.8911546164037762,-0.5530229084353415,-0.7585453843321694,-1.039558418065738,-1.3214042612509118,-3.5150365042469183,-8.124809650293045,-6.6345445678957375
4FGL J2018.5+3852,304.6373,38.8715,bcu,18.349016,2.0948112,1.8224992,0.21237668,9.347432e-12,12.276935,1.3163466e-08,1.8208067e-12,9.423118e-10,6.240462e-10,3.671019e-10,9.1153814e-11,1.1101609e-11,8.7034655e-13,,-11.02930768507069,-7.880629743967525,-11.739736154828847,-9.025805370436387,-9.204783257005598,-9.435213367711423,-10.040225155107269,-10.954614072247326,-12.060307782868339,-3.8591064108613224,2.71393078439246,-0.17897788656921065,-0.2304301107058251,-0.6050117873958456,-0.914388917140057,-1.1056937106210132,-4.179678038900814,-2.855524525862741
4FGL J2021.4-2048,305.3693,-20.8019,bcu,8.170425,2.5204475,2.484665,0.06631021,3.354403e-12,30.03693,6.180431e-11,5.7884737e-09,1.3643965e-09,1.5359719e-10,4.3712516e-11,4.326827e-12,1.6010041e-16,7.52118e-16,,-11.474384760899682,-10.208981237721998,-8.2374359355899,-8.86505940332818,-9.81361672944978,-10.359394195619425,-11.363830467894472,-15.795580430363144,-15.123708243233914,1.9715453021320979,-0.6276234677382799,-0.9485573261216,-0.5457774661696444,-1.004436272275047,-4.431749962468672,0.6718721871292299,-4.914727005511915,-5.310091513784133
4FGL J2023.2+3153,305.823,31.8876,bcu,12.097651,2.0868044,2.0669854,0.04159666,6.7668813e-12,24.365702,1.0088515e-11,8.1244185e-09,2.9840286e-09,3.5026435e-10,1.1258927e-10,5.3134924e-11,7.622851e-12,2.7802296e-12,,-11.16961144090446,-10.99617275550991,-8.090207713582865,-8.525197018743938,-9.455604063030071,-9.94850299667378,-10.274619936183566,-11.117882568511117,-11.555919335650927,2.905965041927045,-0.43498930516107315,-0.9304070442861327,-0.4928989336437084,-0.32611693950978626,-0.8432626323275514,-0.43803676713980977,-0.5597465801410166,-2.100315272620856
4FGL J2023.4+4127,305.8711,41.4508,bcu,10.662079,2.2772396,2.2663407,0.07233229,1.42788645e-11,18.31777,1.5164184e-10,2.01551e-10,2.7824458e-09,1.1430517e-09,2.2161706e-10,3.5372164e-11,2.0504381e-11,2.1885739e-15,,-10.845306327339149,-9.819180954519004,-9.695615042721808,-8.555573286646743,-8.941934126104039,-9.654396810807222,-10.451338369960398,-10.688153336739772,-14.659836799926532,0.12356591179719523,1.1400417560750657,-0.3863608394572964,-0.7124626847031834,-0.7969415591531757,-0.23681496677937375,-3.9716834631867606,-4.840655845407529,-5.717902673822493
4FGL J2023.8-4828,305.9727,-48.4726,bll,4.272764,2.1743,2.0699935,0.09010161,1.2845674e-12,9.991941,6.898102e-11,1.9780415e-09,1.3586354e-10,8.901133e-11,3.510201e-11,8.6888e-13,3.693061e-12,4.6481573e-20,,-11.891243100410588,-10.161270388086354,-8.703764600991482,-9.86689707378195,-10.050554709673658,-10.454668014267565,-12.06104019431418,-11.432613517670582,-19.2480932167773,1.4575057870948722,-1.1631324727904673,-0.18365763589170925,-0.40411330459390626,-1.6063721800466144,0.6284266766435973,-7.815479699106717,-9.086822828690945,-9.19753850710364
4FGL J2024.8+2734,306.2059,27.5705,bcu,4.4464025,1.9441248,1.7709714,0.22982843,1.4538534e-12,18.842836,1.3883273e-12,3.2398455e-15,4.258118e-11,8.081656e-11,2.8520401e-11,1.544654e-11,3.0939582e-12,1.01952935e-20,,-11.837479380572944,-11.857508133182932,-14.489474359223044,-10.370782307558787,-10.092499639422572,-10.544844372396405,-10.811168786326363,-11.509485556599472,-19.694749830807723,-2.6319662260401113,4.118692051664256,0.2782826681362156,-0.4523447329738328,-0.26632441392995787,-0.6983167702731095,-8.18526427420825,-7.8372416976247905,-9.602250191385151
4FGL J2025.3+3341,306.3412,33.6891,bll,18.326307,2.6561403,2.8436875,0.21472889,2.8329894e-11,144.05247,1.5314892e-09,7.534912e-08,1.2473208e-08,1.6571475e-09,2.25502e-10,2.500471e-12,2.4911514e-15,3.3562016e-15,,-10.547755050292773,-8.814886061470924,-7.122921815431253,-7.9040218354127685,-8.78063883401309,-9.646849601948084,-11.6019781762173,-14.60359813402165,-14.474150665895962,1.6919642460396709,-0.7811000199815155,-0.8766169986003209,-0.8662107679349944,-1.9551285742692155,-3.001619957804351,0.1294474681256883,-5.659264604425038,-5.693511831882873
4FGL J2026.6+3449,306.6528,34.8291,bcu,12.034351,2.112239,2.107215,0.00949693,7.8610885e-12,11.105837,4.4294737e-08,7.308237e-09,3.025603e-09,4.2622025e-10,1.3319906e-10,5.2119534e-11,1.0628832e-11,1.09930226e-16,,-11.104517313864447,-7.353647872594964,-8.136187377284523,-8.519188057877955,-9.37036592050947,-9.875498839984866,-10.282999475879452,-10.973514456970733,-15.95884337460649,-0.7825395046895594,-0.3830006805934314,-0.8511778626315145,-0.5051329194753968,-0.4075006358945856,-0.6905149810912814,-4.985328917635757,-8.605195502011526,-6.588477454097021
4FGL J2029.5+4925,307.375,49.4221,bll,25.115232,2.4725385,2.3265076,0.2541457,1.4285611e-11,166.63773,8.84345e-09,1.0259522e-08,5.8370007e-09,1.5467716e-09,2.1045582e-10,1.9482286e-11,4.080664000000001e-17,3.0950737e-16,,-10.845101179670703,-8.053378275295982,-7.988872872907818,-8.2338102546065,-8.810573810527194,-9.676839059636663,-10.71036008527672,-16.38916274899572,-15.509314973514712,0.06450540238816416,-0.24493738169868173,-0.5767635559206941,-0.8662652491094693,-1.0335210256400575,-5.678802663718999,0.8798477754810072,-7.45593669821873,-6.698741162987519
4FGL J2030.8-6959,307.7045,-69.9927,bcu,8.493951,2.2023542,2.2282326,-0.024374874,2.1614542e-12,19.17167,5.060487e-12,3.4293093e-09,5.5230126e-10,1.1655941e-10,3.4233255e-11,1.3998684e-11,2.259858e-12,1.3566878e-17,,-11.66525396047961,-11.295807685615165,-8.464793342756238,-9.2578239659837,-9.93345265950548,-10.465551804757157,-10.853912789611655,-11.645918847317514,-16.867200084492282,2.8310143428589267,-0.7930306232274624,-0.6756286935217801,-0.5320991452516761,-0.3883609848544989,-0.7920060577058585,-5.221281237174768,-5.5713923988771175,-6.933747424986802
4FGL J2031.8+1619,307.9534,16.3198,bcu,5.545565,2.4651673,2.4687083,-0.0072104717,2.385911e-12,20.10879,2.370921e-12,5.5470433e-09,8.163594e-10,6.629306e-11,4.7492645e-11,4.6010635e-12,4.3468735e-17,5.3184193e-16,,-11.622345758732182,-11.62508291480822,-8.255938444021648,-9.088118602179962,-10.178531933995204,-10.323373642562448,-11.337141771983589,-16.36172310006209,-15.274209260439246,3.369144470786571,-0.8321801581583141,-1.0904133318152418,-0.14484170856724354,-1.0137681294211411,-5.024581328078501,1.0875138396228436,-3.649126345631027,-5.095677326444042
4FGL J2031.9+2403,307.9785,24.0631,bcu,4.590425,1.8640943,1.8103873,0.072717965,1.3470667e-12,7.161318,6.885185e-13,2.9211846e-09,9.054462e-13,7.201513e-11,4.2257038e-11,3.0450165e-12,7.278534e-12,2.9422388e-17,,-11.870610896431803,-12.162084379760286,-8.534440997551437,-12.043137344791187,-10.142576250936068,-10.374100947913034,-11.516410348291382,-11.137956084351812,-16.53117449994085,3.6276433822088485,-3.5086963472397503,1.900561093855119,-0.23152469697696532,-1.1423094003783483,0.37845426393957027,-5.393218415589038,-4.369090120180564,-6.388598249004781
4FGL J2032.3-5816,308.0859,-58.2792,bcu,4.0986037,2.366829,2.3722796,-0.01771265,1.4695544e-12,18.30949,4.3556686e-12,4.4060884e-09,5.266682e-10,4.9915568e-11,2.7776377e-11,7.412625e-12,6.985436e-16,2.2914306e-16,,-11.832814329614978,-11.360945169853624,-8.355946793782753,-9.278462903357179,-10.301763982505301,-10.556324401765288,-11.130027969419197,-15.155800264866707,-15.639874339020366,3.004998376070871,-0.9225161095744259,-1.0233010791481227,-0.2545604192599864,-0.5737035676539097,-4.02577229544751,-0.4840740741536589,-4.278929169166743,-5.338110356515065
4FGL J2035.9+4901,308.9807,49.028,bcu,16.02056,2.1122587,2.0583642,0.06970445,8.89124e-12,18.708998,6.809641e-10,5.5646323e-09,2.6332656e-09,4.963271e-10,2.0195792e-10,4.6971996e-11,1.6419846e-11,2.4143912000000004e-16,,-11.051037666257463,-9.16687578320987,-8.254563527708886,-8.579505334285,-9.304232011195008,-9.69473911080697,-10.328160984681332,-10.784630920135022,-15.617174373116567,0.9123122555009839,-0.32494180657611516,-0.7247266769100076,-0.39050709961196084,-0.6334218738743633,-0.45646993545368986,-4.832543452981545,-6.450298589906698,-6.312942361921559
4FGL J2038.7+5117,309.6938,51.2851,fsrq,22.966518,2.6067865,2.469733,0.25541618,1.792579e-11,158.92795,1.4855328e-09,6.6984702e-09,8.507132e-09,1.6493732e-09,1.9425295e-10,3.2571845e-12,2.3557568e-15,5.2393913e-13,,-10.746521695385507,-8.82811775469432,-8.174024370367,-8.070216828458623,-8.782681066388827,-9.711632377091597,-11.487157639222907,-14.627867703055479,-12.280719157094921,0.6540933843273198,0.10380754190837749,-0.7124642379302042,-0.9289513107027698,-1.7755252621313105,-3.1407100638325716,2.3471485459605574,-3.4526014024006013,-3.4980380907060944
4FGL J2039.3+2150,309.833,21.8453,bcu,8.405124,2.6822991,2.6446881,0.19740169,3.5540587e-12,27.204004,5.442832e-09,9.77617e-09,1.2217771e-09,2.4353092e-10,1.908957e-11,1.0454679e-18,5.8798294e-17,4.0363047e-15,,-11.449275402299307,-8.264175070532206,-8.00983125499183,-8.913008019188046,-9.61344589055934,-10.719203853921023,-17.976554970376085,-16.23056141908687,-14.394014980407047,0.2543438155403752,-0.9031767641962158,-0.7004378713712942,-1.1057579633616825,-7.257351116455062,1.7459935512892137,1.8365464386798251,-6.129839909874841,-4.780569089847706
4FGL J2039.5+5218,309.883,52.3126,bll,16.103704,1.8370702,1.7853518,0.0728175,5.468394e-12,7.1143293,4.5418372e-10,5.1299476e-09,1.0892952e-13,3.8134385e-10,1.06013635e-10,4.520165e-11,1.337209e-11,6.199638e-12,,-11.262140201089583,-9.342768436907425,-8.289887070978386,-12.962854370220809,-9.418683253151647,-9.974638274086347,-10.344845711711649,-10.873800708753508,-11.207633667735468,1.0528813659290392,-4.672967299242423,3.544171117069162,-0.5559550209347002,-0.37020743762530195,-0.5289549970418594,-0.33383295898195975,-1.864865230828043,-1.7889504145838213
4FGL J2040.0+1237,310.0205,12.6179,bcu,3.8145864,2.0080535,1.6738939,0.25545895,1.0421504e-12,9.4042015,3.954084e-08,5.750879e-10,1.3624286e-13,5.1334853e-11,3.9235178e-11,5.449501e-12,1.891157e-13,2.1907931e-17,,-11.982069596277444,-7.402954108833825,-9.240265769968213,-12.865686216395758,-10.28958767718018,-10.406324372656247,-11.263643262590296,-12.723272392451014,-16.659200444607944,-1.8373116611343878,-3.6254204464275457,2.576098539215579,-0.11673669547606735,-0.8573188899340494,-1.4596291298607174,-3.93592805215693,-9.256246335774119,-6.369612767427764
4FGL J2042.1+4209,310.546,42.1578,bcu,10.106578,2.5785096,2.808907,0.3762422,1.5631083e-11,13.185508,3.5293727e-08,9.578623e-09,5.578839e-09,1.6715219e-09,1.4931616e-10,2.694476e-12,1.7856857e-14,6.9561814e-15,,-10.806010930555837,-7.4523024779372005,-8.018696919572854,-8.253456171734669,-8.776887928977969,-9.825893187429845,-11.569525678748603,-13.748194736039178,-14.15762847686768,-0.5663944416356532,-0.23475925216181537,-0.5234317572432996,-1.049005258451876,-1.743632491318758,-2.178669057290575,-0.4094337408285025,-6.70532599893048,-5.380740547889712
4FGL J2046.9-0235,311.7472,-2.5867,bcu,5.697091,2.6757388,2.672758,0.017964873,2.5100649e-12,28.122286,1.3346584e-08,5.6655853e-09,8.404713e-10,9.5156e-11,2.6566095e-11,1.4106325e-12,3.9793248e-16,3.4976958000000004e-16,,-11.600315047566642,-7.874629875856239,-8.246755217409747,-9.075477112040211,-10.021563822310435,-10.5756722784932,-11.850586111452065,-15.400179697835622,-15.456205548065402,-0.3721253415535086,-0.8287218946304638,-0.9460867102702242,-0.5541084561827638,-1.274913832958866,-3.5495935863835566,-0.056025850229779905,-7.581575672209163,-5.434641725754966
4FGL J2047.1-7400,311.7846,-74.0033,fsrq,4.5709205,2.6766176,2.6637006,0.035253994,1.9178248e-12,7.593382,1.5856447e-08,1.6094607e-09,7.2060957e-10,5.844094e-11,2.5833698e-11,4.225155e-17,2.5150216e-16,1.6987189000000002e-16,,-11.717191067407926,-7.799794119739386,-8.793319623499757,-9.142299974554643,-10.233282807147859,-10.587813421531566,-16.37405457864901,-15.599441013020636,-15.769852915964824,-0.9935255037603712,-0.3489803510548857,-1.090982832593216,-0.35453061438370703,-5.786241157117443,0.774613565628373,-0.1704119029441884,-7.970058796225438,-5.536570108816965
4FGL J2049.0-4020,312.259,-40.3488,bcu,5.6819425,2.127707,2.1506348,-0.049518846,1.4734826e-12,42.197964,3.426883e-13,1.3345467e-09,5.4229954e-10,7.038658e-11,1.5665417e-11,1.3184957e-11,2.3640380000000002e-18,1.6412294e-12,,-11.831654985314977,-12.465100710245025,-8.874666224273037,-9.265760763942202,-10.152510136073476,-10.805058039803573,-10.879921281900142,-17.624512333798346,-11.784830709298182,3.590434485971988,-0.3910945396691652,-0.8867493721312734,-0.6525479037300972,-0.07486324209656914,-6.744591051898205,5.839681624500164,0.6802700009468428,-1.6323205732247068
4FGL J2049.9-2453,312.4825,-24.8854,bcu,5.941784,2.3210478,2.3441703,-0.04164603,2.1402754e-12,25.96514,3.077872e-08,1.5929857e-13,5.384305e-10,1.833781e-10,2.3322927e-11,4.342418e-12,1.2989478e-12,1.7877212e-12,,-11.66953033817076,-7.511749445209265,-12.797788095516589,-9.268870346980835,-9.736652531330764,-10.632216946858058,-11.36226837279813,-11.886408297952643,-11.747700207239722,-5.286038650307324,3.528917748535754,-0.4677821843499288,-0.8955644155272946,-0.7300514259400721,-0.5241399251545129,0.138708090712921,-4.235950762030457,-2.0110476759089586
4FGL J2053.8+2922,313.4539,29.3693,bll,34.39025,1.8236498,1.6768852,0.085184895,1.2336053e-11,26.915615,3.1268982e-08,5.092142e-09,1.1716826e-09,6.5671596e-10,3.269106e-10,1.1360693e-10,5.3820615e-11,1.6520845e-12,,-10.908823773056005,-7.504886257515459,-8.293099494067695,-8.931190019489534,-9.182622429029829,-9.485570997280702,-9.944595175902235,-10.26905134384608,-11.781967740739653,-0.7882132365522363,-0.6380905254218394,-0.25143240954029444,-0.3029485682508728,-0.459024178621533,-0.32445616794384513,-1.5129163968935728,-4.277081483224194,-2.5993453117098237
4FGL J2054.5+4731,313.6486,47.5223,bcu,6.1660604,1.9755832,1.9455833,0.043940995,2.8094046e-12,14.710021,3.574645e-09,2.192247e-09,1.4214182e-09,7.3315826e-11,5.2863696e-11,2.5259043e-11,5.622414e-12,5.6273985e-13,,-11.551385709272562,-8.44676708174879,-8.659110515562642,-8.847278128099086,-10.134802268101865,-10.276842476076919,-10.597583107594993,-11.25007717800315,-12.249692321801849,-0.21234343381385123,-0.18816761253644465,-1.2875241400027786,-0.1420402079750538,-0.3207406315180741,-0.6524940704081565,-0.9996151437986995,-3.8029252400530584,-2.114890053699984
4FGL J2055.1-1028,313.7805,-10.4696,bcu,5.5070095,2.2558599,1.977648,0.27067557,1.9490893e-12,28.478489,8.8880026e-13,2.6573126e-09,2.4291438e-10,1.8240005e-10,3.8873814e-11,4.6813803e-12,2.5445035e-19,5.445708e-18,,-11.71016826044547,-12.051195822137068,-8.575557353202141,-9.614546775132544,-9.738975046933787,-10.41034284752831,-11.329626075850712,-18.577655853855934,-17.263148882006696,3.4756384689349265,-1.0389894219304026,-0.12442827180124283,-0.6713678005945241,-0.9192832283224011,-7.248029778005222,1.3145069718492373,-5.211953059869629,-7.52417383507291
4FGL J2055.4-0504,313.8694,-5.0822,bll,6.5532036,2.2950878,2.2929466,0.0030302696,2.1554568e-12,10.161546,1.4713281e-08,1.4241656e-09,7.0652234e-10,1.3370466e-10,2.673499e-11,9.114104e-12,2.1855887e-12,1.6937974000000003e-16,,-11.666460674905474,-7.832290470623113,-8.846439508600108,-9.150874101345957,-9.873853456003834,-10.572919973845394,-11.040286019564046,-11.660431561408776,-15.771112898588123,-1.0141490379769946,-0.3044345927458494,-0.7229793546578769,-0.69906651784156,-0.46736604571865215,-0.6201455418447299,-4.110681337179347,-7.93882242796501,-5.897259442584289
4FGL J2056.7+4939,314.1913,49.6663,bcu,38.270737,1.8601846,1.8434398,0.018236281,2.2773538e-11,30.425533,2.0264914e-09,1.8397543e-10,2.7472244e-09,1.1240141e-09,5.2979277e-10,1.5875101e-10,7.200524e-11,2.5472544e-11,,-10.642569493809171,-8.69325523496997,-9.735240173314256,-8.561105864894778,-8.949228240797092,-9.27589397273978,-9.799283502947015,-10.14263589767121,-10.593927678737565,-1.041984938344287,1.1741343084194789,-0.3881223759023147,-0.326665731942688,-0.5233895302072344,-0.3433523947241959,-0.45129178106635415,-1.9006724437675953,-1.6446994379404725
4FGL J2059.1-4103,314.7811,-41.0644,bcu,9.666155,2.506957,2.5172985,0.4535671,2.6972e-12,9.386049,1.503215e-16,8.684227e-10,1.402764e-09,2.617878e-10,2.9082427e-11,2.8176174e-15,1.2957856e-15,1.7274977e-12,,-11.569086847385229,-15.822950009148165,-9.061268832891232,-8.85301538821228,-9.582050596562167,-10.536369353209556,-14.550116438062295,-14.887463499077345,-11.762582519661446,6.761681176256934,0.20825344467895235,-0.7290352083498881,-0.954318756647389,-4.013747084852739,-0.3373470610150502,3.1248809794158987,4.060367489486719,-2.180531923099279
4FGL J2100.0+2103,315.0012,21.0615,bcu,7.4545107,2.4408388,2.3712225,0.09938768,3.4651778e-12,20.094357,1.409603e-08,6.6403167e-09,7.6309736e-10,2.919138e-10,3.0083592e-11,6.145351e-12,1.820933e-15,2.2099497e-16,,-11.460274475360823,-7.850903184639679,-8.177811207109874,-9.11742004891583,-9.534745373574756,-10.521670309802934,-11.211453306048083,-14.739703648479054,-15.655597959711699,-0.326908022470195,-0.9396088418059563,-0.41732532465892547,-0.9869249362281778,-0.6897829962451496,-3.5282503424309706,-0.9158943112326448,-7.8046947750720195,-6.120852586136943
4FGL J2102.3+4702,315.5784,47.0422,bcu,19.397877,2.2715812,2.2418168,0.051987175,1.5474138e-11,49.64172,6.64934e-11,2.3578903e-09,4.567209e-09,1.0236713e-09,2.3713348e-10,6.082555e-11,1.4098523e-11,7.733243000000001e-17,,-10.810393534096349,-10.17722145968165,-8.627476404163987,-8.340349114192382,-8.989839472567487,-9.625007125241082,-10.215913955307492,-10.850826382536491,-16.111582187072727,1.549745055517663,0.28712728997160575,-0.6494903583751057,-0.6351676526735943,-0.5909068300664106,-0.6349124272289988,-5.260755804536236,-5.934360727391077,-7.12174271450524
4FGL J2103.4-7816,315.8673,-78.2774,bcu,3.449177,2.4435272,2.279454,0.3837777,8.829866e-13,10.405998,1.8604924e-12,7.365394e-10,1.6479781e-10,1.3030722e-10,2.3565937e-11,1.1316749e-16,4.3926348e-17,8.138989e-16,,-12.054045882206355,-11.730372097371466,-9.132804016303695,-9.783048563918587,-9.88503152040689,-10.627715287490078,-15.946239941883613,-16.357176044578964,-15.08942420253268,2.597568081067772,-0.6502445476148928,-0.10198295648830324,-0.7426837670831876,-5.318524654393535,-0.4109361026953504,1.2677518420462839,-3.359052105161213,-5.204392682125789
4FGL J2106.7+3549,316.6892,35.8264,bcu,6.694719,2.486582,2.4770415,0.1634142,3.5630609e-12,27.045324,4.0725638e-11,3.9426618e-09,1.1803499e-09,2.6191682e-10,3.007773e-11,5.2031907e-12,6.079143300000002e-16,4.7706435e-13,,-11.448176753385502,-10.390132103285826,-8.404210474940179,-8.927989232424329,-9.581836610765416,-10.52175494339061,-11.28373025582936,-15.216150475182262,-12.321423027024153,1.985921628345647,-0.5237787574841501,-0.6538473783410872,-0.9399183326251936,-0.76197531243875,-3.9324202193529025,2.8947274481581093,-1.9312909237383273,-2.739586416258737
4FGL J2107.1-1453,316.7997,-14.8934,bcu,6.6758265,2.392973,2.402461,-0.030855143,2.197445e-12,22.553469,7.702323e-09,4.3302593e-09,7.3450457e-10,9.2074334e-11,3.0063372e-11,5.9836324e-12,6.7410548e-12,3.0829162000000003e-16,,-11.658081984127852,-8.113378273017798,-8.36348609690489,-9.134005497730838,-10.035861413790759,-10.521962309071657,-11.223035094156316,-11.171272141696132,-15.511024193226095,-0.25010782388709174,-0.7705194008259486,-0.9018559160599207,-0.4861008952808987,-0.7010727850846585,0.0517629524601837,-4.339752051529963,-7.397645920208298,-5.475162779435337
4FGL J2107.9+6006,316.9796,60.1044,bcu,4.0786977,2.688821,2.8366346,0.27524722,3.4779005e-12,7.5299897,1.3115296e-10,5.407989e-09,1.4998844e-09,2.0474052e-10,3.6924776e-11,1.6674434e-17,8.773618599999999e-18,2.5428662e-15,,-11.458682845730664,-9.882221903308452,-8.26696420043177,-8.823942211859258,-9.688796198005445,-10.432682130489027,-16.777688521694003,-17.0563265303065,-14.594674782948802,1.615257702876681,-0.5569780114274874,-0.864853986146187,-0.7438859324835825,-6.345006391204976,-0.27863800861249644,2.4616517473576973,-4.712452879640351,-4.905878584943357
4FGL J2108.0+3655,317.0034,36.9297,bll,15.591379,2.068986,2.009186,0.070489824,5.564653e-12,14.576388,8.6288277e-10,1.577104e-09,9.9026e-10,3.8041026e-10,1.14327034e-10,3.6490318e-11,5.659943e-12,1.8908196e-15,,-11.254561911390473,-9.064048202889717,-8.80213966675911,-9.004250763235982,-9.419747778260287,-9.941851063278039,-10.4378223517796,-11.247187941703448,-14.723347607651098,0.2619085361306066,-0.2021110964768713,-0.4154970150243056,-0.5221032850177512,-0.49597128850156125,-0.8093655899238481,-3.47615966594765,-5.659299404761381,-5.30359982939081
4FGL J2108.3-4824,317.0893,-48.4087,bcu,2.9443362,2.5128317,2.543763,0.06195447,1.3609969e-12,16.741114,8.069435e-12,6.384401e-10,4.8992627e-10,7.880756e-11,1.159946e-11,3.2729724e-12,8.413782e-15,6.412098e-16,,-11.866142860815382,-11.093156871799506,-9.194879843044957,-9.30986927290435,-10.103432118638123,-10.935562228026175,-11.48505765562547,-14.075008228516884,-15.192993075684742,1.8982770287545492,-0.11498942985939387,-0.7935628457337724,-0.8321301093880518,-0.5494954275992949,-2.5899505728914143,-1.1179848471678575,-4.099836203885236,-5.0895609570466185
4FGL J2108.7+7532c,317.189,75.5361,bcu,4.2587776,2.5259616,2.5305924,0.5370135,1.4434182e-12,12.425514,4.691018e-09,6.249039e-14,4.4175893e-10,2.5180785e-10,4.0639406e-12,1.1021679e-12,8.499586500000002e-16,7.702973e-17,,-11.840607819993886,-8.328732900608582,-13.204186695412016,-9.354814662613801,-9.598930735058637,-11.391052647411575,-11.957752237760563,-15.070597092383464,-16.11328524794629,-4.875453794803434,3.8493720327982146,-0.2441160724448359,-1.792121912352938,-0.5666995903489873,-3.1128448546229013,-1.0426881555628267,-7.7845523473377085,-6.514354512887653
4FGL J2109.7-4109,317.4435,-41.1575,fsrq,4.848684,2.2123723,2.1683302,0.051673178,1.423822e-12,10.45361,7.318677e-14,1.1697734e-09,5.793351e-10,4.2741026e-11,4.2846587e-11,3.388223e-12,1.6639356e-12,9.580531e-18,,-11.846544297852407,-13.13556736008317,-8.93189825847297,-9.237070158228262,-10.369155056689191,-10.368083766547247,-11.470028012501608,-11.778863483792142,-17.018157346532604,4.203669101610201,-0.30517189975529213,-1.1320848984609295,0.001071290141943848,-1.1019442459543605,-0.3088354712905339,-5.239293862740462,-3.8825899864494335,-6.649002289843413
4FGL J2110.2-1021c,317.5641,-10.3603,fsrq,5.747397,2.599468,2.5392623,0.12168167,2.7932149e-12,13.883614,1.525573e-08,3.226062e-09,1.2685206e-09,1.3820653e-10,1.3330841e-11,4.6179554e-15,2.3233967e-12,3.9465538e-17,,-11.55389564838906,-7.816567006153937,-8.491327290386772,-8.89670247570435,-9.859471436843789,-10.875142451150225,-14.335549325348111,-11.63387662995255,-16.40367194241304,-0.6747602842328355,-0.40537518531757755,-0.9627689611394388,-1.0156710143064362,-3.4604068741978864,2.701672695395562,-4.7697953124604915,-8.587104936259104,-6.544200505569252
4FGL J2112.9-4818,318.2342,-48.3068,bcu,4.726767,2.4370143,2.4270313,0.0252315,1.6087322e-12,17.669897,1.9171276e-11,3.6553303e-09,5.242205e-10,9.195608e-11,2.3385271e-11,1.4234457e-17,1.8718339e-12,3.7571001e-16,,-11.793516242661948,-10.717348980201786,-8.437073373565086,-9.28048599966729,-10.036419550520549,-10.631057592722955,-16.846354101454228,-11.727732689342883,-15.425135674776467,2.2802756066366996,-0.8434126261022037,-0.7559335508532588,-0.5946380422024067,-6.215296508731273,5.118621412111345,-3.697402985433584,-4.707786694574681,-5.388716124255918
4FGL J2113.9+1120,318.4977,11.3378,bcu,12.842701,2.5117192,2.434794,0.15729989,4.5999476e-12,167.3585,1.97838e-08,7.660583e-09,2.0909319e-09,3.02132e-10,5.598169e-11,9.220141e-13,1.9224062e-13,1.494651e-16,,-11.337247114583095,-7.703690287029446,-8.115738177619022,-8.67966011157807,-9.51980327442294,-10.251953994920614,-12.035262432690134,-12.716154818956781,-15.825431147361343,-0.4120478905895757,-0.5639219339590475,-0.8401431628448712,-0.7321507204976729,-1.78330843776952,-0.6808923862666472,-3.1092763284045617,-8.121740860331897,-6.305627872938402
4FGL J2114.7-2538,318.6817,-25.6381,bcu,4.193279,2.5488417,2.5373824,0.013649348,1.6582574e-12,19.526947,4.545828e-10,3.844183e-09,6.141168e-10,9.101472e-11,8.507591e-12,5.771065e-12,1.1575171000000002e-16,1.0013393e-15,,-11.780348053360253,-9.342387000643742,-8.415195946184866,-9.211749021732244,-10.040888362600594,-11.070193396339777,-11.238744033415259,-15.936435066563527,-14.99941440144085,0.9271910544588753,-0.7965530755473775,-0.8291393408683501,-1.029305033739183,-0.1685506370754819,-4.697691033148269,0.9370206651226773,-5.657027400797109,-4.958526038840256
4FGL J2115.8+6753,318.9543,67.8851,bcu,6.529582,1.858505,1.6415071,0.3350766,1.2773908e-12,8.988713,1.0544858e-08,8.1776447e-10,2.0517659e-16,1.8371715e-12,4.9749725e-11,1.6093257e-11,4.456992e-12,1.422088e-15,,-11.893676212634466,-7.976959264215374,-9.087371762470609,-15.687851026012993,-11.73585029803842,-10.303209315460359,-10.793356052959705,-11.350958144468013,-14.847070474356808,-1.1104124982552346,-6.600479263542384,3.952000727974573,1.4326409825780608,-0.49014673749934623,-0.5576020915083078,-3.4961123298887955,-6.8701112101414346,-3.1112201763183887
4FGL J2116.3+1015,319.0755,10.2529,bcu,3.4726918,2.4076197,2.2479753,0.48401493,7.709906e-13,11.006176,4.0601734e-11,7.597124e-15,2.0720783e-10,1.4981691e-10,1.0496663e-11,1.5650721e-14,2.5376859e-17,7.205629300000001e-16,,-12.112950911248678,-10.391455418272724,-14.119350213342017,-9.683593837411912,-9.824439164543376,-10.97894874537595,-13.80546537301516,-16.5953910290732,-15.142322057190484,-3.727894795069293,4.435756375930104,-0.1408453271314638,-1.154509580832574,-2.8265166276392097,-2.7899256560580383,1.4530689718827148,-4.75086663891776,-5.317882892647107
4FGL J2117.4+6159c,319.3703,61.9923,bcu,5.6175017,2.6769354,2.8907006,0.32037574,3.9045715e-12,7.993061,2.9291725e-10,8.546162e-09,1.9873234e-09,2.2117161e-10,2.7033284e-12,5.6985514e-12,1.4498675e-14,2.2293316e-24,,-11.408426618906537,-9.533255051795491,-8.068228879007288,-8.701731453770263,-9.655270620619104,-11.568101191449978,-11.244235529344744,-13.838671385567892,-19.99990319214922,1.4650261727882032,-0.633502574762975,-0.9535391668488415,-1.9128305708308737,0.32386566210523426,-2.594435856223148,-6.161231806581327,-10.466648140353728,-10.344632571530115
4FGL J2118.2+5752,319.5508,57.8703,bcu,6.2106285,2.5806837,2.6262183,0.12748268,4.7023817e-12,78.3744,8.001934e-09,8.820782e-09,1.6786911e-09,2.7321076e-10,3.3335255e-11,5.7844766e-12,1.0701469e-13,2.1931038e-15,,-11.327682120464539,-8.096805035005218,-8.054492911100104,-8.775029212083107,-9.563502200594652,-10.477096218234166,-11.237735930691848,-12.970556561656958,-14.658938832330797,0.04231212390511452,-0.720536300983003,-0.7884729885115451,-0.9135940176395145,-0.7606397124576816,-1.7328206309651097,-1.6883822706738396,-6.562133797325579,-5.0954366317361455
4FGL J2118.2-5419,319.5721,-54.3291,bcu,5.953277,1.8234701,1.8571533,-0.037957344,1.1481521e-12,19.58215,1.0472193e-13,2.0543256e-09,1.193286e-10,5.865748e-11,2.1732432e-11,1.1586101e-11,1.6589363e-12,2.9935705e-12,,-11.940000571731147,-12.97996232096942,-8.687330721848294,-9.923255454586746,-10.231676598724368,-10.662891670392675,-10.936062689552275,-11.780170287120011,-11.523810508106811,4.292631599121126,-1.235924732738452,-0.3084211441376219,-0.43121507166830675,-0.27317101915959974,-0.8441075975677368,0.2563597790132004,1.4561518128626094,-1.2921339093824429
4FGL J2119.4+4652c,319.8665,46.8708,bcu,6.1054916,2.0904543,1.9167358,0.5412694,1.5992768e-12,8.999704,1.7264576e-08,5.8529494e-13,2.6117658e-10,1.1272764e-11,8.997935e-11,2.358965e-11,1.7590505999999998e-23,5.0631663000000005e-22,,-11.79607636011175,-7.762844083003326,-12.232625223018221,-9.583065769312888,-10.947969584653594,-10.045857148401947,-10.62727850251641,-19.999236725153928,-19.978549514955937,-4.469781140014895,2.649559453705333,-1.3649038153407052,0.902112436251647,-0.5814213541144628,-9.371958222637518,0.020687210197991135,-12.21570543195261,-9.030579930302343
4FGL J2119.5-4541,319.8817,-45.6947,bcu,4.8450565,2.551056,2.547311,0.015031456,1.9311926e-12,10.553699,8.942835e-09,4.058782e-09,5.5428845e-10,1.1199268e-10,1.2837488e-11,4.4914975e-12,1.6026886000000002e-16,6.314457e-18,,-11.71417440913693,-8.04852478213446,-8.391604274313469,-9.256264170927986,-9.950810362465132,-10.891519949018289,-11.347608836747403,-15.795123755192858,-17.198976755848093,-0.3430794921790081,-0.8646598966145174,-0.694546191537146,-0.9407095865531563,-0.4560888877291145,-4.447514918445455,-1.4038530006552357,-9.150451973713633,-7.248166393382961
4FGL J2120.6-6114,320.161,-61.2396,fsrq,7.494725,2.4063127,2.3502114,0.10513425,2.0529153e-12,30.746723,3.8990233e-09,4.3253863e-09,6.4465505e-10,1.2301216e-10,2.7725223e-11,4.8685587e-12,7.132105300000001e-16,5.0178106e-17,,-11.687628966439599,-8.409044169522058,-8.363975099651004,-9.190672610870317,-9.910051955518211,-10.557124951883116,-11.312599588464437,-15.146776164182342,-16.299399193424723,0.04506906987105452,-0.8266975112193133,-0.7193793446478942,-0.6470729963649049,-0.7554746365813205,-3.8341765757179047,-1.1526230292423811,-7.890355023902664,-6.389347237906511
4FGL J2120.7+4428,320.1938,44.4813,bcu,4.728368,2.5519488,2.5497139,0.062036306,3.594504e-12,13.291774,3.6362073e-09,9.460183e-09,1.306499e-09,1.6243389e-10,3.8088796e-11,6.7414984e-12,1.8095584e-16,3.3073698000000003e-16,,-11.444361027556717,-8.439351365635957,-8.024100462422115,-8.883890918344084,-9.789323354966584,-10.419202755206667,-11.171243563573116,-15.742403396951946,-15.480504112598732,0.41525090321384184,-0.8597904559219689,-0.9054324366224993,-0.6298794002400836,-0.7520408083664485,-4.571159833378831,0.2618992843532144,-7.041152746962775,-5.691180757632148
4FGL J2127.5+7420,321.8937,74.3375,bcu,4.0980797,2.659363,2.5905175,0.19362321,2.6683991e-12,8.577899,3.302568e-09,3.853295e-09,9.857631e-10,1.5584987e-10,1.0983641e-11,1.7094791e-12,2.1170434e-15,4.802134e-16,,-11.573749212871109,-8.481148231480255,-8.414167741059098,-9.006227442787072,-9.807293555619822,-10.959253670046964,-11.767136201955518,-14.674268187312263,-15.318556681756549,0.06698049042115706,-0.5920597017279743,-0.8010661128327499,-1.1519601144271423,-0.8078825319085539,-2.907131985356745,-0.6442884944442859,-6.837408450276294,-5.511263126136727
4FGL J2127.5-5744,321.8986,-57.7406,bcu,5.389694,2.0892186,1.9750283,0.20682193,1.3042496e-12,15.195459,8.966772e-13,5.7864685e-10,1.6176552e-10,1.0456403e-10,3.2333025e-11,4.8227702e-12,1.628676e-12,2.5276305000000003e-16,,-11.884639284469397,-12.04736386815454,-9.237586406710996,-9.79111404184098,-9.980617686929262,-10.490353661806843,-11.316703430366415,-11.788165300629235,-15.597269231260707,2.8097774614435433,-0.5535276351299849,-0.18950364508828166,-0.5097359748775805,-0.826349768559572,-0.4714618702628197,-3.8091039306314727,-3.549905363106168,-5.616651544331445
4FGL J2128.7-1940,322.1952,-19.6735,bcu,4.1873393,2.0753129,1.7736526,0.1799853,8.91531e-13,5.2916,7.2100853e-10,8.2147333e-10,1.8981085e-10,3.730023e-11,2.4129974e-11,8.824891e-12,2.4441673e-18,1.1155427e-15,,-12.049863546220918,-9.14205959725788,-9.085406531824182,-9.721678965961456,-10.428288490127887,-10.61744314586244,-11.054290649571627,-17.610095834848522,-14.952509908321806,0.0566530654336983,-0.6362724341372736,-0.7066095241664314,-0.18915465573455315,-0.43684750370918657,-6.5558051852768955,2.657585926526716,-5.810450311063926,-4.524221418193919
4FGL J2130.0+2610,322.5079,26.1826,bcu,6.359903,2.2158487,2.1147785,0.11758297,2.0350698e-12,20.043877,9.677978e-09,2.6944498e-09,5.2956417e-10,1.3452378e-10,3.937726e-11,1.0014136e-11,8.660943e-16,3.0130132000000004e-16,,-11.691420688366149,-8.014215369464956,-8.56952990328404,-9.27608140667513,-9.871200937860376,-10.404754506682846,-10.999386514395932,-15.062429805226385,-15.52098455196028,-0.5553145338190841,-0.7065515033910899,-0.5951195311852455,-0.5335535688224695,-0.594632007713086,-4.0630432908304535,-0.4585547467338955,-7.506769182495324,-5.6497836140999045
4FGL J2133.6+8002,323.4049,80.0386,bcu,4.50656,1.8114055,1.6847441,0.43381068,4.789754e-13,14.68732,1.024082e-11,4.852396e-13,6.319119e-18,1.9258731e-18,2.3352336e-11,5.613241e-12,1.3290768e-12,1.1278476e-20,,-12.319686782150022,-10.989665266840682,-12.314043754997767,-17.19865673865039,-17.71312311488716,-10.631669669037557,-11.250786310521105,-11.876449919587577,-19.672059480159497,-1.3243784881570857,-4.884612983652621,-0.514466376236772,7.081453445849604,-0.619116641483549,-0.6256636090664713,-7.79560956057192,-8.682394213318815,-1.9589363652723364
4FGL J2136.5+4259,324.1411,42.9938,bcu,10.738797,2.6495,2.6092744,0.09310057,7.3245455e-12,249.31241,1.4924629e-08,1.3446412e-08,2.7796518e-09,3.0727243e-10,7.4747944e-11,6.1677297e-15,1.631761e-17,1.4478754e-16,,-11.135219318226108,-7.826096455860305,-7.871393586031641,-8.556009603652218,-9.512476405027277,-10.126400748386699,-14.209873963303256,-16.787077381691713,-15.839238816408905,-0.04529713017133652,-0.6846160176205762,-0.9564668013750595,-0.6139243433594217,-4.083473214916557,-2.577203418388457,0.9478385652828081,-8.0131423605486,-6.326762411381628
4FGL J2138.3-4933,324.5944,-49.5575,bcu,4.3943453,2.7814455,3.1002336,0.4847844,2.2829e-12,33.558422,3.9395607e-09,5.629931e-09,1.1835967e-09,5.856004e-11,3.772424e-12,2.1441438e-18,1.609036e-12,2.2488020000000002e-17,,-11.641513109997383,-8.404552203605492,-8.249496927794931,-8.926796254367645,-10.232398635226367,-11.423379499695532,-17.666725308715858,-11.793434236342678,-16.647855701484733,0.155055275810561,-0.6772993265727134,-1.3056023808587227,-1.1909808644691644,-6.243345809020326,5.8732910723731795,-4.854421465142055,-8.243303497879241,-6.415457066258366
4FGL J2139.1+3724,324.7882,37.4131,bcu,4.935351,2.6971576,2.757979,0.31513032,2.486767e-12,15.597889,1.351252e-12,1.2273594e-13,1.2828435e-09,1.8651522e-10,3.4320536e-13,5.174752e-15,5.724456e-17,4.5362456e-15,,-11.604364902712113,-11.86926364702105,-12.911028211520321,-8.891826321978707,-9.729285723122548,-12.464445925534514,-14.286109619680435,-16.24218991852568,-14.34330248265524,-1.041764564499271,4.019201889541614,-0.8374594011438408,-2.735160202411967,-1.8216636941459203,-1.9560802988452437,1.8988874358704386,-2.4740388356341896,-4.614016759532692
4FGL J2139.2-2214,324.8211,-22.2461,bcu,7.3082123,2.5783932,2.5622926,0.04459632,2.6250358e-12,12.04383,8.357142e-09,6.8121517e-09,8.4915935e-10,1.5711493e-10,2.3874965e-11,3.1706458e-12,1.2731355000000002e-16,1.5589858e-12,,-11.580864767694475,-8.077942218474583,-8.16671568928494,-9.071010804059615,-9.803782543713226,-10.622057256224847,-11.498852269910447,-15.895091261003616,-11.807157837772507,-0.08877347081035758,-0.9042951147746745,-0.7327717396536109,-0.8182747125116219,-0.8767950136855998,-4.396238991093169,4.087933423231108,-3.729215619297925,-2.003375294059282
4FGL J2139.2-2444,324.8232,-24.7454,fsrq,4.7609262,2.572517,2.5571685,0.021269623,1.8159465e-12,13.200027,9.46651e-10,3.819074e-09,6.157673e-10,8.0782166e-11,1.7146647e-11,6.1939867e-12,1.0060027e-16,4.7404607e-16,,-11.740896948080335,-9.023810101995345,-8.418041926469666,-9.210583377794444,-10.09268450628389,-10.765820792672088,-11.208029730813243,-15.997357685515885,-15.324170288175141,0.6057681755256787,-0.7925414513247784,-0.8821011284894453,-0.673136286388198,-0.4422089381411549,-4.789327954702642,0.6731873973407438,-6.300360186179796,-5.2314857818912515
4FGL J2139.9+3910,324.9929,39.1711,bcu,4.0891924,2.764028,2.757894,0.03418878,3.006955e-12,26.733158,1.1326994e-08,7.9282785e-09,1.1720105e-09,8.8301685e-11,1.255511e-11,1.3971682e-12,1.5212452e-12,4.0738758e-14,,-11.52187306975612,-7.945885329538257,-8.100821102607899,-8.93106849746812,-10.054031008952865,-10.901179477572592,-11.854751304496348,-11.817800776238522,-13.389992108838358,-0.15493577306964212,-0.8302473948602209,-1.1229625114847455,-0.8471484686197268,-0.9535718269237563,0.036950528257825965,-1.5721913325998358,-5.4441067793001015,-3.335961099885493
4FGL J2142.1+4501,325.5291,45.0182,bcu,7.582013,1.8735083,1.6536686,0.24290341,1.3337092e-12,16.592867,1.20694645e-08,1.2082265e-13,5.8007522e-11,4.5309315e-11,4.188516e-11,1.858806e-11,3.5411216e-12,6.644628e-17,,-11.87493884977389,-7.918311998324347,-12.91785160718787,-10.236515686512565,-10.343812503471352,-10.377939821123402,-10.730765934107426,-11.450859158346365,-16.177463972727622,-4.9995396088635236,2.6813359206753056,-0.10729681695878668,-0.03412731765205024,-0.3528261129840242,-0.7200932242389388,-4.726604814381258,-8.259151974403276,-5.833651469256271
4FGL J2144.8-1817,326.2132,-18.2988,bcu,5.8344073,2.0233593,1.9560013,0.052571345,1.3370812e-12,20.328619,2.081727e-09,1.413053e-13,2.4286237e-10,1.0479588e-10,1.977515e-11,1.0582883e-11,2.6180536e-12,1.3486535e-17,,-11.873842214290903,-8.681576224951842,-12.849841517837438,-9.61463977116864,-9.979655791055484,-10.703880213354022,-10.975396004817624,-11.582021464626823,-16.86977771472964,-4.1682652928855966,3.235201746668798,-0.36501601988684307,-0.7242244222985388,-0.2715157914636013,-0.6066254598091998,-5.287756250102817,-8.188201489777798,-6.890121923674156
4FGL J2146.8+0425,326.708,4.4266,bcu,6.411876,2.7564957,2.7159286,0.09384005,2.9798124e-12,30.804974,1.1199911e-08,3.5082062e-09,1.1543175e-09,1.346419e-10,9.815151e-12,4.389221e-12,5.479968e-18,1.4822682e-19,,-11.525811075476161,-7.950785428433222,-8.454914888255058,-8.937674720177519,-9.870819768407483,-11.008103014219328,-11.357612550618486,-17.2604301869641,-18.80071990016338,-0.5041294598218355,-0.4827598319224613,-0.9331450482299637,-1.1372832458118456,-0.3495095363991574,-5.902817636345615,-1.5402897131992788,-10.849934471730158,-8.929900131755897
4FGL J2149.1+6104,327.2897,61.0705,bcu,8.512004,2.7850373,2.897773,0.2927998,6.7186105e-12,24.295162,1.3078957e-08,1.6968485e-08,2.9504543e-09,3.0836317e-10,2.7501118e-11,1.636016e-13,2.6475598e-16,7.431046e-16,,-11.172720535016936,-7.883426888060768,-7.770356931135893,-8.530111107819486,-9.510937498379151,-10.560649650325953,-12.786212426760812,-15.577137818505149,-15.12894420601095,0.11306995692487476,-0.7597541766835931,-0.980826390559665,-1.0497121519468013,-2.2255627764348596,-2.790925391744336,0.4481936124941992,-7.245517317950181,-5.618006707631798
4FGL J2151.4+4156,327.8604,41.9409,bll,16.289658,1.9966658,1.7039059,0.27443355,3.5503612e-12,26.253952,1.6738138e-08,3.5011666e-13,3.6620385e-10,2.7416888e-10,1.3687271e-10,4.2409246e-11,4.60008e-12,7.0875995e-16,,-11.449727460035168,-7.776292855858766,-12.455787210809774,-9.436277094143255,-9.561981842059051,-9.863683133849342,-10.37253944875244,-11.33723461449249,-15.149494703685667,-4.679494354951008,3.0195101166665186,-0.12570474791579578,-0.30170129179029104,-0.5088563149030971,-0.96469516574005,-3.8122600891931775,-7.373201847826901,-5.587512861626616
4FGL J2151.7-2749,327.9251,-27.8234,fsrq,6.1676145,2.6181073,2.5269053,0.15191416,3.03657e-12,38.068756,1.1199647e-08,6.351743e-09,1.0761729e-09,1.8674848e-10,1.7793232e-11,5.465265e-13,3.2403447000000004e-16,4.4924245e-16,,-11.517616701498055,-7.950795665576583,-8.197107082359219,-8.968117948476388,-9.728742924323573,-10.749745158345535,-12.262388767168112,-15.489395385625667,-15.347509545785869,-0.24631141678263635,-0.7710108661171695,-0.7606249758471844,-1.021002234021962,-1.512643608822577,-3.2270066184575548,0.14188583983979797,-7.396713880209286,-5.618766621462296
4FGL J2155.2+2249,328.8129,22.8327,fsrq,10.207195,2.593416,2.5189154,0.116066694,3.9491774e-12,136.21863,1.3929081e-08,7.1864927e-09,1.2357575e-09,2.3863184e-10,3.4027406e-11,4.2570022e-13,3.5370047e-16,1.9519436000000003e-16,,-11.403493355892886,-7.856077536109455,-8.143483011239306,-8.908066745056486,-9.622271610045003,-10.468171156942452,-12.370896115179443,-15.45135208466948,-15.709510486347634,-0.2874054751298516,-0.7645837338171795,-0.7142048649885169,-0.8458995468974493,-1.9027249582369912,-3.0804559694900373,-0.25815840167815374,-7.8534329502381794,-6.0872388763026315
4FGL J2155.3+6602,328.8341,66.0359,bcu,6.6988215,2.697208,2.8655314,0.19860534,4.574886e-12,17.655794,3.1701052e-08,9.091565e-09,2.1413171e-09,1.8866478e-10,3.8431314e-11,1.8838255e-14,2.1684225e-17,1.3227863e-15,,-11.339619722547202,-7.498926325472517,-8.04136135194121,-8.669319014822701,-9.724309166474905,-10.415314766263307,-13.724959098126138,-16.663655859903763,-14.878507028523854,-0.5424350264686932,-0.6279576628814905,-1.0549901516522038,-0.6910055997884026,-3.309644331862831,-2.9386967617776243,1.7851488313799084,-7.379580703051337,-5.1541978620489495
4FGL J2157.0+1002,329.2659,10.0337,fsrq,4.2601237,2.6275923,2.4731889,0.34441882,1.3764868e-12,7.2849913,3.780362e-09,1.4822654e-12,7.4558676e-10,1.2747371e-10,1.4572447e-11,6.907435600000001e-16,2.9265852e-15,3.8914316e-15,,-11.86122794581926,-8.422466610988364,-11.82907402592604,-9.127501812705646,-9.89457937424869,-10.836467515236958,-15.160676868142364,-14.533637344038366,-14.409889482750366,-3.4066074149376764,2.7015722132203948,-0.7670775615430436,-0.9418881409882687,-4.324209352905406,0.6270395241039974,0.12374786128800075,-5.987422871762002,-4.5153101085016765
4FGL J2158.5-7550,329.6348,-75.8359,bcu,5.574963,2.3336318,2.3303382,0.00090358517,1.8965801e-12,18.994354,1.5409345e-08,8.293107e-11,8.05099e-10,7.964733e-11,4.233883e-11,1.2188741e-12,5.2553897e-19,1.3675766e-12,,-11.722028808328364,-7.812215821302801,-10.081282731139556,-9.094150712781863,-10.098828778323105,-10.373261147431899,-11.914041147667644,-18.27120892102229,-11.864048335657543,-2.269066909836755,0.987132018357693,-1.004678065541242,-0.2744323691087942,-1.5407800002357455,-6.357167773354645,6.407160585364746,-4.051832514354742,-1.7652195573344382
4FGL J2200.6+0232,330.1565,2.5362,fsrq,7.790198,2.5824058,2.572974,0.0337699,3.0425866e-12,27.375654,7.716962e-11,4.920456e-09,1.0867713e-09,1.3657682e-10,2.7616381e-11,6.900227e-12,1.3463605e-12,1.8717898e-17,,-11.516757050333819,-10.112553638249029,-8.307994647413276,-8.963861839164588,-9.864623003406948,-10.558833234170306,-11.161136621209327,-11.870838635104578,-16.727510964655185,1.804558990835753,-0.6558671917513124,-0.9007611642423594,-0.6942102307633586,-0.6023033870390204,-0.7097020138952512,-4.856672329550607,-6.614957326406156,-6.862887961248237
4FGL J2201.0-5907,330.2553,-59.1167,bcu,5.95236,1.9764185,1.9225298,0.17833701,1.1136972e-12,11.345844,1.3047418e-13,1.3598621e-14,9.323952e-11,9.385782e-11,2.7935845e-11,2.4093717e-12,2.7791632e-12,6.179269000000001e-23,,-11.95323286831898,-12.884475390618295,-13.866504810679189,-10.030399970860866,-10.027529537153383,-10.55383818746366,-11.618096193298188,-11.556085947961364,-19.997324634984487,-0.9820294200608934,3.836104839818322,0.002870433707483855,-0.526308650310277,-1.0642580058345281,0.062010245336823644,-8.441238687023123,-7.112849244366192,-9.969795097831105
4FGL J2201.5+2950,330.3958,29.8469,bcu,7.016649,2.1046553,1.9935017,0.12311029,1.8042562e-12,19.474257,3.854411e-11,6.2681403e-13,5.1412613e-10,8.700625e-11,4.9264655e-11,7.515084e-12,2.735789e-12,6.11993e-19,,-11.743701791246156,-10.414041977809935,-12.202861284337722,-9.28893032293559,-10.060449549135848,-10.307464554136365,-11.124066160136888,-11.56291739939566,-18.20621450289516,-1.7888193065277864,2.913930961402132,-0.7715192262002581,-0.24701500500051665,-0.816601606000523,-0.43885123925877245,-6.643297103499501,-7.792172525085226,-8.145764953759313
4FGL J2201.8+5048,330.4532,50.8053,fsrq,48.702934,2.6801965,2.5924618,0.16013855,3.4443542e-11,4187.405,1.1719356e-07,6.2589095e-08,1.4899485e-08,1.8607552e-09,1.956444e-10,1.0916506e-11,6.738253e-16,1.3540025e-15,,-10.46289219414345,-6.931096252936562,-7.2035013280335916,-7.8268287426963985,-8.73031075866822,-9.708532578530294,-10.961916341794966,-15.17144624150918,-14.868377326303781,-0.27240507509702994,-0.623327414662807,-0.9034820159718207,-0.9782218198620747,-1.2533837632646723,-4.209529899714214,0.30306891520539914,-7.937281073367219,-6.138066567635562
4FGL J2201.9-1706,330.4866,-17.1065,bll,6.9207573,1.6595788,1.6966089,-0.06593135,1.023529e-12,12.716653,4.491178e-09,4.712923e-10,3.3063927e-10,6.541093e-11,1.255683e-14,1.2250445e-11,7.3596025e-12,2.0353712e-12,,-11.989899843568772,-8.347639732091553,-9.326709655700762,-9.480645566566714,-10.184349676042476,-13.901119639518468,-10.911848134819689,-11.133145641148278,-11.691356372801106,-0.9790699236092095,-0.15393591086595215,-0.7037041094757619,-3.7167699634759916,2.9892715046987792,-0.22129750632858958,-0.558210731652828,-3.3437166407095535,-1.50700669675863
4FGL J2202.8-2328,330.7225,-23.472,fsrq,4.287818,2.5831287,2.8202977,0.47525832,1.2872294e-12,24.276995,6.9887065e-12,3.5454548e-10,8.147147e-10,8.84031e-11,4.8271885e-13,3.3921691e-12,4.0952463e-15,5.1760625e-15,,-11.890344046243706,-11.155603197294642,-9.450328046939362,-9.088994447583268,-10.053532505420964,-12.316305732807747,-11.469522504968062,-14.387718912904173,-14.285999649238617,1.7052751503552805,0.36133359935609377,-0.9645380578376965,-2.2627732273867824,0.8467832278396852,-2.9181964079361116,0.10171926366555617,-3.130396451943975,-4.232467143817653
4FGL J2203.6+6751,330.9093,67.8529,bcu,5.1236424,2.6554804,2.7269492,0.14311105,3.2550445e-12,10.219568,4.160242e-11,1.00262225e-08,1.3250637e-09,1.5801442e-10,2.1012048e-11,1.4061621e-12,6.0265873e-15,2.3540359000000003e-16,,-11.487443068442879,-10.380881405757384,-7.998862661836036,-8.877763243313687,-9.801303278583479,-10.677531615557191,-11.851964608604916,-14.219927827319356,-15.628168469735371,2.382018743921348,-0.8789005814776516,-0.9235400352697916,-0.8762283369737123,-1.1744329930477253,-2.36796321871444,-1.4082406424160148,-5.247287063977987,-5.826865191151892
4FGL J2205.0+7432,331.2719,74.5462,bcu,6.4394274,2.2240841,2.5532327,0.40448877,1.4269292e-12,79.54853,2.495589e-12,2.5823668e-14,3.4444966e-10,2.5138064e-10,2.6715505e-11,2.7990073e-12,1.1711375e-12,1.9631746e-12,,-11.845597571712934,-11.602826935570471,-13.587981902218829,-9.462874239583204,-9.599668172396225,-10.573236611824203,-11.55299596731143,-11.93139210891735,-11.707041071369414,-1.9851549666483574,4.1251076626356245,-0.13679393281302055,-0.9735684394279787,-0.9797593554872268,-0.3783961416059203,0.22435103754793673,-0.10421413579894256,-2.107372898973189
4FGL J2207.0+3607,331.7735,36.1241,bcu,6.121782,1.9867185,1.9120319,0.09665342,1.4831436e-12,12.345804,2.1144435e-09,4.0219442e-12,1.760298e-10,9.242328e-11,2.1283723e-11,1.9691804e-11,1.9278425e-17,1.4411006e-12,,-11.828816795019554,-8.67480391513364,-11.395563957970305,-9.754413804433744,-10.034218622865936,-10.67195240169297,-10.705714495355055,-16.7147032333066,-11.841305697990636,-2.7207600428366643,1.641150153536561,-0.27980481843219174,-0.6377337788270339,-0.03376209366208549,-6.008988737951546,4.873397535315965,-3.1665017828569955,-1.8070870751247003
4FGL J2207.2-2122,331.8099,-21.3724,fsrq,4.105916,2.6486511,2.5039809,0.16032098,1.573888e-12,13.801697,1.2339478e-09,3.4083971e-09,4.3940337e-10,1.08839986e-10,8.18964e-12,8.187219e-15,1.7361792e-19,4.067878e-16,,-11.803026173101069,-8.908703211977912,-8.467449812879378,-9.35713661657542,-9.963211522715325,-11.08673518799619,-14.086863062053892,-18.736084936547968,-15.390621404447533,0.44125339909853345,-0.8896868036960424,-0.606074906139904,-1.1235236652808656,-3.0001278740577018,-4.649221874494076,3.3454635321004353,-6.481918192469621,-5.427409881732208
4FGL J2208.1-4507,332.0443,-45.1261,bcu,4.4397182,1.9878563,1.9396194,0.031551383,8.0380093e-13,14.362683,5.0737086e-09,1.9780038e-13,1.1904146e-10,5.395596e-11,1.8164739e-11,5.2619406e-12,5.327882e-14,3.0319613000000003e-16,,-12.094851490260712,-8.294674479377159,-12.703772856446216,-9.924301755265954,-10.267960575883912,-10.740770837676362,-11.278854057978716,-13.273445320814538,-15.518262022702707,-4.409098377069057,2.7794711011802615,-0.34365882061795716,-0.4728102617924499,-0.5380832203023544,-1.9945912628358222,-2.244816701888169,-7.223587543325548,-5.250301446818796
4FGL J2210.5+3623,332.626,36.39,bcu,5.1495137,2.2232683,2.2301056,-0.037921637,1.3699432e-12,7.533883,2.276684e-08,1.481485e-09,6.17233e-10,8.722272e-11,6.0664273e-12,9.273077e-12,2.9024801e-12,1.4955025999999998e-18,,-11.863297435832518,-7.642697244562523,-8.829302741379923,-9.209550862681604,-10.059370374129978,-11.217067001898917,-11.032776133522416,-11.537230747695105,-17.822318490124868,-1.1866054968173998,-0.3802481213016815,-0.8498195114483735,-1.1576966277689387,0.18429086837650033,-0.5044546141726887,-6.285087742429763,-10.179621245562345,-7.76294811599489
4FGL J2210.9-0026,332.7469,-0.4471,bll,4.5722504,2.0430508,1.9296634,0.11037241,1.4145675e-12,14.862591,4.4187525e-09,3.7160544e-09,3.178927e-11,8.99979e-11,3.4144472e-11,5.477093e-12,6.413227e-12,1.268331e-16,,-11.849376321080207,-8.354700323146949,-8.429917936914341,-10.497719444852414,-10.045767624168557,-10.46667959856767,-11.261449883977772,-11.192923387020945,-15.896733152513429,-0.07521761376739278,-2.067801507938073,0.451951820683858,-0.42091197439911276,-0.7947702854101024,0.06852649695682622,-4.703809765492483,-7.54203282936648,-5.850965528344872
4FGL J2211.9+0821,332.9864,8.3509,bcu,5.6564765,2.5066636,2.505394,0.00062907115,2.0516369e-12,6.822394,5.493299e-13,6.6212262e-09,5.4767685e-10,1.2387964e-10,1.6920921e-11,4.6612536e-12,3.0178133e-17,1.1940594499999998e-17,,-11.687899496355586,-12.260166753801665,-8.179061575124559,-9.261475616064818,-9.90700006535834,-10.771576001895411,-11.33149726728256,-16.520163745303176,-16.922610489557066,4.081105178677106,-1.0824140409402592,-0.6455244492935215,-0.8645759365370722,-0.5599212653871479,-5.188666478020616,-0.40244674425388993,-4.662443735755401,-7.0156104241987265
4FGL J2213.9+5948c,333.4995,59.8056,bcu,3.422834,2.4325795,2.510255,0.087526664,3.5086482e-12,17.697039,8.3978303e-11,8.117454e-09,1.3970365e-09,2.2444953e-10,3.9163207e-11,5.688876e-12,4.1387705e-13,1.6189901e-12,,-11.454860173567067,-10.075832905607095,-8.090580163755048,-8.854792247038393,-9.648881299659866,-10.407121751758625,-11.244973531649634,-12.383128644610382,-11.790755804233374,1.9852527418520474,-0.7642120832833452,-0.794089052621473,-0.7582404520987591,-0.8378517798910092,-1.1381551129607477,0.5923728403770081,-1.7149228986262788,-2.141874504573508
4FGL J2215.4+6105,333.8724,61.0863,bcu,4.832701,2.648941,2.7055373,0.21256612,4.292039e-12,14.09954,8.3095086e-11,6.730424e-09,2.0427195e-09,2.7934502e-10,4.342828e-11,6.2506527e-13,1.3849519e-15,1.1761061e-17,,-11.367336339420264,-10.080424658307857,-8.171957575439569,-8.689791265262508,-9.55385906656784,-10.362227370659829,-12.204074623834657,-14.858562173781738,-16.929184389690306,1.9084670828682881,-0.5178336898229396,-0.8640678013053318,-0.8083683040919887,-1.8418472531748282,-2.6544875499470812,-2.0706222159085677,-6.848759731382449,-7.375325323122466
4FGL J2221.8+3358,335.4661,33.9753,bcu,5.1634583,2.1928737,2.1285474,0.06904237,1.3052521e-12,15.298048,1.1994932e-09,1.51262e-09,3.0247335e-10,8.34693e-11,2.296768e-11,6.282539e-12,1.5643673e-12,5.421272e-22,,-11.884305596059697,-8.921002209727417,-8.820270161617712,-9.519312883667569,-10.078473228562602,-10.638882871141092,-11.201864806074003,-11.805661267914836,-19.977071747946063,0.10073204810970537,-0.6990427220498567,-0.5591603448950337,-0.5604096425784899,-0.5629819349329104,-0.6037964618408331,-8.171410480031227,-11.056069538218646,-9.89859851938346
4FGL J2222.8+1209,335.7098,12.1568,bcu,7.975287,2.3642542,2.2098076,0.18194155,1.9759639e-12,59.61063,5.19599e-10,1.0087622e-09,6.659864e-10,1.9498625e-10,4.8731744e-11,1.9970888000000002e-17,1.681567e-19,6.200677999999999e-19,,-11.704220991849093,-9.284331693416094,-8.996211199863447,-9.176534639389635,-9.70999601302378,-10.312188045824408,-16.699385214561982,-18.749197840344603,-18.20061271470268,0.2881204935526469,-0.18032343952618746,-0.5334613736341449,-0.6021920328006285,-6.387197168737574,-2.0498126257826215,0.5485851256419245,-8.916281021286585,-8.4906167016789
4FGL J2223.0+6746,335.7737,67.7729,bcu,4.30036,2.4773943,2.4701912,0.15098745,2.7398455e-12,8.1058,2.5839011e-10,6.644148e-09,1.0548646e-09,2.0170111e-10,3.2453398e-11,2.8071297e-15,1.3183266e-12,1.4886452e-17,,-11.562273924787668,-9.587724113162563,-8.177560702097859,-8.97680328182817,-9.695291711753068,-10.48873982398744,-14.551735973746244,-11.879976981738569,-16.82691715845406,1.4101634110647048,-0.7992425797303113,-0.7184884299248981,-0.7934481122343726,-4.062996149758803,2.6717589920076747,-4.94694017671549,-7.239193045291495,-7.1316254467009905
4FGL J2223.4+5814,335.8733,58.2385,bcu,5.8852487,2.816053,3.079486,0.43475476,8.04678e-12,5.8257713,3.6752674e-08,1.4212185e-08,3.945749e-09,3.5503403e-10,1.7238818e-11,6.111105500000001e-16,1.1059649e-12,2.7504714e-15,,-11.094377871638008,-7.434711057635523,-7.84733914793471,-8.403870544876451,-9.449730017825882,-10.763492515154734,-15.213873112121204,-11.956258652086587,-14.560591287600118,-0.41262809029918657,-0.5565313969417414,-1.0458594729494308,-1.3137624973288524,-4.45038059696647,3.257614460034617,-2.604332635513531,-7.125880229964595,-5.110861269774237
4FGL J2224.3+7737,336.0901,77.6201,bcu,6.1139607,2.6518397,2.4688237,0.36151382,2.1726516e-12,9.178006,6.6379224e-10,1.7613998e-09,9.478204e-10,2.1611121e-10,1.1906652e-11,9.488903e-13,1.0558256e-12,1.9057648e-16,,-11.663009908279049,-9.1779678289695,-8.75414205730276,-9.023273948183114,-9.665322705031539,-10.924210339103942,-12.022783988326166,-11.976407808003946,-15.719907910988642,0.4238257716667402,-0.26913189088035416,-0.6420487568484248,-1.2588876340724031,-1.0985736492222244,0.046376180322219795,-3.7435001029846955,-6.541940082019142,-6.054585205957103
4FGL J2226.5+6901c,336.6294,69.0208,bcu,8.509948,1.9028639,1.8290339,0.076973505,2.0671052e-12,11.740665,1.9979726e-10,3.5336564e-13,4.2553092e-10,1.0673639e-10,4.0545376e-11,1.9299699e-11,2.222429e-12,2.6140442e-12,,-11.68463741840918,-9.69941047191933,-12.45177566971467,-9.371068877643216,-9.971687489795961,-10.392058667663624,-10.71444946401375,-11.653172102599669,-11.582687071691709,-2.7523651977953403,3.080706792071455,-0.6006186121527453,-0.4203711778676631,-0.3223907963501258,-0.9387226385859186,0.07048503090796032,-1.883276599772378,-1.6109995818957472
4FGL J2228.0-1918,337.0028,-19.3026,bcu,4.961005,2.5632737,2.5892246,-0.04619178,1.7012347e-12,24.652452,1.6393772e-08,2.643094e-09,5.5289423e-10,9.472997e-11,7.430025e-12,6.1576113e-12,1.556222e-12,2.0345015e-17,,-11.769235765031794,-7.78532110925343,-8.577887391177901,-9.257357942323686,-10.023512600185505,-11.12900972437042,-11.21058772875693,-11.80792844665215,-16.69132857324455,-0.7925662819244712,-0.6794705511457853,-0.7661546578618186,-1.1054971241849145,-0.08157800438651108,-0.5973407178952197,-4.8834001265924005,-8.90600746399112,-6.667815973059046
4FGL J2228.0-4155,337.0038,-41.9324,bcu,5.8617406,1.891721,1.8643874,0.06771875,9.655902e-13,16.61115,3.7340106e-10,4.7945974e-15,7.309073e-11,8.743809e-11,1.3811968e-11,8.435086e-12,3.6774537e-12,8.334273999999999e-20,,-12.015207146146551,-9.427824453511096,-14.319246948658938,-10.136137700481173,-10.058299337645467,-10.85974443619404,-11.073910484683873,-11.43445278525389,-19.029919454903457,-4.891422495147841,4.1831092481777645,0.07783836283570622,-0.801445098548573,-0.21416604848983312,-0.36054230057001746,-7.595466669649566,-9.60209500139236,-8.97162011725799
4FGL J2229.5+2549,337.3959,25.819,bcu,4.3312016,2.3746047,2.160553,0.17838754,1.2256189e-12,21.293827,8.988941e-09,8.1207974e-10,2.7388003e-10,6.000134e-11,3.110998e-11,1.971573e-12,8.78376e-17,8.382989e-16,,-11.911644546956497,-8.046291470106896,-9.090401324273552,-9.56243963321754,-10.221839050408853,-10.507100267951067,-11.705187135784254,-16.056270098949497,-15.07659592308097,-1.0441098541666562,-0.4720383089439881,-0.6593994171913131,-0.2852612175422138,-1.1980868678331866,-4.3510829631652435,0.9796741758685279,-7.0303044529740735,-4.854756872672116
4FGL J2231.6+2754,337.9043,27.906,bcu,5.899574,1.7939874,1.6031353,0.17522426,9.862179e-13,11.765366,5.5343854e-09,1.2330368e-09,1.5574094e-11,5.2009726e-11,1.4176437e-11,1.2792412e-11,4.474113e-12,1.5228697e-15,,-12.00602711482096,-8.256930601019121,-8.909023961682628,-10.80759720809749,-10.283915434105547,-10.848432907469848,-10.893047561551693,-11.349293050413829,-14.81733440243526,-0.6520933606635069,-1.8985732464148626,0.5236817739919442,-0.564517473364301,-0.04461465408184573,-0.4562454888621357,-3.46804135202143,-6.560403801416138,-4.533418968329713
4FGL J2232.3+7616,338.0921,76.267,bcu,4.5361013,2.2019112,2.185855,0.08272911,1.1071341e-12,13.916444,7.0208945e-09,1.4011693e-10,2.8160782e-10,8.652714e-11,1.6511943e-11,3.102016e-12,3.1382397e-12,1.25832965e-17,,-11.955799768728099,-8.153607552874417,-9.853509386729185,-9.550355289373547,-10.062847650825615,-10.782201818992153,-11.508355965053454,-11.50331388651256,-16.899860571372344,-1.6999018338547671,0.3031540973556375,-0.5124923614520682,-0.7193541681665376,-0.726154146061301,0.005042078540894224,-5.396546684859784,-8.746253018497926,-6.837012920546728
4FGL J2232.3+6246,338.0988,62.775,bcu,6.5726333,2.5547829,2.6168003,0.10016041,6.496684e-12,6.4506764,5.6134465e-11,7.856465e-09,2.356927e-09,3.7680215e-10,7.139581e-11,7.993824e-13,4.06907e-13,1.6598856e-12,,-11.18730825622227,-10.250770412045744,-8.10477281990517,-8.627653868465833,-9.423886627814364,-10.146327274819498,-12.097245412398136,-12.390504828263957,-11.779921840066898,2.1459975921405743,-0.522881048560663,-0.7962327593485305,-0.7224406470051346,-1.950918137578638,-0.2932594158658208,0.6105829881970593,-1.5291514280211533,-2.356035212252534
4FGL J2237.4+5124,339.3732,51.415,bcu,7.6075315,2.2422721,2.2037187,0.08383014,2.5441595e-12,16.948662,9.215352e-13,8.159257e-14,4.3127138e-10,2.1465696e-10,4.3867434e-11,6.4362036e-12,1.9611914e-12,1.8576862e-15,,-11.594455663408398,-12.035488066612487,-13.088349334035064,-9.365249361506594,-9.668255025447143,-10.357857768555844,-11.191370225402599,-11.707480017627455,-14.731025307269917,-1.0528612674225766,3.7230999725284697,-0.3030056639405494,-0.6896027431087006,-0.8335124568467549,-0.5161097922248565,-3.0235452896424615,-2.69553724065743,-5.0627702818227736
4FGL J2239.5-2440,339.8896,-24.6705,bcu,4.7821474,1.5937794,1.5262966,0.09807161,6.2314514e-13,12.589726,1.1296565e-10,2.0448646e-14,5.4192494e-11,5.7365766e-13,1.2059938e-11,1.2701642e-11,3.1198063e-17,1.8506514e-12,,-12.20541078078588,-9.947053594383616,-13.689335230980111,-10.26606086172323,-12.241347195374079,-10.91865492453286,-10.896140131816793,-16.505733185981168,-11.732675377557513,-3.742281636596495,3.423274369256882,-1.9752863336508497,1.3226922708412197,0.022514792716066268,-5.609593054164375,4.773057808423655,-1.7856217831738963,0.5086718178165661
4FGL J2240.4+5133,340.1126,51.5608,bcu,10.822039,2.498965,2.5580747,0.18737677,4.1845897e-12,84.26189,1.1058082e-08,6.579549e-09,1.9543482e-09,3.38284e-10,5.5497607e-11,2.5624169e-12,1.6880449e-15,3.135327e-15,,-11.378347117221045,-7.956320193921625,-8.181803874398167,-8.708998056855307,-9.470718542772744,-10.255725742728815,-11.591350208321968,-14.772613433078055,-14.503715772417138,-0.22548368047654144,-0.5271941824571407,-0.7617204859174365,-0.7850071999560715,-1.3356244655931526,-3.181263224756087,0.268897660660917,-6.547395578495513,-5.032997229644394
4FGL J2240.9-1825,340.2383,-18.4319,bcu,2.9118433,2.3,2.462794,0.2056246,8.58806e-13,25.249846,1.0376523e-11,6.3350362e-12,4.096507e-10,6.764424e-11,8.72774e-12,1.6403095e-12,2.3223757e-13,5.3796604e-17,,-12.06610492499417,-10.983948146539186,-11.198250898419333,-9.387586298682724,-10.16976917819975,-11.059098199393144,-11.785074197194628,-12.634067502659168,-16.269164417554,-0.21430275188014747,1.8106645997366098,-0.7821828795170269,-0.8893290211933937,-0.7259759978014841,-0.8489933054645391,-3.635096914894831,-5.2852162710148125,-6.099395239354248
4FGL J2241.1-4122,340.2789,-41.3771,bcu,4.904166,1.9306123,1.8357903,0.07963047,7.2321077e-13,9.540468,2.714094e-12,1.1263236e-09,2.0444826e-10,2.1702633e-11,1.1612672e-11,9.808776e-12,1.7193047e-12,8.678246e-17,,-12.140735108998923,-11.566375113449627,-8.948336815960639,-9.689416581227382,-10.66348757341668,-10.935067840064775,-11.008385182759469,-11.76464714708013,-16.061518002042718,2.6180382974889884,-0.7410797652667434,-0.9740709921892972,-0.27158026664809576,-0.07331734269469337,-0.756261964320661,-4.296870854962588,-4.49514288859309,-5.398030428626038
4FGL J2241.5+0454,340.3846,4.9045,bcu,5.981707,1.8884617,1.8884174,-0.00097284804,1.3353094e-12,21.597721,1.0848186e-10,5.654673e-14,3.2886874e-11,1.1471213e-10,1.2445439e-11,1.2856642e-11,7.287601e-12,4.0452678e-19,,-11.874418090489558,-9.964642877079942,-13.2475924277115,-10.482977405469224,-9.940390656049285,-10.904989779147174,-10.890872448749489,-11.137415412640257,-18.382447407138958,-3.2829495506315567,2.7646150222422747,0.5425867494199395,-0.964599123097889,0.014117330397684924,-0.2465429638907679,-7.245031994498701,-8.417804530059016,-8.442056751089673
4FGL J2243.5+3220,340.8795,32.3407,bcu,4.0853105,1.8880616,1.863741,0.2179779,7.547193e-13,10.79922,1.8496067e-08,7.7793777e-10,3.0899288e-15,6.4841715e-11,2.4158304e-11,4.0305302e-12,1.4984686e-12,1.3165765e-15,,-12.122214538150697,-7.732920610071744,-9.10905514237046,-14.51005012222096,-10.188145506939973,-10.61693355783866,-11.394637819335086,-11.824352350246913,-14.880550602385034,-1.3761345322987157,-5.4009949798505,4.321904615280987,-0.428788050898687,-0.7777042614964262,-0.4297145309118271,-3.0561982521381204,-7.1476299923132895,-4.692405095445061
4FGL J2245.8-5609,341.4548,-56.1533,fsrq,4.9845443,2.1182542,2.1469674,-0.0458549,9.302601e-13,13.25748,1.0315623e-12,2.3997132e-10,4.2073225e-10,3.9882406e-11,1.2445815e-11,3.536808e-12,4.9845275e-12,8.735026e-16,,-12.031395601399572,-11.98650453398083,-9.619840659562048,-9.375994197123541,-10.399218649624496,-10.904976658496436,-11.451388514530914,-11.302376002753535,-15.058730826146412,2.366663874418782,0.2438464624385066,-1.0232244525009548,-0.5057580088719398,-0.546411856034478,0.14901251177737862,-3.7563548233928774,-3.072226292165583,-4.6595121765219165
4FGL J2246.5-1204,341.6311,-12.0807,fsrq,9.2463,2.7856781,2.7434154,0.14320607,5.822904e-12,92.76886,1.2633977e-10,7.3604096e-09,2.1006024e-09,2.892843e-10,7.372317e-12,4.072639e-12,9.426042e-15,2.0974731000000002e-17,,-11.234860369134791,-9.898459918034328,-8.133098016902391,-8.677656142654758,-9.538675135671214,-11.132395998367013,-11.390124083140853,-14.025670168729707,-16.678096593570167,1.7653619011319375,-0.5445581257523671,-0.8610189930164562,-1.5937208626957986,-0.2577280847738397,-2.635546085588855,-2.65242642484046,-6.779636675535839,-7.139421457898953
4FGL J2247.1+4658,341.7781,46.9755,bcu,3.3648798,2.275301,2.1464531,0.23694211,1.2314027e-12,18.686161,5.0793637e-11,3.0820737e-13,3.36203e-10,8.011769e-11,2.5800948e-11,1.509408e-12,3.7279595e-13,8.266608e-20,,-11.90959989497326,-10.294190688986285,-12.511156966347958,-9.473398415578357,-10.096271580975724,-10.588364336364373,-11.821193349660925,-12.428528802753716,-19.033079208300535,-2.2169662773616725,3.0377585507696008,-0.6228731653973671,-0.49209275538864894,-1.232829013296552,-0.6073354530927908,-6.604550405546819,-8.73888851931425,-8.93680762732481
4FGL J2247.5-3700,341.8965,-37.0043,fsrq,4.5403605,2.5835905,2.5799358,0.0020675855,1.3571156e-12,11.834817,4.125315e-09,3.1372753e-09,4.6371743e-10,4.363212e-11,2.3796548e-11,2.671276e-15,3.3091402e-18,1.647473e-12,,-11.867383154074679,-8.384542884073321,-8.503447369721373,-9.333746579724432,-10.360193684875284,-10.623486038277138,-14.573279611951506,-17.478974402668108,-11.783181691577097,-0.11890448564805212,-0.8302992100030586,-1.0264471051508526,-0.2632923534018534,-3.949793573674368,-2.905694790716602,5.695792711091011,-3.398638807503776,-1.4229880067018126
4FGL J2248.7-4302,342.1937,-43.0496,bcu,5.444929,2.2431045,2.2297745,0.016730122,1.2484293e-12,12.07259,1.4313366e-08,1.06708024e-10,4.2224133e-10,7.514449e-11,1.348159e-11,7.637847e-12,1.2600227e-12,4.1841227e-17,,-11.90363604373801,-7.844258223449808,-9.971802922166518,-9.374439259145875,-10.124102858669653,-10.870258884369907,-11.117029045017194,-11.899621627311959,-16.37829180477902,-2.1275446987167097,0.5973636630206425,-0.7496635995237781,-0.7461560257002535,-0.24677016064728718,-0.7825925822947646,-4.4786701774670625,-8.534033581329213,-6.254188946109368
4FGL J2248.9+2107,342.2469,21.1214,fsrq,57.83423,2.2471476,2.140085,0.08312999,2.1113802e-11,2436.1672,1.9261956e-08,1.8715612e-08,6.721063e-09,1.7732802e-09,4.2969886e-10,6.944363e-11,6.1773668e-12,2.9686927e-16,,-10.675433555262344,-7.715299613531408,-7.727795966899461,-8.172562033712676,-8.751222635124709,-9.366835798496743,-10.158367585468262,-11.209196609633794,-15.527420126549874,-0.012496353368053548,-0.44476606681321496,-0.5786606014120323,-0.6156131633720339,-0.7915317869715199,-1.050829024165532,-4.318223516916079,-7.812120513018466,-6.776197491425165
4FGL J2249.9+0452,342.4849,4.8692,bcu,7.2103467,2.282042,2.292193,-0.02771775,2.2340782e-12,19.754728,4.5983145e-14,3.7629384e-09,6.6398215e-10,1.4383206e-10,2.2760986e-11,9.7129344e-12,4.4018957e-14,1.9711923e-12,,-11.650901627291635,-13.337401234195855,-8.424472891102063,-9.177843595716862,-9.842144299394356,-10.642808928154528,-11.012649543980283,-13.356360153319784,-11.705271003778595,4.9129283430937924,-0.7533707046147988,-0.6643007036774939,-0.8006646287601722,-0.3698406158257548,-2.3437106093395013,1.651089149541189,1.6321302304172605,-1.8631267043842392
4FGL J2250.0-1250,342.5049,-12.8485,bcu,64.16767,2.277778,2.4299443,0.122646526,8.928206e-11,9390.104,1.3993115e-07,7.7465735e-08,3.35075e-08,7.410116e-09,1.5761472e-09,2.0546395e-10,1.1643372e-11,1.2781946000000002e-16,,-10.049235797789848,-6.8540855966787015,-7.110890354152674,-7.474857973737479,-8.13017499340125,-8.80240322519241,-9.687264366903,-10.933921226450895,-15.893369045700204,-0.25680475747397224,-0.3639676195848054,-0.6553170196637703,-0.672228231791161,-0.8848611417105889,-1.2466568595478957,-4.959447819249309,-9.039283449021504,-7.763194052298955
4FGL J2251.2+5550,342.8039,55.8431,bcu,3.5578008,2.3044076,2.2056558,0.17896403,1.838616e-12,40.54647,8.350211e-11,1.069244e-10,7.21531e-10,9.049765e-11,4.0944532e-11,4.7428858e-12,5.3332180000000004e-17,2.774324e-16,,-11.735508962524335,-10.078302550215538,-9.970923178041712,-9.141745005049959,-10.043362698153254,-10.38780408844433,-11.323957331321958,-16.272929239440593,-15.556827167347452,0.10737937217382587,0.8291781729917531,-0.9016176931032955,-0.3444413902910757,-0.9361532428776282,-4.948971908118635,0.7161020720931415,-5.478524617131914,-5.513464469194197
4FGL J2252.0+8149,343.0064,81.8194,bcu,3.8450077,2.630969,2.5763576,0.24414001,1.7689472e-12,16.457716,3.7592716e-09,4.4952557e-09,8.058574e-10,8.912805e-11,7.697343e-12,3.0657597e-12,1.6712634e-16,1.06901725e-16,,-11.752285127377325,-8.424896296226986,-8.347245599604847,-9.093741801703445,-10.049985595094096,-11.113659159922133,-11.513461887547727,-15.776929112371116,-15.97097466313954,0.07765069662213975,-0.7464962020985979,-0.9562437933906516,-1.0636735648280364,-0.39980272762559466,-4.263467224823389,-0.19404555076842378,-7.546078366912553,-5.920989068045444
4FGL J2255.8-6543,343.9736,-65.7304,fsrq,5.4216413,2.722632,2.6688054,0.15545778,1.7895763e-12,9.349301,8.688935e-09,3.7462886e-09,7.00079e-10,6.9700704e-11,8.834418e-12,6.636193e-14,3.9083868000000005e-16,4.482193e-16,,-11.747249777963939,-8.061033451625374,-8.426398769255513,-9.154852949510692,-10.15676283530064,-11.053822055480452,-13.178080926460522,-15.40799135043242,-15.348499757768806,-0.3653653176301397,-0.7284541802551789,-1.0019098857899476,-0.8970592201798127,-2.1242588709800696,-2.229910423971898,0.0594915926636137,-7.287466306143433,-5.191736922468166
4FGL J2256.3-3303,344.0839,-33.066,bll,14.814501,2.1491718,2.1202183,0.029008383,3.4829977e-12,51.731056,9.375195e-14,2.4462878e-09,8.380183e-10,2.3734856e-10,7.15365e-11,1.0999348e-11,3.8290465e-12,1.7963973e-12,,-11.45804681108144,-13.028019644045187,-8.611492450568925,-9.076746497471651,-9.624613398795455,-10.145472311929955,-10.958633057028244,-11.416909358407162,-11.745597603939444,4.416527193476263,-0.46525404690272687,-0.547866901323804,-0.5208589131345001,-0.8131607450982887,-0.45827630137891795,-0.32868824553228215,1.2824220401057431,-2.120984205143989
4FGL J2300.7-2645,345.1823,-26.7502,fsrq,8.053154,2.420191,2.3033626,0.14106473,2.2834397e-12,55.72282,1.8941767e-08,1.9920443e-09,6.4867817e-10,1.5564507e-10,3.1918915e-11,3.2626985e-12,6.038485499999999e-18,1.2587349e-15,,-11.64141045064773,-7.722579509886123,-8.700701007761737,-9.187970717151817,-9.807864630852723,-10.495951879638929,-11.486423055385497,-17.21835335614632,-14.900062276046146,-0.9781214978756134,-0.4872697093900804,-0.6198939137009063,-0.6880872487862053,-0.9904711757465687,-5.731930300760823,2.318291080100174,-7.177482766160023,-5.092197645193423
4FGL J2301.7+0608,345.4377,6.1457,bcu,7.735275,2.4318342,2.398211,0.09406628,2.927605e-12,63.636528,1.11243945e-10,4.5951376e-09,9.857437e-10,1.7775349e-10,3.4081033e-11,8.939891e-12,4.7253056e-16,8.567803e-17,,-11.533487518306623,-9.953723618282396,-8.337701479265833,-9.006235989866848,-9.75018186358157,-10.467487250063096,-11.04866777583989,-15.325560908364913,-16.06707984164773,1.6160221390165628,-0.668534510601015,-0.743945873714722,-0.7173053864815255,-0.5811805257767944,-4.276893132525023,-0.7415189332828156,-6.113356223365333,-6.316897978066159
4FGL J2305.6-4214,346.4038,-42.2486,bcu,4.9930835,2.4082341,2.4258225,-0.04005901,1.2443616e-12,7.1299863,9.150129e-12,1.1237682e-09,5.155015e-10,3.9577074e-11,1.6417165e-11,3.3897914e-17,3.6449207e-12,4.4564058000000004e-17,,-11.905053395845512,-11.038572782661843,-8.949323261576929,-9.287770066665395,-10.402556316958421,-10.784701836669287,-16.4696989270062,-11.438311914694157,-16.350917826161016,2.0892495210849145,-0.33844680508846636,-1.114786250293026,-0.38214551971086586,-5.684997090336912,5.031387012312042,-4.9126059114668585,-5.312345043499173,-5.948361509202595
4FGL J2306.6+0940,346.6505,9.6732,bcu,6.1131353,2.3265674,2.2955384,0.060960524,1.8424132e-12,13.873542,9.5001146e-11,1.4365161e-09,6.2388256e-10,1.06964375e-10,2.6711498e-11,6.546476e-12,7.087005e-14,4.942781e-16,,-11.734612961165439,-10.022271155734128,-8.842689502212014,-9.204897154451835,-9.970760842060177,-10.573301755586492,-11.183992419284616,-13.149537199555995,-15.306019845065311,1.1795816535221135,-0.362207652239821,-0.7658636876083413,-0.6025409135263153,-0.610690663698124,-1.9655447802713795,-2.156482645509316,-5.283748689331183,-5.335259003005135
4FGL J2306.8-3036,346.7221,-30.6037,bcu,5.0452757,1.9017931,1.8080705,0.41515216,6.4875373e-13,14.793256,1.5686317e-09,8.259778e-15,7.918612e-14,6.0213425e-11,3.440558e-11,4.1416367e-12,1.6342682e-17,3.101093e-15,,-12.187920125472303,-8.80447901270964,-14.083031099363845,-13.101350881440514,-10.22030666891246,-10.463371116410258,-11.382827998576767,-16.78641100861362,-14.508483808871103,-5.278552086654205,0.9816802179233317,2.881044212528053,-0.24306444749779743,-0.919456882166509,-5.4035830100368525,2.277927199742516,-5.704004796161463,-4.288177139958643
4FGL J2307.5+8629c,346.8949,86.4961,bcu,5.9735045,2.761863,2.5012348,0.26419795,2.2014508e-12,17.256355,1.4177597e-08,1.9397344e-09,1.1173823e-09,1.16060946e-10,9.964324e-12,9.995637e-13,1.7584882e-20,2.0660977e-19,,-11.657291014126432,-7.84839737268418,-8.71225773218668,-8.951798212400295,-9.935313893833108,-11.001552158948936,-12.000189519685287,-19.559328869486137,-18.66432195878458,-0.8638603595025005,-0.23954048021361452,-0.983515681432813,-1.0662382651158282,-0.9986373607363515,-7.55913934980085,0.8950069107015572,-10.815924586100401,-8.729008064951472
4FGL J2307.7+6712,346.9293,67.2152,bcu,6.410888,1.9650548,1.9135246,0.19955443,1.6829453e-12,33.34039,1.8506602e-09,2.9262454e-10,3.0234502e-11,8.8143666e-11,4.9915336e-11,2.1321903e-11,5.825274e-12,8.654979e-21,,-11.773929996888784,-8.732673314800717,-9.533689255982294,-10.51949718022788,-10.05480889057668,-10.301766001044967,-10.67117403651886,-11.234683641420888,-19.729205235510275,-0.8010159411815767,-0.9858079242455862,0.4646882896511997,-0.24695711046828706,-0.3694080354738922,-0.5635096049020287,-8.494521594089386,-10.996531920709558,-9.674396344933594
4FGL J2308.6-4555,347.1577,-45.9254,bcu,5.353948,2.5427582,2.5662537,-0.06503893,1.4821307e-12,10.987209,1.3746202e-13,4.51454e-09,3.2323857e-10,8.788346e-11,9.756873e-12,1.3252603e-12,3.2109742e-12,6.3750707e-16,,-11.829113493975777,-12.861817246842728,-8.345386494660518,-9.490476823197296,-10.05609285305251,-11.010689347507247,-11.87769880844944,-11.493363182599074,-15.195508182176273,4.51643075218221,-1.145090328536778,-0.5656160298552138,-0.9545964944547372,-0.8670094609421923,0.3843356258503654,-3.7021449995771984,-2.3336909353335447,-5.1394153291237625
4FGL J2310.3-7354,347.5953,-73.9125,bcu,5.6153846,2.6896613,2.6650996,0.09993612,1.7666937e-12,26.515463,8.56404e-12,3.254321e-09,7.576116e-10,5.715203e-11,1.5290163e-11,1.2038575e-12,4.0909815e-17,3.7207926e-16,,-11.752838737186488,-11.067321312409637,-8.487539611307792,-9.120553384345643,-10.24296833908351,-10.815587884504874,-11.919424913645331,-16.388066338416884,-15.42935286529169,2.5797817011018456,-0.6330137730378507,-1.1224149547378666,-0.5726195454213645,-1.1038370291404576,-4.468641424771553,0.9587134731251936,-4.362031552882053,-5.186384526208181
4FGL J2311.8+4541,347.9614,45.6908,fsrq,6.383431,2.7324927,2.699995,0.115991354,3.1203803e-12,17.437386,7.7158795e-09,5.049546e-09,1.2751822e-09,1.2276798e-10,1.992515e-11,1.8888463e-12,1.9489746e-18,7.338316e-19,,-11.505792471215914,-8.112614563414022,-8.296747667139526,-8.894427758127533,-9.91091488985841,-10.70059840025707,-11.723803377935416,-17.707971195016675,-18.12852537556818,-0.18413310372550384,-0.5976800909880069,-1.0164871317308766,-0.7896835103986604,-1.023204977678347,-5.984167817081259,-0.4205541805515054,-10.015910812154159,-8.217610485709772
4FGL J2312.2-6536,348.0628,-65.6042,bcu,4.557953,2.219904,2.1436584,0.36486405,5.649841e-13,10.205532,1.4457159e-10,1.5486221e-13,1.286454e-10,7.3902946e-11,2.3596045e-11,2.4883738e-13,5.430859e-16,1.272747e-14,,-12.247963766404208,-9.839917042547146,-12.810054519276031,-9.890605738299264,-10.131338248880072,-10.627160784075361,-12.604084362523638,-15.265123475819225,-13.89525757674173,-2.970137476728885,2.919448780976767,-0.24073251058080736,-0.4958225351952894,-1.976923578448277,-2.661039113295587,1.3698658990774941,-4.055340534194585,-3.763919327861659
4FGL J2312.5+7241,348.1396,72.6923,bcu,7.60281,2.5121756,2.4079695,0.22188123,2.5709196e-12,48.14009,1.8133839e-09,3.1717575e-09,1.155634e-09,2.1611939e-10,4.207389e-11,2.0887706e-12,7.548427e-16,2.545703e-15,,-11.589911503084576,-8.74151024443925,-8.498700024517566,-8.937179689223557,-9.665306266913264,-10.37598733272328,-11.680109251872885,-15.122137787203133,-14.594190559654104,0.24281021992168306,-0.43847966470599076,-0.7281265776897072,-0.7106810658100162,-1.3041219191496047,-3.442028535330248,0.5279472275490296,-5.8526803152148545,-4.92888429274084
4FGL J2317.0+3756,349.2678,37.9375,bcu,6.8072553,2.6501513,2.6285017,0.04383448,3.0442265e-12,25.08471,4.8631276e-11,5.314068e-09,8.20887e-10,1.7697059e-10,2.7291547e-11,8.160673e-17,2.1626990000000002e-17,1.0901514e-12,,-11.516523036401054,-10.31308433506206,-8.274572892560261,-9.085716621991045,-9.752098901195385,-10.563971845830137,-16.088220809359424,-16.66480315564092,-11.9625131791595,2.0385114425017985,-0.8111437294307837,-0.6663822792043401,-0.8118729446347519,-5.524248963529287,-0.5765823462814978,4.702289976481422,-1.6494288440974394,-2.210414277964114
4FGL J2318.6-1657,349.6605,-16.9562,fsrq,6.7073836,2.4200566,2.4124641,0.030254116,1.9359547e-12,28.061289,1.3276656e-14,4.218369e-09,7.232654e-10,1.0299312e-10,2.152237e-11,7.879233400000001e-16,2.3983237e-12,1.5203332e-15,,-11.713104806855702,-13.876910970117741,-8.374855433212261,-9.140702310437447,-9.987191785406365,-10.667109906537643,-15.103510522732186,-11.620092199060915,-14.818058364001427,5.50205553690548,-0.7658468772251865,-0.8464894749689176,-0.6799181211312781,-4.436400616194543,3.4834183236712715,-3.197966164940512,-0.9411473938836856,-4.830866578595062
4FGL J2320.8-0823,350.2228,-8.3918,fsrq,4.576431,2.6175592,2.380613,0.33143225,1.3383872e-12,23.447105,9.737323e-13,7.4046524e-10,7.926717e-10,9.860181e-11,1.3600185e-11,1.601164e-15,5.1097315e-16,1.0129185e-15,,-11.873418222264553,-12.01156041916705,-9.130495323943817,-9.100906646725095,-10.006115112744993,-10.866455183668343,-14.795561470620521,-15.291593420770717,-14.994421209280759,2.8810650952232333,0.02958867721872238,-0.9052084660198982,-0.8603400709233497,-3.9291062869521785,-0.4960319501501953,0.29717221148995776,-2.9828607901137083,-4.988306096535766
4FGL J2321.0+2836,350.258,28.6031,bcu,5.96883,2.3928802,2.2945817,0.15689778,2.3463755e-12,34.82332,4.9824274e-09,4.773539e-09,6.73789e-10,1.499541e-10,4.097528e-11,1.9320036e-12,4.2078064e-16,4.9622167e-19,,-11.629602482898015,-8.302559020776949,-8.321159524880802,-9.171476083402322,-9.824041655363768,-10.387478069938492,-11.713992066429006,-15.375933929124185,-18.295659267790988,-0.018600504103853055,-0.85031655852152,-0.6525655719614463,-0.5634364145747242,-1.3265139964905135,-3.66194186269518,-2.9197253386668027,-9.99310024701404,-8.47161761242722
4FGL J2321.4+5111,350.3654,51.1945,bcu,11.293924,2.010245,1.7205943,0.21986623,2.079095e-12,26.65532,1.07633955e-08,3.926856e-14,3.81283e-10,1.0584679e-10,6.4404974e-11,3.5997823e-11,1.3166928e-12,1.7745319e-15,,-11.68212566392687,-7.9680507013191,-13.40595491366253,-9.41875255786936,-9.975322308188572,-10.191080590688665,-10.443723762658603,-11.880515535959516,-14.750913741752308,-5.43790421234343,3.987202355793171,-0.5565697503192126,-0.21575828250009366,-0.2526431719699378,-1.4367917733009126,-2.8703982057927924,-6.782863040433208,-4.775591433563736
4FGL J2322.4-2906,350.6197,-29.1077,bcu,4.6101646,2.4447927,2.410996,0.035788324,1.3395137e-12,13.689296,4.5442782e-14,2.9594711e-09,2.4831645e-10,1.10633426e-10,1.4030419e-11,4.228947e-12,6.2578964e-16,1.2896663e-15,,-11.87305283700398,-13.342534993473462,-8.528785896667788,-9.604994509152931,-9.956113638506165,-10.85292935883525,-11.37376775666175,-15.20356469102373,-14.889519280991271,4.813749096805674,-1.0762086124851429,-0.3511191293532345,-0.8968157203290836,-0.5208383978265001,-3.8297969343619815,0.31404541003245967,-1.5469842875178088,-4.933405642485106
4FGL J2322.8-4221,350.7091,-42.3543,bll,5.548983,1.6127232,1.5135605,0.1994957,7.897448e-13,14.325805,9.348244e-12,1.0321064e-11,4.8568774e-14,3.6636e-11,1.41918725e-11,1.0323022e-11,5.5231774e-12,3.9349193000000006e-16,,-12.102513219485196,-11.029269960078114,-10.986275528498343,-13.313642769672958,-10.43609194953517,-10.847960298897085,-10.986193146687175,-11.257811006577773,-15.405053133225389,0.04299443157977123,-2.327367241174615,2.877550820137788,-0.4118683493619155,-0.13823284779008915,-0.2716178598905987,-4.147242126647615,-4.3757831731472745,-4.968961183690219
4FGL J2325.9+6206c,351.4969,62.1049,bcu,2.1450288,2.638749,3.1264105,0.20990631,3.639393e-12,13.5816,1.2703691e-09,1.4526975e-09,2.2654965e-09,1.445541e-10,3.3958086e-11,8.580204e-13,7.886846e-18,9.696607e-16,,-11.438971043381006,-8.896070078407497,-8.837824810859384,-8.64483660443051,-9.839969585857961,-10.46905679601114,-12.066502381329675,-17.10254633127937,-15.013375727026299,0.05824526754811288,0.1929882064288737,-1.1951329814274505,-0.6290872101531786,-1.5974455853185354,-5.036043949949695,2.0891706042530718,-6.117305648618801,-5.173406141168337
4FGL J2327.8-5626,351.9674,-56.4496,bcu,4.998845,1.9556352,1.8475989,0.4148217,5.324678e-13,16.192596,4.5957924e-10,4.836739e-14,1.4796711e-13,4.921396e-11,3.1274143e-11,2.2128733e-12,6.1544805e-16,1.787002e-15,,-12.273706642090048,-9.337639597374377,-13.315447257577468,-12.82983477912527,-10.307911687977564,-10.504814582230143,-11.655043449309474,-15.210801543503418,-14.747872531145008,-3.9778076602030907,0.48561247845219846,2.5219230911477055,-0.19690289425257923,-1.1502288670793313,-3.555758094193944,0.4629290123584102,-5.410232933770631,-4.439960843167444
4FGL J2329.7+6101,352.4343,61.0239,bcu,16.46345,2.0446246,2.0195324,0.024528006,7.467524e-12,26.968065,3.5914313e-10,9.511474e-09,2.1524358e-09,3.8462447e-10,1.631664e-10,3.94616e-11,2.0187723e-11,1.3090349e-12,,-11.12682337235373,-9.444732436699105,-8.02175217491686,-8.667069793238861,-9.41496308917644,-9.787369268330947,-10.403825309823144,-10.694912662728415,-11.883048771311584,1.4229802617822447,-0.6453176183220002,-0.7478932959375797,-0.37240617915450613,-0.6164560414921976,-0.29108735290527044,-1.1881361085831692,-2.4383163346124785,-2.4680856821351433
4FGL J2330.4+1230,352.6212,12.5132,bcu,5.644371,2.2738135,2.1597395,0.16752043,1.6438799e-12,15.37415,8.301622e-09,2.3263816e-10,3.857537e-10,1.4667796e-10,2.1782983e-11,4.094554e-12,4.224801e-16,1.4034106e-16,,-11.784129912057098,-8.080837045354897,-9.633319045744818,-9.41368989964921,-9.83363513881616,-10.661882647258215,-11.387793395867977,-15.374183463201259,-15.852784303012353,-1.5524820003899205,0.2196291460956079,-0.4199452391669496,-0.8282475084420557,-0.7259107486097616,-3.986390067333282,-0.4786008398110937,-7.771947257657455,-6.019149164196193
4FGL J2331.2-3839,352.8239,-38.6649,bcu,6.0876412,1.4860916,1.4317268,0.10494675,8.2391185e-13,18.375906,3.2334187e-11,6.590176e-13,2.366673e-14,4.162096e-11,5.5405324e-12,8.79224e-12,6.8130462e-12,3.0024864000000005e-16,,-12.084119245539586,-10.490338054200693,-12.181102980210781,-13.62586156030146,-10.380687906771263,-11.256448500322971,-11.055900465080029,-11.16665866541552,-15.522504486838173,-1.6907649260100879,-1.4447585800906797,3.2451736535301983,-0.8757605935517088,0.2005480352429423,-0.110758200335491,-4.355845821422653,-5.03216643263748,-5.1418165800669104
4FGL J2333.4-0133,353.3699,-1.5533,fsrq,8.975906,2.55447,2.570465,0.1450867,4.392213e-12,65.128815,2.6508876e-13,1.0207458e-09,1.5499816e-09,2.8288188e-10,3.424309e-11,3.113141e-12,8.942631e-18,2.474164e-16,,-11.357316605984117,-12.576608669967154,-8.991082398361844,-8.809673457353293,-9.548394870371574,-10.465427052588867,-11.50680120746463,-17.048049315425146,-15.606553963710002,3.5855262716053105,0.18140894100855043,-0.7387214130182809,-0.9170321822172927,-1.0413741548757631,-5.5412481079605165,1.4414953517151439,-3.0299452937428484,-6.058159093338428
4FGL J2333.9-2343,353.4912,-23.7197,bcu,8.075036,2.6149173,2.6317177,0.0747491,4.3946778e-12,30.257275,3.9536024e-11,1.06766965e-11,1.7255747e-09,2.544129e-10,3.814379e-11,1.40179514e-14,2.4398713e-17,1.3461995000000002e-16,,-11.357072959149532,-10.403007008197374,-10.971563102121072,-8.763066235387313,-9.594460871556949,-10.418576157156467,-13.853315140228498,-16.612455119056122,-15.870858315499612,-0.5685560939236982,2.208496866733759,-0.8313946361696356,-0.8241152855995182,-3.4347389830720303,-2.7591399788276245,0.7415968035565097,-5.467851307302238,-6.276397443942663
4FGL J2334.0-2528,353.515,-25.4767,bcu,5.43504,2.1602435,1.8307761,0.48123246,6.780469e-13,13.221467,2.517628e-12,2.3961647e-10,2.0512484e-11,1.0024296e-10,3.4139337e-11,3.8058995e-15,4.2751375e-16,1.4096918e-14,,-12.168740258862442,-11.599008438302347,-9.620483334076425,-10.687981744482249,-9.998946117821673,-10.466744917190072,-14.419541542932315,-15.369039754134775,-13.850875518408946,1.9785251042259215,-1.0674984104058236,0.6890356266605764,-0.4677987993683992,-3.952796625742243,-0.9494982112024601,1.5181642357258287,-2.2518670801065994,-3.8519294005872737
4FGL J2335.9-5811,353.981,-58.1865,bcu,4.7661996,1.8994194,1.820174,0.18878594,6.668804e-13,13.986065,1.7749732e-11,2.9274342e-13,1.74879e-12,5.5921594e-11,1.6406949e-11,4.2999476e-12,1.477284e-12,2.979831e-17,,-12.175952040047024,-10.750808199648707,-12.533512842956759,-11.75726233630372,-10.252420457793837,-10.7849721716168,-11.366536835775417,-11.830536002915188,-16.52566264585533,-1.7827046433080511,0.7762505066530387,1.5048418785098825,-0.5325517138229632,-0.5815646641586163,-0.46399916713977163,-4.695126642940142,-5.774854446206623,-6.273242188061493
4FGL J2336.2-3136,354.0502,-31.6081,bcu,5.5229,2.2299252,2.2250881,0.004338361,9.911426e-13,16.109062,1.4827269e-15,1.3778895e-09,4.088316e-10,4.741422e-11,9.062456e-12,7.843827e-12,1.245081e-14,6.296523e-16,,-12.003863852800166,-14.828935904275134,-8.860785609322528,-9.388455543451668,-10.324091389429093,-11.042754088521432,-11.105471992953115,-13.904802045375636,-15.200892308591074,5.968150294952606,-0.5276699341291398,-0.9356358459774246,-0.7186626990923397,-0.06271790443168257,-2.799330052422521,-1.2960902632154383,-0.3719564043159398,-4.876800919161981
4FGL J2336.9-5859,354.2485,-58.988,bcu,6.384162,2.3202271,2.1178403,0.16768259,1.5086359e-12,23.928307,1.2573161e-09,1.0176359e-09,4.0598955e-10,1.2337638e-10,2.8336066e-11,1.8384827e-12,1.8998413000000003e-16,3.7353564000000003e-17,,-11.821415559002924,-8.900555523243332,-8.992407580448385,-9.39148514482527,-9.908767976552287,-10.547660444446443,-11.735540450095854,-15.72125981666817,-16.42755170439832,-0.09185205720505252,-0.3990775643768849,-0.5172828317270177,-0.6388924678941557,-1.1878800056494114,-3.985719366572315,-0.7062918877301492,-7.526996181154987,-6.518783727846031
4FGL J2343.9+1539,355.983,15.6645,fsrq,6.4620934,2.5699291,2.5488567,0.07355218,2.1432114e-12,17.391459,9.6416757e-11,2.9324965e-09,8.973728e-10,7.063109e-11,3.2726533e-11,2.9481706e-12,2.6931696e-15,8.210063e-18,,-11.668934987302586,-10.015847480158007,-8.532762497550797,-9.047027098369458,-10.151004091473943,-10.485100000630837,-11.53044738755736,-14.569734683837607,-17.085124853938353,1.4830849826072097,-0.5142646008186613,-1.1039769931044852,-0.33409590915689336,-1.0453473869265224,-3.039287296280248,-2.515390170100746,-7.069277373780347,-6.93412076246441
4FGL J2345.9+3413,356.4893,34.2279,bcu,5.391343,1.7773424,1.7770637,0.079659835,9.738527e-13,11.889207,9.494723e-13,1.0886638e-12,9.956672e-11,5.0494903e-11,2.4951789e-11,6.9254632e-12,3.162171e-12,1.5248416e-12,,-12.011506722866093,-12.02251769631881,-11.963106213911356,-10.001885799440183,-10.296752457650614,-10.602898310589008,-11.159551173480958,-11.500014647151726,-11.81677526548144,0.05941148240745342,1.961220414471173,-0.2948666582104309,-0.30614585293839447,-0.5566528628919496,-0.3404634736707681,-0.31676061832971314,0.2057424308373701,-1.5200228078308253
4FGL J2347.0+5141,356.7659,51.6966,bll,75.68475,1.8325304,1.7719736,0.030832885,3.1662558e-11,71.19126,4.826651e-09,6.3846666e-09,4.1085473e-09,1.8382219e-09,7.393488e-10,2.3733818e-10,8.58409e-11,4.271946e-11,,-10.499454001515653,-8.316354102517426,-8.194861776169766,-8.386311708808384,-8.735602064150658,-9.131150627664766,-9.624632392276178,-10.066305737601663,-10.369374245589974,0.12149232634765994,-0.19144993263861743,-0.3492903553422746,-0.39554856351410805,-0.4934817646114116,-0.4416733453254853,-0.30306850798831064,-2.0530201430725477,-1.6337721814393156
4FGL J2347.9+5436,356.9809,54.6065,bcu,19.437283,1.7973218,1.6207037,0.15595013,4.2675997e-12,31.280504,6.428349e-10,5.3677437e-14,1.979691e-10,2.3095496e-10,1.10223206e-10,5.016805e-11,1.468466e-11,2.387894e-12,,-11.369816323055195,-9.191900553081197,-13.270208148207526,-9.70340259126574,-9.636472706368973,-9.957726961009673,-10.299572779306216,-10.833136104128597,-11.62198495388006,-4.078307595126329,3.5668055569417874,0.06692988489676566,-0.32125425464069934,-0.3418458182965427,-0.5335633248223814,-0.7888488497514636,-2.4300844007988633,-1.9855122475110871
4FGL J2348.1-4934,357.0372,-49.57,bcu,7.528822,2.4901624,2.1994822,0.35846147,1.2102302e-12,35.29628,1.7522666e-09,2.3662332e-09,4.833737e-10,1.5852941e-10,1.436828e-11,9.288993e-18,8.7731016e-13,2.5910872e-18,,-11.917132010325632,-8.756399817057876,-8.625942456459253,-9.315716982913173,-9.799890156662569,-10.842595217034445,-17.03156407921189,-12.056846836161464,-17.584845088079398,0.13045736059862278,-0.6897745264539203,-0.4841731737493955,-1.0427050603718762,-6.188968862177445,4.974717243050426,-5.527998251917934,-8.828445271021522,-7.784954931416829
4FGL J2348.3-6049,357.0883,-60.8202,bcu,5.038222,2.3122509,2.2149897,0.07763152,9.714879e-13,16.617115,9.109654e-09,2.4683673e-09,1.5280995e-10,6.4710154e-11,1.9383883e-11,3.468912e-12,2.190313e-16,1.7249581e-17,,-12.012562599750723,-8.040498117949069,-8.607590215587452,-9.815848366350975,-10.189027566556813,-10.712559220015038,-11.459806716028828,-15.659473991684742,-16.76296975158701,-0.5670920976383833,-1.2082581507635233,-0.37317920020583806,-0.5235316534582246,-0.7472474960137898,-4.199667275655914,-1.1034957599022697,-8.722471633637943,-6.573942185030198
4FGL J2348.6-0426,357.1508,-4.4394,fsrq,5.592997,2.7418523,2.7095487,0.066702925,2.2216872e-12,25.063246,2.1664677e-08,2.766926e-09,9.1400165e-10,1.00466246e-10,9.719247e-15,5.4086635e-12,2.8174722e-16,6.4200955e-17,,-11.653317085149054,-7.664247781504243,-8.558002455682708,-9.039053020251298,-9.997979825147668,-14.012366933955782,-11.266910036545717,-15.550124946387502,-16.192390870838125,-0.8937546741784645,-0.48105056456859074,-0.9589268048963699,-4.014387108808114,2.7454568974100653,-4.283214909841785,-0.6422659244506228,-8.52814308933388,-6.194411045690456
4FGL J2350.4-0559,357.6025,-5.9923,bll,5.1918087,1.7656114,1.6267817,0.2588948,8.682801e-13,13.884126,1.1060778e-14,9.863709e-14,8.8020905e-13,4.021791e-11,1.836348e-11,1.6575456e-11,3.5801754e-12,1.4113711e-15,,-12.061340147400887,-13.956213931633403,-13.005959704787342,-12.055414165552946,-10.395580501981648,-10.73604501344386,-10.780534514814443,-11.446095694660919,-14.850355702560568,0.9502542268460612,0.9505455392343958,1.6598336635712982,-0.340464511462212,-0.04448950137058283,-0.6655611798464758,-3.4042600078996497,-0.8941417709271651,-4.45477520057892
4FGL J2350.9-1416,357.7469,-14.2756,bcu,6.4935546,1.9886901,1.8729722,0.1262114,1.3176996e-12,16.930616,1.1926415e-08,2.4656814e-14,2.83831e-10,9.239494e-11,2.1660554e-11,1.2150584e-11,1.8742046e-12,2.0874370000000002e-18,,-11.88018358260105,-7.923490082707993,-13.608062864808597,-9.546940172662781,-10.034351812177166,-10.664330439658578,-10.915402847479253,-11.727182998217069,-17.678311075058627,-5.684572782100604,4.0611226921458154,-0.4874116395143844,-0.6299786274814121,-0.25107240782067564,-0.8117801507378157,-5.951128076841558,-9.754820992350634,-7.643959262881461
4FGL J2351.7-3416,357.928,-34.2676,bcu,5.6285114,2.514932,2.3682845,0.35788035,1.2282411e-12,13.587854,8.44808e-09,1.6658036e-09,5.235003e-10,1.4333952e-10,6.4726445e-12,4.0414856e-16,6.728957499999999e-18,1.1987249e-15,,-11.910716370601987,-8.073241982192082,-8.778376203685482,-9.281083065097555,-9.843634054152494,-11.188918244609587,-15.393448218495033,-17.171407282547083,-14.921276850426477,-0.7051342214934007,-0.5027068614120722,-0.5625509890549392,-1.3452841904570931,-4.204529973885446,-1.77795906405205,2.2501304321206064,-6.848034868234395,-5.077642796273983
4FGL J2352.1-4301,358.0493,-43.0168,bcu,6.4640384,2.6835752,2.6118114,0.16533849,1.9919468e-12,19.192926,4.3836628e-09,2.7597806e-09,7.927317e-10,1.03615984e-10,8.415529e-12,6.9729027e-15,1.9742932e-19,5.7004243e-16,,-11.700722262514683,-8.358162860027154,-8.559125442569705,-9.100873774752037,-9.98457324428298,-11.074918578570788,-14.156585772073958,-18.683129856364385,-15.244085198691495,-0.20096258254255162,-0.5417483321823315,-0.8836994695309439,-1.0903453342878073,-3.0816671935031703,-4.5265440842904265,3.4390446576728895,-6.885922338664342,-5.259511954408515
4FGL J2353.5+6646,358.3926,66.7697,bcu,3.7687533,2.5893736,2.8957424,0.17569153,4.009046e-12,12.987915,6.659498e-10,8.770591e-09,2.7370735e-09,2.0192971e-10,1.6574728e-11,4.624039e-12,1.7538928e-12,3.1299287e-19,,-11.396958959520381,-9.176558507166547,-8.056971141024466,-8.562713540105342,-9.694799778410747,-10.78055358960345,-11.3349785107129,-11.755996952274431,-18.49080706452287,1.1195873661420812,-0.5057423990808765,-1.132086238305405,-1.0857538111927028,-0.554424921109451,-0.42101844156153057,-6.734810112248438,-9.314248557356322,-8.796007286112122
4FGL J2358.4+6547,359.6119,65.7837,bcu,7.663729,2.5227242,2.6212854,0.20850207,5.8803257e-12,16.622759,1.12502505e-08,9.120332e-09,2.2337707e-09,5.250078e-10,7.207315e-11,5.867932e-12,3.1287120000000005e-23,3.4459366e-27,,-11.23059861777793,-7.94883780736943,-8.039989352115885,-8.65096140992739,-9.279834244258543,-10.142226496366185,-11.231514926841857,-19.998643338839013,-19.9999998503449,-0.09115154474645504,-0.6109720578115052,-0.6288728343311529,-0.8623922521076413,-1.0892884304756727,-8.767128411997156,-0.0013565115058860044,-12.05116204297547,-10.720165606086356
4FGL J2359.2-3134,359.8167,-31.5832,fsrq,9.180039,2.7165194,2.713735,0.02154209,2.906858e-12,95.40964,9.0763175e-09,4.876809e-09,1.2053066e-09,1.0826247e-10,1.6122692e-11,1.7946612e-12,3.8768342e-18,1.1232852e-17,,-11.536576181500825,-8.042090320401627,-8.311864253197864,-8.918902465325264,-9.965522068696314,-10.792562442215901,-11.746017523973928,-17.410403984596634,-16.949123506315992,-0.2697739327962374,-0.6070382121273994,-1.0466196033710506,-0.827040373519587,-0.9534550817580261,-5.664386460622707,0.4612804782806421,-8.907033185914365,-6.9836014376196776
4FGL J2359.3+0215,359.8329,2.2603,bcu,8.577555,1.7524989,1.5779167,0.36686593,1.3541654e-12,18.010399,6.12997e-12,2.2774375e-14,7.493262e-15,8.704089e-11,4.4132722e-11,2.2373851e-11,1.8571648e-12,5.640288e-17,,-11.868328283758197,-11.212541650199917,-13.642553341894486,-14.125328502560704,-10.060276676877793,-10.35523928539066,-10.650259258261409,-11.731149554042913,-16.248621728032447,-2.4300116916945687,-0.4827751606662183,4.065051825682911,-0.2949626085128667,-0.2950199728707492,-1.0808902957815043,-4.517472173989534,-5.03608007783253,-6.188345051154654
4FGL J2359.7-5041,359.9365,-50.6853,bcu,5.1504364,2.7144496,2.639918,0.44655374,1.1160313e-12,6.9343495,2.112895e-08,1.3984187e-09,6.366505e-10,7.809172e-11,4.7104976e-12,1.658242e-15,8.963529e-15,3.74138e-15,,-11.952323621196392,-7.6751220846103525,-8.854362777174737,-9.19609891550166,-10.10739501150808,-11.326933212220997,-14.780349470231341,-14.047520487579249,-14.426967018874803,-1.1792406925643846,-0.3417361383269224,-0.9112960960064207,-1.2195382007129165,-3.4534162580103445,0.7328289826520926,-0.37944653129555483,-6.751844934264451,-4.319572007366723
4FGL J2359.9+3145,359.9908,31.7601,bcu,11.3073435,1.892839,1.7545345,0.13968134,2.4249723e-12,19.205082,1.8725167e-10,6.848384e-10,2.3205256e-10,1.0977259e-10,7.3457906e-11,1.5715162e-11,6.467373e-12,7.6339624e-13,,-11.615293216106197,-9.727574300342015,-9.164411896045728,-9.634413636070274,-9.959506088788345,-10.133961455806459,-10.803681137415326,-11.1892720901101,-12.117249977748601,0.5631624042962873,-0.4700017400245464,-0.32509245271807075,-0.1744553670181137,-0.6697196816088677,-0.3855909526947734,-0.9279778876385016,-2.3896756774065864,-2.1577438889602565
