Source_Name,RAJ2000,DEJ2000,CLASS1,Signif_Avg,PL_Index,LP_Index,LP_beta,Energy_Flux100,Variability_Index,Flux_Band_1,Flux_Band_2,Flux_Band_3,Flux_Band_4,Flux_Band_5,Flux_Band_6,Flux_Band_7,Flux_Band_8
4FGL J0001.2+4741,0.3126,47.6859,bcu,5.523873,2.155106,2.1142292,0.049796414,1.3691241e-12,28.91559,1.964253e-11,7.7274304e-10,2.7975525e-10,1.14774724e-10,2.0930464e-11,3.9971997e-12,3.2112837e-12,1.6018216e-18
4FGL J0001.2-0747,0.3151,-7.7971,bll,24.49722,2.0816336,2.0524702,0.037898865,7.807578e-12,51.74239,1.6641469e-12,7.134549e-09,1.7547618e-09,4.7051674e-10,1.8661364e-10,3.1766322e-11,1.3646063e-11,1.2048088e-12
4FGL J0001.4-0010,0.3717,-0.1699,bll,5.2516475,2.1089518,2.1180434,-0.0102216955,1.3123957e-12,9.374194,1.7131245e-13,2.0348292e-09,3.776828e-10,6.490601e-11,1.9790036e-11,1.10302305e-11,4.2458394e-12,3.4016991e-16
4FGL J0001.5+2113,0.3815,21.2183,fsrq,46.425827,2.670351,2.5454607,0.14890152,2.2819954e-11,1861.6034,6.6762965e-08,4.4067416e-08,9.503807e-09,1.174998e-09,7.336499e-11,1.4880443e-14,4.8849735e-14,6.1398297e-15
4FGL J0001.6-4156,0.4165,-41.9425,bcu,17.98248,1.7810848,1.5809705,0.12090139,3.2608037e-12,25.609457,1.8588997e-10,5.6056726e-10,1.909634e-10,1.7259838e-10,9.661182e-11,3.189082e-11,1.290118e-11,1.5726335e-12
4FGL J0001.8-2153,0.4647,-21.8865,bcu,3.9360256,1.9064263,1.7634001,0.263591,8.967048e-13,26.910145,3.2879786e-11,3.8430675e-10,8.4626806e-11,4.425704e-11,2.8815976e-11,5.0587646e-12,4.228593e-16,1.7488195e-12
4FGL J0002.1-6728,0.5378,-67.4746,bll,16.672523,1.8179636,1.5992589,0.16006884,2.4419386e-12,10.370596,4.4854414e-09,7.9769504e-11,1.9813255e-10,1.4200557e-10,6.5306545e-11,3.4221976e-11,5.156945e-12,4.6137627e-17
4FGL J0002.3-0815,0.5937,-8.2652,bcu,5.2694592,2.1850238,2.1486943,0.11246348,1.4066326e-12,13.4271145,1.1449438e-08,4.8909596e-12,4.3159584e-10,1.05202284e-10,2.8835186e-11,7.873561e-17,4.156357e-12,4.3559794e-16
4FGL J0002.4-5156,0.6131,-51.9355,bcu,5.8108006,1.8815914,1.6310339,0.31822664,7.1682444e-13,19.804802,7.342884e-12,8.324416e-11,1.1332964e-12,3.808019e-11,3.6703945e-11,7.354801e-12,1.388998e-14,1.1260848e-16
4FGL J0003.1-5248,0.7817,-52.8071,bcu,19.605446,1.7810209,1.581871,0.12164961,3.4324832e-12,12.576806,3.3510104e-11,5.038887e-12,3.4338196e-10,1.5049216e-10,8.3415316e-11,4.9451103e-11,1.0543729e-11,3.359232e-16
4FGL J0003.2+2207,0.8058,22.1302,bll,5.5522084,2.1385322,1.7766196,0.29265162,1.5765103e-12,13.482685,2.1993142e-08,3.828054e-09,3.0350086e-10,6.623999e-11,5.420094e-11,5.1020147e-12,2.6622394e-16,2.3709733e-16
4FGL J0003.3-0703,0.8297,-7.0655,bcu,4.7392464,1.8098495,1.7028366,0.11130984,9.197285e-13,7.4973464,1.6278246e-12,1.4071065e-14,2.4133795e-10,2.6715135e-11,2.3163048e-11,6.8854427e-12,5.043292e-12,1.4955896e-15
4FGL J0003.3-1928,0.8465,-19.4676,bcu,16.83623,2.291044,2.1356444,0.2105951,3.0728527e-12,58.547855,8.053065e-12,3.1862875e-09,1.1593178e-09,3.0924746e-10,7.674979e-11,1.6634705e-12,7.820917e-16,2.1620393e-15
4FGL J0003.3-5905,0.8483,-59.0952,bcu,8.18711,2.3650298,2.365603,-0.0003238471,1.6868018e-12,11.475375,2.6626997e-12,3.252502e-09,5.004101e-10,9.307614e-11,3.3164534e-11,3.6010888e-12,2.0930293e-17,2.975158e-16
4FGL J0003.5+0717,0.8796,7.295,bcu,5.4730215,2.1880455,2.133449,0.27131036,1.0183127e-12,12.027017,1.4085916e-12,3.1469372e-10,3.6828326e-10,9.7955775e-11,3.3767406e-11,5.864343e-12,1.91989e-15,9.80558e-15
4FGL J0003.9-1149,0.9986,-11.8251,bll,13.404971,2.1607301,2.0422213,0.15395518,2.4902864e-12,7.8673267,4.8252054e-13,4.1638812e-10,8.470168e-10,2.3110949e-10,6.113273e-11,1.4597183e-11,4.1941253e-17,2.4806048e-19
4FGL J0004.0+0840,1.0073,8.6757,bll,6.878327,2.0532787,1.7820854,0.30331296,1.1113063e-12,19.498081,8.125717e-09,6.1381795e-11,8.0064774e-11,1.100381e-10,5.2303616e-11,5.0523075e-12,9.772311e-13,3.3443505e-16
4FGL J0004.3+4614,1.0757,46.2427,fsrq,11.245723,2.6151664,2.5576503,0.09903291,5.3413897e-12,148.10793,3.27747e-13,9.360279e-09,1.9198632e-09,3.4316344e-10,5.169028e-11,6.2561754e-17,1.4031696e-16,6.165132e-17
4FGL J0004.4-4737,1.1091,-47.6233,fsrq,23.338678,2.4049885,2.322214,0.07929358,5.2421158e-12,189.31395,1.1490132e-08,7.8859905e-09,1.9280382e-09,3.77289e-10,8.256509e-11,6.464178e-12,1.4485946e-12,1.4707516e-18
4FGL J0005.9+3824,1.4986,38.401,fsrq,16.086971,2.638379,2.600829,0.16454981,6.0424777e-12,55.450825,1.0755827e-08,1.0853283e-08,2.7401643e-09,3.0915936e-10,4.3080046e-11,3.0178133e-13,1.4395116e-17,3.4617714e-15
4FGL J0006.3-0620,1.5992,-6.3493,bll,5.414082,2.1678643,2.1632757,0.14924477,1.362915e-12,26.032305,2.2967727e-11,1.6021208e-09,3.841661e-10,9.435765e-11,2.3488654e-11,4.318274e-12,1.6354699e-12,3.6741013e-19
4FGL J0006.4+0135,1.6094,1.5982,bll,7.125673,2.1267276,1.8784531,0.2507267,1.206956e-12,6.389583,1.7511387e-10,2.5689555e-12,2.2095305e-10,1.4178499e-10,3.8166637e-11,7.749415e-12,9.696222e-18,4.3793473e-17
4FGL J0006.4-5621,1.6103,-56.3635,bll,7.211533,2.3892572,2.3713357,0.05335334,1.6368974e-12,22.026712,8.7050696e-09,1.8121866e-09,6.245117e-10,1.0337713e-10,1.7309869e-11,5.673713e-12,1.3273417e-16,1.8687838e-15
4FGL J0007.5-5247,1.8893,-52.7863,bcu,5.705449,2.5297203,2.4467833,0.4040833,1.1691719e-12,10.770041,1.9099565e-10,1.7379171e-09,5.2533555e-10,1.2956917e-10,8.216247e-12,5.913085e-15,1.4418757e-15,2.4295817e-15
4FGL J0007.7+4008,1.9275,40.134,bcu,16.365044,2.1295846,2.0406518,0.082147166,4.4952176e-12,32.145878,4.482499e-10,3.2813086e-09,1.1603213e-09,2.6827235e-10,1.1225639e-10,1.6261537e-11,2.8607867e-12,3.8503606e-17
4FGL J0008.0+4711,2.0024,47.195,bll,56.51904,2.0390635,1.8980258,0.08964169,1.8127387e-11,8.622466,1.1556987e-10,7.883069e-09,4.1246815e-09,1.3565268e-09,5.2283183e-10,1.344458e-10,2.0241541e-11,3.5723263e-16
4FGL J0008.0-3937,2.0048,-39.632,bcu,5.9461904,2.677274,2.6970685,0.14806667,2.0951823e-12,19.712507,4.811991e-09,5.5074314e-09,8.518951e-10,9.956338e-11,1.2579405e-11,1.5349076e-14,5.9015863e-18,7.2892956e-16
4FGL J0008.4-2339,2.111,-23.6514,bll,11.07414,1.8102539,1.6902754,0.11798864,2.2597766e-12,13.541552,2.9193168e-13,9.1684216e-11,3.0806838e-10,9.612808e-11,4.5261163e-11,3.1482428e-11,5.7303854e-12,2.8625193e-16
4FGL J0008.4+6837,2.1142,68.6216,bcu,26.44023,2.4570093,2.4489334,0.19312085,1.5295433e-11,599.92053,2.6074753e-09,1.5784769e-08,6.718207e-09,1.410482e-09,2.5078198e-10,1.5306199e-11,2.5918785e-12,3.902898e-17
4FGL J0008.4+1455,2.1246,14.9232,bcu,19.204882,2.0722113,1.9059507,0.1258671,4.264141e-12,51.23293,7.532254e-12,9.492062e-15,1.003978e-09,3.6317974e-10,1.3081941e-10,2.6624107e-11,5.1155026e-12,4.461051e-19
4FGL J0009.1+0628,2.2973,6.4828,bll,18.235521,2.2194188,2.1980414,0.038103815,5.889002e-12,15.371203,5.355975e-11,4.173067e-09,1.8852488e-09,3.48476e-10,9.99708e-11,2.7911949e-11,8.704354e-12,8.692233e-17
4FGL J0009.3+5030,2.3466,50.5115,bll,64.89692,2.018631,1.9197568,0.06380718,2.208839e-11,234.30939,2.1008987e-08,1.1584708e-08,4.9170072e-09,1.6176626e-09,5.584955e-10,1.4153648e-10,4.1063687e-11,1.2201247e-15
4FGL J0009.8-4317,2.4533,-43.2979,bll,13.523349,2.124825,2.0990863,0.043126795,2.6316202e-12,17.160936,4.4102382e-13,1.5128025e-09,7.797562e-10,1.5772823e-10,4.7197527e-11,2.1963618e-11,3.3071433e-16,4.924606e-13
4FGL J0009.8+1340,2.4653,13.6712,bcu,5.362248,2.1793685,2.131156,0.041002452,1.3172744e-12,17.651344,6.1495804e-09,3.940846e-09,1.7937807e-10,7.6608865e-11,3.1379656e-11,4.11211e-12,7.6236015e-16,3.4970357e-17
4FGL J0009.8-6358,2.4743,-63.9696,bcu,5.3157153,2.9367661,2.9344683,0.043343656,1.6585112e-12,14.886085,1.0980527e-08,5.19366e-09,3.7482675e-10,5.463458e-11,1.1986463e-11,8.346721e-15,5.94314e-17,4.2537264e-16
4FGL J0010.6+2043,2.6502,20.7332,fsrq,6.997116,2.3850918,2.3704016,0.010747417,2.1938066e-12,41.120056,1.0578765e-08,3.5736316e-09,7.0836553e-10,1.2848453e-10,3.571215e-11,1.3655647e-18,1.6252695e-12,8.6412734e-16
4FGL J0010.6-3025,2.6675,-30.4258,fsrq,24.288837,2.4492016,2.313965,0.13081881,5.963366e-12,175.40004,1.0072126e-08,7.1686626e-09,2.5276694e-09,4.513776e-10,5.462514e-11,8.647907e-12,1.418539e-15,2.3244453e-16
4FGL J0010.8-2154,2.7174,-21.9004,bcu,6.0495462,2.344206,2.3162148,0.029662235,1.4469172e-12,12.840211,9.090002e-11,8.9283064e-10,4.411325e-10,9.3758355e-11,2.3907562e-11,4.4556555e-12,1.1194551e-12,1.0823728e-17
4FGL J0011.4-4110,2.8502,-41.1742,bcu,4.388951,2.4706922,2.467413,0.074262016,1.1521093e-12,11.567567,1.1226703e-11,3.2819079e-09,5.243862e-10,4.5011325e-11,1.5270367e-11,3.3248179e-12,6.0456274e-18,7.2087286e-19
4FGL J0011.4+0057,2.8551,0.9646,fsrq,28.245321,2.3666093,2.2577264,0.087792344,8.964632e-12,346.11282,1.235539e-08,1.1910031e-08,3.2216176e-09,6.8426936e-10,1.500051e-10,1.5171907e-11,2.122644e-16,2.8461533e-16
4FGL J0011.8-3142,2.9547,-31.7154,bcu,7.793412,1.9457566,1.8749028,0.063446805,1.4640618e-12,22.145918,1.4907634e-08,2.2994235e-09,2.8018532e-10,6.685311e-11,3.8556e-11,7.783061e-12,5.1797295e-12,2.5205901e-18
4FGL J0012.0+7043,3.0032,70.7326,bcu,12.205895,2.4018137,2.389481,0.034502678,6.597056e-12,38.12263,2.0878774e-08,1.1826798e-08,2.1706268e-09,3.8181466e-10,8.326976e-11,2.2802689e-11,3.6655634e-16,4.5587902e-17
4FGL J0013.0+3355,3.2636,33.9201,fsrq,11.10404,2.2566066,2.2030294,0.07071253,2.7822326e-12,106.5736,2.9045097e-12,2.1715396e-09,8.6128266e-10,1.784295e-10,4.4031615e-11,1.3384039e-11,2.3595789e-17,5.372208e-17
4FGL J0013.1-3955,3.2802,-39.9272,bll,24.767956,2.0667396,1.9156355,0.12476611,4.5596916e-12,32.80153,1.1324808e-08,7.219879e-10,1.0891985e-09,4.3402842e-10,1.0917262e-10,3.321994e-11,3.5263e-12,4.1160256e-16
4FGL J0013.4+0950,3.3544,9.837,bcu,9.273533,1.971606,2.0196164,-0.053171266,2.3710224e-12,20.064354,2.1703738e-11,5.9821825e-10,5.1307203e-10,1.5282525e-10,3.536633e-11,6.126373e-12,1.630323e-11,5.1894178e-17
4FGL J0013.6-0424,3.4208,-4.4017,fsrq,9.183543,2.1819768,2.1840904,-0.0024080246,2.7210872e-12,42.150116,2.9401832e-08,4.0694963e-09,8.221012e-10,1.4205222e-10,5.4139086e-11,1.8958092e-11,3.8362304e-15,5.676109e-17
4FGL J0013.9-1854,3.4804,-18.9118,bll,14.7916355,1.9045731,1.9028138,0.0017264704,3.1456998e-12,8.5906105,9.1525845e-09,1.0330963e-09,4.08717e-10,1.8636075e-10,7.032608e-11,1.6192209e-11,1.2470262e-11,3.741738e-12
4FGL J0014.1+1910,3.5368,19.1713,bll,9.59528,2.356777,2.2126043,0.1911518,2.140803e-12,40.66387,6.151158e-09,2.024047e-09,8.939511e-10,1.9587207e-10,4.89755e-11,9.55145e-13,1.6967389e-15,1.464748e-15
4FGL J0014.1-5022,3.5479,-50.3703,bll,13.948918,2.1073663,2.1042442,0.0022695365,3.090025e-12,14.434306,6.438907e-12,4.3361172e-09,7.338913e-10,2.1467626e-10,5.4148214e-11,1.4245528e-11,7.045427e-12,1.9197654e-18
4FGL J0014.2+0854,3.5695,8.9114,bll,5.9672127,2.501718,2.5016532,-0.0010134939,2.6667373e-12,16.298855,3.412109e-09,4.011401e-09,1.0430634e-09,1.2207586e-10,3.0476253e-11,2.6314995e-16,3.7368004e-12,6.456959e-17
4FGL J0014.3-0500,3.5864,-5.012,bcu,14.114299,2.3709893,2.33741,0.06340612,5.141185e-12,27.607225,5.7206972e-09,2.4680469e-09,1.9070385e-09,2.468809e-10,9.6978016e-11,1.5593743e-11,1.199577e-15,8.446976e-16
4FGL J0014.7+5801,3.6867,58.0272,bll,11.777328,1.7710534,1.5650905,0.1726677,2.6091993e-12,15.14013,6.3635417e-09,6.753371e-13,9.4257116e-11,4.2996585e-11,8.253958e-11,2.8254113e-11,8.333497e-12,3.7275677e-12
4FGL J0014.8+6118,3.7212,61.3037,bcu,19.224836,2.0914214,1.963949,0.11534812,7.0648517e-12,12.158702,1.2386067e-08,3.374578e-09,1.5767276e-09,5.6567573e-10,1.9157761e-10,6.156672e-11,7.39337e-12,9.080906e-13
4FGL J0014.9+3212,3.7268,32.2162,bcu,16.589058,2.5661864,2.4546266,0.16557136,5.1013946e-12,46.274044,6.6890244e-09,8.465193e-09,2.3501334e-09,2.863315e-10,4.4084684e-11,2.0474643e-14,1.2168288e-12,1.0569337e-14
4FGL J0015.2+3537,3.8247,35.6172,bll,6.9896655,1.9551985,1.9616235,-0.012485007,1.2913264e-12,15.013011,1.6104814e-13,1.5198017e-09,3.4870484e-10,4.8970453e-11,2.696835e-11,1.1488201e-11,3.187481e-12,5.9040665e-24
4FGL J0015.6+5551,3.9071,55.8636,bll,16.470945,1.820141,1.8175685,0.002194594,4.3148636e-12,13.38414,8.2401986e-16,3.2924425e-09,5.3434074e-10,2.1843177e-10,8.305273e-11,3.52992e-11,1.4406887e-11,8.825475e-12
4FGL J0015.9+2440,3.9917,24.6805,bll,12.1987915,2.137794,2.0977697,0.03892952,2.9518942e-12,16.819736,1.5774275e-09,4.7880033e-09,6.1066485e-10,2.0682486e-10,6.1774835e-11,1.0189561e-11,3.2173838e-12,1.3786001e-12
4FGL J0016.2-0016,4.061,-0.2806,fsrq,19.939705,2.737509,2.6349397,0.18789475,7.2055274e-12,140.62033,3.126444e-08,1.33940254e-08,3.0126277e-09,3.6929004e-10,1.1502027e-11,2.1392042e-12,2.940108e-16,4.7649733e-15
4FGL J0016.5+1702,4.1396,17.0389,fsrq,4.9909987,2.7106428,2.6142416,0.19213323,2.2530638e-12,22.953808,3.1735127e-08,4.3015778e-09,7.2888673e-10,1.3269086e-10,1.4896124e-11,4.9814897e-15,6.3921924e-16,1.0598487e-17
4FGL J0017.0-0649,4.2635,-6.8317,bcu,20.323252,2.2992733,2.2593982,0.054514118,6.159316e-12,39.600334,1.7235413e-10,7.360872e-09,1.8329762e-09,4.127094e-10,1.0344023e-10,1.8225938e-11,3.907555e-12,6.0506973e-16
4FGL J0017.5-0514,4.3949,-5.2347,FSRQ,28.707115,2.5111988,2.51887,0.11399639,1.09525115e-11,336.54477,2.492935e-08,1.9994951e-08,4.504822e-09,7.289573e-10,8.937258e-11,2.0100772e-11,1.4040151e-16,5.587226e-16
4FGL J0017.8+1455,4.4711,14.9228,bll,10.465015,2.2390501,2.2159178,0.031195136,3.008653e-12,16.263166,1.1309165e-13,4.8324185e-09,7.492276e-10,1.7718978e-10,7.012698e-11,8.061678e-12,4.2613235e-12,2.1138509e-16
4FGL J0018.4+2946,4.6151,29.7792,bll,15.602418,1.7408901,1.5384591,0.11800475,3.1082788e-12,13.713926,5.6787228e-15,7.359517e-10,1.6622281e-10,1.210663e-10,8.785028e-11,2.2041445e-11,2.2181593e-11,1.6097835e-12
4FGL J0018.8+2611,4.719,26.1896,fsrq,7.9100785,2.8122284,2.6147585,0.24046151,2.7862957e-12,90.94286,2.8938183e-08,4.1673607e-09,1.3444122e-09,1.02341476e-10,1.16802045e-11,1.257397e-15,1.814806e-15,2.8487632e-15
4FGL J0019.2-5640,4.8106,-56.6826,bcu,14.665922,2.3001575,2.2737155,0.034543883,3.2228322e-12,108.18139,1.8256481e-12,2.9074292e-09,1.1070184e-09,1.8398857e-10,6.109373e-11,1.07526306e-11,1.3951378e-15,2.9862962e-16
4FGL J0019.3-8152,4.8327,-81.8798,bll,22.789745,2.0810044,2.0618,0.020807607,6.547135e-12,26.699419,1.530824e-08,4.5697495e-09,1.5681744e-09,3.8186454e-10,1.3526844e-10,5.143605e-11,6.9033147e-12,3.563104e-19
4FGL J0019.6+7327,4.9031,73.456,fsrq,18.718227,2.60885,2.6373684,0.107137114,1.1031923e-11,494.1492,6.577467e-10,1.7047572e-08,5.028778e-09,6.1738886e-10,1.3023572e-10,3.8561597e-12,1.0961682e-19,7.0969555e-17
4FGL J0019.6+2022,4.907,20.3755,bll,14.484995,2.1834295,2.1397257,0.050869294,3.95498e-12,24.544933,3.2226604e-12,9.998066e-10,1.1347087e-09,2.7563798e-10,7.587757e-11,1.258244e-11,3.4230956e-12,1.2928798e-17
4FGL J0020.3+6919,5.0918,69.3322,bcu,3.2042253,2.6460407,2.803282,0.2107964,3.1240696e-12,7.700611,1.3511835e-10,1.0957417e-08,1.2553083e-09,2.021186e-10,2.0612553e-11,1.7528344e-13,8.958828e-16,5.465886e-19
4FGL J0021.0+0322,5.2565,3.3783,bll,8.11823,1.9573873,1.825452,0.09386427,1.8301905e-12,24.258038,1.4143382e-09,2.6994271e-09,3.5582462e-10,8.699683e-11,4.456346e-11,1.6232455e-11,1.9791827e-12,5.2695293e-17
4FGL J0021.5-2221,5.3834,-22.3583,bcu,4.5856223,2.6953835,2.6620958,0.26767126,1.4560738e-12,20.074259,1.1354119e-10,2.507634e-09,6.802469e-10,6.3343525e-11,1.0701284e-11,5.9119236e-16,2.907605e-17,1.2770298e-15
4FGL J0021.5-2552,5.3912,-25.8681,bll,29.602173,2.1219785,2.008503,0.08174306,6.3725596e-12,48.788124,1.6390413e-08,3.287104e-09,1.8284688e-09,5.3810695e-10,1.502505e-10,2.6267414e-11,9.200449e-12,4.6113205e-19
4FGL J0021.6-0855,5.4115,-8.9174,bll,7.882179,2.1330051,2.0416787,0.12851131,2.0150505e-12,20.356058,4.59517e-09,8.0899715e-10,4.77377e-10,1.6166207e-10,3.9750293e-11,4.3903644e-12,1.3049289e-12,1.9264907e-16
4FGL J0021.9-5140,5.4985,-51.6728,bll,27.131353,2.0184522,1.9698973,0.050291188,6.263948e-12,39.290386,6.6507093e-09,3.4242411e-09,1.2922015e-09,3.9803608e-10,1.3454735e-10,4.0984504e-11,1.5267374e-11,3.1941063e-23
4FGL J0022.0+0006,5.5154,0.1134,bll,9.646608,1.655009,1.6695031,-0.014653568,1.8749353e-12,14.63592,4.776174e-14,1.3613812e-12,1.6161539e-10,1.0018448e-10,2.9026255e-11,1.2113051e-11,3.221946e-12,1.1419447e-11
4FGL J0022.1-1854,5.5353,-18.9068,bll,32.22765,1.9541789,1.7882982,0.10067147,7.47183e-12,26.896915,8.617417e-11,3.966873e-09,1.073988e-09,5.688409e-10,2.57059e-10,4.1101244e-11,1.6509521e-11,6.504727e-16
4FGL J0022.5+0608,5.6376,6.1343,bll,61.90344,2.1359894,2.0476224,0.058309108,2.2462162e-11,239.23526,2.132195e-08,1.745921e-08,6.363366e-09,1.7456315e-09,4.857207e-10,1.14349794e-10,1.4070572e-11,1.722162e-12
4FGL J0023.7-6820,5.9347,-68.3381,fsrq,14.539717,2.8291116,2.7684422,0.15725316,4.3050633e-12,53.35165,1.8700604e-08,9.36325e-09,1.6375906e-09,1.4853051e-10,2.575865e-11,3.0591876e-15,3.7146913e-16,1.2367157e-15
4FGL J0023.7+4457,5.9477,44.951,fsrq,24.017208,2.445408,2.3824449,0.11953837,7.458092e-12,101.65793,1.0144861e-08,1.1424903e-08,3.024921e-09,5.870711e-10,9.01685e-11,6.354369e-12,1.1501669e-12,4.081959e-17
4FGL J0023.9+1603,5.9819,16.0639,bll,9.318911,2.1264398,2.001298,0.15477678,2.5571708e-12,17.245499,6.1250706e-13,6.596547e-10,4.779559e-10,1.8312316e-10,6.710722e-11,7.7373784e-12,1.8012396e-12,2.6790573e-19
4FGL J0024.4+4647,6.1212,46.797,bcu,4.11527,2.7393348,2.7335813,-0.03141231,1.8258984e-12,34.149303,7.2678623e-09,6.2773324e-09,5.552049e-10,6.266651e-11,1.7108549e-11,1.7167638e-14,1.8744533e-12,1.7622401e-17
4FGL J0024.5-0810,6.1376,-8.1809,bcu,3.9845252,2.5707269,2.6370428,0.30256197,1.335015e-12,60.350643,6.791346e-13,3.036003e-09,4.9749377e-10,1.3708798e-10,6.442586e-12,4.696359e-15,4.4150254e-15,8.829187e-15
4FGL J0024.7+0349,6.1975,3.8321,fsrq,5.2781134,2.4535725,2.4469583,0.043295573,1.6374986e-12,108.19443,1.288439e-11,2.7779146e-12,5.3543064e-10,8.918448e-11,2.0027187e-11,5.464747e-12,1.06440423e-16,5.158347e-17
4FGL J0025.2-2231,6.3034,-22.5328,fsrq,3.57752,2.1473312,2.0778763,0.054230064,7.523545e-13,9.716187,1.8269132e-12,1.2295844e-10,4.716149e-10,8.286998e-12,2.7752621e-11,1.3444065e-15,1.7906306e-12,4.7868284e-17
4FGL J0025.7-4801,6.4351,-48.0191,bcu,13.455969,2.258797,2.0337107,0.18104352,2.1674906e-12,100.15197,1.0051911e-08,6.1072244e-11,6.985647e-10,2.2120267e-10,6.4338083e-11,6.5296032e-12,9.413935e-19,3.4825257e-17
4FGL J0026.6-4600,6.6521,-46.0156,bll,13.241903,1.9971744,2.0115194,-0.012548798,2.4269538e-12,22.26658,6.253314e-15,1.0397043e-09,5.528189e-10,1.3683445e-10,5.222052e-11,9.8368015e-12,1.0947585e-11,5.1249374e-16
4FGL J0028.1+7505,7.0444,75.0962,bcu,12.069453,2.219081,1.9541454,0.23844832,2.5408547e-12,10.037167,1.9992175e-08,2.1691193e-09,5.2679955e-10,2.7983132e-10,8.785918e-11,1.3986786e-11,2.5031208e-15,6.832078e-17
4FGL J0028.5+2001,7.1262,20.017,fsrq,89.21285,2.2192743,2.095452,0.1006385,4.1030332e-11,7178.108,4.6786685e-08,3.870923e-08,1.4415528e-08,3.4711187e-09,7.8386575e-10,1.2260117e-10,1.6805512e-11,1.1893264e-16
4FGL J0028.8-0112,7.2174,-1.2022,bll,4.079314,2.110465,2.0167496,0.062022932,8.8199765e-13,18.783464,1.340534e-11,1.5136787e-09,2.8162403e-10,3.2447368e-11,2.0596351e-11,3.7309504e-12,2.718836e-12,4.8078368e-17
4FGL J0028.9+3553,7.2251,35.8904,bll,11.369533,2.183843,2.1489701,0.03246064,3.1012426e-12,17.87329,2.094418e-08,2.9743106e-09,8.686347e-10,1.4504979e-10,9.363753e-11,8.940247e-12,1.4439889e-12,1.894638e-17
4FGL J0029.0-7044,7.2509,-70.7414,bll,19.135262,2.3062565,2.2782454,0.033178877,4.7870566e-12,63.630413,2.299313e-13,6.9339134e-09,1.2458602e-09,3.0088482e-10,1.03559696e-10,6.9508474e-12,1.9920007e-12,1.6243126e-15
4FGL J0029.4+2051,7.3665,20.8662,bcu,9.746155,1.7775818,1.592214,0.32518893,1.3792601e-12,21.767937,1.3991197e-09,4.385628e-11,4.885983e-14,4.935971e-11,5.27048e-11,1.3504748e-11,7.458318e-12,6.129321e-17
4FGL J0030.2+0001,7.5526,0.0329,bll,5.1196513,2.1695535,2.1303358,0.06937565,1.1218512e-12,19.28452,4.7751945e-11,1.8879216e-10,4.2099774e-10,5.586647e-11,2.0200114e-11,9.180126e-12,1.6077581e-19,2.939227e-17
4FGL J0030.2-1647,7.5643,-16.7975,bll,14.667213,1.7697825,1.5226724,0.14453349,2.793451e-12,41.82481,1.5473699e-09,1.5025506e-15,5.837222e-11,1.4309531e-10,7.912383e-11,2.7334163e-11,1.4514895e-11,7.215396e-18
4FGL J0030.3-4224,7.5958,-42.4127,fsrq,52.35371,2.4212196,2.3677027,0.07560308,1.619128e-11,545.1399,5.703602e-08,2.4318664e-08,6.0818897e-09,1.1301783e-09,2.025487e-10,1.332383e-11,6.4761456e-12,1.6494327e-15
4FGL J0030.6-0212,7.6558,-2.2014,fsrq,53.71871,2.4055793,2.3032675,0.11099326,2.019749e-11,883.49976,3.1085303e-08,2.7981844e-08,8.0156575e-09,1.4341152e-09,3.1386702e-10,1.7105987e-11,2.2598963e-17,1.3199457e-16
4FGL J0031.3+0726,7.83,7.4443,bll,8.388575,1.9382379,1.8063266,0.13308313,1.8614155e-12,16.407715,1.5818948e-08,9.011137e-10,4.3553255e-11,1.5218862e-10,3.1581522e-11,1.680391e-11,4.1481827e-12,8.085637e-16
4FGL J0032.3-5522,8.0778,-55.3668,bcu,13.040528,2.2981603,2.171118,0.139747,3.0783759e-12,321.93832,2.296828e-09,1.7001106e-09,1.2894599e-09,2.8790118e-10,4.691824e-11,1.1670734e-11,1.0039274e-15,4.2255229e-16
4FGL J0032.4-2849,8.1076,-28.8224,bll,6.9553857,2.3752236,2.2916791,0.100161314,1.6654774e-12,27.040756,6.522476e-09,1.2511242e-09,4.958828e-10,1.3180047e-10,1.8597977e-11,1.2203348e-12,1.8572182e-12,5.068701e-16
4FGL J0032.5-4724,8.1497,-47.4039,bcu,5.594671,1.6941252,1.5157311,0.17311493,8.227701e-13,14.566522,1.2352708e-13,9.835399e-13,6.316961e-11,2.5759742e-11,1.9237839e-11,6.184661e-12,6.063331e-12,8.1963635e-16
4FGL J0033.3-2040,8.3457,-20.6674,bll,6.026091,1.6612482,1.6267631,0.09981667,9.125949e-13,9.559684,5.272179e-10,3.9208692e-10,2.6421744e-14,4.4925976e-11,2.5602112e-11,4.532676e-12,4.5027792e-12,1.8741196e-12
4FGL J0033.5-1921,8.3954,-19.3593,bll,76.817635,1.750551,1.5959458,0.08150914,2.8105532e-11,101.912346,2.3345936e-11,3.3888221e-09,3.2010845e-09,1.4451211e-09,7.386813e-10,2.9624134e-10,9.203313e-11,1.1093229e-11
4FGL J0033.9+3858,8.483,38.9716,bcu,11.053949,2.2925646,2.2075424,0.09683639,3.2517346e-12,33.018616,5.797323e-14,2.9401248e-09,7.992416e-10,2.663033e-10,4.4211388e-11,9.625816e-12,9.459391e-13,4.6779194e-16
4FGL J0034.0-4116,8.5142,-41.2708,bcu,14.900646,2.6104681,2.6033142,0.07508021,4.7071552e-12,141.85762,4.980408e-09,9.619629e-09,1.8482289e-09,2.1166505e-10,3.4812285e-11,4.8205957e-12,1.7406619e-12,5.8337475e-17
4FGL J0035.0-5728,8.7521,-57.4714,bcu,7.2306657,2.552532,2.4384782,0.18148676,1.6045732e-12,15.020599,2.214459e-08,3.093565e-09,6.2776195e-10,1.4578426e-10,1.7692427e-11,1.2653914e-15,6.3534936e-13,2.9402308e-16
4FGL J0035.2+1514,8.8123,15.2405,bll,36.550503,1.844213,1.6675843,0.10549072,1.0752924e-11,38.970222,3.1260994e-09,3.3777265e-09,1.2389324e-09,6.49626e-10,3.101157e-10,9.780729e-11,3.222724e-11,1.7048142e-12
4FGL J0035.8-0837,8.9577,-8.6324,bll,9.021272,2.1166365,1.9720685,0.23935449,1.5096249e-12,45.642834,7.642739e-09,5.6899087e-15,3.7068396e-10,1.3637495e-10,6.5130804e-11,8.6927045e-12,1.7644668e-15,1.8951125e-16
4FGL J0035.8+6131,8.9684,61.5234,bcu,7.121661,2.621857,2.6568031,0.10620599,6.0981905e-12,34.645054,5.042113e-10,1.5911874e-08,2.5382434e-09,2.921707e-10,5.102824e-11,4.371494e-12,2.0376805e-17,5.2241807e-19
4FGL J0035.9+5950,8.9823,59.8334,bll,69.93408,1.7666059,1.6634133,0.05210748,3.38651e-11,325.57568,3.7480005e-11,8.981508e-09,3.84475e-09,1.4531536e-09,8.0155604e-10,3.3861866e-10,1.1214247e-10,4.617006e-11
4FGL J0036.8+1431,9.2162,14.53,bcu,4.9089923,2.3721178,2.3724523,-0.005864888,1.6732693e-12,6.703183,5.673878e-09,6.4796254e-12,6.0039884e-10,9.3338844e-11,2.2696818e-11,1.5651505e-12,1.7366193e-12,5.9840906e-17
4FGL J0036.9+1832,9.234,18.5424,bcu,10.179058,2.422608,2.3814034,0.07405155,3.4089452e-12,115.233055,1.585318e-08,4.2848276e-09,1.1217459e-09,2.181417e-10,3.1414808e-11,1.4516197e-11,1.731314e-18,7.035936e-18
4FGL J0037.6+3653,9.4045,36.8964,fsrq,7.0520163,2.3788838,2.3017707,0.12285219,2.2678049e-12,18.777134,8.8549924e-11,1.0485983e-09,7.256029e-10,1.2635003e-10,4.4614454e-11,4.669993e-12,5.7760887e-16,1.8508299e-18
4FGL J0037.8+1239,9.4695,12.6527,bll,23.327469,2.1779027,2.1757896,0.0044605327,7.833049e-12,67.137276,2.9031049e-09,9.033073e-09,2.1754258e-09,4.6734405e-10,1.4621823e-10,3.5657394e-11,8.929724e-12,3.5586807e-12
4FGL J0037.9+2612,9.4823,26.201,bll,7.230222,2.4457152,2.4179149,0.052417256,2.3059738e-12,12.242234,6.360696e-09,3.7734664e-09,7.2299317e-10,1.4462989e-10,2.335234e-11,6.2587964e-12,5.0203254e-18,5.4642413e-17
4FGL J0038.1+0012,9.5394,0.2118,bll,18.241486,1.9738592,1.8997883,0.06905084,4.5407484e-12,16.806847,2.2455165e-08,1.8786754e-09,8.393841e-10,2.576779e-10,1.1517997e-10,3.0740892e-11,9.27063e-12,2.0858229e-15
4FGL J0038.2-2459,9.5589,-24.9941,fsrq,97.55795,2.2278953,2.137574,0.0891928,3.5289643e-11,4113.291,3.6971294e-08,3.4180793e-08,1.2720452e-08,2.722645e-09,7.3353057e-10,6.586981e-11,2.0206711e-11,1.6109325e-15
4FGL J0039.0-0946,9.7556,-9.7828,fsrq,12.125998,2.7599013,2.714781,0.092565976,4.5201603e-12,22.562248,5.5719296e-09,8.4421e-09,1.8426095e-09,1.6155642e-10,2.3236654e-11,1.4018631e-14,2.3326067e-18,1.2675036e-17
4FGL J0039.1-2219,9.7782,-22.3276,bll,12.513439,1.784351,1.7582852,0.026088536,2.5974583e-12,15.261884,3.808642e-11,1.0843914e-09,1.8347895e-10,1.3779582e-10,6.4184075e-11,1.574996e-11,2.1789888e-12,8.392888e-12
4FGL J0039.1+4330,9.7994,43.5122,bcu,9.55258,2.0870204,1.9554095,0.15787208,1.6687966e-12,32.784496,1.6375516e-11,1.864266e-10,3.6750078e-10,1.4312135e-10,4.943342e-11,1.6450298e-11,4.8741456e-18,6.83491e-17
4FGL J0040.3+4050,10.0989,40.8362,bll,10.816568,1.8841169,1.9276497,-0.03529574,2.361153e-12,17.378155,4.7025724e-11,1.2715918e-09,5.385483e-10,1.1072618e-10,4.7220144e-11,1.9118497e-11,6.3369618e-12,2.5518606e-12
4FGL J0040.4-2340,10.1012,-23.6704,bll,8.099487,2.273834,2.1650224,0.13854532,1.8814707e-12,29.399483,5.3979785e-09,2.58381e-09,5.559032e-10,1.4873985e-10,1.766458e-11,7.606961e-12,5.033727e-16,8.844413e-13
4FGL J0040.9+3203,10.2393,32.0529,bcu,4.5501523,2.3667543,2.3085623,0.12527339,1.5603902e-12,20.992537,1.014595e-12,2.1360713e-09,4.4441792e-10,1.09307716e-10,2.1871425e-11,2.2838777e-12,1.7611524e-12,1.58751e-16
4FGL J0041.3+6052,10.343,60.8783,bcu,12.913219,2.766443,2.9930482,0.59639055,8.233013e-12,7.3585534,1.5420792e-08,2.0874638e-09,4.6470197e-09,5.330098e-10,1.5996827e-11,1.994134e-12,1.0249901e-17,8.820153e-16
4FGL J0041.4+3800,10.3697,38.0097,fsrq,7.380077,1.9725727,1.9956318,-0.03871984,1.4551481e-12,16.682882,1.7939785e-08,1.9812205e-09,2.6921704e-10,1.1587181e-10,1.3212383e-11,1.177465e-11,6.126603e-12,1.0521667e-12
4FGL J0041.7-1607,10.4382,-16.121,bcu,5.332441,1.7600175,1.7104937,0.14431387,7.8793363e-13,17.42488,9.60275e-12,1.593241e-14,1.6841967e-11,4.2346487e-11,8.012651e-12,1.1268178e-11,4.129978e-12,3.481926e-17
4FGL J0041.9-4702,10.4839,-47.0458,bll,7.4016743,1.6857028,1.4714915,0.23060454,9.139773e-13,8.500955,1.8773613e-10,2.4890635e-16,4.6459698e-15,3.537302e-11,2.3393227e-11,1.30898825e-11,3.1200797e-12,3.812008e-16
4FGL J0042.0+3640,10.5053,36.6724,bll,7.270876,2.0401893,1.9845927,0.051649995,1.567143e-12,7.83602,1.14713364e-10,5.962745e-14,7.223525e-10,3.7303303e-11,4.0754674e-11,1.2361134e-11,1.7573837e-12,2.3298092e-14
4FGL J0042.2+2319,10.5581,23.3271,fsrq,16.853624,2.2201,2.173818,0.05440873,4.650762e-12,22.446869,1.19983135e-08,7.919107e-09,1.1046867e-09,3.390225e-10,8.2900437e-11,1.4166298e-11,5.082139e-12,5.535658e-18
4FGL J0043.5-0442,10.8766,-4.7007,bll,9.823544,2.061948,2.060563,-0.0026358725,2.4792854e-12,16.868704,2.8363282e-08,2.4398528e-09,5.8367805e-10,1.5416912e-10,4.81535e-11,9.7352985e-12,1.1949567e-11,3.820551e-17
4FGL J0043.6+2223,10.9095,22.3864,bcu,6.4173527,2.3270266,2.3146882,0.018002642,1.7982688e-12,20.710041,2.243958e-10,2.7521722e-14,5.2677185e-10,1.183008e-10,2.5735546e-11,7.894579e-12,2.7365155e-15,3.5696478e-16
4FGL J0043.7-1116,10.9283,-11.2822,bll,11.949308,1.9283468,1.6512653,0.19839628,2.002249e-12,18.710556,1.0651933e-11,1.4973827e-09,2.0776449e-10,1.33036e-10,8.0405065e-11,1.9073033e-11,2.220783e-12,1.8267525e-18
4FGL J0043.8+3425,10.9717,34.4316,fsrq,67.48478,1.9500101,1.8453526,0.06782435,2.6327098e-11,344.50244,3.813077e-09,1.140743e-08,5.2675153e-09,1.7795021e-09,7.32488e-10,1.893234e-10,5.3852867e-11,3.0509525e-12
4FGL J0044.2-8424,11.0711,-84.4016,fsrq,6.0882926,2.6063538,2.5903022,0.033132125,2.4160433e-12,60.30434,1.4198286e-08,3.5175025e-09,9.489877e-10,1.2414506e-10,1.32674245e-11,6.214723e-12,1.5276055e-15,2.641532e-20
4FGL J0044.8+6802,11.2189,68.0382,bcu,13.438526,2.506201,2.519627,0.10791512,7.705197e-12,41.58148,2.5400466e-08,8.302437e-09,3.5924794e-09,4.803378e-10,9.318183e-11,1.592823e-11,1.1840315e-12,1.6325332e-15
4FGL J0044.9+4553,11.2311,45.8926,bcu,5.6287265,2.4884741,2.4255219,0.09038345,2.0075447e-12,10.868496,1.12022995e-08,2.585312e-09,6.6579936e-10,1.1450694e-10,2.6332748e-11,4.829343e-12,7.5668125e-23,7.441691e-23
4FGL J0045.1-3706,11.2936,-37.1065,fsrq,17.578194,2.555132,2.519334,0.056759965,4.6991235e-12,193.8433,1.8292626e-08,8.109841e-09,1.6756635e-09,2.840674e-10,3.198831e-11,2.134968e-12,2.3202237e-12,1.8039353e-22
4FGL J0045.3+2128,11.3396,21.4668,bll,47.78714,1.8176591,1.6793745,0.07407747,1.4641899e-11,255.53964,1.3494497e-08,3.945237e-09,1.8051645e-09,7.792022e-10,4.0445627e-10,1.2704547e-10,5.804542e-11,3.370171e-12
4FGL J0045.7+1217,11.4309,12.292,bll,32.64234,1.9494241,1.9225199,0.024760017,1.11672355e-11,60.110516,1.11526015e-08,5.784497e-09,1.9487603e-09,6.4998545e-10,2.352586e-10,9.0174104e-11,2.564617e-11,3.8851374e-12
4FGL J0047.0+5657,11.7535,56.9601,bll,21.445501,2.1619983,2.0362885,0.10295496,6.2906663e-12,124.22853,7.1987e-09,3.113388e-09,1.7596713e-09,4.688153e-10,1.881776e-10,3.068125e-11,7.166109e-12,1.3323757e-18
4FGL J0047.1-6203,11.777,-62.052,bcu,3.6370916,3.0811057,3.0413816,0.45882392,1.789422e-12,14.895714,3.877988e-11,7.409942e-09,5.5720856e-10,1.0594424e-14,4.2492186e-12,7.7735175e-14,5.2253297e-15,1.2444031e-15
4FGL J0047.9+3947,11.9763,39.7975,bll,27.240294,1.981125,1.9774612,0.0032324123,7.256498e-12,92.21433,2.2070217e-12,5.962681e-09,1.3227694e-09,4.31997e-10,1.3410852e-10,6.645755e-11,1.4169076e-11,3.0353673e-12
4FGL J0047.9+5448,11.9872,54.8017,bcu,7.267247,1.7160591,1.7146506,-0.0019150373,1.4801207e-12,13.863037,9.277541e-12,7.496448e-12,2.0846516e-10,2.5301117e-11,4.2842126e-11,1.1069881e-11,3.039783e-12,5.110918e-12
4FGL J0047.9+2233,11.9981,22.5632,fsrq,10.303153,2.4202042,2.42538,0.02884852,4.136409e-12,135.3475,8.206098e-13,3.9843395e-09,1.4283903e-09,2.0966058e-10,5.850394e-11,1.2121833e-11,9.86281e-17,3.138045e-17
4FGL J0048.6-2427,12.1709,-24.4541,bcu,10.618403,2.0859287,1.9875029,0.13071896,2.2201605e-12,13.275707,7.634041e-13,6.058769e-10,4.9660304e-10,1.408897e-10,4.702757e-11,1.2980362e-11,3.36315e-12,1.6242246e-16
4FGL J0049.0+2252,12.252,22.8735,bll,8.034237,2.2760062,2.2581089,0.03401936,2.4106648e-12,12.813997,3.0139535e-09,4.342033e-09,9.134817e-10,1.3093432e-10,3.644488e-11,1.02826905e-11,1.6690403e-12,3.1434683e-17
4FGL J0049.1+4223,12.2772,42.3901,bll,6.7207613,1.9310629,1.7150469,0.16513202,1.5056874e-12,12.78919,5.551013e-13,1.0772142e-09,2.388816e-10,5.919181e-11,4.5884085e-11,1.2861883e-11,3.2380305e-12,4.842034e-19
4FGL J0049.2+6227,12.3112,62.4626,bcu,4.248278,2.3391886,2.2150946,0.10086147,2.8808906e-12,3.311734,1.9587967e-10,3.748347e-09,8.224423e-10,9.787109e-11,5.5506495e-11,1.194235e-11,6.6088105e-17,2.138945e-17
4FGL J0049.4-5402,12.3589,-54.0367,bll,13.841837,2.1858766,2.0785785,0.10293965,2.8770003e-12,25.102087,6.9162605e-09,2.6167257e-09,6.5799544e-10,2.0000417e-10,6.244721e-11,1.4829735e-11,9.310703e-16,3.460076e-17
4FGL J0049.5-4150,12.3973,-41.846,bcu,6.202439,2.05724,1.9627533,0.08072998,1.2260714e-12,9.244017,8.720695e-09,5.2327965e-11,2.430488e-10,7.210053e-11,2.582829e-11,9.809266e-12,2.3073754e-12,7.2051925e-17
4FGL J0049.6-4500,12.4188,-45.0086,fsrq,8.885262,2.6896482,2.6720586,0.04546749,2.3528657e-12,19.666157,5.491125e-09,4.967275e-09,8.308121e-10,1.0609717e-10,1.630935e-11,1.7180534e-15,2.9093583e-17,1.5825327e-16
4FGL J0049.7+0237,12.4377,2.6273,bll,54.94009,2.1184964,1.9839023,0.10219964,1.6826238e-11,262.5781,7.3277873e-09,1.1024798e-08,5.0114637e-09,1.4078363e-09,4.454465e-10,6.689035e-11,6.965925e-12,2.9029699e-18
4FGL J0050.0-5736,12.5197,-57.6164,fsrq,44.944794,2.4348743,2.3807728,0.05783478,1.27210915e-11,947.9246,1.7643565e-08,1.9051793e-08,4.845964e-09,8.208205e-10,1.4515485e-10,3.536942e-11,1.4093638e-15,3.8991663e-17
4FGL J0050.4-0452,12.6121,-4.8806,fsrq,30.092163,2.3436754,2.2545953,0.094366066,9.596452e-12,243.49756,4.3018944e-09,1.0566849e-08,3.6316188e-09,7.122981e-10,1.7798645e-10,1.6259542e-11,2.3648937e-12,4.757926e-16
4FGL J0050.7-0929,12.6753,-9.4936,BLL,87.6642,2.014316,1.923501,0.05803443,3.589063e-11,170.83823,2.8262367e-08,1.995693e-08,8.421948e-09,2.6447737e-09,8.8026586e-10,2.348069e-10,4.5133546e-11,3.8022957e-12
4FGL J0050.8-3428,12.7183,-34.4675,bcu,3.9325433,1.9453152,1.9424825,0.0021934176,6.405429e-13,19.292635,1.4592041e-11,5.206431e-12,1.3357251e-10,4.7485824e-11,5.924171e-12,1.0430965e-12,3.618459e-12,4.0883663e-16
4FGL J0051.1-0648,12.7824,-6.8096,fsrq,28.416601,2.4185624,2.3011613,0.1435198,9.234499e-12,188.6428,2.6807673e-14,1.3081266e-08,3.7763552e-09,7.1727885e-10,1.1859763e-10,1.6535865e-11,1.0688068e-15,1.5276531e-15
4FGL J0051.2-6242,12.8243,-62.7037,bll,69.56279,1.7687656,1.5880969,0.09510683,2.0013047e-11,171.33412,2.06622e-09,1.2385692e-09,2.0615316e-09,1.0088669e-09,5.424781e-10,2.0812572e-10,7.1234844e-11,6.580864e-12
4FGL J0051.5-4220,12.8793,-42.3455,fsrq,17.510614,2.6829588,2.5713918,0.1870038,6.0394836e-12,170.52602,1.0447786e-08,1.2129969e-08,2.6771934e-09,2.9389713e-10,2.298323e-11,7.959184e-13,4.1990573e-16,2.6902582e-15
4FGL J0052.9-6644,13.249,-66.7363,bcu,9.540372,2.056171,2.095493,-0.034702916,1.6642958e-12,11.683581,3.3274663e-09,1.0456542e-09,5.175114e-10,6.753072e-11,3.1799903e-11,1.6082463e-11,4.007835e-12,3.0438042e-16
4FGL J0054.4+8627,13.6074,86.4531,bcu,12.259213,2.7061346,2.729814,0.21408106,3.9465215e-12,33.26342,7.355939e-11,8.434751e-09,1.7840257e-09,2.2790567e-10,1.7507013e-11,1.6917056e-12,1.2110163e-12,4.4873696e-15
4FGL J0054.7-2455,13.6945,-24.933,bll,35.67798,1.7788253,1.6337878,0.07584144,9.226869e-12,26.348919,1.4445012e-08,1.8311743e-09,9.919924e-10,4.5603032e-10,2.4641236e-10,8.659353e-11,3.915587e-11,3.6187726e-12
4FGL J0054.8-1954,13.7039,-19.912,bcu,4.261759,2.3913615,2.291711,0.13725333,1.165549e-12,31.304945,2.0553292e-12,1.0606552e-09,3.369085e-10,9.256257e-11,1.7241184e-11,1.0817088e-12,3.6926335e-16,1.4852293e-16
4FGL J0055.1-1219,13.7805,-12.3204,bcu,27.360817,2.2981138,2.1882546,0.123388246,7.06427e-12,263.78903,1.05839166e-13,7.821226e-09,2.6778708e-09,6.1865346e-10,1.15176584e-10,1.8167676e-11,1.4076019e-16,1.9613336e-17
4FGL J0056.3-0935,14.0874,-9.5997,bll,31.172943,1.8780916,1.8285382,0.042359263,9.551099e-12,42.749786,2.5316336e-08,2.4729003e-09,1.4582363e-09,5.212395e-10,2.2774198e-10,5.373915e-11,3.3630303e-11,5.0372835e-12
4FGL J0056.4-2118,14.1204,-21.3029,bll,37.178997,1.9424087,1.7502314,0.13025804,8.544108e-12,39.899315,4.028195e-09,2.6603102e-09,1.6059679e-09,6.4378297e-10,2.9572728e-10,6.922381e-11,5.349143e-12,3.7300816e-17
4FGL J0056.5-3936,14.1458,-39.6109,bll,5.8337083,2.163942,1.9442607,0.256117,1.1640268e-12,12.461758,5.5910915e-10,1.5788622e-10,2.485638e-10,9.5331264e-11,2.5968892e-11,3.050598e-12,7.5882145e-16,5.2860875e-16
4FGL J0056.6-4452,14.1548,-44.8729,bll,8.82647,2.329179,2.106327,0.2110127,1.3106366e-12,14.983602,1.4496908e-11,2.651963e-10,4.9118315e-10,1.583858e-10,1.884069e-11,2.6757858e-12,6.970382e-18,2.2192742e-15
4FGL J0056.6-5317,14.1591,-53.2956,bcu,11.443697,2.1607425,2.0083518,0.12560566,2.1613523e-12,32.772343,4.134955e-09,1.7279383e-09,5.5956734e-10,1.1685776e-10,6.262244e-11,7.606271e-12,3.298391e-14,2.9661546e-19
4FGL J0056.8+1626,14.202,16.436,bll,6.0413914,2.273372,2.223416,0.029961264,1.8119943e-12,15.267411,6.018311e-10,5.5401297e-09,5.3225935e-10,7.638437e-11,4.1906038e-11,7.1431255e-12,3.3291084e-16,5.2014456e-19
4FGL J0057.0+4101,14.2534,41.0179,bcu,5.6262546,2.0979626,1.9907937,0.21519682,1.2319527e-12,18.846731,1.3208531e-08,3.1643754e-11,1.0297804e-12,1.2919643e-10,1.9075163e-11,1.05109055e-11,3.0010684e-15,1.9729418e-18
4FGL J0057.3+2216,14.3415,22.273,bcu,7.820092,2.1136773,2.0389955,0.08216779,1.9919446e-12,19.256672,6.8451356e-09,7.359229e-10,4.1679565e-10,1.687852e-10,2.8190885e-11,1.3881657e-11,8.631556e-17,2.7704772e-17
4FGL J0058.0-0539,14.5108,-5.655,fsrq,16.018517,2.4525738,2.4299817,0.046069823,5.8126464e-12,72.58085,2.1545947e-08,7.735999e-09,2.0052986e-09,3.5388442e-10,7.823274e-11,4.03574e-12,1.9358556e-12,7.361866e-17
4FGL J0058.0-3233,14.5132,-32.5658,bll,45.370388,2.1141944,1.9222363,0.15055048,1.02489085e-11,85.31363,7.125568e-09,6.012689e-09,2.8887044e-09,1.0071733e-09,2.683494e-10,5.1048447e-11,1.868057e-12,4.090081e-16
4FGL J0058.3+1723,14.577,17.3884,bll,4.63588,1.5155816,1.3945888,0.2185577,6.7635226e-13,9.572169,1.5954993e-09,1.4722914e-12,1.0485852e-15,1.3344029e-12,1.3986228e-11,7.8621745e-12,7.696631e-12,4.7565638e-17
4FGL J0058.4+3315,14.6101,33.2505,fsrq,7.4848595,2.2111683,1.9687988,0.24422398,1.2897757e-12,81.993774,1.4318156e-08,1.4918217e-09,2.5468136e-10,1.5274108e-10,3.9739406e-11,7.685296e-12,2.0009968e-14,1.6395983e-15
4FGL J0058.6-1140,14.65,-11.6791,bcu,6.3060536,2.0087156,1.9898348,0.074828476,1.3138313e-12,7.9458437,1.789448e-11,4.2642404e-12,1.0961379e-10,9.991814e-11,3.252619e-11,6.521548e-12,2.493151e-12,3.199744e-16
4FGL J0059.2+0006,14.8073,0.1166,fsrq,6.7264857,2.5419896,2.5494065,-0.01481117,2.3884215e-12,18.435751,2.3833215e-08,2.889371e-09,9.247589e-10,8.152289e-11,2.9682267e-11,1.1401736e-11,9.9354814e-17,1.7043744e-16
4FGL J0059.3-0152,14.8361,-1.8725,bll,13.494346,1.8286432,1.7669983,0.04352044,3.0517691e-12,11.431056,2.4170285e-10,2.0822488e-09,5.2153165e-10,8.8130135e-11,7.5829884e-11,3.3537943e-11,1.0417945e-11,1.963861e-12
4FGL J0059.5-3512,14.885,-35.2117,bll,10.799742,1.9637231,1.6856999,0.27301604,1.3048718e-12,18.818491,2.8764153e-09,1.0637836e-11,1.999397e-10,1.0600633e-10,5.3631165e-11,1.39342045e-11,4.741397e-16,7.8892477e-17
4FGL J0059.5-3338,14.8869,-33.6407,fsrq,5.6946473,2.8047664,2.8058672,0.015488122,1.974583e-12,17.280392,1.235094e-11,5.3083196e-09,5.1393667e-10,7.6258666e-11,1.4478292e-11,2.4559608e-14,5.660701e-16,1.7814556e-15
4FGL J0100.3+0745,15.0932,7.7647,bll,50.52877,1.9449022,1.7592584,0.12492882,1.5214389e-11,66.66808,1.001604e-11,3.3103784e-09,2.817528e-09,1.2039505e-09,4.793383e-10,1.3105937e-10,1.5424561e-11,4.09857e-16
4FGL J0101.0-0059,15.2629,-0.9904,bll,6.2862473,2.387419,2.360003,0.03381404,1.866639e-12,19.982601,6.5876235e-11,4.3463166e-09,5.1490096e-10,9.418309e-11,3.6725924e-11,3.1376123e-12,2.5984152e-16,2.503644e-16
4FGL J0101.3-8019,15.3324,-80.3235,fsrq,4.793159,2.7389755,2.7196255,0.12350038,2.027408e-12,19.61396,8.453118e-09,3.7080428e-09,6.744911e-10,1.0062321e-10,1.6554045e-11,6.1451906e-15,1.167546e-15,3.9039663e-17
4FGL J0101.7-5455,15.4454,-54.9255,bll,6.313219,1.769454,1.6315955,0.10312797,8.425802e-13,11.923476,1.3683808e-13,9.256768e-12,1.8063501e-10,1.9969342e-11,1.9691077e-11,5.9328935e-12,5.7449223e-12,7.341001e-17
4FGL J0101.8-7543,15.4727,-75.7324,fsrq,4.269817,2.599173,2.6084638,0.013715486,1.5136426e-12,16.331596,2.6314305e-11,3.4154441e-09,7.0597234e-10,7.348536e-11,2.3191082e-12,4.7568314e-19,2.9324126e-12,1.540826e-18
4FGL J0102.0+1639,15.5228,16.6524,bcu,7.0842023,2.1773393,2.0298078,0.12983786,1.812705e-12,17.721285,3.3082137e-09,6.6871964e-10,3.1200703e-10,1.2235596e-10,3.4961187e-11,1.3626937e-11,2.1448196e-15,2.1548702e-18
4FGL J0102.1+5846,15.5371,58.7781,bcu,5.192584,2.313264,2.3206823,0.052705463,3.043305e-12,20.302282,5.421063e-12,3.8231143e-09,1.5653976e-09,1.4342869e-10,5.5924234e-11,5.0881504e-12,3.768889e-12,7.1016376e-18
4FGL J0102.4+4214,15.6069,42.2371,fsrq,14.9023905,2.6998584,2.602968,0.16212836,5.3494366e-12,188.73058,2.059012e-11,1.2008838e-08,2.3587858e-09,2.0663468e-10,2.980077e-11,2.0193307e-12,1.0672547e-12,1.7428721e-15
4FGL J0102.4+0942,15.6086,9.7061,bll,6.980668,2.1611671,2.2082195,-0.046869107,2.1842133e-12,18.803768,1.18653505e-08,3.155847e-09,5.1475624e-10,9.257157e-11,5.0449228e-11,8.587733e-12,6.6655687e-12,6.1259e-16
4FGL J0102.6-5639,15.6562,-56.6556,bcu,7.8585653,2.0833402,1.9723665,0.16368595,1.7796788e-12,17.73028,6.728142e-11,1.6307589e-09,2.7630426e-10,1.3282103e-10,3.217677e-11,1.213226e-11,1.3477668e-12,1.5992273e-15
4FGL J0102.7-2001,15.6935,-20.0305,bcu,5.259831,1.6965084,1.3367301,0.29531866,7.741958e-13,21.513437,1.6034224e-13,9.464817e-11,5.3529767e-11,1.40560645e-11,1.1854083e-11,1.4938073e-11,2.0398737e-12,3.5947433e-17
4FGL J0102.8+5824,15.701,58.4092,fsrq,59.444836,2.2838695,2.288061,0.06728792,4.1235716e-11,952.9826,5.4720108e-08,4.026644e-08,1.3527362e-08,3.220445e-09,7.2809664e-10,1.4270991e-10,1.9235972e-11,4.9971333e-12
4FGL J0103.1+4954,15.7753,49.9095,bcu,7.719609,2.5853665,2.5824296,0.05969418,3.6388262e-12,37.052315,8.329319e-09,5.7159486e-09,1.3297801e-09,1.6862961e-10,4.292419e-11,3.713283e-12,7.352634e-24,5.1940583e-17
4FGL J0103.5+1526,15.8786,15.4348,bll,8.742901,2.1993947,2.137783,0.056965627,2.38162e-12,5.931611,5.719813e-09,1.4439189e-09,7.4174134e-10,1.421671e-10,4.509579e-11,8.916239e-12,3.5175725e-12,2.8815516e-16
4FGL J0103.5+5337,15.8787,53.6262,bll,26.588034,1.8221352,1.6934736,0.07397568,7.845164e-12,47.23652,8.025678e-09,1.3284987e-11,5.3479665e-10,4.6358367e-10,1.9353358e-10,7.1155595e-11,2.744502e-11,6.577556e-12
4FGL J0103.8+1321,15.969,13.3536,bll,9.098306,2.103075,1.910671,0.1619129,2.16973e-12,48.15927,2.719668e-11,1.5656874e-09,4.360949e-10,1.3342008e-10,5.550059e-11,1.061635e-11,2.6622192e-12,5.3511926e-16
4FGL J0104.8-2416,16.2146,-24.2808,fsrq,16.462927,2.64323,2.5307472,0.12208587,4.5910394e-12,95.49669,4.7689123e-11,7.2019906e-09,1.9280502e-09,2.656153e-10,2.3981254e-11,3.4914012e-12,1.853355e-20,8.574777e-17
4FGL J0105.1+3929,16.2913,39.4963,bll,23.681274,2.3312454,2.2372675,0.07517909,6.3787127e-12,196.11844,1.5780737e-08,9.930729e-09,2.0999888e-09,4.7115645e-10,1.311353e-10,4.159588e-12,4.08176e-12,6.9182274e-19
4FGL J0105.5+1912,16.3962,19.2052,bll,2.943237,2.3,2.6036057,0.035673026,9.0459763e-13,28.794146,8.479463e-09,1.0162587e-09,2.2429385e-10,5.5317244e-11,1.7815688e-11,2.1028652e-12,8.686017e-16,6.909302e-18
4FGL J0105.9+3403,16.4847,34.0644,bll,5.79123,2.7534559,2.7476764,0.08933568,2.3031108e-12,70.02037,2.4832092e-10,4.0458508e-09,1.062706e-09,7.725477e-11,4.733389e-12,2.2872077e-12,1.215247e-16,1.1098659e-16
4FGL J0106.9-4832,16.7437,-48.5347,bcu,5.2632933,2.4018738,2.3573966,0.045896474,1.0947113e-12,17.613747,1.5081646e-08,1.7496125e-09,2.1371396e-10,6.760965e-11,2.3490569e-11,2.9976376e-22,6.561507e-13,1.2711959e-20
4FGL J0107.3-1210,16.826,-12.1827,bll,8.7685585,2.2591462,2.2145953,0.057636052,2.269022e-12,20.260817,7.791243e-09,3.14277e-09,6.7888634e-10,1.398139e-10,5.1735376e-11,1.9428415e-12,1.4221327e-12,5.942011e-16
4FGL J0107.4+0334,16.8508,3.5691,bll,8.750334,2.1854582,2.1300397,0.07915048,2.0286682e-12,60.522034,1.7574654e-12,2.3554094e-09,5.355845e-10,1.4018488e-10,3.8127265e-11,1.04489785e-11,2.4016867e-12,2.2775449e-17
4FGL J0107.6+4950,16.9067,49.8415,bcu,5.4320664,2.2656782,2.2464833,0.028056925,1.7470902e-12,12.520213,3.2056947e-11,5.4308114e-10,5.3307686e-10,1.1196802e-10,2.5821782e-11,7.697474e-12,1.0060736e-12,3.934426e-17
4FGL J0108.1-0039,17.0276,-0.6587,fsrq,8.110159,2.6504521,2.635523,0.13090491,3.2609898e-12,13.06684,1.0174197e-08,4.225833e-09,1.195945e-09,1.5555719e-10,2.4592214e-11,1.7556578e-12,1.9950265e-18,4.279006e-14
4FGL J0108.6+0134,17.1695,1.5819,fsrq,216.54633,2.34918,2.2374833,0.112106904,1.5329182e-10,14536.506,2.8719074e-07,2.026212e-07,6.13982e-08,1.1453949e-08,2.1372042e-09,1.8211244e-10,5.8966833e-12,1.0719701e-22
4FGL J0109.1+1815,17.2951,18.2647,bll,25.096943,2.0401638,1.9038954,0.089490466,6.4561277e-12,14.849766,8.2048285e-11,4.080697e-09,1.2066094e-09,5.1745447e-10,1.7772259e-10,5.607951e-11,3.0395044e-12,1.1659628e-18
4FGL J0109.3+2401,17.3313,24.0237,bcu,8.265334,2.095467,2.0291662,0.06181011,1.9352714e-12,22.87142,1.059369e-08,1.4072845e-09,5.1002985e-10,8.843093e-11,5.1538215e-11,1.0310058e-11,3.4982746e-12,2.6743024e-16
4FGL J0109.7+6133,17.445,61.5615,fsrq,34.527103,2.627819,2.6598241,0.157711,2.6603853e-11,1086.423,5.814604e-08,4.355725e-08,1.1892517e-08,1.6052708e-09,1.9828299e-10,1.3774891e-11,2.2309895e-18,1.09045355e-13
4FGL J0110.0-4019,17.5159,-40.3178,bll,12.361202,1.8008773,1.7363031,0.06608073,2.1391213e-12,19.010172,1.09596066e-08,1.1569647e-10,1.3910954e-10,1.1722474e-10,5.243617e-11,1.1950507e-11,8.953245e-12,3.088662e-12
4FGL J0110.1+6805,17.5454,68.0973,bll,46.39756,1.9886951,1.9705921,0.018485911,2.2285358e-11,28.154408,1.3941963e-10,1.5567819e-08,4.6357242e-09,1.2595359e-09,4.642523e-10,1.6200587e-10,5.141137e-11,8.789905e-12
4FGL J0110.2+4151,17.5581,41.8591,bll,5.9618673,1.8334662,1.8415029,-0.0112357,1.0699177e-12,17.463028,3.965304e-09,3.7985576e-13,3.2935968e-10,4.9862937e-11,1.6186632e-11,1.2440902e-11,1.0817103e-15,3.8964027e-12
4FGL J0110.3-0431,17.5797,-4.5267,bcu,5.3642,2.3668318,2.3878224,0.096741565,1.648609e-12,23.517124,3.9674702e-10,3.329773e-09,5.071195e-10,1.15867094e-10,1.5637052e-11,5.1450936e-12,4.2844894e-12,2.8146127e-16
4FGL J0110.7-1254,17.6934,-12.9077,bll,12.511329,1.9899724,1.9743693,0.019424185,2.823352e-12,18.11434,8.9873916e-12,8.31745e-10,6.8286127e-10,1.7072008e-10,5.0240104e-11,1.6712317e-11,1.02028976e-11,1.907507e-12
4FGL J0110.9+4344,17.7264,43.7475,bcu,7.4909725,2.3186898,2.3225956,-0.014374024,2.1557708e-12,17.965866,4.0608494e-09,1.1910821e-09,8.83663e-10,1.0892558e-10,1.9334284e-11,1.494763e-11,1.4073663e-12,9.094725e-17
4FGL J0111.4-7304,17.8557,-73.0719,bcu,4.8051677,2.1697872,2.1864948,0.15395357,1.293766e-12,9.580645,7.812405e-09,3.0553365e-17,3.0395977e-10,1.0171137e-10,2.8123259e-11,3.5699002e-12,4.81298e-13,2.4848706e-17
4FGL J0111.4+0534,17.8573,5.5761,bll,6.3017282,1.922011,1.8058271,0.13087691,1.2745497e-12,16.908335,4.9190263e-14,1.9954797e-12,2.2662039e-10,3.99628e-11,4.7595893e-11,4.6591064e-12,4.4219307e-12,3.4234552e-16
4FGL J0111.5-2546,17.8966,-25.7778,bcu,5.055752,2.671427,2.7060957,-0.039507177,1.566112e-12,26.818521,2.5366699e-08,1.3641097e-09,4.7704035e-10,7.934767e-11,1.6721473e-11,1.7490994e-15,2.2239356e-16,9.446829e-20
4FGL J0112.0-6634,18.0236,-66.5752,fsrq,14.940613,2.7253609,2.6854253,0.14062685,3.9834798e-12,37.01697,1.6398339e-08,9.883827e-09,1.4021027e-09,2.1167096e-10,1.593217e-11,1.9508644e-12,2.8970963e-18,9.541602e-17
4FGL J0112.1+2245,18.0294,22.7515,BLL,155.20131,2.0751011,1.9909561,0.05819196,8.251718e-11,1002.4609,6.438233e-08,5.774606e-08,2.1777593e-08,6.37551e-09,1.9466435e-09,4.232235e-10,8.438452e-11,3.3875181e-12
4FGL J0112.1-0321,18.0308,-3.3626,fsrq,6.812342,2.4949648,2.4670434,0.15800713,2.8893216e-12,26.671267,6.7258172e-09,4.9020117e-09,1.1688526e-09,2.0578117e-10,1.1664221e-11,4.039778e-12,2.3748946e-16,2.5308507e-17
4FGL J0112.6-3158,18.1611,-31.9743,bll,5.5944524,2.013326,1.7441348,0.26934102,1.000015e-12,15.14904,9.909975e-12,2.8337552e-10,8.8563726e-11,5.028033e-11,2.963911e-11,8.457238e-12,2.6567665e-17,7.4600775e-16
4FGL J0112.8-7506,18.2049,-75.1024,bll,17.96409,2.0050452,1.8642792,0.10171482,3.2716796e-12,12.780651,9.559075e-09,1.0028258e-09,5.9213584e-10,2.4390265e-10,9.611723e-11,2.9775946e-11,2.236708e-12,7.206552e-18
4FGL J0112.8-0253,18.2061,-2.8965,bcu,4.2026606,2.0622973,1.9433079,0.3043408,1.0300475e-12,15.250021,4.3867843e-10,3.92131e-12,1.6170298e-13,7.385059e-11,3.441239e-11,2.108316e-12,3.434882e-13,3.0369247e-16
4FGL J0112.8+3208,18.2227,32.1399,fsrq,70.55322,2.350551,2.2545488,0.07896505,2.6564435e-11,1275.7493,7.578562e-08,3.4151068e-08,9.782232e-09,1.9969557e-09,4.0042733e-10,3.6200112e-11,9.10345e-12,3.0121243e-16
4FGL J0113.1-3553,18.2893,-35.894,fsrq,21.271841,2.4346988,2.332801,0.0972647,4.9097375e-12,168.36006,9.440643e-09,6.9937904e-09,1.8242521e-09,3.9397077e-10,4.965274e-11,5.0019615e-12,3.659056e-17,3.064852e-16
4FGL J0113.4+4948,18.3682,49.8054,fsrq,38.742313,2.2274601,2.1440096,0.077564046,1.3111901e-11,490.40823,5.8814447e-09,9.842761e-09,4.1331263e-09,1.0679146e-09,2.678662e-10,5.6239995e-11,8.526338e-12,1.51053e-18
4FGL J0113.7+0225,18.4279,2.4196,bll,11.205218,2.6769228,2.6744142,0.008562479,5.1224975e-12,23.859318,2.1734571e-08,1.1190171e-08,1.7877577e-09,2.075584e-10,4.192503e-11,7.634582e-12,3.0826263e-16,2.470898e-16
4FGL J0114.0+6418,18.5151,64.304,bcu,7.5943418,2.132163,2.003652,0.15514944,3.5465853e-12,46.62847,2.1133683e-11,5.994677e-09,5.3270627e-10,1.5825237e-10,8.234083e-11,1.7688222e-11,3.6392087e-12,2.3257865e-12
4FGL J0114.8+1326,18.7119,13.4342,bll,37.64927,2.0986667,2.0686543,0.03086242,1.2990221e-11,85.14392,2.5483162e-08,9.193981e-09,3.2108025e-09,8.33101e-10,2.7507865e-10,6.681106e-11,1.6910352e-11,1.9956938e-16
4FGL J0114.9-3400,18.7398,-34.0063,bll,10.510932,1.6899698,1.678704,0.016594263,1.7083155e-12,19.036814,1.1289138e-13,7.285342e-10,1.7798628e-10,8.050228e-11,2.40378e-11,1.419829e-11,1.0119568e-11,3.282281e-12
4FGL J0115.1+2622,18.7784,26.3733,bcu,5.7293997,2.213073,2.126614,0.09423835,1.6232895e-12,28.014585,2.270628e-11,3.885069e-12,4.92535e-10,1.1699826e-10,2.3345072e-11,1.0375335e-11,1.6060646e-15,1.962243e-15
4FGL J0115.1-0129,18.7859,-1.4962,fsrq,13.947945,2.6467783,2.629173,0.08504149,5.3423615e-12,75.31889,4.470171e-09,1.1650167e-08,2.2135713e-09,2.1205829e-10,2.7587353e-11,1.8653516e-12,5.841621e-12,1.327987e-16
4FGL J0115.6-5653,18.9053,-56.8954,bcu,4.5612636,1.6842656,1.4562032,0.15516457,5.6054337e-13,4.251825,3.007446e-17,5.5253664e-13,1.1935908e-10,9.298989e-12,1.0514022e-11,5.6325313e-12,4.2248162e-12,6.940631e-16
4FGL J0115.6+0356,18.9121,3.947,bll,41.88115,2.079746,1.9215286,0.10954942,1.2192623e-11,35.119682,1.9197824e-08,4.0405927e-09,3.2169327e-09,1.0672051e-09,3.2049846e-10,6.094352e-11,1.2845652e-11,2.0932331e-12
4FGL J0115.8+2519,18.9539,25.3324,bll,47.701366,1.9143653,1.8934261,0.018647062,1.844014e-11,337.6298,1.5922112e-08,8.878582e-09,3.3315426e-09,9.917047e-10,3.888581e-10,1.5159282e-10,5.4525606e-11,6.198353e-12
4FGL J0116.0-1136,19.0006,-11.606,fsrq,30.647429,2.4031923,2.3824978,0.038191624,9.994722e-12,327.14963,1.1703065e-08,1.3142373e-08,3.7319365e-09,5.357042e-10,1.3730514e-10,2.606352e-11,1.60751e-12,7.555213e-18
4FGL J0116.0-2745,19.0032,-27.7589,bll,10.9284935,1.885292,1.7001803,0.15374862,2.1570681e-12,21.190512,1.7615914e-09,6.902622e-10,5.955376e-11,1.3073939e-10,4.6276302e-11,1.8855357e-11,7.5164215e-12,5.7288126e-16
4FGL J0116.2-6153,19.06,-61.8947,bll,15.63953,1.9070705,1.7490182,0.10924596,2.3207272e-12,15.476609,5.785725e-09,1.7936486e-12,2.922232e-10,1.720856e-10,5.3649748e-11,2.7838006e-11,5.539593e-12,1.3119851e-18
4FGL J0116.5-2812,19.1342,-28.201,bll,6.0456643,2.2000918,2.2547805,-0.03535786,1.379779e-12,25.378225,2.574432e-10,2.466285e-09,5.4267624e-10,8.485563e-11,2.1365793e-11,7.507281e-12,6.589467e-13,6.706885e-17
4FGL J0116.5-3046,19.1463,-30.7833,fsrq,4.711715,2.6264517,2.5376716,0.12035982,1.4338304e-12,16.084114,3.2083785e-09,2.3159763e-09,4.992289e-10,1.00709496e-10,6.631011e-12,7.178237e-18,9.031743e-16,2.0279325e-16
4FGL J0117.5-2442,19.3907,-24.7145,bll,3.9587195,2.0070355,1.7964255,0.098249786,7.1222173e-13,8.624116,4.3320796e-09,2.163619e-09,1.5215992e-10,2.0122517e-12,2.740911e-11,2.9313214e-12,1.7634787e-12,7.054201e-21
4FGL J0117.8-2109,19.4543,-21.1578,fsrq,26.498932,2.352834,2.2357516,0.111595705,9.025834e-12,347.3575,4.1403723e-08,4.761517e-09,3.7744e-09,7.080776e-10,1.6605052e-10,2.5102686e-11,3.2202406e-17,1.3897239e-16
4FGL J0118.7-0848,19.6884,-8.808,bcu,8.304416,2.6799011,2.7323346,0.1987797,2.7157124e-12,36.526264,3.4805843e-09,6.556377e-09,1.0772446e-09,1.5156984e-10,1.3332664e-11,2.2821836e-16,8.6615174e-17,4.0022197e-15
4FGL J0118.9-2141,19.7254,-21.6948,fsrq,57.702072,2.310125,2.2946575,0.05736761,2.5908234e-11,528.2919,1.1756891e-09,3.617348e-08,8.5655225e-09,1.8749642e-09,4.704074e-10,6.568078e-11,7.489474e-12,1.735565e-21
4FGL J0119.0-1458,19.7612,-14.9799,bll,17.84154,1.7700862,1.5591315,0.12866448,3.4151868e-12,12.528801,1.1152622e-12,6.8037e-10,3.4972508e-10,1.5960912e-10,9.989184e-11,3.4673892e-11,1.2050144e-11,4.6868014e-15
4FGL J0119.4-5354,19.8696,-53.916,bcu,10.087819,2.3493378,2.3569357,-0.01116112,2.293877e-12,27.882723,4.097059e-12,4.705099e-09,5.5848465e-10,1.4208994e-10,4.1843758e-11,5.1117643e-12,2.2736416e-12,2.777305e-17
4FGL J0119.6+4158,19.9196,41.9826,bll,4.3986087,2.3699274,2.3306217,0.15495713,1.3348901e-12,9.175086,3.4638e-13,1.9755846e-09,3.8227682e-10,8.440417e-11,2.6501674e-11,1.0784956e-12,8.934391e-16,4.738472e-19
4FGL J0119.9+4053,19.9988,40.8911,bcu,3.0520344,2.207716,2.114985,0.17361927,7.980809e-13,10.366517,2.5582902e-13,2.5336772e-13,1.1610157e-10,5.3805325e-11,1.8606538e-11,4.206174e-12,2.443774e-15,1.5987891e-22
4FGL J0120.4-2701,20.1227,-27.0229,bll,91.17019,1.9139365,1.8276141,0.047740016,3.3565737e-11,51.534687,2.4467641e-09,1.3762945e-08,5.953046e-09,2.159226e-09,8.904009e-10,2.4083202e-10,7.869734e-11,1.02129945e-11
4FGL J0121.7+5153,20.4389,51.8947,bcu,5.281105,1.7919906,1.7929351,0.10890669,1.2321974e-12,12.521663,6.9268946e-09,1.6305223e-13,9.06066e-15,8.001933e-11,3.704973e-11,7.909355e-12,7.396136e-12,6.2362817e-18
4FGL J0121.8+1147,20.4673,11.7961,fsrq,4.344359,2.0146165,1.935229,0.111350276,9.117556e-13,10.305655,6.724702e-11,7.679188e-12,9.3876885e-11,5.880712e-11,2.1357752e-11,6.408378e-12,1.4380538e-12,4.032567e-18
4FGL J0121.8-3916,20.4704,-39.2682,bll,15.483045,1.9275442,1.8659695,0.066239834,2.8535627e-12,18.882774,3.2471458e-12,9.857501e-10,4.8931115e-10,1.5754184e-10,7.2159084e-11,1.29064944e-11,1.114723e-11,2.8882088e-18
4FGL J0122.1-3004,20.5293,-30.0697,bcu,5.3957124,1.4475635,1.1488322,0.28462967,6.557921e-13,8.172603,8.709062e-13,9.431889e-12,8.5898406e-11,6.5946302e-12,8.944627e-12,4.730548e-12,1.0218961e-11,1.6075125e-16
4FGL J0123.1+3421,20.7906,34.3538,bll,15.22335,1.6909957,1.6163884,0.051147904,3.14673e-12,20.380726,8.915904e-09,2.0034648e-11,6.0541233e-10,4.942207e-11,7.618372e-11,3.067786e-11,1.6465098e-11,3.5895262e-12
4FGL J0123.7+4209,20.9338,42.1646,bll,5.2642193,1.8932304,1.9048933,-0.021106014,9.142585e-13,19.310022,1.2292058e-12,1.0926603e-09,2.6372654e-10,5.8795066e-11,7.062441e-12,1.1045288e-11,2.5269144e-12,2.106427e-12
4FGL J0123.7-2311,20.9377,-23.1941,bll,24.63712,1.8547863,1.8053173,0.043809257,6.119881e-12,27.616013,6.20253e-11,6.232635e-13,9.102119e-10,3.5048545e-10,1.3096696e-10,3.8873457e-11,2.344902e-11,5.378827e-12
4FGL J0124.8-0625,21.2178,-6.4328,bll,9.006327,2.2386196,2.197437,0.09939409,2.37234e-12,58.68548,1.164219e-08,1.7778168e-09,7.2950407e-10,1.6080005e-10,3.892599e-11,1.0826253e-11,7.176184e-17,1.6249977e-12
4FGL J0125.3-5112,21.3296,-51.2115,fsrq,5.328333,2.6975021,2.6761825,0.08686736,1.6392133e-12,6.626488,2.2111675e-10,2.9982066e-09,5.6141075e-10,7.2190996e-11,1.4024269e-11,2.36816e-13,8.239668e-17,1.423904e-17
4FGL J0125.3-2548,21.3474,-25.8074,bll,28.198174,2.183942,2.046797,0.09842281,6.0471025e-12,86.811005,9.969611e-09,4.437651e-09,1.8034338e-09,5.0077964e-10,1.5990638e-10,2.1188813e-11,6.137171e-14,4.183886e-16
4FGL J0125.4+3200,21.3656,32.0086,bcu,4.0407295,2.8849206,2.873272,0.16311128,2.210146e-12,24.466644,1.8777162e-09,5.513479e-09,7.687732e-10,6.2507256e-11,1.0417689e-11,2.4951783e-14,4.8437685e-16,3.0817403e-15
4FGL J0125.7-0015,21.4275,-0.2658,fsrq,7.8138394,2.9011831,2.8722525,0.11318568,3.1701213e-12,11.843316,1.9945478e-08,1.04695825e-08,9.246088e-10,1.1720808e-10,7.0389866e-12,8.453788e-15,7.766032e-16,4.3402905e-17
4FGL J0125.8+2605,21.4745,26.0884,bcu,5.007577,2.4926414,2.4856536,0.028254291,2.1457263e-12,14.018995,8.1107805e-09,9.005448e-09,4.390863e-10,1.3846367e-10,2.591742e-11,2.6187524e-12,1.7868862e-12,1.0026629e-16
4FGL J0126.0-2221,21.5204,-22.361,fsrq,13.1522255,2.529519,2.4385338,0.138942,3.4406338e-12,150.07376,2.1798217e-08,6.3814354e-09,1.3719934e-09,2.7182473e-10,2.5858253e-11,3.913947e-12,9.5541e-18,1.9478874e-16
4FGL J0126.5-1553,21.6487,-15.8849,bcu,4.6111016,2.5429344,2.465175,0.08060689,1.4601046e-12,10.698843,7.967358e-09,3.244486e-09,4.8381443e-10,7.797945e-11,1.883317e-11,3.6639244e-15,4.7388137e-16,7.9748724e-16
4FGL J0127.1+3310,21.78,33.1757,bll,6.4977074,2.0862076,2.0853589,0.009227401,1.577869e-12,10.414379,2.2188746e-15,5.4251637e-10,4.76244e-10,1.00378136e-10,2.230753e-11,1.0137255e-11,3.5608497e-12,1.6588001e-16
4FGL J0127.2-0819,21.8074,-8.3305,bll,25.454832,2.157527,2.0353076,0.10015138,6.228435e-12,17.870256,1.8714795e-11,4.709623e-09,1.8743778e-09,5.3437893e-10,1.5118724e-10,3.104195e-11,8.529556e-18,4.4206305e-17
4FGL J0127.2+0324,21.8237,3.413,bll,17.10013,1.9352778,1.8376931,0.085761815,4.413586e-12,110.62913,4.4194444e-09,1.898241e-09,7.425342e-10,2.4423136e-10,1.06728605e-10,3.9861357e-11,9.2643575e-12,8.4211724e-16
4FGL J0127.3-0148,21.8421,-1.8001,bll,4.2376213,2.1907659,2.1965296,0.12762743,1.0627333e-12,12.31733,2.0495077e-09,1.2103376e-13,3.578226e-10,1.0838117e-10,8.4075634e-13,4.215582e-12,3.0214503e-12,8.13352e-20
4FGL J0127.4-4813,21.8701,-48.2245,bcu,12.750861,2.2571228,2.2225456,0.04045656,2.5740213e-12,41.232285,5.5138223e-09,3.591191e-09,6.4229133e-10,1.7759362e-10,5.1222027e-11,4.9713284e-21,5.578878e-12,1.3453146e-20
4FGL J0127.9+4857,21.9777,48.9536,bll,7.8437347,2.5641038,2.5614264,0.0032270944,3.3198392e-12,31.71706,1.1306301e-08,5.4573968e-09,9.083166e-10,2.1232344e-10,3.0391144e-11,4.0430133e-12,3.0300669e-12,1.2078214e-15
4FGL J0128.2-1722,22.0504,-17.3752,bcu,5.766599,2.4768198,2.3763788,0.13176812,1.7048573e-12,18.774025,3.2481164e-11,1.0438298e-09,5.917678e-10,1.00005136e-10,2.7225725e-11,5.8024044e-15,3.8232905e-20,2.2640405e-15
4FGL J0128.2+4400,22.0732,44.0016,bcu,3.5760326,2.610218,2.613009,0.17662773,1.6912279e-12,25.025152,4.472065e-11,1.7888475e-09,7.2777856e-10,6.456104e-11,2.4980157e-11,2.328686e-16,4.323363e-17,8.0168505e-17
4FGL J0128.3+5710,22.0835,57.17,bcu,5.8571033,2.317836,2.3166802,0.0084175,2.3448856e-12,24.3672,1.1053931e-08,3.925183e-09,7.836418e-10,1.298843e-10,2.78791e-11,1.0660768e-11,2.9118346e-12,6.812507e-17
4FGL J0128.5+4440,22.1438,44.6777,fsrq,7.1214323,2.1820912,2.0633261,0.18309763,1.2981123e-12,44.169434,1.3833623e-10,8.3183577e-10,3.387952e-10,1.335079e-10,3.4282802e-11,9.33663e-12,3.7653181e-19,1.1659236e-19
4FGL J0129.0+6312,22.27,63.2118,bcu,9.881953,2.7114627,2.8587477,0.3065984,9.63604e-12,6.49588,4.2354917e-10,1.5273903e-08,4.7105897e-09,5.4655824e-10,6.4209985e-11,3.0783206e-18,1.5746861e-15,3.9067576e-16
4FGL J0129.7+3436,22.4486,34.6164,bll,10.988258,2.0112772,1.739992,0.21032083,1.7178078e-12,12.928696,4.5226582e-09,3.563524e-10,2.0137265e-10,1.5825612e-10,5.424865e-11,1.9623672e-11,3.7988395e-16,1.7436895e-17
4FGL J0129.8+1440,22.4682,14.6816,fsrq,20.428009,2.4772136,2.3711245,0.122433275,6.4611203e-12,128.10902,1.2213354e-08,9.262795e-09,2.8598477e-09,3.9518427e-10,6.7593944e-11,8.207931e-12,2.7938066e-12,1.33365304e-17
4FGL J0130.4-2129,22.6226,-21.4998,bcu,9.843809,1.9858928,1.8845315,0.100262456,1.9439944e-12,15.031382,1.9720763e-13,7.130671e-16,4.335234e-10,1.0110178e-10,5.0116883e-11,1.6076262e-11,6.2229972e-18,3.292812e-12
4FGL J0130.6+1844,22.6592,18.7477,bcu,7.14356,2.0773754,1.9737767,0.09283322,1.6333467e-12,8.3448305,9.064797e-11,5.2948906e-10,3.5016615e-10,9.020528e-11,3.9626046e-11,1.0043734e-11,2.205387e-12,4.774713e-16
4FGL J0131.1+6120,22.7924,61.3372,bll,38.43588,1.8156923,1.6731838,0.089775935,1.4914292e-11,100.07071,6.999611e-09,2.475368e-11,1.0956236e-09,7.610833e-10,3.9728332e-10,1.4031447e-10,5.251574e-11,1.131925e-11
4FGL J0131.2+5547,22.8214,55.7849,bcu,16.142672,2.1350937,2.1161723,0.03403944,6.077383e-12,9.9803915,1.7567966e-09,3.295302e-09,1.7689747e-09,3.619509e-10,1.1759659e-10,3.007611e-11,1.1379097e-11,3.2110442e-13
4FGL J0132.7-1654,23.176,-16.9103,fsrq,65.05709,2.3127844,2.247118,0.08665566,2.2076226e-11,319.64038,2.3791005e-08,2.6071612e-08,8.205462e-09,1.7179625e-09,3.321742e-10,5.632281e-11,3.7953886e-14,1.10714545e-16
4FGL J0132.7-0804,23.1832,-8.0738,fsrq,9.965991,1.9250971,1.6791326,0.20829704,1.5851358e-12,12.832776,6.850551e-09,6.447733e-11,9.302407e-11,1.3342917e-10,5.4350704e-11,1.5993281e-11,3.3647171e-12,1.620627e-15
4FGL J0132.8-4413,23.2077,-44.2239,bll,14.5246,2.1276338,2.1111505,0.019002717,2.9675706e-12,13.217302,1.5016274e-08,3.036863e-09,6.150893e-10,2.070029e-10,5.7593937e-11,9.408205e-12,8.620252e-12,3.2212342e-17
4FGL J0132.8+4324,23.2185,43.4041,bcu,9.8873205,2.405998,2.485476,0.2721092,2.2912629e-12,19.585085,1.0154449e-08,1.5877717e-09,1.1131447e-09,2.2216812e-10,2.3778595e-11,5.7518487e-12,7.2521356e-13,2.0892197e-17
4FGL J0133.1-5201,23.2938,-52.0202,fsrq,59.269447,2.354668,2.251623,0.107167274,1.6621255e-11,1452.8839,2.8023052e-08,2.0493157e-08,6.5770838e-09,1.24647e-09,2.5705071e-10,3.481799e-11,8.2207e-17,1.6176175e-15
4FGL J0133.2-4533,23.3007,-45.5586,bcu,5.309433,1.756136,1.5534347,0.24846059,6.765716e-13,7.7976036,3.7055053e-11,1.793489e-12,1.6284565e-10,1.4228734e-11,1.7714965e-11,6.5350594e-12,2.9063568e-12,5.5849276e-17
4FGL J0133.7-5527,23.445,-55.4502,bcu,5.355674,2.3062625,2.2501786,0.054584656,1.0565154e-12,14.627979,9.45061e-14,2.6450286e-09,1.827864e-10,7.944395e-11,9.808442e-12,7.1766265e-12,6.598499e-16,2.6038378e-16
4FGL J0134.3-3842,23.5887,-38.7085,fsrq,12.648095,2.5535853,2.50224,0.09673759,3.0775861e-12,75.388596,9.740063e-09,4.079232e-09,1.2394544e-09,1.5934364e-10,3.5182832e-11,5.1242565e-17,2.7199207e-16,6.7279573e-16
4FGL J0134.5+2637,23.6272,26.6294,bll,30.855371,1.9000372,1.7240832,0.11146286,8.509449e-12,19.53391,2.9211566e-12,4.7378332e-09,1.4265451e-09,4.769523e-10,2.794923e-10,7.688541e-11,1.749862e-11,3.3313996e-12
4FGL J0135.0+5338,23.7639,53.6351,bcu,6.5929594,2.5375915,2.4217534,0.45662788,1.8509543e-12,11.722582,4.1370585e-13,9.3056535e-10,9.768745e-10,2.3450977e-10,1.434386e-11,3.940983e-17,3.1410053e-15,7.888205e-16
4FGL J0135.1+0255,23.7769,2.917,bll,5.076831,1.6916711,1.655431,0.09993987,9.918785e-13,20.973541,2.7366684e-11,3.5823392e-13,8.5983147e-13,5.7463652e-11,2.416795e-11,2.0355454e-13,8.751846e-12,4.1572417e-16
4FGL J0135.3-2728,23.8278,-27.4694,bcu,4.1197968,2.2937756,2.2860734,0.01941098,9.585972e-13,8.232309,1.1955672e-13,2.6434796e-10,3.3204875e-10,4.7624606e-11,2.0380397e-11,5.6302483e-19,1.5142358e-12,5.2126087e-17
4FGL J0136.5+3906,24.1423,39.1,bll,104.148834,1.7204688,1.5288177,0.10760509,4.9768373e-11,59.87486,1.1352023e-10,5.1640994e-09,4.282589e-09,2.2982327e-09,1.3140599e-09,6.1661876e-10,1.5870921e-10,1.0472787e-11
4FGL J0136.8+2032,24.2019,20.5381,bcu,4.7814684,2.6306813,2.6002746,0.061189257,1.8053899e-12,17.1097,2.2301134e-09,4.107341e-09,5.9129157e-10,1.0504189e-10,1.2791728e-11,2.460517e-13,2.2675992e-18,1.4429201e-16
4FGL J0137.0+4751,24.2603,47.8637,fsrq,70.62777,2.3099995,2.2075791,0.09562942,2.8903154e-11,2130.6106,5.3919898e-08,3.2895684e-08,1.0474346e-08,2.2740165e-09,5.414115e-10,6.1542056e-11,4.0665795e-12,3.339047e-16
4FGL J0137.5+0847,24.3853,8.7989,fsrq,4.927248,2.8292165,2.768083,0.10785614,2.153821e-12,11.336726,3.8314574e-09,4.007627e-09,9.0876034e-10,4.8012323e-11,1.6882133e-11,9.264313e-17,3.2880646e-15,2.1721914e-15
4FGL J0137.6-2430,24.4069,-24.5163,fsrq,38.22627,2.5580194,2.4527514,0.104432315,1.0640725e-11,605.7924,1.8010573e-08,1.8488393e-08,4.2813135e-09,6.508575e-10,8.289049e-11,5.9241258e-12,2.5318495e-15,1.5018131e-15
4FGL J0137.9+5814,24.4957,58.2494,bll,40.553074,1.9565228,1.9457812,0.012057728,1.7482531e-11,66.34927,1.722255e-08,4.504178e-09,3.2156626e-09,1.0571606e-09,3.5678807e-10,1.1348519e-10,4.7484662e-11,1.7296923e-11
4FGL J0138.0+2247,24.5063,22.7962,bll,15.999188,1.9688947,1.961775,0.007648462,4.4279307e-12,35.495018,3.1428713e-09,4.9845132e-09,7.000625e-10,2.5854402e-10,9.51866e-11,2.6722293e-11,1.4192334e-11,3.9798392e-13
4FGL J0138.5-4613,24.6429,-46.2173,bll,16.476215,2.1661005,2.1115026,0.07560402,3.5642418e-12,21.665348,2.4409587e-12,3.5908632e-10,1.1112591e-09,2.1801985e-10,7.3900074e-11,1.7633874e-11,1.569296e-12,9.988743e-17
4FGL J0138.6+2923,24.6637,29.3855,bcu,8.190718,2.6827228,2.6578062,0.08305037,3.0615423e-12,98.61732,9.117381e-10,7.1593815e-09,1.1956469e-09,8.9228055e-11,2.7754828e-11,2.3821758e-12,5.892727e-18,1.7447648e-18
4FGL J0139.0+2601,24.7581,26.0298,bll,7.8558993,2.4090736,2.3533072,0.07717311,2.6519832e-12,25.907421,6.1008393e-10,1.0883676e-09,6.771443e-10,2.0128614e-10,2.419549e-11,8.174743e-12,5.2982043e-17,8.35414e-16
4FGL J0140.6-0758,25.1626,-7.9745,bll,7.608292,1.8783762,1.6082245,0.17419457,1.6889613e-12,18.315048,4.3350552e-11,1.0466279e-09,2.5805705e-10,7.9045055e-11,3.6535167e-11,2.171694e-11,3.4754795e-12,2.2269694e-17
4FGL J0140.6+8736,25.1688,87.6062,bcu,7.038001,2.254972,2.223269,0.030730346,2.1370997e-12,37.566525,7.2527704e-09,2.2977096e-09,6.3792926e-10,1.2613341e-10,3.8110515e-11,4.3619856e-12,4.3189527e-12,5.1944784e-18
4FGL J0141.4-0928,25.3626,-9.4825,bll,87.57336,2.1205719,2.0302002,0.06608705,3.3246662e-11,1005.25885,3.0311657e-08,2.4090228e-08,9.74644e-09,2.598817e-09,7.5219597e-10,1.5482422e-10,2.4087468e-11,3.8073923e-12
4FGL J0142.7-0543,25.6754,-5.7332,bll,6.682879,2.2340415,2.1758022,0.07897528,1.4234753e-12,25.795322,8.939382e-11,2.603188e-09,2.650007e-10,1.1577332e-10,1.7488075e-11,9.368317e-12,2.436207e-15,4.863856e-16
4FGL J0143.1-3622,25.7848,-36.3691,bcu,34.82596,2.3747625,2.2572799,0.12630315,8.363314e-12,620.52216,8.29744e-09,1.22771535e-08,3.2559704e-09,6.4276295e-10,1.1501019e-10,1.0976648e-11,6.4421108e-15,6.2950886e-17
4FGL J0143.3-0119,25.8474,-1.3274,bcu,3.4664354,2.5622451,2.5274494,-0.098357424,1.0638703e-12,19.146957,9.112164e-12,3.8085313e-09,3.3111566e-10,1.7838806e-15,1.6814357e-11,3.6924053e-12,3.315535e-12,5.889646e-16
4FGL J0143.5-3156,25.8977,-31.9467,fsrq,9.924049,2.4516993,2.4764009,0.1041533,2.5583858e-12,37.48525,1.3521006e-11,3.352426e-09,1.0106284e-09,1.408854e-10,2.4732019e-11,2.6450177e-12,9.67451e-13,1.6440652e-12
4FGL J0143.7-5846,25.948,-58.7718,bll,45.684544,1.8332139,1.760928,0.03579805,1.1297546e-11,89.6632,9.639566e-12,4.1922417e-09,1.5568592e-09,6.2709066e-10,2.606628e-10,8.521144e-11,4.72592e-11,4.4200533e-12
4FGL J0144.6+2705,26.1502,27.0899,bll,111.308716,2.1271718,2.030523,0.08532784,5.2370337e-11,407.45334,5.335044e-08,3.916112e-08,1.5736465e-08,4.2968464e-09,1.2722302e-09,2.0640996e-10,3.202587e-11,1.4799697e-15
4FGL J0145.0-2732,26.2585,-27.5363,fsrq,26.445267,2.583831,2.4587452,0.12642491,7.181862e-12,963.9784,2.7222386e-08,1.3679579e-08,2.84806e-09,4.620272e-10,3.324731e-11,3.7996576e-12,2.2763225e-15,3.1983253e-15
4FGL J0145.9+2319,26.4827,23.3329,bcu,7.1940575,2.3955083,2.327367,0.09740984,2.6792939e-12,26.149082,1.4795407e-08,2.1383384e-09,9.0811414e-10,1.7591464e-10,3.2236144e-11,5.5371922e-12,2.3901044e-16,1.508685e-15
4FGL J0146.0-6746,26.5182,-67.7748,bll,21.65224,2.0592484,1.9235342,0.09691729,3.7585638e-12,49.959583,4.7324754e-14,1.9102682e-09,7.715681e-10,3.2394756e-10,1.1176471e-10,1.5024829e-11,4.947832e-12,2.1852802e-12
4FGL J0146.3+4606,26.5916,46.1109,bcu,10.492841,2.2955208,2.2347465,0.0659685,3.0342092e-12,11.746282,2.5179088e-09,2.1817903e-09,8.2979623e-10,2.0352572e-10,5.925936e-11,7.2206447e-12,1.6820515e-12,1.1356881e-15
4FGL J0146.9-5202,26.729,-52.0477,bll,15.893586,2.0509503,1.836769,0.14831255,2.5879398e-12,8.580789,1.5233113e-08,6.981073e-10,5.1978005e-10,2.1652101e-10,8.413752e-11,2.1557995e-11,2.0005607e-12,5.9931796e-17
4FGL J0147.6+1547,26.9015,15.7955,bcu,4.970475,2.435945,2.445716,-0.029518746,1.6053686e-12,18.654613,4.416859e-09,4.1738817e-09,3.7016595e-10,8.597686e-11,1.4432621e-11,1.0392795e-11,1.0687562e-12,7.8016325e-18
4FGL J0147.6-6028,26.9157,-60.4752,bcu,5.7916536,1.8969439,1.7579237,0.19256583,8.760199e-13,10.75817,8.9399854e-10,2.0359125e-14,1.0294749e-11,5.2497694e-11,2.3112538e-11,6.1993206e-12,2.7268344e-12,8.0776754e-17
4FGL J0147.6-0825,26.9177,-8.4245,bcu,11.389917,2.3709593,2.3420331,0.047113743,3.2032985e-12,103.08178,4.1874133e-11,4.3787747e-09,1.1136158e-09,1.948034e-10,4.5385747e-11,5.0801967e-12,2.3668576e-12,1.0785012e-16
4FGL J0147.7-1321,26.9263,-13.3662,bcu,3.9335983,2.1228528,1.7112945,0.3258136,8.989641e-13,12.711533,9.0204527e-10,1.1222095e-09,1.9265312e-10,4.2850182e-11,2.9204073e-11,3.5828948e-12,8.916731e-19,4.3575422e-16
4FGL J0148.2+5201,27.0594,52.0243,bll,23.2941,1.7966598,1.6650268,0.08819669,5.8647943e-12,24.776337,6.5133055e-10,8.2363675e-14,4.4176052e-10,3.318602e-10,1.2542797e-10,6.181745e-11,3.0186284e-11,1.3495322e-12
4FGL J0148.6+0127,27.1576,1.4622,bll,9.227195,2.1981015,2.2034142,-0.0072709788,2.2995568e-12,28.579494,1.3509249e-13,3.727623e-09,6.884637e-10,1.2342426e-10,4.314317e-11,1.5887625e-11,1.31307895e-14,5.332684e-17
4FGL J0149.6-0734,27.4048,-7.583,bcu,3.493794,2.3077893,2.1822164,0.28928295,8.820145e-13,9.127056,1.2030531e-08,2.5053182e-12,2.9645783e-10,7.1948794e-11,1.5287646e-11,3.7218059e-16,6.719984e-17,1.622284e-17
4FGL J0149.8+2650,27.465,26.8496,bll,4.7474036,2.2510748,2.1787174,0.09878557,1.4988829e-12,7.1204233,2.9650708e-15,9.304922e-10,2.455338e-10,1.14156316e-10,2.9293134e-11,4.503351e-12,4.227622e-13,6.155693e-17
4FGL J0150.5-3337,27.6429,-33.6203,bcu,4.345302,2.450639,2.4357767,0.020718494,1.0970645e-12,23.210293,3.9790002e-09,2.2941917e-09,3.5743758e-10,5.463583e-11,1.545213e-11,5.627066e-13,7.4611824e-16,1.3844297e-15
4FGL J0150.6-5448,27.6655,-54.8033,bcu,8.656888,2.035464,2.0409977,-0.0041483757,1.4601289e-12,16.121904,1.049982e-12,1.1585638e-09,2.9168665e-10,7.888128e-11,3.2973572e-11,5.9155194e-12,4.320257e-12,1.3934032e-12
4FGL J0151.0+0539,27.7738,5.6534,bcu,10.221706,2.1811445,2.2135136,-0.027247049,2.6102317e-12,15.450933,3.2858518e-11,6.101104e-09,5.524238e-10,9.199956e-11,6.982961e-11,1.9002489e-11,4.417984e-15,3.456291e-14
4FGL J0151.3+8601,27.8381,86.0194,bll,18.367558,2.2793715,2.2743456,0.005136948,5.0622514e-12,31.591858,1.4795562e-08,4.7402002e-09,1.5805137e-09,3.2794814e-10,7.315246e-11,1.3090424e-11,7.51463e-12,1.0468055e-12
4FGL J0151.4-3607,27.8704,-36.127,bcu,11.357763,2.36285,2.331028,0.048836116,2.6065714e-12,9.722529,6.205601e-09,2.8287206e-09,9.69748e-10,1.2764752e-10,4.765243e-11,3.680407e-12,1.5933555e-15,1.8985333e-15
4FGL J0151.7+5455,27.9312,54.9172,bcu,7.1964846,2.507407,2.5524635,0.20533162,3.478519e-12,22.434282,3.7474832e-10,5.159161e-09,1.2379217e-09,2.14059e-10,3.1914433e-11,3.648807e-12,2.9998608e-12,5.9248783e-17
4FGL J0152.2+3714,28.0631,37.2341,bcu,8.145438,2.3831997,2.3459418,0.0602042,2.3563866e-12,38.74271,6.3706835e-09,3.4576098e-09,7.601403e-10,1.5225285e-10,2.8777506e-11,7.4545925e-12,9.113659e-20,1.6202777e-16
4FGL J0152.2+2206,28.0727,22.1133,fsrq,15.044248,2.5920868,2.527157,0.12194401,5.525229e-12,89.49646,5.995211e-09,1.02503614e-08,2.3321554e-09,3.099653e-10,4.7519683e-11,3.5821144e-12,1.7624936e-16,4.2457565e-15
4FGL J0152.6+0147,28.1614,1.7894,bll,27.619675,1.9987,1.9902002,0.008099899,7.942796e-12,56.52889,2.2935367e-13,2.8255447e-09,1.5633465e-09,4.6543228e-10,1.8393377e-10,4.768991e-11,2.5215812e-11,3.242029e-12
4FGL J0152.6-1404,28.166,-14.0695,fsrq,4.2027283,2.7891104,2.775241,0.013257986,1.4698599e-12,25.836117,8.825364e-10,3.072801e-09,3.199843e-10,1.0047141e-10,9.009747e-14,2.2776366e-12,2.7764692e-16,4.4066892e-16
4FGL J0153.0+7517,28.2527,75.2885,bll,17.960104,1.9985728,2.0106091,-0.015525241,4.7368468e-12,15.195221,3.2673173e-09,2.6990539e-09,1.0053005e-09,2.9604955e-10,8.692339e-11,3.342424e-11,9.016111e-12,5.834187e-12
4FGL J0153.5-5107,28.396,-51.1293,fsrq,2.741277,3.0366707,3.009857,0.058899608,1.3590567e-12,21.114857,2.2986621e-12,1.8777764e-09,4.3923357e-10,5.954257e-11,1.5883475e-12,2.388601e-16,4.034571e-17,6.47017e-17
4FGL J0153.9+0823,28.4972,8.3931,bll,40.257175,1.9608139,1.8489606,0.065941066,1.3067885e-11,86.650566,1.14492e-08,5.2463793e-09,2.5647646e-09,8.074166e-10,3.7919382e-10,1.1565916e-10,1.5944041e-11,3.486516e-16
4FGL J0154.3-0236,28.5763,-2.6111,fsrq,8.731364,2.1721904,2.2021284,-0.044106837,2.1076248e-12,18.263817,5.3645866e-11,2.0145667e-09,6.9807227e-10,1.0072219e-10,3.7107723e-11,1.1817382e-11,1.0697263e-12,1.9899334e-12
4FGL J0154.5-6604,28.6461,-66.0793,bcu,28.280363,2.343447,2.235766,0.11644649,6.091228e-12,1091.331,2.9538073e-08,8.217406e-09,2.260594e-09,4.9914767e-10,1.2236764e-10,1.14968495e-11,8.720586e-16,9.2770415e-18
4FGL J0155.0+4433,28.7683,44.5577,bll,17.4538,2.2507455,2.0310543,0.19478767,3.623035e-12,40.5245,2.7862914e-12,3.687657e-09,1.1610932e-09,4.1565018e-10,7.057633e-11,1.0667956e-11,3.2920281e-12,1.1459661e-19
4FGL J0155.4-0625,28.8536,-6.4224,bcu,3.8267248,2.2712429,2.2558584,0.113419496,1.0650348e-12,16.947716,1.6274441e-13,2.28305e-10,4.829287e-10,7.091959e-11,1.120636e-11,3.8898893e-12,1.0134799e-14,8.748248e-18
4FGL J0156.1+1502,29.0316,15.0405,bcu,5.0905275,1.7818102,1.5748118,0.2094664,9.872438e-13,11.480484,3.3220302e-12,7.247928e-12,8.8298415e-16,3.4523592e-11,2.2746362e-11,1.3769383e-11,2.1213125e-12,1.6184337e-19
4FGL J0156.5+3914,29.1325,39.2493,fsrq,16.058422,2.5076046,2.5017428,0.02202119,5.424885e-12,91.9133,7.932678e-09,8.26752e-09,2.045046e-09,2.897676e-10,4.4622372e-11,1.1634428e-11,1.9837153e-12,1.2985796e-15
4FGL J0156.6-1758,29.1655,-17.9732,bcu,6.9360294,2.2353058,2.1783884,0.06110119,1.5633553e-12,14.893923,1.6991904e-14,1.1151884e-09,3.772484e-10,9.5615994e-11,3.7604572e-11,4.7165366e-12,1.6153007e-16,1.258814e-17
4FGL J0156.8-4744,29.2165,-47.7352,bll,20.273046,2.1060266,2.0765524,0.022948334,4.360476e-12,63.57914,2.038547e-08,3.2749712e-09,1.060172e-09,2.5171662e-10,9.5775034e-11,2.8832362e-11,4.1855174e-12,3.340745e-17
4FGL J0156.9-5301,29.2328,-53.0308,bll,27.273413,1.7763389,1.6389912,0.06649869,5.845931e-12,48.187836,8.040761e-10,1.375746e-09,3.7448442e-10,3.3207995e-10,1.4005813e-10,4.4467423e-11,2.7574982e-11,6.019562e-12
4FGL J0156.9+4648,29.2427,46.8136,bcu,7.4399223,2.3518186,2.1437109,0.2966236,1.4776432e-12,9.411069,2.1319183e-11,4.2890215e-14,4.8314475e-10,2.100364e-10,2.5572508e-11,5.682717e-12,8.135977e-15,1.5562121e-14
4FGL J0156.9-3235,29.2453,-32.5984,bcu,5.3717523,1.8019382,1.7564975,0.042895198,7.913213e-13,12.299678,3.3481384e-10,1.7919349e-13,1.5603135e-10,4.317918e-11,1.219736e-11,5.0578764e-12,3.3357139e-12,1.6353142e-12
4FGL J0157.7-4614,29.4353,-46.2431,fsrq,18.699427,2.453857,2.3061745,0.21238837,3.9532175e-12,185.0917,2.5253573e-09,5.5122142e-09,1.8032125e-09,3.4045286e-10,4.6614414e-11,2.104163e-12,5.979259e-16,7.734496e-18
4FGL J0158.2+2515,29.5735,25.2663,bll,4.151485,1.5792304,1.52329,0.2681827,7.1424144e-13,6.675652,2.7705263e-09,1.8023516e-09,3.2069784e-13,1.5941859e-11,1.257482e-11,1.1220281e-11,1.6383904e-12,4.72936e-13
4FGL J0158.5-5005,29.6263,-50.088,bcu,17.206453,2.432668,2.382477,0.05997974,4.564568e-12,256.97952,1.2726837e-09,7.562846e-09,1.4157937e-09,2.838976e-10,7.416385e-11,5.5525103e-12,4.7053284e-16,1.1029808e-16
4FGL J0158.5-3932,29.646,-39.5358,bll,29.376339,2.1219501,2.038009,0.05701794,6.7423766e-12,56.85029,5.4484435e-09,4.8141575e-09,1.8022227e-09,5.5252786e-10,1.3416161e-10,2.9156174e-11,7.816485e-12,1.5325828e-12
4FGL J0158.8+0101,29.704,1.0247,fsrq,10.334374,2.5535486,2.5606449,-0.028169125,3.520988e-12,6.9762573,1.2359251e-08,5.64355e-09,1.4261897e-09,1.7075369e-10,2.981843e-11,1.06412466e-11,2.751936e-14,2.9488726e-15
4FGL J0158.9+7037,29.7382,70.6328,bcu,4.6097827,2.3432639,2.0610645,0.3915288,1.1290369e-12,14.113807,4.6954733e-09,8.262101e-13,1.2530378e-10,1.1890411e-10,5.4495613e-11,2.3810374e-12,2.293072e-15,2.0023344e-18
4FGL J0159.3-4523,29.8254,-45.3847,bcu,4.6409903,2.5189664,2.5238833,-0.007545631,1.3182246e-12,36.569862,4.736146e-13,2.8671239e-09,2.634685e-10,6.187031e-11,2.5044895e-11,2.2712839e-12,7.8414546e-16,1.1479568e-16
4FGL J0159.5+1046,29.8858,10.7737,bll,34.934772,1.9477135,1.8508619,0.058169637,1.1724359e-11,83.31417,4.7821325e-09,5.815262e-09,2.3130504e-09,7.5200607e-10,2.681112e-10,1.1212745e-10,2.7998874e-11,2.2433136e-12
4FGL J0159.7-2740,29.9471,-27.6736,bll,23.387638,2.0319102,1.9331927,0.0692529,4.7405673e-12,49.448368,1.840459e-14,1.6782632e-09,1.1371715e-09,3.6335399e-10,1.1387738e-10,3.2524653e-11,7.381484e-12,5.762173e-17
4FGL J0200.3-4109,30.0766,-41.1586,bll,13.557986,1.8354657,1.6351628,0.1502809,2.0294055e-12,19.44796,7.797123e-09,3.1121804e-13,1.762751e-10,1.2805033e-10,5.696116e-11,2.4196338e-11,4.7214984e-12,1.5857878e-12
4FGL J0200.6-6637,30.1599,-66.626,fsrq,15.82197,2.5671692,2.5668,0.007023859,4.8499863e-12,83.19768,8.807925e-11,5.01172e-09,1.6967238e-09,2.3535932e-10,5.029553e-11,1.17879395e-11,3.8304132e-16,9.794501e-13
4FGL J0201.1+0036,30.2779,0.6029,bll,7.8956127,1.853573,1.7818936,0.06304488,1.6920629e-12,25.33212,3.2759733e-09,2.1187928e-12,1.6331518e-10,9.192752e-11,3.2809904e-11,1.5661559e-11,9.229557e-12,2.8132354e-16
4FGL J0201.1-4347,30.2848,-43.7964,bcu,5.4972353,1.7158,1.6360528,0.2578736,7.138675e-13,12.484774,6.1704097e-15,6.357107e-20,6.0486504e-15,3.5372042e-11,1.6043384e-11,1.0634377e-11,3.2028666e-12,9.19999e-18
4FGL J0202.1+3939,30.5335,39.6635,fsrq,7.169045,2.5633583,2.384046,0.2586777,1.9762703e-12,54.82007,7.7522005e-10,3.2093481e-09,8.6177776e-10,1.9046364e-10,1.0867981e-11,5.4792114e-13,1.7873638e-15,7.8027833e-16
4FGL J0202.3-0605,30.5758,-6.0977,bcu,4.5800667,2.3327591,2.3027205,0.10456308,1.2402989e-12,12.680544,6.3770777e-13,1.2475965e-09,4.2567716e-10,9.090096e-11,1.1721331e-11,4.5393466e-13,3.243764e-12,7.063451e-18
4FGL J0202.4+0849,30.6187,8.8288,bll,10.458513,1.8009216,1.5985172,0.20962118,2.1191649e-12,13.0269,1.4784252e-10,9.2513147e-10,2.0156243e-10,8.0058085e-11,7.250704e-11,2.5246983e-11,6.1331795e-12,1.5331193e-16
4FGL J0202.6-0258,30.6701,-2.9825,fsrq,11.189045,2.3560877,2.3430138,0.04270536,3.7649775e-12,48.053455,1.12892595e-11,6.917151e-09,1.1159702e-09,2.3050294e-10,6.742378e-11,1.950262e-12,2.3122682e-12,2.6313955e-16
4FGL J0202.7+4204,30.6862,42.0714,bll,12.46326,2.1582851,2.0800083,0.08479211,3.372732e-12,46.674057,4.3975756e-09,1.1357998e-09,9.519939e-10,1.9388359e-10,7.844625e-11,1.6604119e-11,7.2679574e-13,7.715681e-17
4FGL J0202.9-0225,30.75,-2.4223,bcu,7.5371757,1.9614409,1.9347392,0.020700227,1.961875e-12,14.557066,7.54415e-09,2.291637e-12,3.7968248e-10,1.1153786e-10,5.27041e-11,2.935575e-12,6.884059e-12,2.1147955e-12
4FGL J0203.6+7233,30.9114,72.553,bll,13.015724,2.2739365,2.2182028,0.078627765,5.7566313e-12,31.694105,1.7941213e-11,5.9059726e-09,1.5158351e-09,3.5315764e-10,1.0008214e-10,2.2980971e-11,1.0762996e-12,7.3129876e-13
4FGL J0203.7+3042,30.9327,30.7139,bll,47.1223,2.2891583,2.1956263,0.09454569,1.659449e-11,987.9812,2.0796667e-09,1.4134346e-08,6.056322e-09,1.3344497e-09,3.225674e-10,3.4448815e-11,6.570742e-12,2.1026739e-18
4FGL J0203.9+5411,30.9799,54.1873,bcu,4.6231766,2.2367346,2.1255398,0.12708461,1.5354968e-12,24.222767,6.3770376e-09,6.3084856e-13,1.4446837e-10,1.4503478e-10,2.8330711e-11,3.7528596e-12,7.2114905e-13,5.0836403e-17
4FGL J0204.0-3334,31.0238,-33.5731,bll,8.08378,1.8632143,1.5465107,0.21178974,1.3815571e-12,17.371351,4.6476265e-12,1.4294144e-09,8.43304e-11,6.916434e-11,3.7349002e-11,1.1856433e-11,3.002517e-12,1.8059598e-17
4FGL J0204.1-2919,31.0473,-29.3217,bcu,3.8793015,1.9966953,1.7640967,0.36608508,4.69665e-13,20.978779,4.9672676e-11,6.6813347e-11,5.5447372e-11,4.6281607e-11,2.0936008e-11,3.8007045e-12,3.3764806e-16,9.474374e-18
4FGL J0204.3-3140,31.0751,-31.6713,bcu,5.9842877,1.8599552,1.830264,0.030561095,1.1643189e-12,8.678051,2.4937103e-11,2.2459434e-10,1.5742699e-10,7.2797456e-11,1.7226548e-11,1.0676128e-11,2.7774384e-12,1.6840546e-12
4FGL J0204.3+2417,31.0946,24.2846,bll,6.1285863,1.9519075,1.7204138,0.2632667,9.350806e-13,20.085962,1.6889729e-09,1.2710404e-10,2.249256e-10,3.6969417e-11,3.3853337e-11,1.6659443e-11,3.3474713e-16,2.9786157e-16
4FGL J0204.8+1513,31.2182,15.2326,bcu,28.407797,2.3550553,2.2870674,0.059999354,9.284935e-12,138.2209,1.8323094e-08,1.3862376e-08,2.9941867e-09,6.9960104e-10,1.5408388e-10,1.8425312e-11,6.290416e-18,8.445822e-18
4FGL J0205.0-1700,31.2637,-17.0022,fsrq,69.58533,2.4931405,2.419268,0.106953055,2.6134234e-11,2332.2065,7.791e-08,4.232834e-08,1.0548302e-08,1.7304876e-09,2.297702e-10,1.3075962e-11,6.577213e-16,4.064085e-18
4FGL J0205.2-3050,31.3011,-30.8365,bcu,4.183924,2.684005,2.4826808,0.27205375,1.3687767e-12,8.205786,1.3383489e-08,1.0614434e-09,6.0862465e-10,7.584522e-11,1.7536802e-14,9.68142e-13,1.7610793e-17,2.8096567e-18
4FGL J0205.2+3212,31.3089,32.203,fsrq,30.561274,2.6119077,2.5750225,0.09207805,1.35803695e-11,609.4377,4.037031e-08,2.800789e-08,5.2577174e-09,7.6003753e-10,1.0357099e-10,4.4257167e-12,3.1622897e-12,1.5193193e-18
4FGL J0206.0-0958,31.5185,-9.9692,fsrq,6.1201344,1.8338726,1.7316847,0.09671362,1.076125e-12,17.29667,9.317292e-09,6.047882e-10,1.2978783e-10,2.9926953e-11,3.846481e-11,7.846313e-12,2.2513413e-16,1.881434e-12
4FGL J0206.4-1151,31.6018,-11.8576,fsrq,33.263733,2.3654034,2.3015692,0.0726395,9.771471e-12,351.29117,2.1583732e-08,1.1998252e-08,3.5955776e-09,6.728474e-10,1.7963658e-10,1.7431586e-11,9.223626e-17,1.0775378e-12
4FGL J0206.4+3829,31.6172,38.4948,bcu,6.4115415,1.9237809,1.7363228,0.17387125,1.3154236e-12,16.143719,1.1025929e-08,1.6342733e-09,4.604192e-13,6.867009e-11,3.8865043e-11,1.0243787e-11,2.4770038e-12,3.7321215e-17
4FGL J0206.8-5744,31.7051,-57.7483,bcu,13.17191,1.9467005,1.8721721,0.0724048,2.5321427e-12,27.410803,1.8861097e-11,6.525367e-10,3.1067512e-10,1.7480234e-10,5.4950135e-11,1.3340799e-11,7.141782e-12,1.3388312e-12
4FGL J0207.4-3855,31.8557,-38.9252,bll,10.807272,2.462777,2.4163017,0.097681284,2.6969542e-12,12.055233,3.476367e-09,2.6911031e-09,9.876745e-10,1.7892221e-10,1.899727e-11,7.054961e-12,2.188602e-19,2.7073024e-21
4FGL J0207.5-1049,31.8873,-10.8192,bcu,5.0936165,2.4306698,2.456825,-0.033775248,1.4636931e-12,19.325552,5.724378e-11,1.4657937e-09,5.4636e-10,9.7442436e-11,3.606491e-12,1.0814745e-11,2.5357162e-16,2.473021e-16
4FGL J0207.5-2402,31.8989,-24.0484,bcu,24.985565,2.2209399,2.1740127,0.056152284,6.2902947e-12,180.95592,1.8663395e-09,6.5487553e-09,1.7455991e-09,4.3419923e-10,1.07157755e-10,2.974068e-11,7.531628e-15,3.7262048e-17
4FGL J0207.9+2203,31.9861,22.0591,bcu,8.6232605,2.200685,2.0870178,0.13945828,2.4621633e-12,11.083972,1.3940483e-08,1.5825397e-09,4.4425488e-10,2.2363734e-10,3.6988686e-11,1.21031e-11,9.565771e-16,1.0089505e-16
4FGL J0207.9+0953,31.9967,9.885,bcu,3.6787324,2.3939552,2.297024,0.21811727,1.446044e-12,25.821995,1.6083992e-14,1.754403e-10,3.3483707e-10,1.1454569e-10,1.9560029e-11,1.2991976e-12,4.1910796e-16,4.080304e-17
4FGL J0208.3-6838,32.0985,-68.6409,bll,15.757058,2.2139711,2.233838,-0.023469482,3.340892e-12,17.568819,1.910632e-10,5.639742e-09,1.0801569e-09,1.5414617e-10,6.2903474e-11,2.126729e-11,3.66935e-12,1.6564496e-15
4FGL J0208.5-0046,32.135,-0.7768,bll,10.998882,2.214236,2.1725507,0.03713489,2.7167108e-12,10.809345,2.6395013e-09,3.3813001e-09,6.6172007e-10,1.7043791e-10,6.847424e-11,7.2239224e-12,8.342901e-17,1.5180105e-15
4FGL J0208.6+3523,32.1706,35.3972,bll,12.302172,1.8812803,1.7698168,0.121985145,2.7662757e-12,12.40731,2.6999105e-09,1.7219628e-09,2.4412575e-10,1.2627921e-10,7.2222034e-11,2.6016236e-11,6.3913245e-12,4.094332e-16
4FGL J0209.3+4449,32.3439,44.8301,bll,15.144321,1.8335525,1.7869369,0.037452303,3.5629156e-12,22.935108,1.4681674e-08,1.5184645e-09,4.0388212e-10,1.8832405e-10,6.908783e-11,3.106819e-11,1.6145198e-11,2.3218703e-12
4FGL J0209.3-5228,32.3493,-52.4799,bll,74.383995,1.8405137,1.7654526,0.034406446,2.4876459e-11,174.37737,1.2723805e-08,9.150047e-09,3.8508814e-09,1.1687574e-09,6.5365074e-10,2.171284e-10,8.210783e-11,1.1897493e-11
4FGL J0209.7+6437,32.4275,64.6314,bcu,3.1118293,2.5899715,2.888761,0.24570474,3.583725e-12,84.407776,1.2428925e-09,5.204474e-14,1.6409005e-09,2.549786e-10,2.7924576e-11,5.420446e-12,1.716329e-16,5.714633e-17
4FGL J0209.9+7229,32.4979,72.4877,bll,14.313315,2.2515707,2.0872624,0.19310558,4.2756766e-12,193.66753,7.887002e-11,1.5919729e-09,1.3781923e-09,4.1597656e-10,1.3724351e-10,1.5322243e-11,3.400952e-12,5.87927e-19
4FGL J0210.1+2518,32.5309,25.3048,bcu,7.72532,2.0758476,1.9754317,0.12587443,1.994189e-12,7.152451,2.8912306e-10,9.783419e-10,2.3628496e-10,1.3282372e-10,5.1304714e-11,1.1855609e-11,4.4761986e-13,9.8863436e-17
4FGL J0210.5-1445,32.6287,-14.7602,bcu,6.0356503,2.2470634,2.168631,0.0715344,1.3520263e-12,14.419615,7.2769355e-09,2.0030724e-09,2.7794106e-10,1.0024727e-10,1.6671813e-11,1.0110722e-11,1.5161272e-16,2.1836667e-18
4FGL J0210.7-5101,32.6946,-51.0218,FSRQ,190.3643,2.3068495,2.215206,0.09722876,9.5404545e-11,13148.978,1.6996455e-07,1.12007996e-07,3.6032304e-08,7.540291e-09,1.4521805e-09,1.5770085e-10,1.2808182e-11,7.6802947e-13
4FGL J0211.1-0646,32.786,-6.7793,bll,10.433853,2.0958683,1.9562256,0.10954116,2.356149e-12,22.118391,5.065409e-09,1.7620206e-09,4.2487525e-10,1.4861701e-10,6.125918e-11,1.2291062e-11,3.4457324e-12,5.787543e-17
4FGL J0211.2+1051,32.8091,10.8569,BLL,108.473495,2.0846128,2.0225828,0.04382651,5.864259e-11,605.79675,4.2304862e-08,4.118836e-08,1.530742e-08,4.233142e-09,1.356703e-09,3.121089e-10,7.1461156e-11,6.4408713e-12
4FGL J0212.2-2559,33.0591,-25.9945,bcu,9.48626,2.027187,1.9090871,0.118014745,1.8833919e-12,15.619248,5.091868e-09,2.4353901e-09,1.616396e-10,1.6148766e-10,3.966126e-11,8.125883e-12,4.257036e-12,1.4604607e-16
4FGL J0212.2-0219,33.0662,-2.3191,bll,14.814494,1.9724579,1.9820498,-0.008763424,3.5026613e-12,50.497475,5.0376946e-14,2.250279e-09,7.775067e-10,1.9970624e-10,6.822934e-11,2.4023703e-11,4.812704e-12,5.692185e-12
4FGL J0212.4-3502,33.1142,-35.0489,bll,14.82748,2.090374,2.08937,0.001265006,3.100843e-12,26.723572,7.3378663e-09,3.2844272e-09,5.9772876e-10,1.95505e-10,7.2771504e-11,1.0713933e-11,8.838571e-12,1.6586573e-17
4FGL J0212.8-2721,33.2053,-27.3629,bcu,8.875112,2.3468812,2.3087602,0.08787122,2.0901618e-12,18.98134,3.8374736e-14,1.149739e-09,7.381866e-10,1.6761541e-10,1.7698114e-11,7.564875e-12,1.2470445e-15,1.05584854e-16
4FGL J0212.9+2244,33.2427,22.7466,bll,20.299698,2.0531473,1.9392655,0.08872995,5.3501487e-12,55.29113,1.06025376e-10,7.500776e-10,1.273549e-09,4.3331588e-10,1.386093e-10,2.8877121e-11,1.1604282e-11,1.7592472e-12
4FGL J0213.2-0503,33.3031,-5.0625,bll,4.886857,2.3356419,2.2249649,0.29085276,8.297539e-13,12.955026,7.621874e-09,1.8072622e-11,2.3890734e-10,1.2566276e-10,1.1627863e-11,7.158743e-16,1.8028104e-17,1.5019811e-18
4FGL J0213.8-6949,33.4704,-69.8311,bcu,9.576104,1.8105614,1.7538475,0.048954267,1.4079411e-12,33.730793,1.0687368e-09,1.10941834e-13,2.1913986e-10,6.121614e-11,2.623159e-11,1.7340593e-11,3.3724484e-12,1.3460707e-12
4FGL J0214.1-4733,33.5464,-47.5577,bll,6.5354733,2.0240762,1.93682,0.05375601,1.1585683e-12,10.686037,1.2312789e-09,2.8749064e-10,2.4437077e-10,6.914562e-11,2.5067646e-11,1.1064906e-11,3.0445103e-22,2.1001052e-16
4FGL J0214.2-7025,33.5555,-70.4235,bcu,8.524279,2.6898928,2.682572,0.12904534,2.8238772e-12,57.67479,6.5749055e-09,6.090398e-09,1.0162168e-09,1.1916251e-10,2.0940364e-11,2.770551e-14,1.2616386e-12,1.1925545e-15
4FGL J0214.3+5145,33.5946,51.757,bll,19.306042,1.8673714,1.9048592,-0.032440078,5.4422304e-12,16.661287,1.4841669e-09,3.744075e-09,9.086376e-10,2.5869681e-10,1.3195632e-10,3.284656e-11,1.0388865e-11,1.4385753e-11
4FGL J0214.4-5822,33.6024,-58.3698,bcu,7.2833734,2.105658,1.9171203,0.30816102,7.867742e-13,18.038874,6.3991763e-09,5.7319255e-10,1.6752645e-10,9.19259e-11,2.7026461e-11,5.722235e-12,5.532451e-16,1.5436193e-14
4FGL J0214.6-4333,33.6682,-43.5527,bcu,3.8933392,1.6153065,1.4319636,0.12815104,5.076989e-13,9.464371,1.6625862e-10,6.4917777e-10,1.1757323e-10,8.869476e-12,7.695846e-12,6.911704e-12,2.0849752e-12,1.575362e-12
4FGL J0214.8-6150,33.7015,-61.8418,bcu,6.906089,2.4431708,2.3645096,0.32973808,1.2323109e-12,6.815476,3.4312089e-09,6.733283e-10,6.488175e-10,1.2347685e-10,1.3716627e-11,2.1482807e-15,2.5543498e-15,3.5393731e-15
4FGL J0214.9-3722,33.7429,-37.3826,bcu,6.6190248,2.7687955,2.7303154,0.07657085,1.9763024e-12,18.377142,9.2554675e-09,5.0381446e-09,6.6421063e-10,8.556883e-11,5.2803473e-12,9.494456e-13,1.0100093e-14,1.0539882e-17
4FGL J0215.2-1619,33.8031,-16.3277,bll,5.9486384,2.0758035,2.1021867,-0.03909208,1.0969296e-12,7.898153,1.6308503e-08,8.827783e-11,1.8278216e-10,7.405771e-11,1.9261988e-11,4.2085848e-17,7.1492447e-12,3.6734693e-19
4FGL J0215.3+7555,33.8285,75.919,bcu,8.910876,1.797056,1.7798191,0.0135304965,1.8554578e-12,14.92968,1.082622e-08,5.5054296e-13,1.3442401e-10,1.4969269e-11,6.0632374e-11,1.1547845e-11,5.414071e-12,3.3418992e-12
4FGL J0215.9+0521,33.986,5.3519,bcu,5.063249,2.159031,2.1340663,0.033082027,1.5802636e-12,17.71547,4.5741112e-11,3.0483676e-09,8.65466e-11,1.4251707e-10,3.4491604e-11,2.838735e-12,3.523041e-12,1.5164116e-15
4FGL J0215.9+0300,33.9917,3.0044,bcu,15.088087,2.0591211,1.901829,0.12617432,3.966833e-12,31.49663,5.146566e-10,4.532812e-09,6.6002476e-10,2.7192754e-10,9.541599e-11,2.4058651e-11,1.9691382e-12,7.9633745e-18
4FGL J0216.5+2313,34.1413,23.2295,bll,11.924552,1.88119,1.8295859,0.0568577,2.8545343e-12,16.250702,7.8472805e-11,3.8119254e-09,2.7024655e-10,1.7044789e-10,6.70714e-11,2.0334493e-11,2.9561523e-12,5.4465833e-12
4FGL J0216.6-1015,34.1653,-10.2662,bcu,19.977547,2.2316127,2.1854205,0.051749874,5.374355e-12,184.34047,4.971252e-09,4.864876e-09,1.4344308e-09,3.6880612e-10,1.07253637e-10,1.9131077e-11,2.806781e-12,9.401646e-16
4FGL J0216.8-6635,34.2168,-66.5897,bll,32.310226,1.9528776,1.7758068,0.11014917,6.4842797e-12,39.757004,6.075257e-09,2.517393e-09,1.2115804e-09,4.7429594e-10,1.9123199e-10,5.680931e-11,8.841028e-12,1.3069992e-12
4FGL J0216.8+0510,34.219,5.1673,bcu,5.3898754,2.0681958,1.7718794,0.22139397,1.6068673e-12,15.979372,3.3321856e-10,9.913438e-10,5.4239957e-10,3.9832852e-11,4.216369e-11,1.795039e-11,4.2895574e-15,7.838633e-15
4FGL J0217.0-0821,34.2517,-8.3586,fsrq,16.832548,2.353907,2.2170832,0.14351612,4.120255e-12,11.627283,7.36678e-12,5.409558e-09,1.65868e-09,3.7022024e-10,6.372453e-11,6.0949353e-12,1.024626e-16,3.4511195e-16
4FGL J0217.2+0837,34.3163,8.6234,bll,46.64856,2.2698004,2.211928,0.04856951,1.9401824e-11,92.56534,2.6120812e-08,2.3760663e-08,6.014185e-09,1.4325764e-09,3.6664122e-10,6.096031e-11,1.18058e-11,1.14803e-16
4FGL J0217.4+7352,34.3533,73.8804,fsrq,15.307616,2.8487985,2.9225888,0.18533371,1.13934895e-11,76.338684,5.560613e-08,2.8432266e-08,4.6800235e-09,4.0353598e-10,2.8833925e-11,3.4061508e-17,7.8493615e-14,5.0894324e-16
4FGL J0217.8+0144,34.4621,1.7346,fsrq,88.283325,2.1782064,2.0974388,0.063056394,3.6477845e-11,1165.3175,5.372325e-08,3.36609e-08,1.1241044e-08,2.791904e-09,8.2239593e-10,1.3606463e-10,1.7023391e-11,2.845217e-16
4FGL J0218.7+2640,34.6851,26.6812,bcu,4.7189894,1.8566601,1.6003793,0.3165008,8.687429e-13,8.421778,1.1832375e-09,2.5592333e-09,4.1322306e-14,3.4930496e-11,3.024659e-11,5.53039e-12,1.8925402e-12,9.6413194e-17
4FGL J0218.9-2305,34.731,-23.0986,bcu,17.145775,2.5127714,2.4763863,0.061045893,4.6288455e-12,159.56801,1.8197923e-08,8.25762e-09,1.5836173e-09,2.362285e-10,7.100008e-11,2.3769222e-13,2.4806945e-16,4.4079195e-16
4FGL J0218.9+3643,34.7473,36.7176,bcu,20.537832,2.5330567,2.5138175,0.10687146,8.13435e-12,195.04793,3.8315562e-08,1.3431832e-08,3.1271499e-09,5.7489996e-10,1.0027113e-10,6.9005864e-12,8.7923264e-16,1.9471574e-17
4FGL J0219.0+2443,34.7734,24.7324,bll,14.4810915,1.9548872,1.9472013,0.009755101,3.521473e-12,20.440552,1.79082e-11,3.897485e-15,9.904723e-10,1.87832e-10,6.3450474e-11,2.1401225e-11,1.7095055e-11,1.0187622e-16
4FGL J0219.1-1724,34.7821,-17.402,bll,15.464209,2.0430338,2.0365605,0.0069046896,3.7042682e-12,34.65888,4.1896113e-09,3.247098e-09,1.0457505e-09,1.6253192e-10,8.218844e-11,3.4603993e-11,3.4116633e-12,1.3380608e-17
4FGL J0219.5+0724,34.8914,7.4064,bll,5.984636,2.3411264,2.3484886,-0.012495744,1.9784415e-12,24.197803,1.0533807e-11,1.128255e-09,7.3956413e-10,8.00999e-11,3.9463887e-11,4.683551e-12,2.5432803e-12,7.555546e-17
4FGL J0220.2+3246,35.073,32.7793,fsrq,5.3326683,2.9186327,2.9080675,0.15568978,3.0487462e-12,20.115042,3.195883e-08,5.3490643e-09,1.2047202e-09,6.6822305e-11,1.3654688e-11,1.9377311e-16,3.489251e-21,7.138812e-23
4FGL J0220.8-0841,35.2088,-8.6932,bll,6.631683,1.8465725,1.6136838,0.23905465,1.262687e-12,14.408121,3.553935e-11,5.217754e-10,2.2160046e-11,3.5189237e-11,4.484077e-11,1.2301165e-11,2.1967339e-16,2.4422935e-12
4FGL J0221.1+3556,35.281,35.9359,FSRQ,129.47285,2.2923257,2.2576795,0.0500782,7.572392e-11,3609.4695,1.0703775e-07,8.626324e-08,2.6459183e-08,5.331691e-09,1.3161249e-09,1.9084359e-10,4.2289772e-11,1.6075182e-12
4FGL J0221.2-1312,35.313,-13.2046,bcu,5.354422,2.7403028,2.7505257,-0.019625062,1.7156082e-12,17.580873,1.0468774e-09,4.128652e-09,5.272308e-10,7.062421e-11,9.533076e-12,2.6484865e-12,8.0548367e-17,3.0607197e-19
4FGL J0221.5+2513,35.3809,25.2305,bll,9.151814,2.0411432,1.8504988,0.28900138,1.4372328e-12,31.575607,2.6789355e-09,1.12083574e-13,1.0129363e-10,1.3906777e-10,6.109465e-11,1.138262e-11,4.3710814e-13,3.7551101e-16
4FGL J0221.8+3730,35.469,37.511,bcu,5.925868,2.356019,2.336265,0.096711814,1.8533898e-12,20.944054,8.5019245e-09,2.1652476e-10,6.378895e-10,1.1054671e-10,2.99885e-11,1.1970993e-12,1.1516684e-12,6.5881354e-16
4FGL J0222.0-1616,35.5197,-16.2787,fsrq,25.883823,2.3990762,2.3957903,0.015651222,9.459844e-12,262.7003,2.6795751e-11,1.3212519e-08,3.1370975e-09,5.841088e-10,1.1746705e-10,2.0777538e-11,7.692639e-12,1.4560961e-17
4FGL J0222.6+4302,35.6696,43.0357,BLL,186.9741,1.9757295,1.9016466,0.043499347,1.2821422e-10,1811.1335,6.631731e-08,5.8542653e-08,2.6684098e-08,8.436827e-09,3.2171403e-09,8.577823e-10,2.615967e-10,4.3131547e-11
4FGL J0223.0-3447,35.755,-34.7942,fsrq,6.954545,2.5095549,2.4351854,0.12640527,1.8284532e-12,12.290237,4.0972266e-09,1.0137777e-09,7.178902e-10,9.301863e-11,2.6703579e-11,4.981744e-16,8.2410755e-18,1.6976445e-18
4FGL J0223.0+6821,35.7648,68.3646,bll,14.314509,2.08546,2.0263731,0.074576825,5.2928543e-12,17.695337,3.6657026e-09,4.619332e-09,9.270591e-10,3.0440003e-10,1.274024e-10,2.5488377e-11,9.37046e-12,4.9790754e-13
4FGL J0223.1-1117,35.7917,-11.2965,bll,15.263435,1.8468938,1.5799397,0.17444292,2.5909617e-12,21.160627,5.449784e-09,4.1030726e-10,3.828702e-10,9.8622055e-11,9.017423e-11,3.7503573e-11,2.9480721e-12,2.6406041e-18
4FGL J0223.2-1653,35.8128,-16.8868,fsrq,4.9878426,2.7023692,2.8299582,0.33009067,2.0422633e-12,25.459324,1.01917355e-08,3.4860286e-09,1.01614e-09,1.2887555e-10,1.1545975e-12,8.1333844e-17,9.197673e-17,2.4116955e-15
4FGL J0223.5+5415,35.8799,54.25,bcu,7.5294747,1.8758262,1.7695918,0.27864113,1.3737872e-12,26.246405,1.4729496e-12,1.0700922e-13,3.098077e-17,7.482862e-11,5.8025404e-11,1.4022933e-11,4.3314263e-12,1.1600267e-13
4FGL J0223.5+3912,35.8899,39.2153,bcu,13.673934,2.1549363,2.0124743,0.14054166,2.6851028e-12,21.812027,6.0456466e-09,1.5111021e-09,7.549094e-10,2.3476673e-10,8.0919126e-11,1.5628379e-11,3.4256932e-13,1.4590257e-17
4FGL J0223.5-0928,35.8995,-9.481,bcu,12.127837,2.3577893,2.2250392,0.16369887,2.6284311e-12,36.395893,8.822746e-09,1.6993811e-09,1.1251292e-09,2.2171158e-10,5.7060964e-11,2.956187e-12,7.611152e-15,1.1332205e-18
4FGL J0224.0-7941,36.0056,-79.6934,bll,12.184264,2.202044,2.1860769,0.023085278,2.992422e-12,23.954512,3.5539484e-12,2.3176676e-09,9.2141555e-10,1.947683e-10,4.0180803e-11,1.8933449e-11,3.2375008e-12,2.9344204e-19
4FGL J0224.0-1850,36.0092,-18.8479,bcu,10.675745,1.9740635,1.6965499,0.2939854,1.4978392e-12,20.66261,6.983124e-10,2.7040548e-10,4.8713193e-13,1.1298704e-10,7.040534e-11,1.7168822e-11,6.2022913e-16,1.5301672e-17
4FGL J0224.2+0700,36.0577,7.0126,fsrq,8.93188,2.521094,2.507037,0.030861551,3.5372306e-12,27.070852,1.746017e-08,6.577258e-09,1.1768545e-09,1.9909131e-10,3.0329447e-11,1.0231006e-11,1.5192968e-15,5.7464303e-16
4FGL J0224.2+1616,36.0681,16.2667,bcu,7.994339,2.247255,2.2137349,0.04109835,2.7704672e-12,19.969591,9.3015776e-11,1.1557407e-09,8.677088e-10,1.6286422e-10,4.0488116e-11,1.4052702e-11,3.7629765e-12,6.4014146e-21
4FGL J0224.9+1843,36.2294,18.7194,fsrq,5.491669,2.953425,2.8180196,0.20233884,3.380186e-12,76.20819,4.688973e-09,1.0520069e-08,1.3018843e-09,1.03845765e-10,2.2353855e-14,5.9662193e-15,1.8225135e-13,1.3754514e-14
4FGL J0225.1-2604,36.2829,-26.0774,bcu,27.763962,2.514736,2.429244,0.08959273,7.338054e-12,221.28137,2.1591948e-08,1.1883735e-08,2.9202818e-09,4.6361623e-10,6.901106e-11,5.5577626e-12,5.703467e-15,1.07829445e-16
4FGL J0225.5-5618,36.3842,-56.3049,bcu,4.4936504,1.7955229,1.6886971,0.09649027,6.8070316e-13,5.1927233,6.085331e-09,2.149415e-12,2.0648593e-10,2.5629908e-12,2.153605e-11,4.4239824e-12,4.4521305e-12,3.5320382e-16
4FGL J0225.6-4502,36.4048,-45.0366,bcu,7.795177,2.4700894,2.4611263,0.027296871,2.5277185e-12,31.999624,1.3463756e-10,4.2317074e-09,9.0044705e-10,1.4561434e-10,4.149914e-11,1.7930148e-12,1.2171492e-14,2.1869664e-17
4FGL J0225.8+1310,36.4654,13.177,bcu,10.259278,2.2154489,2.145434,0.083664775,3.1183864e-12,32.82379,1.549017e-10,4.4993174e-09,5.8040656e-10,1.8667283e-10,7.2514626e-11,1.8492046e-11,1.2418007e-16,9.345824e-17
4FGL J0226.3-1845,36.5838,-18.763,bcu,6.0067997,2.5798109,2.4287755,0.28038102,1.8727656e-12,48.450233,1.1120326e-09,1.4484567e-09,9.485724e-10,1.8174029e-10,1.5640161e-11,3.6343318e-18,1.9553465e-12,1.5419852e-16
4FGL J0226.5+0938,36.6313,9.6351,fsrq,8.478649,2.175217,2.0990174,0.07223474,2.7911206e-12,90.26057,5.2236837e-10,6.699151e-10,8.674336e-10,1.265259e-10,7.706344e-11,8.75152e-12,4.0422704e-12,9.69417e-17
4FGL J0226.5-4441,36.6481,-44.6859,bll,15.956761,1.9490871,1.8363405,0.10717672,3.5005573e-12,33.023746,1.0631356e-08,1.8741415e-09,4.458229e-10,2.2646583e-10,7.9449995e-11,2.3571936e-11,6.818691e-12,1.5693691e-12
4FGL J0226.6-0553,36.6618,-5.8849,bcu,12.020839,2.2410383,2.2357612,0.0050216513,3.036306e-12,25.453703,6.9673065e-12,3.9069437e-09,6.6413175e-10,2.4439883e-10,4.9643418e-11,8.171653e-12,1.906576e-12,1.879788e-12
4FGL J0226.7+2312,36.6815,23.2059,bcu,7.3203087,2.1135883,2.1063318,0.06941952,2.2584298e-12,12.051574,3.2558553e-10,1.3788465e-12,6.2231426e-10,1.653389e-10,4.321145e-11,3.4775433e-12,5.695455e-12,3.7977494e-12
4FGL J0227.0-1739,36.7591,-17.6637,bcu,8.027971,2.4909933,2.3162525,0.24986506,1.6908383e-12,36.125694,1.994388e-09,1.7400611e-09,6.871999e-10,1.818548e-10,2.4699827e-11,6.909512e-17,1.0419246e-12,3.726801e-16
4FGL J0227.2+3928,36.8053,39.4704,fsrq,8.340703,2.7379923,2.7284749,0.05445266,4.053764e-12,40.716404,1.7534367e-08,7.983518e-09,1.2994734e-09,1.6923413e-10,3.247082e-11,1.8303718e-12,1.800709e-17,4.863729e-17
4FGL J0227.3-6119,36.826,-61.3177,bcu,5.464711,2.3629606,2.3239625,0.0626219,1.3451927e-12,16.882336,2.1637206e-11,1.9674955e-09,4.858978e-10,7.017693e-11,2.4144785e-11,1.870106e-12,1.0555494e-15,2.535547e-16
4FGL J0227.3+0201,36.8296,2.0203,bll,25.575588,1.9431157,1.8887619,0.050529506,7.0242913e-12,19.318827,2.7393139e-09,3.4296521e-09,1.278645e-09,3.720561e-10,1.787745e-10,5.4118366e-11,9.634878e-12,2.120897e-12
4FGL J0227.8+2246,36.9544,22.7775,bcu,8.972765,2.2689362,2.2089453,0.11467358,3.3843672e-12,65.71809,1.6896836e-08,3.2951784e-09,1.052886e-09,2.4192948e-10,5.297295e-11,9.422596e-12,4.143412e-16,4.699168e-15
4FGL J0228.0-3026,37.014,-30.447,fsrq,11.69934,2.4376814,2.4376535,0.0037650957,3.4329692e-12,153.02583,2.2063119e-11,6.387078e-09,1.1895966e-09,1.7239812e-10,4.7248455e-11,4.2503392e-12,1.9059513e-12,2.242038e-15
4FGL J0228.1+8208,37.0303,82.1434,bcu,6.5851455,2.466282,2.3991678,0.051139407,2.2649027e-12,38.041195,1.0594524e-08,3.3603125e-09,6.8026534e-10,8.402699e-11,4.9564252e-11,1.1478878e-13,2.9057207e-17,1.9861314e-18
4FGL J0228.2-3102,37.06,-31.0338,bcu,8.107969,2.1043804,2.0124311,0.10121321,1.6534234e-12,8.735594,1.6836855e-08,1.356205e-11,3.769383e-10,1.290964e-10,1.5976106e-11,1.8893172e-11,7.890209e-19,2.5896103e-15
4FGL J0228.3-5547,37.0854,-55.7931,fsrq,82.76316,2.2203171,2.208594,0.12403937,3.5579362e-11,2747.8228,3.0259546e-08,3.0551774e-08,1.2784018e-08,3.2190666e-09,7.1386164e-10,9.851079e-11,1.5337295e-12,1.2439626e-12
4FGL J0228.5-2234,37.1313,-22.582,bcu,4.798714,2.347577,2.2497346,0.115387626,1.199225e-12,18.064968,4.2614137e-12,1.2504997e-09,2.3070179e-10,9.050608e-11,2.5095837e-11,1.95984e-12,6.883766e-19,5.2566418e-17
4FGL J0228.7+6718,37.1976,67.3064,fsrq,13.145168,2.595539,2.646034,0.18943791,7.824412e-12,47.46702,1.2057426e-10,8.130294e-09,4.1801265e-09,4.955806e-10,7.542635e-11,1.0476265e-11,5.3505136e-21,2.8746776e-18
4FGL J0229.5-3644,37.3877,-36.7388,fsrq,32.154583,2.6141489,2.4758844,0.16514534,9.161191e-12,373.55408,2.4593316e-08,1.663334e-08,3.9857992e-09,5.263548e-10,4.9884943e-11,1.879087e-16,1.6118592e-12,1.649059e-15
4FGL J0230.0-5236,37.5205,-52.6054,bcu,5.6732473,2.4534972,2.248142,0.23304395,1.4369535e-12,13.757364,5.0046234e-10,6.615979e-10,4.1247228e-10,1.1967445e-10,1.33675935e-11,1.5940517e-12,2.3574874e-17,1.1791618e-15
4FGL J0230.8+4032,37.7086,40.5416,fsrq,34.653217,2.4541085,2.3168013,0.14103535,1.0620901e-11,399.2535,1.1588716e-08,1.5387911e-08,4.3132014e-09,8.380914e-10,1.3420037e-10,1.0239047e-11,1.6135713e-12,1.05292495e-16
4FGL J0231.2-5754,37.817,-57.9157,bll,17.05085,2.0681417,2.0164082,0.055328663,3.6181611e-12,22.130606,1.6363009e-12,8.7830243e-10,6.862004e-10,2.4834024e-10,8.726381e-11,1.6606543e-11,4.7795062e-12,1.3843275e-12
4FGL J0231.2-4745,37.8209,-47.7654,fsrq,48.60506,2.5533934,2.443013,0.10320052,1.3905451e-11,1837.7914,4.5670273e-08,2.2983388e-08,5.7491096e-09,8.3988205e-10,1.052292e-10,1.04046745e-11,1.1856174e-12,1.0348924e-16
4FGL J0231.8+1322,37.9616,13.3692,fsrq,16.3935,2.6444323,2.6331506,0.035621405,7.760184e-12,297.13977,2.6527338e-09,1.654095e-08,3.0113578e-09,2.823166e-10,7.980052e-11,4.3023905e-12,5.4397264e-13,1.046226e-16
4FGL J0232.5-1118,38.1333,-11.3166,bll,7.635337,1.9459187,1.8950075,0.05018514,1.4654937e-12,15.332085,4.176433e-12,2.5528267e-11,2.564341e-10,7.8886064e-11,3.5834398e-11,1.0049452e-11,4.8988886e-12,2.4206829e-17
4FGL J0232.8+2018,38.2139,20.3159,bll,15.277015,1.7518364,1.7319677,0.014588007,3.869852e-12,8.941196,2.987921e-11,1.1072055e-11,6.377007e-10,1.4236265e-10,8.811235e-11,2.87306e-11,1.5958497e-11,5.9449503e-12
4FGL J0232.9+2608,38.2481,26.137,bll,9.07293,2.0305595,1.9581559,0.062353376,2.2214672e-12,11.828057,1.1333064e-09,4.8999554e-10,3.814924e-10,1.2287792e-10,5.12875e-11,1.5587712e-11,3.5457971e-12,6.344968e-16
4FGL J0233.0+3740,38.2714,37.6825,bcu,8.553246,2.0202146,2.0184858,0.001386979,1.7955633e-12,22.445425,2.374456e-12,1.6024926e-09,2.8583644e-10,1.1834073e-10,3.134234e-11,1.6665822e-11,2.7700754e-12,5.010321e-18
4FGL J0233.5+0654,38.3857,6.9083,bcu,17.774199,2.3157828,2.3308146,-0.032289352,6.420445e-12,31.637907,6.4811277e-12,7.854634e-09,2.149401e-09,4.1351125e-10,5.3733604e-11,2.9526416e-11,6.006226e-12,5.4679104e-12
4FGL J0233.9+8041,38.4987,80.6948,bcu,6.9044476,1.685027,1.2531463,0.2599086,1.1580793e-12,10.905192,8.466996e-12,1.2770333e-09,3.0121597e-10,7.072483e-12,2.2853476e-11,9.3902195e-12,8.764496e-12,9.503782e-13
4FGL J0234.3-0628,38.5831,-6.4818,bll,12.82764,1.9718981,1.7964586,0.17570393,2.1535482e-12,6.384197,1.6874638e-09,1.33855305e-11,3.5283418e-10,1.9223433e-10,6.9204184e-11,2.0053468e-11,1.7831439e-12,2.3393971e-17
4FGL J0235.6-2939,38.9008,-29.6517,bll,9.035584,1.9649174,2.0180802,-0.04441426,1.7528217e-12,16.883018,4.790955e-09,9.681035e-10,3.2385736e-10,9.159144e-11,3.736331e-11,1.09376865e-11,4.647503e-12,3.2033091e-12
4FGL J0236.8-6136,39.2021,-61.6106,fsrq,37.086666,2.2920845,2.2407534,0.042543616,9.196615e-12,882.95636,1.0603357e-08,8.888862e-09,3.356495e-09,5.87035e-10,1.6397927e-10,2.4063073e-11,9.628629e-12,2.043988e-16
4FGL J0237.1-0714,39.2845,-7.2456,bcu,5.357228,1.8196824,1.7271304,0.10264742,8.9156265e-13,14.012674,8.834554e-12,3.471059e-11,1.7175844e-10,5.2557433e-12,2.8890595e-11,7.3652594e-12,3.252425e-12,1.2065566e-17
4FGL J0237.3+2000,39.3279,20.0013,bll,6.859276,2.0800762,2.027585,0.09430732,1.9992103e-12,10.216186,4.893354e-13,6.786736e-10,4.1348586e-10,1.4638918e-10,4.3825492e-11,6.963988e-12,6.526762e-12,1.2063435e-17
4FGL J0237.6-3602,39.4244,-36.0422,bll,13.624386,1.897661,1.8434988,0.045648474,2.8828973e-12,26.615324,6.3818895e-11,1.4134892e-09,2.822687e-10,1.7974862e-10,6.874587e-11,1.8722777e-11,6.534446e-12,3.3255343e-12
4FGL J0237.6+0923,39.4244,9.3844,bcu,10.719548,2.2505484,2.1960366,0.080566294,3.7762267e-12,39.893543,9.19746e-09,4.965596e-09,1.0528951e-09,2.7039362e-10,5.779171e-11,9.434423e-12,4.5322934e-12,3.4888845e-16
4FGL J0237.8+2848,39.4737,28.8044,FSRQ,178.35457,2.291546,2.1930661,0.08708736,1.1793426e-10,7848.6333,2.051448e-07,1.3360203e-07,4.4142364e-08,8.920175e-09,1.9733173e-09,2.732646e-10,1.5282981e-11,1.2493773e-12
4FGL J0238.1-3905,39.5299,-39.0874,bll,20.565123,1.9731905,1.9153684,0.06192136,4.249614e-12,33.61703,5.5474167e-09,1.9198076e-09,7.115282e-10,2.6452948e-10,1.01673676e-10,2.373915e-11,9.932663e-12,6.512589e-16
4FGL J0238.2+1531,39.5617,15.5175,bcu,7.8068566,2.474937,2.4063978,0.07779876,4.005828e-12,62.244247,3.7105107e-08,3.84762e-09,1.1807113e-09,2.3940744e-10,5.4451825e-11,4.793328e-12,3.57521e-13,7.702182e-18
4FGL J0238.4-3116,39.6209,-31.2828,bll,37.684334,1.8214716,1.80151,0.015377523,1.0313046e-11,50.356754,1.9104611e-09,2.6615112e-09,1.3058599e-09,5.180133e-10,2.3513166e-10,7.694966e-11,3.9109122e-11,1.0050874e-11
4FGL J0238.6+1637,39.668,16.6179,BLL,144.56494,2.1847367,2.1113944,0.08827547,9.083679e-11,6005.111,5.5207476e-08,8.202835e-08,3.0081313e-08,7.457623e-09,1.9273094e-09,3.1616973e-10,4.449519e-11,8.7759e-17
4FGL J0238.7+2555,39.6991,25.9238,bll,6.274292,1.9356701,1.9780167,-0.04091335,1.5399288e-12,10.016208,3.439856e-11,4.9807496e-09,4.7158766e-10,6.868369e-11,1.622777e-11,1.0702421e-11,7.724141e-12,1.5680021e-12
4FGL J0239.5+1326,39.8847,13.4366,bcu,5.1842675,2.1281476,1.9668664,0.189123,1.6828393e-12,52.521053,4.2328483e-09,2.7373017e-09,1.3934991e-11,1.5135304e-10,3.6509146e-11,3.3469735e-12,3.4071444e-12,1.9144647e-16
4FGL J0239.5-1353,39.8923,-13.8878,bcu,4.361754,2.8953216,2.906176,-0.02968146,1.5453181e-12,18.365173,1.2213641e-08,5.403768e-09,3.0349168e-10,5.4020025e-11,1.530697e-11,6.60106e-15,1.9727337e-20,1.1137923e-20
4FGL J0239.7+0415,39.9403,4.2643,fsrq,16.558863,2.7353873,2.7115207,0.07697987,7.059189e-12,173.8334,2.3863327e-08,1.9780323e-08,2.6115201e-09,2.6962474e-10,4.7749193e-11,1.9967777e-15,2.276545e-16,6.180551e-13
4FGL J0240.6+3528,40.1581,35.476,bcu,5.6667657,2.001704,1.9194386,0.049587358,1.147531e-12,13.580947,1.0218492e-12,2.231734e-09,2.967368e-10,3.39997e-11,2.849597e-11,9.71991e-12,2.0416338e-12,2.7696042e-18
4FGL J0240.8-3401,40.2025,-34.0177,bcu,8.272028,2.0830379,2.0429838,0.03472146,1.6247765e-12,12.956074,2.5610933e-09,8.017596e-10,4.0815723e-10,8.343362e-11,3.8040546e-11,7.2151096e-12,5.1878393e-12,3.3463174e-15
4FGL J0241.0-0505,40.2509,-5.0943,bll,10.842164,2.1568286,2.09241,0.10600254,2.7023878e-12,8.209124,9.5210035e-09,4.5543128e-10,5.9386507e-10,2.0387231e-10,4.9256065e-11,9.492539e-12,4.8302326e-12,9.470581e-18
4FGL J0241.3+6543,40.3386,65.7288,bll,20.77289,2.1053672,2.087373,0.02515664,9.291025e-12,37.532578,6.869622e-12,5.7559166e-09,2.2611948e-09,6.0979194e-10,1.7449557e-10,5.3237352e-11,1.3636783e-11,1.3357391e-12
4FGL J0241.9-1603,40.485,-16.062,bcu,11.444759,1.8609498,1.7482746,0.104139276,2.2665457e-12,11.733695,4.341936e-12,6.655578e-14,5.2319465e-10,9.1650916e-11,5.312623e-11,2.5270574e-11,3.4732451e-12,1.7892768e-16
4FGL J0242.3+1102,40.5951,11.0477,fsrq,20.061272,2.5641627,2.4269912,0.20080407,8.274191e-12,115.426,2.2161267e-08,1.2413926e-08,3.624042e-09,6.058098e-10,5.120485e-11,1.3700998e-15,1.4598274e-16,1.8307077e-17
4FGL J0242.3+5216,40.5974,52.2798,bcu,16.60853,2.6542022,2.750529,0.19156404,1.0098207e-11,149.11122,3.9375125e-09,1.2938313e-08,4.5646344e-09,5.427644e-10,7.7598546e-11,3.2717791e-12,9.363119e-17,5.4494486e-23
4FGL J0242.6+1735,40.6588,17.5984,bcu,11.214721,2.2954593,2.2246401,0.08897346,4.5299944e-12,62.63251,1.5801636e-10,2.670589e-09,1.0975026e-09,3.3487163e-10,8.398387e-11,7.180335e-12,5.0487223e-12,5.212107e-16
4FGL J0242.9+0045,40.7476,0.7526,bll,7.972815,2.0466287,1.948995,0.08157259,1.7251025e-12,11.743267,2.5926195e-09,1.4323701e-09,4.4367293e-10,5.6216524e-11,6.182254e-11,4.272512e-12,5.0576444e-12,1.2092778e-15
4FGL J0243.2-0550,40.8176,-5.8465,fsrq,8.480946,2.736868,2.7138658,0.054684646,3.2548183e-12,71.154625,1.9480018e-08,8.61323e-09,1.3206708e-09,1.0843145e-10,1.9542873e-11,1.175412e-16,1.9153765e-12,8.761341e-18
4FGL J0243.4+7119,40.8679,71.3249,bll,30.243114,2.1323545,2.0079277,0.112695836,1.0377457e-11,183.34074,7.262669e-10,3.0198164e-09,2.793735e-09,8.678654e-10,2.8165925e-10,6.5697635e-11,8.217199e-12,2.7092982e-17
4FGL J0243.7+0321,40.9314,3.36,bcu,5.341536,2.3697977,2.2971973,0.20070235,1.6122712e-12,4.6350102,4.392385e-14,2.9742785e-13,4.989936e-10,1.126385e-10,3.370816e-11,4.999881e-13,1.9568824e-15,9.862507e-13
4FGL J0244.6-5819,41.1576,-58.3256,bll,29.483458,1.7221129,1.5974793,0.063010715,6.3113854e-12,40.65122,5.8512666e-09,8.5815816e-10,5.7349175e-10,2.8767153e-10,1.4315484e-10,5.1360104e-11,3.4752447e-11,5.470165e-12
4FGL J0244.7+1316,41.192,13.2799,bcu,7.822766,2.6314416,2.5209885,0.14203429,3.630722e-12,38.67699,1.103589e-08,7.355475e-09,1.2297648e-09,1.9244138e-10,3.8372232e-11,6.6728975e-16,8.042764e-17,4.4206827e-16
4FGL J0245.1-0257,41.2914,-2.955,bll,18.169683,2.048761,1.9883606,0.073379256,4.787409e-12,53.654835,4.464515e-12,6.073271e-10,1.0519301e-09,3.2412048e-10,9.101417e-11,2.8608239e-11,1.0243675e-11,2.5500647e-16
4FGL J0245.4-5950,41.351,-59.8349,bcu,7.8584766,2.2488823,2.1630795,0.09999337,1.8233704e-12,13.734941,7.877493e-11,1.8715578e-09,3.9514753e-10,1.2892484e-10,3.981417e-11,5.249045e-12,9.156273e-14,2.0994375e-17
4FGL J0245.4+2408,41.3545,24.1498,fsrq,13.837252,2.7243407,2.6965163,0.08448018,7.1735374e-12,102.58823,1.3453385e-08,1.5599003e-08,2.8660518e-09,2.341877e-10,4.6444806e-11,6.4268825e-12,4.022664e-16,3.3622592e-17
4FGL J0245.5-4502,41.3934,-45.0475,fsrq,6.507496,2.8884063,2.8425093,0.12737171,2.2402536e-12,10.995832,7.941581e-09,5.5001066e-09,8.347702e-10,7.2884754e-11,6.625701e-16,7.961413e-14,1.4693983e-12,1.2117434e-12
4FGL J0245.9-4650,41.4966,-46.8463,fsrq,71.458046,2.4088843,2.2762525,0.14024858,2.1424279e-11,2178.758,4.9258958e-08,2.8886674e-08,9.101454e-09,1.6424532e-09,2.450007e-10,2.4887661e-11,1.4678377e-12,3.913806e-19
4FGL J0246.6-3348,41.6637,-33.8097,bcu,4.582649,1.854346,1.4460528,0.29850563,7.465018e-13,12.588252,1.0168553e-13,7.78391e-11,2.5003002e-10,2.2364597e-12,2.3199002e-11,8.290201e-12,1.314465e-12,3.755153e-16
4FGL J0248.0+2232,42.0063,22.545,bcu,6.4295917,2.0218098,1.9285433,0.07572963,1.9427127e-12,14.032366,8.553531e-09,4.3914396e-11,5.531339e-10,7.088968e-11,3.8346767e-11,2.223608e-11,3.7591636e-12,2.8039037e-17
4FGL J0248.6+5131,42.1587,51.5333,bcu,32.0265,1.9622244,1.7852387,0.11533228,1.02117195e-11,18.268427,2.1671132e-08,7.845383e-09,1.7056937e-09,6.825244e-10,3.0421737e-10,1.0697036e-10,1.4327721e-11,1.9993119e-13
4FGL J0248.6-3511,42.1656,-35.1997,bcu,5.7772417,2.8186877,2.7780008,0.06938585,2.1243014e-12,33.281586,1.3342097e-08,3.4729741e-09,7.268387e-10,9.4505265e-11,8.7014545e-12,2.582846e-15,1.1950996e-16,3.1785272e-17
4FGL J0249.7+4500,42.4447,45.0108,bcu,4.102583,1.5608128,1.5136604,0.21973133,6.068521e-13,18.155722,2.7813976e-09,1.4137992e-13,1.169933e-16,2.8975792e-11,1.1401061e-11,5.890126e-12,3.7918605e-12,1.4204995e-12
4FGL J0250.2-8224,42.5732,-82.4037,bcu,13.19629,2.6038525,2.4968722,0.1372086,4.077037e-12,146.3067,2.516548e-09,8.183731e-09,1.52645e-09,2.7218375e-10,3.424896e-11,1.695257e-12,9.023404e-16,3.974246e-21
4FGL J0250.3-3422,42.5813,-34.3746,bcu,2.6190345,2.3637085,2.1871703,0.19417863,6.7634966e-13,19.199276,3.8348857e-13,2.3651945e-09,2.8662563e-12,5.900367e-11,1.2415626e-11,1.6781238e-15,1.5690985e-15,1.0047897e-16
4FGL J0250.6+1712,42.6563,17.2081,bll,16.780472,1.8895658,1.8182589,0.074345395,5.077824e-12,21.614017,5.4326893e-13,2.4439486e-09,6.560366e-10,2.8911293e-10,1.2087414e-10,3.112446e-11,1.6836855e-11,1.6444687e-12
4FGL J0250.6+8435,42.6642,84.5985,bcu,20.123081,2.208888,2.1542573,0.05281732,5.130355e-12,25.426685,1.649205e-08,4.9315645e-09,1.3915618e-09,2.988203e-10,1.1353897e-10,2.5756985e-11,8.850211e-19,5.5720964e-17
4FGL J0250.7+5630,42.6982,56.5137,bcu,14.363695,2.043944,2.0221987,0.027264662,6.108795e-12,7.687391,5.1566293e-09,4.094647e-09,1.6710543e-09,2.9071487e-10,1.3239972e-10,4.3181778e-11,9.14575e-12,1.8640389e-12
4FGL J0251.5-5958,42.8976,-59.9739,fsrq,17.523247,2.2304716,2.0896742,0.13146384,3.0212406e-12,87.51994,1.0121253e-11,1.97199e-09,9.70997e-10,2.7089242e-10,7.915863e-11,1.4823587e-11,2.198231e-15,1.672268e-16
4FGL J0252.8-2219,43.2007,-22.3203,fsrq,99.72479,2.3698812,2.2606564,0.09437518,3.782329e-11,1723.6918,7.942535e-08,5.1168495e-08,1.4751559e-08,2.7934286e-09,4.581802e-10,6.0161e-11,4.2515106e-12,1.8527838e-21
4FGL J0252.9+3834,43.2466,38.5774,fsrq,8.541355,2.679391,2.627412,0.2189946,2.9722965e-12,19.742233,2.1529775e-08,5.9948873e-09,1.3358251e-09,1.7400714e-10,1.7712477e-11,2.9084313e-12,1.3388361e-17,3.2547571e-15
4FGL J0253.2-5441,43.3062,-54.6936,fsrq,37.786686,2.4922218,2.4066129,0.07705964,9.757714e-12,936.6049,3.3761317e-08,1.2927488e-08,4.0586583e-09,5.9908084e-10,9.2380464e-11,1.4117989e-11,1.2603616e-12,3.3795587e-21
4FGL J0253.2-0124,43.3158,-1.4031,bll,13.057512,2.0660386,2.01435,0.05902898,3.1870862e-12,6.213392,5.967903e-09,1.4623697e-09,6.1496275e-10,2.273494e-10,7.037459e-11,1.319527e-11,8.374382e-12,1.303493e-15
4FGL J0253.5+3216,43.3829,32.2826,fsrq,10.988957,2.2670503,2.2539377,0.025218386,3.6798117e-12,98.85954,2.0162263e-09,1.3575384e-09,1.3574843e-09,2.4082164e-10,4.2649488e-11,1.7878095e-11,3.6960474e-12,3.4521159e-16
4FGL J0253.9+5103,43.4933,51.0633,fsrq,15.3380375,2.49972,2.4946628,0.06082462,9.5327435e-12,125.448395,5.0830478e-09,1.1217149e-08,3.5528658e-09,4.9676485e-10,1.2223053e-10,1.6106404e-11,9.520934e-16,2.2754812e-18
4FGL J0254.5-7511,43.6356,-75.1938,bcu,6.593993,2.5479047,2.5244741,0.054595117,2.0000989e-12,51.042866,1.4424347e-08,4.3165618e-09,6.327479e-10,1.09865e-10,1.7782175e-11,3.2894622e-12,2.63583e-13,6.108363e-19
4FGL J0254.8+3933,43.7227,39.5638,fsrq,7.3265905,2.6592157,2.557432,0.14481196,3.2821424e-12,148.73416,3.8861853e-10,4.8538706e-09,9.818165e-10,2.1159491e-10,1.1931142e-11,2.8235806e-12,1.3328106e-16,8.178555e-17
4FGL J0255.8+0534,43.9621,5.5766,bll,4.572666,2.201795,2.0685623,0.116071485,1.6738865e-12,22.702597,2.670076e-08,3.1819942e-09,4.5972612e-10,9.3339204e-11,3.526613e-11,6.881106e-12,1.3788965e-12,7.108618e-18
4FGL J0256.3+0334,44.0964,3.5698,bll,21.275236,2.0073173,1.9654666,0.040439323,6.7876217e-12,45.62794,3.4291927e-11,4.644057e-09,1.4848033e-09,3.5843728e-10,1.5855173e-10,5.952898e-11,1.9126504e-12,1.989917e-12
4FGL J0257.0+3358,44.2663,33.9728,bcu,8.125376,2.072068,1.9682747,0.12524995,1.968296e-12,7.057743,8.1384066e-11,2.4334688e-09,2.475903e-10,1.3459782e-10,4.3217388e-11,1.1230232e-11,4.359272e-12,1.2433986e-16
4FGL J0257.9-1215,44.492,-12.2637,fsrq,12.383144,2.6740928,2.644055,0.05939221,4.134974e-12,48.1818,1.9881567e-08,8.870328e-09,1.3903216e-09,2.0007974e-10,2.6617507e-11,5.965905e-13,2.2085211e-16,4.8096246e-16
4FGL J0258.1+2030,44.5422,20.5137,bll,7.786442,2.1203122,1.9835774,0.20085558,2.5310125e-12,45.733097,9.952823e-10,5.567122e-13,1.9598421e-10,2.6473995e-10,8.5211095e-11,1.5722857e-11,3.4398049e-12,6.4534694e-16
4FGL J0259.3+5453,44.8486,54.891,bcu,5.2341843,1.9279315,0.9562544,0.4212866,1.6641262e-12,7.5322237,4.8385274e-10,5.6823227e-12,9.2635927e-10,7.448085e-11,3.3744294e-12,2.0962109e-11,5.8197345e-12,3.3741425e-17
4FGL J0259.4+0308,44.8544,3.1487,bcu,4.3450484,1.7281469,1.6255279,0.07657361,9.114981e-13,17.186653,8.65328e-09,3.0527048e-15,2.0861587e-10,5.1848525e-11,1.6458572e-11,6.1323112e-12,4.4801055e-12,1.4899709e-12
4FGL J0259.4+0746,44.8578,7.7833,fsrq,42.07726,2.1904495,2.1145802,0.059597306,1.8598735e-11,377.27487,7.313331e-12,1.5507448e-08,5.6974017e-09,1.4364705e-09,3.7218417e-10,8.476484e-11,1.5049453e-11,4.8093723e-17
4FGL J0259.5+1924,44.8791,19.4082,fsrq,7.134152,2.3813388,2.3718321,0.010753569,3.1496836e-12,11.933215,1.0167426e-08,5.3306763e-09,8.2774065e-10,2.112979e-10,4.3727088e-11,5.079508e-12,1.6082911e-12,1.641404e-17
4FGL J0259.5-1705,44.8916,-17.0942,bcu,7.6171165,1.9802309,1.7595407,0.28229973,9.885633e-13,9.554513,2.28073e-09,3.3500247e-10,4.3806087e-11,8.109609e-11,3.543686e-11,1.2606062e-11,1.2270794e-15,2.0092232e-16
4FGL J0300.2-0514,45.0748,-5.2474,bcu,4.3029838,2.1513877,2.195597,-0.10601116,9.521445e-13,10.610993,9.388377e-11,2.1859803e-09,3.1113578e-10,7.102099e-11,1.1177192e-11,7.50496e-14,3.8180166e-16,3.791081e-12
4FGL J0301.0-1652,45.2714,-16.8688,bll,6.515493,2.3610694,2.338491,0.030943096,2.0279642e-12,36.458065,8.932478e-12,2.9150082e-09,5.743185e-10,1.2376297e-10,3.3797395e-11,5.6763903e-12,5.204022e-16,1.5351282e-16
4FGL J0301.2+2546,45.3106,25.7753,bcu,6.304426,2.1470282,2.1569154,0.059207916,2.043706e-12,18.028631,2.039612e-09,1.3370201e-10,5.884443e-10,1.6672776e-10,2.6671809e-11,8.424752e-12,3.5076755e-12,5.996991e-13
4FGL J0301.4-3124,45.351,-31.4103,fsrq,12.047947,2.326691,2.3186507,0.025593866,2.6672664e-12,15.077095,7.1117867e-09,2.5554026e-09,9.92862e-10,1.3382966e-10,5.4376517e-11,5.9961315e-12,3.317999e-14,2.1371065e-17
4FGL J0301.5-7156,45.4,-71.9408,fsrq,65.609764,2.2979183,2.2301073,0.053879876,1.8927816e-11,3566.3672,3.9607144e-08,2.0327356e-08,6.404327e-09,1.4281054e-09,3.1977773e-10,4.767403e-11,7.0608844e-12,1.0641377e-12
4FGL J0301.9-2731,45.4991,-27.5302,bcu,12.7091675,2.2748325,2.1359198,0.12233932,2.4279127e-12,30.776249,4.6339543e-11,3.4660348e-09,7.8695095e-10,2.1534047e-10,4.5656024e-11,1.0898498e-11,2.703747e-16,2.2693987e-16
4FGL J0303.2+3149,45.8084,31.8207,bcu,8.502873,2.4726884,2.4120405,0.12293155,3.6043332e-12,13.977277,1.9555179e-08,4.4272843e-09,1.3156883e-09,2.2772238e-10,3.8532746e-11,7.2065223e-12,1.2745605e-16,9.182514e-16
4FGL J0303.3-7913,45.8409,-79.2236,fsrq,10.815214,2.566955,2.5575264,0.026748925,3.7767914e-12,30.464405,1.5152755e-08,6.670766e-09,1.434071e-09,1.4493869e-10,4.6260957e-11,4.432933e-12,1.2305611e-12,5.8290906e-19
4FGL J0303.3+0555,45.8465,5.9249,bll,6.9885893,1.7355042,1.619583,0.1141361,1.4469e-12,14.3345995,3.2688327e-10,2.2734743e-09,1.7928289e-12,7.354901e-11,1.7514181e-11,1.6858943e-11,9.093284e-12,1.932216e-20
4FGL J0303.4-2407,45.8625,-24.1225,BLL,114.103264,1.9122784,1.8520452,0.030656151,4.845088e-11,532.82043,2.1793197e-08,1.9497387e-08,8.601379e-09,3.044578e-09,1.1125946e-09,3.9472764e-10,1.2292627e-10,1.8805364e-11
4FGL J0303.4-5232,45.8706,-52.5349,bcu,11.520639,2.7199862,2.6138175,0.2240042,2.861584e-12,60.83787,3.552702e-09,5.722103e-09,1.2652657e-09,1.4429205e-10,1.6914676e-11,9.226398e-19,1.7677358e-15,4.689412e-15
4FGL J0303.6+4716,45.9098,47.2759,bll,62.481247,2.1517153,2.033598,0.09042272,2.5613697e-11,90.28766,3.844554e-09,1.7862513e-08,7.438811e-09,2.1489828e-09,6.159852e-10,1.0429428e-10,2.9024769e-11,4.1848404e-16
4FGL J0303.6-6211,45.9245,-62.1899,fsrq,42.681274,2.3856335,2.285704,0.10520512,1.2100456e-11,311.96118,1.836725e-12,1.38136e-08,4.737747e-09,9.1177244e-10,2.1471609e-10,1.8737146e-11,3.562331e-16,7.322731e-16
4FGL J0304.4-2833,46.1016,-28.5662,bll,10.176293,1.8020858,1.5427121,0.17988035,1.532774e-12,10.641634,5.6694347e-09,8.440327e-15,2.4431152e-10,4.685082e-11,5.0233425e-11,1.8306094e-11,4.939053e-12,2.362654e-12
4FGL J0304.5+3349,46.1379,33.8261,bcu,8.032634,2.5753849,2.680745,0.18807971,4.1598756e-12,110.14782,9.619594e-09,2.1508901e-09,2.3443447e-09,2.3801575e-10,3.1868574e-11,5.216402e-12,4.1274044e-16,4.1213015e-15
4FGL J0304.5+6821,46.1411,68.3539,bcu,20.797136,2.6616344,2.8207328,0.20374855,1.4753223e-11,100.79706,7.727187e-09,2.7498505e-08,6.7553505e-09,8.746978e-10,8.213828e-11,1.1394572e-11,2.2117798e-15,1.707874e-15
4FGL J0304.5-0054,46.1423,-0.9148,bll,7.985806,2.0160418,2.0000372,0.012657874,1.9555108e-12,24.558947,8.2351e-09,1.0461028e-09,3.5748082e-10,1.2708525e-10,3.626718e-11,1.12823865e-11,7.690945e-12,3.1677433e-16
4FGL J0304.9-0606,46.2258,-6.1107,bll,8.146836,2.2516534,2.1351638,0.13072681,2.4625996e-12,21.929739,8.394358e-09,1.0618147e-09,5.2860694e-10,1.91586e-10,4.724198e-11,6.8585454e-12,1.5249633e-19,1.9439023e-14
4FGL J0305.1-1608,46.2919,-16.1466,bll,13.5763,1.7710118,1.6735727,0.0883104,2.9436549e-12,21.170815,7.215025e-15,1.1314581e-09,2.390845e-10,1.3826723e-10,5.112455e-11,3.5423248e-11,1.3374329e-11,1.7715594e-12
4FGL J0307.4+4915,46.8647,49.257,bll,33.77156,2.0706549,1.9496963,0.098186515,1.2426337e-11,29.603045,1.4343727e-08,6.462287e-09,2.651167e-09,1.0692559e-09,3.0795239e-10,9.170528e-11,1.32036665e-11,5.645601e-13
4FGL J0307.8-0419,46.9523,-4.3266,fsrq,4.34316,2.1002643,2.0390491,0.07809419,1.0635868e-12,18.012125,2.5875533e-11,4.505003e-10,4.9890394e-11,9.0250384e-11,2.3031797e-11,4.549893e-12,2.0704198e-12,7.4465287e-16
4FGL J0308.1-2852,47.0352,-28.8728,bcu,9.762232,2.1388888,2.1069572,0.03607105,1.8819805e-12,18.179308,3.0186014e-12,1.6950549e-10,3.882113e-10,1.54728e-10,2.2730469e-11,1.1882041e-11,3.144394e-12,3.233875e-17
4FGL J0309.0+1029,47.2617,10.4927,fsrq,27.983913,2.4059477,2.2944582,0.106273025,1.2972446e-11,596.8257,3.679533e-08,1.4030423e-08,5.1037663e-09,1.0483311e-09,1.486177e-10,2.303479e-11,5.8420014e-12,4.807565e-19
4FGL J0309.4-4000,47.3615,-40.0065,bll,7.5344915,2.0109782,1.9666529,0.061478756,1.2697416e-12,9.991013,3.32564e-20,4.4729698e-10,2.4391622e-10,8.365021e-11,2.4971724e-11,6.860106e-12,4.1919996e-12,7.2567264e-23
4FGL J0309.7-0745,47.4326,-7.7655,bll,13.762308,2.0642984,2.0123124,0.04529567,3.8256408e-12,21.000727,2.5301777e-14,4.326911e-09,7.8963985e-10,2.3538146e-10,9.969112e-11,1.5191619e-11,3.911858e-12,2.7711958e-12
4FGL J0309.9-6058,47.4921,-60.9733,fsrq,87.510796,2.4710228,2.4016762,0.103335656,3.1563543e-11,1252.3857,6.231749e-08,4.932733e-08,1.2626613e-08,2.1419113e-09,3.4588638e-10,2.6605827e-11,5.673758e-16,7.7417896e-16
4FGL J0310.6-5017,47.6544,-50.2901,bll,19.615696,1.8004644,1.7507865,0.04136522,3.8466977e-12,40.583233,5.507648e-09,6.136048e-10,4.4427123e-10,1.8425593e-10,7.7322614e-11,4.404424e-11,1.2609741e-11,6.2453596e-18
4FGL J0310.8-1041,47.7105,-10.6866,bcu,5.7251816,2.0325644,2.0029473,0.030252574,1.5652481e-12,22.413,1.8589105e-09,1.091716e-09,3.198208e-10,1.1394534e-10,2.1801392e-11,1.0588136e-11,3.4142938e-12,3.502733e-19
4FGL J0310.9-3458,47.728,-34.9797,bcu,9.02577,2.0851448,2.031131,0.058006626,1.7445093e-12,18.954859,4.917603e-09,7.9932133e-10,4.2553835e-10,8.993496e-11,4.7229293e-11,4.9876644e-12,5.13895e-12,2.215137e-15
4FGL J0310.9+3815,47.7297,38.2552,fsrq,11.832921,2.4497714,2.405697,0.064332105,4.546358e-12,31.790873,3.950072e-10,6.0731344e-09,1.4951785e-09,2.7592917e-10,6.386409e-11,3.1484943e-12,1.7751413e-12,6.450089e-17
4FGL J0311.2+6856,47.8043,68.9385,bcu,8.604619,2.2137277,2.0142357,0.1754428,2.352222e-12,25.927956,2.5215154e-08,4.5591416e-11,8.158632e-10,1.5272977e-10,9.2532024e-11,1.0597111e-11,3.2909884e-12,1.1313352e-16
4FGL J0311.5-4402,47.8809,-44.046,bcu,6.851883,2.2449734,2.2489235,-0.033988275,1.4404378e-12,16.54229,4.6368707e-12,1.3039773e-09,4.6218243e-10,1.1183005e-10,7.659822e-14,1.0837269e-11,2.3398074e-12,1.395251e-12
4FGL J0311.6+4134,47.9028,41.581,bcu,4.6186,2.0601666,1.8302594,0.25183105,1.1762158e-12,20.831158,1.5859992e-09,1.2943713e-12,4.2871653e-10,2.860572e-11,4.0050966e-11,3.8196217e-12,3.4798447e-12,2.1625103e-16
4FGL J0312.4-3221,48.1095,-32.3555,bcu,7.717078,2.20451,2.0977283,0.11142604,1.3589073e-12,16.741888,4.9324815e-11,1.6349861e-09,3.333289e-10,8.569766e-11,3.0739855e-11,5.8965996e-12,5.594224e-16,4.5716817e-17
4FGL J0312.5-2221,48.1385,-22.3553,bll,19.97706,1.8657581,1.6274273,0.15429343,3.3478168e-12,21.198298,3.702517e-12,9.596939e-10,2.9598018e-10,2.1535738e-10,1.10166265e-10,4.1656827e-11,3.4750787e-12,7.62782e-17
4FGL J0312.8+0134,48.2222,1.5724,fsrq,14.514614,2.3563726,2.3425155,0.016034456,5.514037e-12,106.691696,1.2378057e-08,5.7743312e-09,1.7845783e-09,3.1527636e-10,8.940142e-11,1.7211453e-11,1.6035192e-12,8.343673e-18
4FGL J0312.9+3614,48.2276,36.2341,bll,16.409086,1.8737327,1.880223,-0.00768803,4.61157e-12,10.86336,8.2348155e-09,6.715401e-10,5.8164346e-10,2.632844e-10,1.05837936e-10,3.1197198e-11,1.1208953e-11,8.050407e-12
4FGL J0313.0+0229,48.273,2.4911,bcu,19.276619,2.4441173,2.3621075,0.11197729,7.0699176e-12,400.66788,5.2121396e-09,1.13500604e-08,2.7481342e-09,5.1930993e-10,1.1395385e-10,7.790746e-12,4.7334716e-18,7.091738e-18
4FGL J0314.3+0620,48.5887,6.3473,bll,13.692459,1.9260138,1.8840669,0.036049347,4.0651154e-12,11.269751,1.5081117e-08,4.844801e-09,6.668203e-10,1.7043343e-10,9.7447266e-11,3.355874e-11,8.144491e-12,2.1962787e-12
4FGL J0314.3-5103,48.5929,-51.055,bll,28.786041,2.007766,1.8934233,0.077835135,5.7919936e-12,33.557434,1.8026182e-09,3.0119427e-09,1.2574044e-09,4.272872e-10,1.5493924e-10,3.8067896e-11,1.1098481e-11,1.9097308e-14
4FGL J0314.6-6549,48.659,-65.8178,fsrq,8.877196,2.4406207,2.437122,0.009911121,2.1998885e-12,9.052716,5.77669e-15,4.4778057e-09,6.9377e-10,1.4042503e-10,2.0160628e-11,9.5239485e-12,4.8841137e-17,9.578119e-16
4FGL J0315.4-2643,48.8626,-26.7327,bcu,10.587935,1.8023195,1.6720424,0.1272081,1.7724953e-12,11.86148,5.285118e-13,1.6878378e-12,1.0048968e-13,1.1605606e-10,3.825229e-11,1.5282987e-11,3.9560386e-12,1.7385523e-12
4FGL J0315.5+4231,48.8982,42.5332,bcu,6.0474725,2.1468863,1.7268595,0.28199416,1.7021592e-12,17.744972,5.7115717e-09,2.0872444e-09,1.9102656e-10,6.700422e-11,5.3454113e-11,7.23815e-12,1.5534733e-12,9.988198e-17
4FGL J0315.9-1033,48.9922,-10.5522,fsrq,17.60633,2.4362552,2.329732,0.12510192,5.82612e-12,158.32307,1.3407455e-08,7.973699e-09,2.4230005e-09,4.0305168e-10,9.07617e-11,8.4363775e-12,9.651159e-18,4.6577108e-17
4FGL J0316.0-5626,49.0159,-56.4443,bcu,5.8164964,2.1069999,1.8480715,0.23948896,1.01479e-12,19.787178,2.2617338e-12,1.2781288e-09,2.2588387e-10,6.3946196e-11,2.169875e-11,6.483157e-12,1.904635e-15,3.959797e-17
4FGL J0316.2-6437,49.0535,-64.6278,bll,29.822828,1.8216201,1.6377903,0.105559334,5.8450454e-12,28.932627,8.1611484e-10,3.7864675e-10,5.242436e-10,3.5010755e-10,1.6791953e-10,5.7860505e-11,1.7352215e-11,2.6568019e-12
4FGL J0316.2+0905,49.0583,9.0946,bll,43.3309,1.8929912,1.7902471,0.056738324,1.8466917e-11,85.70564,8.205138e-14,4.812566e-09,2.8810325e-09,1.0547919e-09,4.912117e-10,1.5726694e-10,5.247609e-11,7.7579835e-12
4FGL J0316.2-2608,49.069,-26.1448,bll,25.883715,1.8884094,1.724145,0.10430373,5.5114116e-12,16.34677,1.0585844e-08,1.4246085e-09,9.986473e-10,3.088711e-10,1.9124176e-10,4.079554e-11,1.6693886e-11,5.4783253e-16
4FGL J0316.6-2216,49.1542,-22.2736,bll,4.129479,2.0066636,1.898027,0.14809749,6.641698e-13,12.919292,3.736297e-12,1.0600662e-12,1.9214599e-11,5.2822465e-11,1.45352445e-11,3.5269348e-12,1.6899745e-12,1.6119459e-16
4FGL J0316.9-0625,49.2318,-6.4268,bcu,9.144513,1.914976,1.748573,0.1501223,2.0279065e-12,12.709196,8.780437e-09,1.9244304e-09,1.2882917e-10,1.1828427e-10,5.0639628e-11,1.4826404e-11,5.0686616e-12,7.4515617e-16
4FGL J0317.7-2804,49.4258,-28.0787,fsrq,5.2070785,2.3785574,2.344521,0.03707728,1.2602801e-12,16.655848,8.6239105e-10,1.7345536e-09,4.807048e-10,7.697302e-11,1.19813855e-11,5.304315e-12,5.7095713e-15,4.8756206e-16
4FGL J0317.8-4414,49.4724,-44.2376,fsrq,5.7846694,1.8877176,1.8984151,-0.015722577,9.064314e-13,8.787293,1.0053219e-09,3.774188e-10,1.4899901e-10,4.6220198e-11,2.2072197e-11,1.6340676e-12,4.998286e-12,1.39997e-12
4FGL J0317.9+2010,49.4767,20.1801,bcu,4.6861916,1.8283017,1.7960091,0.06608976,1.0081948e-12,10.301824,3.383172e-10,2.2035258e-12,3.787629e-13,7.742438e-11,2.6835157e-11,2.397251e-12,3.1387729e-12,2.169271e-12
4FGL J0318.7+2135,49.6946,21.5968,bll,23.235636,2.0853264,2.041794,0.04506588,9.144425e-12,27.63625,2.0606349e-08,3.719628e-09,2.1554598e-09,5.575185e-10,2.080661e-10,5.036041e-11,1.4321408e-11,3.4077885e-15
4FGL J0319.4-7045,49.8587,-70.753,bcu,8.793515,1.7953851,1.6944903,0.07166044,1.4428677e-12,13.64224,2.0571034e-11,8.5494395e-10,1.3445262e-10,6.645914e-11,2.7472706e-11,1.7261784e-11,2.771597e-12,2.0585155e-12
4FGL J0319.8+1845,49.9722,18.7532,bll,20.408197,1.709302,1.663799,0.05269817,6.166265e-12,45.657463,2.154833e-09,1.0681293e-15,2.372437e-10,3.1351388e-10,1.3240592e-10,5.0376054e-11,2.3412994e-11,1.1905358e-11
4FGL J0319.9-3821,49.9975,-38.3577,bcu,7.5322027,2.3956034,2.3570228,0.12321161,1.9371113e-12,30.908764,1.7014907e-12,1.7039579e-09,8.159078e-10,1.1845942e-10,1.5085534e-11,6.826646e-12,2.7500575e-18,8.0686025e-19
4FGL J0320.6+1125,50.1609,11.4328,bcu,6.0810175,2.117796,2.1136384,-0.00045916057,2.5645827e-12,11.052758,2.5086588e-10,1.7467456e-09,8.747354e-10,1.6162705e-10,4.3947134e-11,1.2962156e-11,2.081076e-12,4.8079912e-12
4FGL J0321.3+0425,50.326,4.4275,bcu,4.9384246,2.632639,2.658791,-0.055437725,2.5139515e-12,22.83255,3.3195637e-11,5.3020077e-09,7.86719e-10,8.8390156e-11,2.198596e-11,3.9946e-12,2.2004779e-12,1.4633133e-17
4FGL J0321.3-1612,50.3271,-16.2096,bll,3.6442475,2.0967913,1.8700296,0.25737938,8.48858e-13,10.655423,2.4344104e-13,2.6547995e-14,2.7430958e-10,6.034866e-11,2.1473172e-11,6.2138224e-12,5.931932e-18,3.586084e-18
4FGL J0321.7-7500,50.4345,-75.0041,bll,7.3219776,2.413018,2.3907826,0.030670092,2.122471e-12,16.970995,1.20937385e-08,1.9124549e-09,6.529908e-10,1.5624757e-10,1.6223545e-11,7.1483054e-12,1.4028894e-12,1.6692717e-19
4FGL J0322.0+2335,50.5021,23.5993,bll,39.788887,1.9634005,1.938564,0.021664644,1.6400574e-11,26.664606,7.0080226e-14,8.87092e-09,3.3620557e-09,8.9946756e-10,3.541182e-10,1.161218e-10,4.74047e-11,1.7981475e-12
4FGL J0322.4+6606,50.6146,66.1102,bcu,4.265107,2.631006,2.6237645,0.11934255,3.5371484e-12,44.011925,1.1981185e-10,3.0113396e-09,1.2785031e-09,2.0302755e-10,2.6352255e-11,1.8017585e-12,2.5857309e-16,4.1386913e-17
4FGL J0322.6-5040,50.658,-50.6711,fsrq,4.708267,2.592304,2.5888674,0.09759753,1.2797249e-12,24.754482,1.3449328e-14,2.3423326e-09,5.802283e-10,6.154733e-11,5.1422334e-12,2.213184e-12,4.982388e-13,3.3343766e-17
4FGL J0322.9+0940,50.7492,9.6782,bcu,5.2602057,2.2066844,2.180885,0.033540443,1.9118932e-12,8.892896,7.1085506e-09,1.3476631e-10,5.8231386e-10,1.2721195e-10,3.41462e-11,7.977926e-12,2.5183466e-12,4.0929453e-17
4FGL J0323.7-0111,50.9387,-1.1903,bll,26.636171,1.9134985,1.7798276,0.08406703,7.115538e-12,15.650617,3.303799e-09,2.6246312e-09,1.1236958e-09,4.4465864e-10,2.0946554e-10,5.992694e-11,1.595107e-11,2.6770575e-13
4FGL J0324.3-1313,51.0976,-13.221,bcu,4.8654766,2.5394337,2.4786859,0.07320105,1.801252e-12,25.68843,1.055646e-08,2.436001e-09,5.763485e-10,1.00198225e-10,2.5944455e-11,7.223075e-13,7.970185e-18,5.584598e-18
4FGL J0324.8-2043,51.2191,-20.7285,bcu,6.4523287,1.987496,1.6608218,0.3089063,1.2682333e-12,22.260704,4.335812e-09,1.3812564e-09,6.98961e-11,5.97359e-11,4.7624234e-11,5.655184e-12,1.7631552e-16,1.2750298e-16
4FGL J0325.0-2416,51.2744,-24.2825,fsrq,5.1609483,2.5580144,2.5590725,-0.06219508,1.3611875e-12,18.571688,2.6076027e-13,2.9664038e-09,3.7346232e-10,8.9422386e-11,9.557283e-13,2.732652e-12,3.2840159e-12,1.4228667e-16
4FGL J0325.2+4705,51.3103,47.0882,bcu,9.077923,2.660265,2.6725163,0.11897571,6.499474e-12,63.237106,2.2016089e-08,1.2465146e-08,2.4967681e-09,3.212741e-10,4.335764e-11,4.638198e-13,1.4697609e-12,1.3365323e-13
4FGL J0325.3+3332,51.3388,33.5383,bll,5.021955,2.1341007,1.9157149,0.33965382,8.388127e-13,12.644456,1.4088882e-08,3.6353808e-13,2.1617098e-10,2.8119323e-11,4.698627e-11,9.0574475e-12,8.682556e-20,4.32505e-20
4FGL J0325.5-5635,51.3794,-56.591,bll,41.50807,1.9097738,1.8752675,0.03146487,1.0833236e-11,245.79066,8.970222e-12,3.4184644e-09,1.8916355e-09,5.960744e-10,2.432924e-10,8.2037564e-11,3.2579776e-11,4.164838e-12
4FGL J0325.6-1646,51.4179,-16.781,bll,35.272255,1.8858867,1.7925736,0.052128498,9.926595e-12,62.00578,1.8461234e-08,3.2724823e-09,1.4606153e-09,5.857093e-10,2.6708688e-10,7.17091e-11,3.5141456e-11,3.6424184e-12
4FGL J0325.7+2225,51.4421,22.4326,fsrq,37.897503,2.6223245,2.541621,0.15996504,2.075277e-11,231.9182,7.248806e-08,3.8990496e-08,8.912242e-09,1.2183166e-09,1.1450402e-10,4.357408e-12,4.0740804e-18,1.5295885e-15
4FGL J0325.9-1843,51.4839,-18.725,bcu,6.1793785,2.2967007,2.278459,0.036223,1.669105e-12,21.87244,4.3826986e-09,3.155393e-11,5.7883487e-10,8.819373e-11,3.0129156e-11,3.0233051e-12,1.6280604e-12,7.35675e-16
4FGL J0326.2+0225,51.5724,2.4228,bll,24.080229,1.9196339,1.898752,0.01908243,7.750432e-12,27.008,3.196376e-09,5.2007927e-09,1.4452202e-09,3.7371764e-10,1.7274504e-10,7.116761e-11,1.7661773e-11,5.505536e-12
4FGL J0326.7-3404,51.6895,-34.0769,bcu,9.514763,2.1071694,1.9569403,0.15187876,1.3611883e-12,30.447086,7.109506e-14,2.0729346e-10,1.763707e-10,1.4175212e-10,4.9337357e-11,2.4255905e-12,2.757102e-12,2.5839187e-16
4FGL J0327.0-3751,51.7523,-37.8625,bcu,4.21184,2.4481826,2.4599168,-0.050973892,1.1465377e-12,18.068428,1.0744808e-09,3.5198133e-09,4.7895815e-10,3.4168997e-11,2.266183e-11,1.9886905e-12,2.30479e-12,2.5458688e-18
4FGL J0327.5-1805,51.8907,-18.0885,bcu,6.6272244,2.9048216,2.960827,0.12950256,3.6690885e-12,66.32034,5.8796368e-09,1.3418488e-08,1.3918395e-09,6.95605e-11,1.6257624e-11,1.6442276e-12,1.4123566e-16,2.465643e-15
4FGL J0327.8-2202,51.9735,-22.0448,fsrq,6.2245407,2.5250034,2.5044932,0.09552677,1.741198e-12,75.21222,4.2364268e-09,3.4795515e-09,6.454891e-10,9.177813e-11,2.6385791e-11,1.2186853e-12,1.243273e-16,2.8019823e-16
4FGL J0328.8-5715,52.2211,-57.2591,bll,7.1302943,1.7720299,1.4679898,0.2662119,9.0853995e-13,4.5970635,6.50675e-09,1.1489568e-13,5.459992e-11,2.4288375e-11,2.966615e-11,1.3674792e-11,1.6898927e-12,1.3941792e-16
4FGL J0328.9+3514,52.2433,35.2489,bcu,6.067558,2.6449678,2.5641818,0.19896778,3.5382743e-12,36.760983,1.7718559e-08,6.3773795e-09,1.1831548e-09,2.1173654e-10,2.1422843e-11,9.033083e-15,1.9579636e-17,6.923778e-13
4FGL J0330.6+4659,52.653,46.9834,bcu,7.090304,2.6536555,2.7077408,0.288679,3.816272e-12,22.518011,3.7296846e-09,6.9942203e-09,1.8102928e-09,2.449028e-10,3.8525762e-11,5.0481104e-13,1.0861724e-14,1.3575189e-16
4FGL J0330.6+0438,52.6727,4.6349,bcu,16.111834,2.2312915,2.1204839,0.13738637,5.040144e-12,97.894905,5.931383e-12,2.0614281e-09,1.9273603e-09,3.6031197e-10,1.5690006e-10,1.40130945e-11,3.6153914e-13,4.027736e-17
4FGL J0330.7-2408,52.6938,-24.147,bcu,8.537514,2.0477846,2.0342886,0.01526946,1.5135513e-12,11.681405,7.0523714e-13,5.8822863e-10,3.9577916e-10,7.3707124e-11,3.472391e-11,7.46374e-12,4.2208194e-12,1.4435143e-16
4FGL J0331.1-5243,52.7937,-52.7326,bcu,4.384382,2.4198947,2.3841324,0.06304567,1.0312535e-12,15.35509,6.166356e-11,1.3953513e-09,4.0425846e-10,5.645856e-11,1.658945e-11,1.0030797e-14,2.91349e-15,2.156464e-16
4FGL J0331.3-6156,52.8438,-61.9365,bll,29.252275,1.9878412,1.8411461,0.0898288,6.225645e-12,47.554893,7.832118e-09,1.8675648e-09,1.1739136e-09,4.830759e-10,1.7077928e-10,4.459808e-11,9.325394e-12,1.4042356e-12
4FGL J0331.8-7040,52.969,-70.6697,bll,7.93546,1.6778255,1.3813192,0.1806236,1.1009287e-12,21.230219,3.5733319e-09,5.7668883e-12,1.1072559e-10,4.4293735e-11,1.6099838e-11,1.423703e-11,6.6951032e-12,3.1489628e-17
4FGL J0331.9+6307,52.9909,63.1309,bll,24.013233,2.1410768,2.1030264,0.052167527,1.2179608e-11,38.6274,3.677931e-09,1.0222371e-08,2.991664e-09,8.1038953e-10,2.1219651e-10,6.354693e-11,2.134447e-11,3.2949534e-14
4FGL J0332.1-1123,53.0335,-11.3949,fsrq,9.786628,2.4654946,2.3668752,0.17973413,2.6248673e-12,61.702545,8.788235e-09,3.0950624e-09,9.78596e-10,2.5230526e-10,2.98102e-11,2.616828e-14,1.8807304e-14,1.9033199e-15
4FGL J0332.2-1737,53.052,-17.6272,bcu,6.1745634,2.6398392,2.5210977,0.3070644,1.8388602e-12,44.5374,3.73337e-09,3.8590575e-10,9.2314506e-10,1.4119379e-10,1.21717705e-11,4.898706e-16,5.473814e-15,4.2047486e-15
4FGL J0332.8+1557,53.2156,15.9593,bcu,4.663363,2.2007172,1.9445101,0.2689941,1.6475241e-12,15.143547,1.0143434e-09,1.0135242e-15,4.283611e-10,1.012131e-10,4.300891e-11,4.6017894e-12,1.4943013e-18,5.5612947e-13
4FGL J0333.1+8227,53.2971,82.4501,bcu,13.727929,1.938996,1.7531703,0.13874842,2.2319366e-12,19.245611,4.2856124e-13,2.4189017e-12,4.6819054e-10,1.1726697e-10,7.554061e-11,2.2402715e-11,6.208411e-12,1.8782628e-17
4FGL J0333.3+0233,53.3435,2.561,bcu,5.9003325,2.0982034,1.9503913,0.16312996,1.7677049e-12,21.27247,7.35479e-09,1.4151983e-12,5.272032e-10,9.18818e-11,5.520025e-11,3.8819364e-12,1.7782145e-12,1.8019193e-16
4FGL J0333.7+7851,53.445,78.8501,bll,32.362617,2.0756779,1.9924961,0.05143656,7.826098e-12,123.40252,3.6695962e-09,4.42187e-09,1.8322579e-09,5.2243987e-10,2.0232976e-10,5.6269225e-11,9.098421e-12,6.3839253e-16
4FGL J0333.7+2916,53.4468,29.2711,bll,41.379913,1.9514576,1.7798468,0.11532586,1.430592e-11,41.542175,5.09997e-10,7.7885487e-10,2.4137579e-09,9.696577e-10,4.8646936e-10,1.0436051e-10,2.6993798e-11,1.5743853e-12
4FGL J0333.8+4007,53.4658,40.1196,bcu,9.07074,2.0369418,1.896031,0.15513451,1.8418496e-12,23.23316,4.7463065e-09,7.8290686e-14,2.8958477e-10,1.4238517e-10,5.956507e-11,1.7573085e-11,1.3020056e-12,2.8980387e-15
4FGL J0333.9+6537,53.4767,65.6188,bll,38.39438,1.969419,1.8649728,0.06861724,1.4446131e-11,103.732086,4.7520903e-09,6.873922e-09,2.1302964e-09,1.0142289e-09,3.5641876e-10,1.1906531e-10,3.6541447e-11,3.6525765e-12
4FGL J0334.2-3725,53.5556,-37.4327,bll,80.157974,2.0192175,1.9004034,0.07162939,2.4889429e-11,153.84506,2.6538899e-08,1.1955789e-08,5.7674723e-09,1.9219824e-09,6.344059e-10,1.4839896e-10,4.4794748e-11,1.5903034e-12
4FGL J0334.2-4008,53.5566,-40.145,bll,103.37487,2.165689,2.056785,0.07779662,3.360955e-11,626.2739,4.0085453e-08,2.7615444e-08,1.0794532e-08,2.6761444e-09,7.3203316e-10,1.1863553e-10,1.9745549e-11,1.3379583e-17
4FGL J0335.1-4459,53.7846,-44.9916,bll,22.091341,1.9973099,1.9817393,0.017016346,4.5068337e-12,45.879215,8.158398e-09,1.9334598e-09,1.0528886e-09,2.2687487e-10,9.471949e-11,3.9442113e-11,1.019657e-11,2.004726e-16
4FGL J0335.8+2733,53.9585,27.5614,bcu,5.1608806,2.2031653,2.206408,0.00083356694,1.5232342e-12,15.438975,1.8261614e-08,2.3438664e-09,5.9707217e-10,7.690075e-11,2.0936074e-11,9.549461e-12,3.479284e-12,2.802844e-17
4FGL J0336.4+3224,54.1015,32.4111,fsrq,14.541455,2.7787664,2.8090315,0.4313879,1.0638064e-11,70.42169,1.4117855e-08,2.0423315e-08,5.3609144e-09,4.22253e-10,2.4671857e-12,7.3932796e-12,2.9302702e-21,6.517413e-17
4FGL J0336.5-0348,54.1303,-3.812,bll,9.688296,1.6791183,1.6381578,0.0349863,1.8819917e-12,20.635733,1.2462493e-12,5.20208e-13,1.1666865e-10,8.541462e-11,3.6480468e-11,1.2921215e-11,1.3196202e-11,3.9551517e-12
4FGL J0336.7-1305,54.1963,-13.0987,fsrq,8.58366,2.6458182,2.5873346,0.13800696,2.9098453e-12,85.74748,9.66518e-09,6.721255e-09,1.0488646e-09,1.8180232e-10,2.933326e-11,4.121648e-17,5.93367e-16,6.8457025e-15
4FGL J0336.8-3612,54.2199,-36.2127,fsrq,12.41161,2.7747054,2.7591877,0.029614236,3.948357e-12,17.158573,8.358831e-09,7.765131e-09,1.295861e-09,1.9568036e-10,2.6328774e-11,1.0511109e-14,2.1724435e-16,1.91078e-16
4FGL J0337.8-1157,54.4743,-11.9597,fsrq,5.150375,2.5680428,2.482367,0.11569262,2.0650781e-12,9.936979,3.0735242e-13,2.3283746e-09,6.976781e-10,1.169861e-10,2.1711908e-11,2.9329692e-12,6.802498e-16,7.8650346e-13
4FGL J0338.1-2443,54.5305,-24.7207,bll,6.2821507,1.551915,1.482844,0.11589839,9.294136e-13,13.146879,6.2885387e-12,1.0090369e-09,1.4488337e-10,9.890424e-12,1.9507715e-11,4.833015e-12,8.615903e-12,1.8845602e-12
4FGL J0338.5+1302,54.6355,13.0419,bll,41.110497,1.7919605,1.569916,0.14716256,1.6116409e-11,63.906845,8.554453e-09,5.8046486e-15,1.4977798e-09,7.918927e-10,5.0174764e-10,1.6292499e-10,6.2957015e-11,1.4341107e-20
4FGL J0338.7-5319,54.6783,-53.3324,bcu,5.8885145,1.8583362,1.8237032,0.20929232,9.815871e-13,11.279867,4.3358557e-09,5.7499256e-18,3.4484082e-11,5.0234487e-11,3.2122416e-11,8.66655e-12,8.2654565e-13,2.1158754e-15
4FGL J0338.7-5706,54.6985,-57.1061,bll,5.374407,1.8854581,1.8633442,0.04022564,8.1076633e-13,14.840103,9.981529e-12,1.4573659e-12,8.7980496e-13,6.405295e-11,2.4156933e-11,1.5909652e-12,1.3733227e-12,2.9169943e-12
4FGL J0338.9-2848,54.7447,-28.8009,bcu,24.817959,1.9704479,1.9930292,-0.017779507,5.7227504e-12,48.91186,1.5621538e-08,4.231032e-09,1.1517147e-09,2.9485386e-10,1.2760672e-10,3.6486376e-11,1.8324644e-11,5.0517034e-12
4FGL J0339.2-1736,54.8119,-17.6003,bll,27.491709,1.9195741,1.828396,0.054714352,7.530522e-12,21.947367,1.1580063e-13,1.8915838e-09,1.2981652e-09,4.3245912e-10,2.237276e-10,5.6272525e-11,1.1634455e-11,7.1791882e-12
4FGL J0339.5-0146,54.8771,-1.7769,fsrq,96.58291,2.332427,2.2445865,0.07756912,5.2078994e-11,2977.3025,8.4882814e-08,6.547325e-08,1.9620943e-08,3.8196952e-09,7.684421e-10,9.1714296e-11,1.7654966e-11,8.707667e-19
4FGL J0340.4-2422,55.1243,-24.3729,fsrq,9.0145855,1.9969417,1.685213,0.46643242,9.843472e-13,8.04888,2.3529594e-09,5.2021108e-14,1.7777134e-11,9.8278836e-11,5.801395e-11,4.5727038e-12,1.2864613e-15,8.64234e-16
4FGL J0340.5-2118,55.1477,-21.3158,bll,40.958652,2.1982245,2.1232548,0.056089304,1.1117135e-11,103.80583,7.959709e-09,1.0120392e-08,3.5029142e-09,8.52962e-10,1.9279e-10,5.1370616e-11,1.2918657e-11,4.9125603e-16
4FGL J0340.5-0256,55.1484,-2.935,bcu,8.885406,2.2270744,1.9879577,0.24681509,1.6881422e-12,10.632158,1.0641508e-08,1.6933183e-10,2.613795e-10,2.526152e-10,4.1175615e-11,5.174511e-12,1.6829807e-12,1.815092e-16
4FGL J0342.2+3858,55.573,38.978,fsrq,9.452065,2.2436488,2.2437472,0.0012079235,3.1329084e-12,114.3369,4.3335435e-10,6.247419e-09,1.0558232e-09,1.790986e-10,5.144632e-11,1.3555959e-11,9.859331e-13,1.4985739e-12
4FGL J0342.8-3007,55.709,-30.1286,bcu,6.422376,2.1917808,1.8831426,0.3424798,7.2649205e-13,13.877083,6.8091035e-13,3.1541203e-10,1.0157573e-10,7.664398e-11,3.8740667e-11,2.0062574e-12,2.472712e-16,6.665367e-16
4FGL J0343.2-2529,55.8136,-25.4943,fsrq,16.228243,2.495669,2.3777518,0.22026321,3.512719e-12,258.41324,4.5082514e-12,4.3466972e-09,1.6363275e-09,2.895829e-10,4.075302e-11,2.1890699e-12,1.5231174e-15,2.6847135e-16
4FGL J0343.2-6444,55.8163,-64.7349,bll,27.571934,2.1295428,2.0439441,0.06745975,6.4578937e-12,110.57899,8.4570555e-09,2.6227156e-09,2.0248385e-09,4.8969334e-10,1.5956829e-10,2.289005e-11,1.1462927e-11,1.3592355e-16
4FGL J0343.4+3621,55.8726,36.3564,fsrq,13.70287,2.428861,2.2623816,0.12801918,5.82341e-12,11.012817,2.1880723e-08,7.2423005e-09,1.69315e-09,5.551611e-10,9.110575e-11,8.133731e-12,1.7518532e-17,5.049859e-19
4FGL J0344.2+3203c,56.0715,32.0555,bcu,8.601201,2.573537,2.8164108,0.3681656,7.798985e-12,10.241767,3.7190102e-09,9.572319e-09,4.0096233e-09,5.9347516e-10,2.747709e-11,1.4073524e-11,4.3113625e-16,1.3165524e-15
4FGL J0344.4+3432,56.1212,34.5471,bcu,7.655912,1.923056,1.9706434,-0.052148126,1.9118906e-12,15.252588,2.0485389e-12,2.3518187e-09,2.610061e-10,1.0247544e-10,4.4085728e-11,6.966796e-12,5.927091e-12,3.3599239e-12
4FGL J0345.2-2353,56.3187,-23.885,bll,31.466127,2.4567678,2.4306264,0.046905566,9.908412e-12,72.04745,3.7233864e-08,1.3968602e-08,3.5096894e-09,5.849659e-10,1.074004e-10,2.3703695e-11,4.4481104e-16,3.1360243e-16
4FGL J0345.5-3301,56.3788,-33.0225,bcu,7.279691,2.2051644,2.136921,0.060638573,1.5782154e-12,16.017612,2.490032e-09,2.3843276e-09,3.3539255e-10,1.0927974e-10,2.793182e-11,7.408608e-12,7.0231716e-15,8.489448e-16
4FGL J0347.0+4844,56.7527,48.7376,fsrq,6.7400627,2.5909066,2.5785043,0.093965776,5.369279e-12,35.232895,1.0444643e-08,8.169244e-09,2.1388598e-09,2.1644962e-10,5.9598076e-11,4.778843e-12,6.63978e-17,1.0997778e-12
4FGL J0347.6-0133,56.9013,-1.5514,bcu,5.107046,1.7697121,1.5543962,0.42045856,9.059322e-13,10.7771015,4.7614988e-09,5.8066704e-14,7.0861476e-15,3.4308088e-11,3.44556e-11,1.3395881e-11,2.9481521e-12,3.4295018e-18
4FGL J0347.7-3616,56.947,-36.2808,bcu,15.820642,2.2816715,2.2764575,0.0052244184,3.5088404e-12,125.38986,6.2653016e-09,4.066977e-09,9.0168994e-10,2.5465488e-10,5.136634e-11,1.794651e-11,1.763089e-12,4.3046574e-18
4FGL J0348.2+6035,57.0541,60.5904,bcu,11.157099,1.9110669,1.6757756,0.15826061,3.345949e-12,8.329209,4.831013e-09,8.530968e-09,1.0886788e-09,9.924455e-11,5.962025e-11,4.2172137e-11,5.630424e-12,8.7731184e-13
4FGL J0348.6-1609,57.1532,-16.1654,bll,23.601128,2.3785625,2.3154259,0.06917072,6.820295e-12,40.961067,3.5392826e-09,8.199288e-09,2.7087832e-09,4.49667e-10,8.560228e-11,2.5054405e-11,3.2980153e-15,7.263923e-13
4FGL J0348.6-2749,57.1538,-27.8215,fsrq,226.89351,2.0860367,1.9835417,0.07366621,1.7108989e-10,18351.875,1.08934344e-07,1.2135841e-07,4.9811373e-08,1.3721021e-08,4.0326364e-09,7.688488e-10,1.0999253e-10,5.2099384e-12
4FGL J0348.8-0828,57.2123,-8.477,bcu,5.8935404,2.4747007,2.4890463,-0.024493042,1.9872899e-12,14.3326845,1.3281789e-08,3.9126973e-09,5.07106e-10,1.03186674e-10,3.130752e-11,3.5086374e-12,9.124379e-19,1.08903516e-16
4FGL J0348.8+4610,57.2185,46.1695,bcu,5.371578,2.7044995,2.874625,0.2993005,3.670181e-12,26.212627,2.8099615e-12,5.854274e-09,1.9811266e-09,1.7973051e-10,1.7561572e-11,1.740452e-16,9.087372e-17,3.5522129e-15
4FGL J0348.9-4859,57.2338,-48.998,bcu,7.8575907,2.4186463,2.4257367,-0.046230037,1.6750991e-12,23.13657,6.440569e-09,3.3360588e-09,5.883772e-10,6.931601e-11,2.9299497e-11,9.54174e-15,4.9608836e-13,1.4326874e-12
4FGL J0349.4-1159,57.3539,-11.9941,bll,19.917597,1.8538309,1.8416382,0.008637679,4.870881e-12,33.438004,1.5926782e-10,2.6110316e-09,6.7860645e-10,1.9640314e-10,1.298467e-10,4.2131923e-11,1.3500633e-11,5.4411575e-12
4FGL J0349.6+2410,57.423,24.1775,bcu,6.5793705,2.7938867,2.671918,0.2625554,3.2502087e-12,30.664347,8.631645e-09,4.380274e-09,1.6439301e-09,1.2617334e-10,1.23449966e-11,4.7451675e-16,8.642533e-15,1.2665026e-15
4FGL J0349.8-2103,57.4699,-21.0576,fsrq,35.944412,2.5209298,2.4088838,0.13342865,1.1815138e-11,493.1108,1.8205066e-08,1.9967556e-08,4.7479363e-09,8.01511e-10,9.589792e-11,7.3735905e-12,1.9490202e-12,2.8052487e-16
4FGL J0350.0+0640,57.5043,6.6754,bcu,6.5306196,1.4690588,1.364236,0.16969666,1.0973396e-12,14.14304,4.3567607e-09,1.481468e-09,3.0201796e-12,2.6503468e-13,2.1753018e-11,7.618183e-12,7.367135e-12,5.9027336e-12
4FGL J0350.4-5144,57.6127,-51.7434,bcu,13.435286,1.8417922,1.8028816,0.0383167,2.1591591e-12,18.573706,9.171928e-09,3.0086658e-10,2.4024163e-10,1.2688693e-10,4.1362525e-11,1.782425e-11,9.316818e-12,2.0227585e-15
4FGL J0350.6-3226,57.6594,-32.4473,bcu,6.853449,2.4055378,2.3707533,0.036313597,1.6333783e-12,99.50378,4.478769e-09,1.6975098e-09,5.559207e-10,8.367927e-11,2.2175761e-11,4.956035e-12,2.2414425e-15,6.7733964e-16
4FGL J0350.8-2814,57.71,-28.2494,bll,7.2184777,1.7363216,1.6534153,0.15285492,1.5243272e-12,15.454343,4.024208e-08,4.736321e-13,5.3664518e-14,9.7486526e-11,2.4415551e-11,1.6121094e-11,4.1672885e-12,3.1322599e-12
4FGL J0351.2-6103,57.8079,-61.0526,bcu,4.1723075,2.0016036,2.0115137,-0.021557724,6.9513357e-13,18.234844,3.4282414e-11,4.3704542e-13,1.6896162e-10,4.3831043e-11,1.0626472e-11,5.052882e-12,7.05845e-13,1.5173446e-12
4FGL J0351.6+2921,57.9172,29.358,bcu,5.9345737,2.2,2.3728478,0.05393983,2.093291e-12,36.894035,1.8646777e-09,1.6445032e-09,1.1688583e-09,1.07753535e-10,3.1038633e-11,7.82151e-12,3.1108617e-15,4.3444704e-16
4FGL J0352.0-2516,58.0034,-25.2733,bcu,4.791637,2.3527102,2.2818828,0.08227755,1.1008386e-12,15.2884,6.142257e-12,4.179589e-09,3.6528972e-10,4.1549198e-11,2.5570707e-11,2.4138864e-12,4.644198e-16,6.301393e-19
4FGL J0352.0-3702,58.0082,-37.0485,bll,5.0662184,1.719149,1.4759271,0.37436035,5.865032e-13,15.089224,3.4825055e-12,2.2016013e-10,4.5548223e-16,1.4639586e-11,2.0793554e-11,9.709404e-12,3.452267e-13,3.0791966e-18
4FGL J0352.9-3623,58.2326,-36.391,bll,11.968086,1.6475368,1.3239777,0.28393254,1.7994451e-12,14.802273,5.465334e-09,1.933518e-15,1.0731455e-11,5.458608e-11,5.1985218e-11,2.2140838e-11,8.863752e-12,3.7512843e-17
4FGL J0353.0+5654,58.272,56.9026,bll,17.521986,2.0617852,2.0325053,0.039935783,7.106329e-12,104.032074,3.0689098e-10,5.5467337e-09,1.1550679e-09,4.813787e-10,1.4707673e-10,4.1045816e-11,9.38044e-12,4.5728976e-12
4FGL J0353.0-6831,58.2738,-68.5282,bll,16.51842,1.6689479,1.6331338,0.040720604,3.1179774e-12,10.9243,1.9275997e-10,9.0903484e-13,4.693652e-10,1.0562046e-10,6.1259976e-11,2.4945055e-11,1.7113316e-11,6.25946e-12
4FGL J0353.7+8257,58.4405,82.9604,bll,9.223711,1.8082763,1.7968256,0.014107244,1.5503575e-12,13.571448,1.4397632e-14,2.866268e-12,5.211483e-11,7.068358e-11,4.5225403e-11,5.2735407e-12,5.192759e-12,3.2939808e-12
4FGL J0354.4+4643,58.609,46.7231,bcu,16.852474,2.549332,2.528826,0.09543897,1.0110184e-11,114.34195,7.083099e-12,1.6885458e-08,3.936693e-09,6.025925e-10,1.2391672e-10,1.7718311e-11,2.1763972e-16,1.2557484e-17
4FGL J0354.7-1617,58.6779,-16.287,fsrq,6.5903296,2.524565,2.5095243,0.03523032,2.0357494e-12,64.97118,4.256989e-09,2.786724e-09,6.243282e-10,1.393355e-10,1.7113531e-11,2.6124313e-12,2.4726145e-15,2.1021057e-17
4FGL J0354.7+8009,58.6919,80.1647,bll,12.106973,2.258859,2.1065848,0.14169501,2.110168e-12,311.5519,3.1322274e-09,9.339364e-10,6.183467e-10,2.1284062e-10,4.872235e-11,8.471559e-12,5.6921313e-13,1.3222235e-16
4FGL J0355.1-1841,58.7773,-18.6928,bll,8.78028,1.9839522,1.6997633,0.21655796,1.2621148e-12,19.202835,2.8028442e-08,2.0207924e-10,9.22723e-11,1.1218224e-10,5.0518915e-11,4.6062017e-12,3.815918e-12,4.684851e-16
4FGL J0355.3+3909,58.834,39.1665,bcu,5.682859,1.8529081,1.8247708,0.08094025,1.4651763e-12,3.6516156,9.2895525e-11,1.5957398e-16,5.257305e-12,1.0032331e-10,3.3560026e-11,1.1507547e-11,3.1382683e-12,1.7647134e-12
4FGL J0356.1-1329,59.0313,-13.486,bcu,9.633191,2.0026832,1.9693573,0.028283602,1.931009e-12,21.206879,6.3528076e-09,3.430808e-09,2.5165303e-10,1.3749278e-10,3.1423773e-11,1.2860247e-11,7.189277e-12,1.1648663e-17
4FGL J0357.0-4955,59.2608,-49.9326,bll,31.735037,2.0769937,1.9665961,0.07490813,6.1381347e-12,135.42085,9.447242e-09,3.1068943e-09,1.58156e-09,4.761148e-10,1.505039e-10,3.473135e-11,9.697778e-12,1.2485609e-17
4FGL J0357.2+2320,59.3015,23.347,bcu,7.7772837,2.310258,2.2992966,0.015961554,2.8751107e-12,21.910122,5.4661622e-12,3.5562324e-09,1.1290077e-09,1.0018125e-10,6.213763e-11,9.843286e-12,1.6579886e-12,1.3153047e-15
4FGL J0357.2-0319,59.3234,-3.3225,bcu,8.103276,1.712696,1.6527612,0.1479986,1.9181447e-12,15.959481,4.3949595e-09,1.199399e-12,4.8966085e-16,1.05650995e-10,4.159238e-11,2.007341e-11,1.1411645e-11,6.0848925e-20
4FGL J0357.6-4625,59.4135,-46.4173,bll,10.144218,2.361407,2.3275476,0.052503888,2.09027e-12,22.140598,4.3206096e-09,2.1146578e-09,6.195136e-10,1.3377828e-10,4.0624837e-11,3.2992172e-12,6.727088e-20,1.9562788e-18
4FGL J0358.0-6946,59.5162,-69.7806,bcu,11.424945,2.2572367,2.0694835,0.20021476,2.0822515e-12,109.29869,7.6269355e-09,3.2071985e-09,6.2866035e-10,2.017851e-10,6.568266e-11,5.8763723e-12,1.5620877e-12,2.2550877e-19
4FGL J0358.1-5954,59.5388,-59.908,bll,11.624699,2.2286386,2.1829982,0.056841943,2.2113019e-12,14.98762,5.8127714e-11,2.5651017e-09,5.071598e-10,1.6154045e-10,4.2522534e-11,3.7122827e-12,5.873415e-12,3.1111271e-16
4FGL J0358.5-5432,59.6317,-54.5376,bcu,2.865678,2.4361181,2.3869808,0.38470572,8.129886e-13,39.243935,1.6918617e-13,1.5052118e-10,4.5886286e-10,9.339504e-11,4.469001e-12,8.668281e-13,3.4888245e-15,1.7726805e-15
4FGL J0358.6+0634,59.6656,6.5759,bcu,7.190869,2.598346,2.5316644,0.22670524,3.2586856e-12,64.0662,1.6626943e-08,2.9036773e-09,1.795592e-09,1.6895221e-10,3.5736997e-11,4.74598e-17,2.944611e-15,4.2200062e-15
4FGL J0358.7+7649,59.676,76.8323,bcu,9.51236,2.133228,1.8742647,0.267929,1.4221675e-12,6.071291,3.4147634e-09,3.042861e-14,2.2850725e-10,1.7189249e-10,5.3272088e-11,4.019474e-12,3.056263e-12,4.422735e-17
4FGL J0358.9+6004,59.7328,60.0767,fsrq,7.2837443,2.5481799,2.5798514,0.100080155,4.9691514e-12,114.22931,1.5377939e-09,5.738964e-09,2.2824755e-09,1.8403447e-10,6.6517736e-11,9.339355e-13,1.9467834e-12,7.557119e-15
4FGL J0359.0-3053,59.7704,-30.8898,bll,12.149558,1.8687351,1.6393397,0.1799027,1.7934476e-12,23.440376,2.4733395e-09,1.6124421e-13,2.7322475e-10,8.502738e-11,6.8495466e-11,1.693431e-11,5.503391e-12,3.5338843e-17
4FGL J0359.4-0236,59.853,-2.6019,bcu,6.685656,1.8516601,1.7699785,0.16969882,1.7176145e-12,12.303041,2.1634618e-11,5.5157406e-12,1.1204246e-12,1.2455666e-10,3.2732334e-11,2.1779484e-11,2.9686713e-12,1.1281914e-18
4FGL J0359.4-2616,59.8713,-26.2734,bll,10.289222,2.1588244,2.089556,0.07629759,2.339026e-12,14.769573,5.3839138e-11,4.341271e-09,5.1598464e-10,1.363543e-10,5.0175517e-11,1.8288544e-11,4.0066697e-17,1.3502872e-16
4FGL J0359.6+5057,59.9158,50.959,fsrq,36.64287,2.6624157,2.7187707,0.14463912,4.1480826e-11,984.98206,1.4147737e-07,7.83113e-08,1.7032983e-08,2.428518e-09,2.5935393e-10,1.6794632e-11,1.2943266e-22,7.8016646e-13
4FGL J0359.6+3213,59.9206,32.2286,fsrq,4.8517404,2.6082418,2.905933,0.2876058,5.093902e-12,18.016151,7.525341e-09,9.025853e-09,2.5881026e-09,3.3591585e-10,4.1307895e-11,1.6715241e-16,2.6002728e-15,5.0788705e-15
4FGL J0400.7+3920,60.1856,39.3483,bcu,6.854728,2.1070824,2.1782298,0.21306145,3.2501187e-12,16.074688,9.781622e-11,4.576961e-09,4.2713844e-10,2.8398378e-10,7.1308986e-11,7.857078e-12,5.1983817e-12,1.5114801e-12
4FGL J0401.0-5353,60.2646,-53.8992,bcu,8.659234,1.7039099,1.6425759,0.073029205,1.2388979e-12,15.2741,1.0931516e-12,1.1424519e-09,2.3973737e-12,6.632181e-11,1.9936807e-11,1.3818604e-11,6.028353e-12,1.5543712e-12
4FGL J0401.2+8153,60.3224,81.8881,bll,4.252501,1.9137318,1.7010921,0.21645978,7.171516e-13,19.511719,1.2695247e-12,1.1852666e-13,1.7044733e-17,5.371048e-11,9.989506e-12,1.1050319e-11,5.4196654e-13,5.361692e-18
4FGL J0401.3+0412,60.3388,4.2119,bcu,6.408811,2.505519,2.4782157,0.08647338,3.2686072e-12,17.434837,1.9031363e-12,7.212355e-09,1.0688196e-09,1.4685138e-10,5.1647804e-11,4.4826872e-12,9.581402e-18,1.099672e-18
4FGL J0401.7+2112,60.4496,21.2007,fsrq,24.111116,2.424828,2.3679745,0.0561647,1.1245256e-11,211.00162,2.5100631e-08,1.6886593e-08,3.921702e-09,7.916276e-10,1.3849626e-10,2.4448783e-11,3.251768e-12,1.1714159e-12
4FGL J0401.9-2034,60.4867,-20.5804,bcu,44.789867,2.2485042,2.1304026,0.09703809,1.2533548e-11,746.5042,1.4715824e-09,1.21174795e-08,4.266085e-09,1.0277921e-09,2.67158e-10,2.7791084e-11,4.70553e-12,2.9137072e-15
4FGL J0402.0-2616,60.5103,-26.273,bll,20.307972,2.1528928,2.0259767,0.15605672,4.3661936e-12,33.892166,1.8689248e-09,7.697941e-10,1.2880028e-09,4.431524e-10,1.0723842e-10,2.7846532e-11,4.3753958e-16,3.5522304e-16
4FGL J0402.0+2737,60.5119,27.6204,bcu,9.302477,2.4667728,2.4666207,0.008842715,3.8078434e-12,46.922134,4.7969237e-09,5.9554206e-09,1.5038746e-09,2.028263e-10,2.8304567e-11,1.0813759e-11,3.746753e-12,1.875055e-16
4FGL J0402.1-3147,60.5483,-31.7926,fsrq,15.671022,2.457447,2.4462404,0.013426949,3.901348e-12,25.930796,1.4242649e-08,5.2150644e-09,1.301473e-09,2.0817384e-10,6.4647294e-11,5.5737745e-12,4.7621675e-16,2.809069e-16
4FGL J0402.9+6433,60.7373,64.5517,bcu,8.155136,2.12284,2.1213725,-0.00024093961,2.4060196e-12,19.033167,6.877988e-12,7.134169e-09,9.640184e-10,7.829801e-11,4.2303e-11,1.9021385e-11,4.261205e-12,9.144741e-18
4FGL J0403.3+2601,60.8391,26.0206,fsrq,6.273264,2.6339738,2.6345627,0.24925156,2.785262e-12,15.52719,5.7517693e-09,4.81949e-09,1.1130454e-09,2.0903745e-10,2.6098944e-11,2.9789194e-15,7.982042e-16,4.0379135e-20
4FGL J0403.5-2437,60.8989,-24.6168,bll,9.951221,2.424854,2.4195063,0.01148799,2.8199788e-12,44.347153,1.3951535e-08,3.5671652e-09,9.104432e-10,1.7947967e-10,2.9860694e-11,5.2282016e-12,1.2553092e-12,3.5714453e-16
4FGL J0403.9-3605,60.975,-36.087,FSRQ,146.01923,2.5461638,2.4145565,0.15120327,6.4913276e-11,6772.682,1.7407365e-07,1.1170208e-07,2.8439937e-08,3.807961e-09,4.1272555e-10,1.735019e-11,2.279579e-12,2.4259679e-17
4FGL J0404.1-1715,61.0485,-17.2585,bcu,6.6085377,2.0962536,2.0728753,0.031163037,1.3040924e-12,11.17025,7.3398735e-12,1.0248106e-09,2.820384e-10,1.00479396e-10,1.8957036e-11,9.551699e-12,1.8071878e-12,5.5204864e-16
4FGL J0404.3-1559,61.0786,-15.9993,bcu,4.0376983,2.337191,2.251232,0.17486313,9.89154e-13,23.62473,4.3956453e-12,4.9738746e-10,3.6496547e-10,5.1977596e-11,2.4769997e-11,1.0371844e-17,1.1069829e-15,2.6384957e-16
4FGL J0405.6-1308,61.4189,-13.1438,fsrq,30.021727,2.5939634,2.588156,0.013035057,1.1089798e-11,265.16284,4.904759e-08,1.9814594e-08,4.1930748e-09,4.939664e-10,9.608385e-11,8.2776815e-12,5.446741e-12,1.775596e-12
4FGL J0406.0-5407,61.5079,-54.1222,bll,10.282987,2.224652,2.1491835,0.08971564,2.0691524e-12,16.87473,9.834341e-13,2.0674578e-09,5.1999083e-10,1.4949225e-10,4.5103303e-11,5.6963583e-12,1.5130277e-14,1.7225449e-15
4FGL J0407.0-3826,61.7627,-38.4394,fsrq,61.02579,2.3759303,2.2303336,0.11566726,2.6676257e-11,853.1623,4.5902784e-08,3.3453613e-08,1.0514822e-08,2.1348707e-09,3.683066e-10,3.388716e-11,2.3522406e-17,1.7526674e-15
4FGL J0407.5+0741,61.8921,7.6998,bll,21.75386,2.3042233,2.2888112,0.032374464,1.0276148e-11,54.121773,7.312842e-09,7.727886e-09,3.6549768e-09,6.087574e-10,1.4430375e-10,3.700654e-11,8.930176e-12,9.523176e-17
4FGL J0409.4+3201,62.365,32.0299,bcu,10.994652,2.0761316,2.0890355,-0.02032145,3.3711228e-12,8.872443,7.5033215e-09,4.5360182e-09,7.4267964e-10,1.7847487e-10,7.048923e-11,2.3078999e-11,1.6401187e-12,4.2247035e-12
4FGL J0409.8-0359,62.4629,-3.9865,bll,20.429445,2.0784853,1.8361496,0.20415692,4.4904683e-12,50.540745,1.3529203e-09,2.0164963e-09,1.035686e-09,4.83155e-10,1.330145e-10,2.7075245e-11,2.942445e-12,5.770299e-17
4FGL J0410.9+4216,62.736,42.2777,bcu,16.633144,2.2248445,2.1088977,0.11563517,6.220241e-12,64.39237,1.0279405e-09,4.9091393e-09,1.7501658e-09,5.611915e-10,1.4181019e-10,3.4901863e-11,3.564012e-12,6.954286e-16
4FGL J0411.7+3041,62.9461,30.6834,bcu,4.5187354,2.382344,2.4403794,0.161016,2.2476426e-12,6.5878434,1.1098651e-10,2.7871825e-09,9.476483e-10,1.6457952e-10,2.1742622e-11,2.2139428e-12,1.7260816e-12,1.3389728e-15
4FGL J0412.3+0239,63.0991,2.651,bcu,9.13321,2.2574825,2.215512,0.11310437,3.7764466e-12,23.736074,4.307268e-09,3.3104455e-13,1.0724559e-09,2.957242e-10,5.7743456e-11,1.4182179e-11,1.3444777e-12,2.860843e-16
4FGL J0412.6-5434,63.1542,-54.5722,bcu,5.7574344,2.0623212,1.8295013,0.18509889,1.0064237e-12,15.576037,3.0398284e-12,3.5875106e-15,7.794647e-11,7.314392e-11,2.2908293e-11,9.230159e-12,2.0041338e-14,3.7324552e-18
4FGL J0412.7-3927,63.1872,-39.4623,bcu,5.2874994,1.7022805,1.629444,0.09227417,7.221364e-13,13.875476,2.4366778e-14,4.3931026e-13,8.621176e-11,2.8193486e-11,1.5807019e-11,7.018338e-12,2.5716068e-12,1.1922328e-12
4FGL J0413.1-5332,63.2773,-53.5483,fsrq,10.550786,2.4151585,2.404881,0.01611808,3.9063583e-12,214.84958,2.870072e-10,5.998365e-09,1.4051434e-09,1.9466097e-10,5.786447e-11,7.448377e-12,2.1276663e-12,6.449711e-18
4FGL J0414.6-0842,63.6584,-8.7051,bll,4.832124,2.2640643,2.2746172,-0.013841599,1.3851391e-12,23.274302,4.0334108e-11,2.0900537e-09,2.1708504e-10,1.2537185e-10,1.6302982e-11,4.525497e-12,7.43697e-17,1.8730655e-12
4FGL J0414.8-5338,63.7098,-53.6479,bll,11.844436,1.7280213,1.4935172,0.17207429,2.0146792e-12,14.136786,7.929178e-09,6.2400235e-10,3.0075917e-11,8.384881e-11,3.718181e-11,2.9089672e-11,1.0528211e-11,5.929929e-13
4FGL J0415.2-5741,63.8016,-57.6904,bcu,3.8935602,1.6619875,0.96773136,0.30450752,4.844812e-13,11.487259,1.2288249e-08,2.1838463e-10,4.4459686e-11,3.0004683e-11,3.8504707e-12,2.1814369e-12,5.5830904e-12,6.487826e-16
4FGL J0416.0-4743,64.003,-47.7333,bcu,3.4522119,2.438424,2.3591151,0.114080735,8.317268e-13,23.80938,6.4541506e-12,7.480954e-10,3.3383885e-10,3.0579726e-11,2.1431948e-11,1.1660071e-15,2.4247203e-18,2.2480208e-20
4FGL J0416.0-6628,64.0197,-66.4737,bll,7.112368,2.2788591,2.2971535,-0.04324854,1.2523832e-12,11.978992,1.3130675e-13,5.7032876e-09,4.330972e-10,4.2805252e-11,2.4326494e-11,4.3213814e-12,2.1574279e-12,7.330542e-17
4FGL J0416.2-4353,64.0722,-43.8879,fsrq,7.8140626,2.5170999,2.5128858,0.007887341,2.4161092e-12,47.202072,1.1336115e-09,1.3874367e-12,7.473567e-10,1.5648709e-10,1.7420008e-11,5.6016164e-12,1.3912993e-12,2.8727369e-16
4FGL J0416.4-2059,64.1224,-20.9869,bcu,4.3543563,2.4762628,2.4463396,0.038205847,1.3735088e-12,6.950974,1.8576594e-08,3.300801e-09,2.893862e-10,8.458037e-11,2.0395184e-11,1.89734e-12,3.236402e-16,3.7736965e-15
4FGL J0416.5-1852,64.1373,-18.8724,fsrq,24.166164,2.3996959,2.3636925,0.059020877,7.0640993e-12,220.85483,2.147267e-09,9.510638e-09,2.4509341e-09,4.5651788e-10,6.002355e-11,1.9190736e-11,3.7371577e-12,4.112476e-17
4FGL J0416.9+0105,64.2269,1.088,bll,23.287504,1.8493657,1.8519243,-0.003403026,7.3696865e-12,26.376478,1.1955464e-08,3.7221284e-09,1.2705742e-09,3.2873373e-10,1.7196251e-10,5.1299763e-11,2.4630627e-11,1.2747647e-11
4FGL J0418.1-0252,64.5321,-2.8795,bcu,28.490261,2.2027035,1.9991955,0.1701995,7.189603e-12,373.72372,5.4710156e-09,6.7168346e-09,2.2387052e-09,7.0277817e-10,2.0319775e-10,2.5274937e-11,4.0075093e-16,5.5133226e-17
4FGL J0418.4+3414,64.6005,34.2389,bcu,5.4145927,2.4249141,2.384424,0.07592597,2.58887e-12,4.682797,5.7027054e-09,4.77827e-09,7.8746737e-10,1.5026062e-10,4.8733656e-11,2.2623925e-19,7.570049e-24,4.9756065e-17
4FGL J0420.0+0805,65.0086,8.0999,bcu,3.3597107,2.3686526,2.3783302,-0.030492727,1.6377279e-12,33.815796,8.549996e-09,3.6789432e-09,6.8185335e-10,6.7814e-11,2.0439568e-11,5.4955753e-12,1.7939899e-12,8.296782e-16
4FGL J0420.2+4012,65.0547,40.201,bll,10.815685,1.8756078,1.6809019,0.15167509,3.0907742e-12,21.201649,7.9968886e-11,1.399368e-09,5.7570705e-11,1.6727109e-10,9.155366e-11,3.5100676e-11,8.266558e-12,3.2107396e-12
4FGL J0420.3-6016,65.0776,-60.2697,bll,12.608002,2.0497348,2.098168,-0.04146073,2.130919e-12,19.88915,6.263078e-10,2.0683935e-09,5.364528e-10,1.01955916e-10,4.51062e-11,1.3738106e-11,8.775742e-12,4.0705968e-17
4FGL J0420.3-3745,65.0936,-37.7522,bcu,39.31477,2.215709,2.0929265,0.08104885,1.0397903e-11,106.49065,1.36718175e-08,1.0476588e-08,3.3198913e-09,8.0356877e-10,2.4944274e-10,3.7416292e-11,5.179291e-12,8.852407e-19
4FGL J0421.0-0752,65.2565,-7.8784,bcu,6.5227056,2.5836167,2.5707495,0.04079815,2.8870697e-12,6.2831388,2.0234754e-12,8.539843e-09,1.0093247e-09,1.5090901e-10,1.6267213e-11,1.096539e-11,2.3592136e-16,3.4233062e-16
4FGL J0421.6-0627,65.4057,-6.4582,bll,4.674631,2.1311033,2.0698555,0.04273472,1.6922689e-12,12.480354,5.139204e-10,1.0296131e-08,6.2058264e-10,7.8180684e-11,4.1294676e-11,6.4849545e-15,5.565153e-12,7.6682904e-13
4FGL J0422.1-0644,65.5343,-6.741,fsrq,19.908537,2.4979243,2.5744374,0.118775696,1.2577141e-11,347.87512,4.137413e-08,8.429692e-09,5.1397557e-09,8.792044e-10,1.1550204e-10,1.1045234e-11,3.5383933e-18,1.2121328e-15
4FGL J0422.3+1951,65.5868,19.8618,bll,11.617396,1.9151593,1.8628201,0.053547315,4.413762e-12,17.867573,7.721948e-09,5.0033444e-09,3.971136e-10,2.3669575e-10,1.232323e-10,2.2018632e-11,1.1574777e-11,3.3684863e-12
4FGL J0422.8+0225,65.7022,2.4276,fsrq,7.6906805,2.8380167,2.6638315,0.3381807,4.143475e-12,23.2146,7.819723e-09,9.614129e-09,1.9661317e-09,1.978123e-10,1.2467448e-12,5.3733773e-18,2.0686297e-16,4.5674e-15
4FGL J0423.1+2106,65.7805,21.1087,bcu,13.315286,2.3347645,2.3167922,0.06337063,7.120003e-12,11.040658,4.012116e-09,3.738758e-09,2.892273e-09,3.9970327e-10,1.07540206e-10,2.3694527e-11,1.3184212e-15,5.707278e-17
4FGL J0423.3-0120,65.826,-1.3342,FSRQ,74.607,2.3498623,2.2492335,0.094602324,3.50406e-11,1353.0957,6.325013e-08,4.3541554e-08,1.3232428e-08,2.7147697e-09,5.1310906e-10,6.862071e-11,6.7925288e-12,1.28030014e-17
4FGL J0423.7+0831,65.928,8.5293,bcu,3.9440386,1.8152565,1.6074762,0.23256417,7.968914e-13,15.376737,2.2782029e-10,8.27263e-14,1.5168711e-13,6.167112e-11,1.08566316e-11,1.1062439e-11,2.1555709e-12,1.2973202e-16
4FGL J0423.9+4150,65.9781,41.8342,bll,57.874634,1.9531106,1.8170502,0.08796234,2.771151e-11,12.796065,1.0413937e-08,1.0141062e-08,4.5532804e-09,1.8047712e-09,8.347896e-10,2.2883538e-10,6.161181e-11,2.3689822e-12
4FGL J0424.7+0036,66.1945,0.6028,bll,41.315685,2.2002954,2.120474,0.05738479,1.5313585e-11,73.17701,3.7854726e-08,1.0988609e-08,4.933955e-09,1.1095017e-09,3.3001354e-10,6.9673295e-11,3.8876055e-12,3.746048e-12
4FGL J0424.9-5331,66.2498,-53.5257,bll,32.571613,2.2295237,2.1029208,0.1167682,6.252123e-12,116.655914,1.3211654e-09,5.588473e-09,2.1787097e-09,5.269438e-10,1.4400596e-10,1.1887915e-11,2.8540165e-12,1.171399e-12
4FGL J0425.3+6319,66.3371,63.3262,bcu,17.094213,1.7835349,1.6593086,0.10164216,4.6415493e-12,17.126606,2.3843176e-08,6.903905e-09,9.862303e-10,1.1607682e-10,9.316868e-11,4.77474e-11,2.608866e-11,7.6991825e-13
4FGL J0426.5+0517,66.6377,5.2855,fsrq,19.664934,2.6519978,2.4928672,0.17669468,1.0722228e-11,269.53745,2.8676766e-08,1.8251416e-08,4.7909543e-09,6.1371436e-10,7.538672e-11,6.7632362e-12,3.3773605e-13,1.1787552e-15
4FGL J0426.5+2007,66.6405,20.1326,bcu,4.012694,2.6448867,2.6280096,0.39507657,2.5252953e-12,7.776942,4.5602927e-10,4.020273e-09,1.0076653e-09,2.5473873e-10,1.5152843e-11,2.2105281e-15,1.8738977e-12,4.4882815e-15
4FGL J0426.7+6826,66.6805,68.4498,bcu,19.7344,2.247553,2.2313552,0.027709333,6.6845305e-12,23.428473,2.1965993e-09,9.340351e-09,2.008476e-09,3.9655051e-10,1.221055e-10,2.6854354e-11,5.637405e-12,6.9959777e-13
4FGL J0427.3-3900,66.826,-39.0097,bcu,22.08768,2.8172715,2.8169975,0.019749029,1.2156859e-11,127.46668,5.3371085e-08,2.4640514e-08,4.5264485e-09,4.3764486e-10,6.871253e-11,9.645128e-13,1.9277466e-12,1.2527614e-17
4FGL J0427.5-1831,66.8856,-18.5328,bcu,4.4644456,1.753967,1.7559017,-0.00044815635,7.6296743e-13,14.989099,5.2512248e-11,4.2735116e-15,1.6421593e-10,3.495322e-11,1.1817837e-11,4.9885994e-12,2.4560753e-12,3.486466e-12
4FGL J0428.6-3756,67.173,-37.9403,bll,258.51013,2.103675,2.006252,0.08129585,1.743785e-10,6091.175,1.5298222e-07,1.1871969e-07,5.0697235e-08,1.413815e-08,4.234731e-09,7.9875007e-10,1.1664007e-10,4.740726e-12
4FGL J0428.7-5003,67.1923,-50.0654,bcu,5.1131983,2.3450537,2.2436566,0.13616684,1.112176e-12,10.924299,1.6678231e-12,2.1888902e-11,3.691375e-10,6.4475564e-11,2.3946078e-11,1.5117359e-12,6.8770664e-19,2.2134255e-21
4FGL J0429.0-0006,67.2549,-0.1006,bcu,2.3308592,2.9118054,2.82951,0.07458614,1.7175533e-12,45.424603,1.4913255e-10,4.1256807e-09,5.468209e-10,9.829844e-11,1.0140304e-12,4.9243726e-15,1.5556145e-15,7.046827e-17
4FGL J0429.3-3238,67.3285,-32.6348,bll,9.392344,1.8849074,1.7841083,0.09221489,1.8116005e-12,10.879604,6.4651693e-09,4.2021616e-14,2.8689656e-10,1.0106461e-10,3.5732764e-11,1.614687e-11,5.8334774e-12,5.592086e-17
4FGL J0429.3-4326,67.3427,-43.4442,fsrq,7.0390773,2.5259993,2.5401964,-0.026598943,1.825612e-12,17.402042,1.806242e-10,1.6016707e-09,6.833476e-10,1.14563865e-10,8.51787e-12,2.6893641e-12,1.6088592e-12,5.519406e-16
4FGL J0429.8+2843,67.4579,28.7191,bcu,20.378765,2.0918305,1.9344368,0.1450652,7.7009085e-12,12.292532,4.500639e-09,4.1802504e-09,1.5894052e-09,6.352167e-10,2.544326e-10,5.5172283e-11,8.331458e-12,4.550515e-16
4FGL J0429.9-3101,67.4806,-31.0178,bll,19.914165,1.9055432,1.8149948,0.07902364,4.2341755e-12,20.589716,7.775463e-12,2.2888047e-09,6.1242533e-10,2.2037694e-10,1.1165059e-10,3.2167997e-11,9.223873e-12,1.0300856e-12
4FGL J0430.3-2507,67.5751,-25.1283,bll,15.082256,2.181269,2.1586657,0.02891547,3.6668264e-12,14.058622,4.9546153e-12,5.5853526e-09,9.655717e-10,2.3642582e-10,6.0451845e-11,2.7547518e-11,3.1623645e-15,3.8643803e-16
4FGL J0430.3+1654,67.5901,16.9093,bcu,13.154277,2.3332813,2.32432,0.047032565,7.119429e-12,33.609413,1.1129158e-08,7.295294e-09,2.4289664e-09,4.4088558e-10,1.01868784e-10,2.2223636e-11,8.985767e-13,1.3493658e-12
4FGL J0431.2-0358,67.8239,-3.9672,bcu,5.1909738,2.5802565,2.6289504,-0.088803336,1.9070153e-12,29.682016,1.3843809e-08,3.7446792e-09,6.115553e-10,1.06203386e-10,1.1552332e-11,3.7848423e-17,1.7728741e-12,1.7444966e-12
4FGL J0431.8+7403,67.9517,74.0552,bll,21.231548,1.9147792,1.7573895,0.09353813,4.141297e-12,33.29166,3.644776e-09,1.2045102e-09,6.747255e-10,2.1893871e-10,1.07370196e-10,5.348905e-11,9.227403e-12,3.650833e-14
4FGL J0432.0+1732,68.0058,17.5425,bcu,7.164164,2.3965309,2.394112,0.21017106,2.938947e-12,13.144535,9.19271e-09,3.6537067e-09,1.1468556e-09,3.2146796e-10,3.3196137e-11,7.871436e-12,6.1395345e-15,6.96969e-17
4FGL J0433.1+3227,68.2897,32.4614,bll,13.757617,1.945146,1.9082112,0.042117897,4.49172e-12,20.89548,3.851172e-12,4.8798166e-09,7.7153606e-10,2.197163e-10,1.0922621e-10,3.6173647e-11,6.96695e-12,9.080685e-13
4FGL J0433.5-1039,68.3986,-10.6607,bcu,5.315891,2.25931,2.2352126,0.05714073,1.4900626e-12,11.975921,3.899881e-13,8.335082e-10,3.6640393e-10,1.12524726e-10,3.1632197e-11,1.5568918e-16,1.5913539e-12,1.9101671e-12
4FGL J0433.6-6030,68.4012,-60.5111,fsrq,44.64831,2.427916,2.3255296,0.12768516,1.1426915e-11,220.94908,3.2868517e-08,1.4482608e-08,4.697175e-09,8.9325625e-10,1.305559e-10,1.117873e-11,1.164092e-16,2.9586824e-17
4FGL J0433.6+2905,68.4107,29.0975,bll,47.29402,2.114058,2.0539489,0.061681245,2.5548246e-11,227.61743,1.4575787e-08,1.404627e-08,6.6190786e-09,1.9279989e-09,6.301244e-10,1.4743762e-10,3.1891746e-11,1.6919758e-16
4FGL J0433.7-5725,68.441,-57.4279,bll,23.48558,1.9782925,1.7038908,0.20665085,3.319756e-12,21.794418,5.2439823e-13,8.419996e-10,5.354761e-10,2.9164018e-10,1.2733134e-10,2.8126114e-11,1.1240965e-12,3.5119177e-17
4FGL J0434.1-2014,68.5293,-20.2444,bll,14.204053,2.2446132,2.0972142,0.12708695,3.01142e-12,45.83666,1.7168501e-08,1.1482862e-09,9.2722674e-10,3.0556854e-10,4.614887e-11,1.99702e-11,2.8543e-17,2.4570978e-18
4FGL J0434.3-2517,68.5914,-25.2865,bcu,6.185311,2.513778,2.4343798,0.20901422,1.4759478e-12,26.492802,2.172918e-12,6.08189e-13,6.1270483e-10,1.4279279e-10,2.2638069e-11,5.926855e-15,1.7416928e-16,3.396784e-15
4FGL J0434.4-2342,68.6019,-23.7113,bll,9.0991745,2.4694963,2.4380884,0.054828465,2.6656862e-12,22.093603,1.1812273e-08,3.7339705e-09,9.2652297e-10,1.4797222e-10,3.656878e-11,5.4271487e-12,8.158879e-15,1.3137445e-16
4FGL J0434.7+0922,68.6886,9.3783,bll,19.747355,1.9739357,1.9028625,0.068527706,7.25063e-12,36.00336,8.3373655e-09,3.4388263e-09,9.369877e-10,4.7755727e-10,1.6448046e-10,5.55823e-11,1.2366342e-11,2.346369e-12
4FGL J0435.4-2623,68.8588,-26.3925,bll,5.8629456,2.1857889,2.1706939,0.017366635,1.3460517e-12,12.537267,1.925326e-11,5.2305826e-10,3.626148e-10,1.0612108e-10,1.9935949e-11,3.9067412e-12,3.3518648e-12,3.7975322e-16
4FGL J0436.2-0038,69.0504,-0.647,bcu,6.102502,2.2060905,2.3571296,0.4095608,1.0362826e-12,18.726322,5.1394482e-11,4.5545387e-13,2.0484818e-10,1.6480338e-10,3.0207017e-11,2.8340483e-12,2.3396117e-16,3.2206105e-15
4FGL J0436.7-7148,69.1785,-71.8014,bcu,9.793412,2.2809994,2.241293,0.086124495,2.5718486e-12,8.645664,8.7917965e-11,2.2442026e-09,8.5988394e-10,1.6381745e-10,4.763471e-11,5.8983335e-12,1.0784825e-12,4.0196485e-17
4FGL J0436.8-5223,69.2198,-52.3934,bcu,14.712892,2.6043372,2.5862389,0.05569732,3.6171352e-12,136.30548,2.7100429e-08,7.9836955e-09,1.1074976e-09,2.2906306e-10,2.9548367e-11,1.7211544e-12,4.0417862e-13,4.1466003e-21
4FGL J0437.2-5846,69.3164,-58.7773,bcu,5.0373526,2.705032,2.695693,0.08209078,1.4749999e-12,9.885785,8.564133e-15,3.2483518e-09,5.989046e-10,3.8837957e-11,1.4197376e-11,1.1631653e-12,1.03629683e-16,3.3800972e-17
4FGL J0437.4-6155,69.3535,-61.9321,bll,11.815137,2.1940033,2.1350021,0.067799985,2.3177482e-12,11.155203,1.017951e-08,8.174406e-10,5.846643e-10,1.7362076e-10,3.9835742e-11,1.1038554e-11,2.6969865e-12,6.404604e-17
4FGL J0438.4-1254,69.6099,-12.9053,fsrq,7.202444,2.482515,2.4474704,0.062125962,2.5882564e-12,35.308727,1.1439454e-09,4.159121e-09,1.0629866e-09,1.196036e-10,4.3093647e-11,2.0077059e-12,3.5704427e-21,2.0010767e-16
4FGL J0438.9-4521,69.7447,-45.3584,bll,32.876137,2.3931155,2.276447,0.09161153,8.03946e-12,61.073486,1.3157238e-08,8.8266345e-09,3.0966347e-09,6.1463246e-10,1.16225765e-10,1.2798018e-11,5.214062e-12,2.2251828e-16
4FGL J0439.2+2151,69.8234,21.8558,bcu,6.31551,2.609166,2.4428053,0.2176209,3.2664314e-12,20.756723,6.2099358e-12,5.1917985e-09,1.1606889e-09,2.9124364e-10,3.6699605e-11,9.097105e-19,1.3337303e-20,7.990571e-20
4FGL J0439.4-3202,69.8634,-32.0405,bcu,12.7616,1.9919859,1.9744788,0.013780386,2.697936e-12,21.593458,3.6957002e-09,1.364224e-09,6.185616e-10,1.5724246e-10,4.6844927e-11,2.512748e-11,4.866205e-12,3.701531e-16
4FGL J0439.8-1859,69.9579,-18.9991,bll,19.509777,1.9466435,1.7923982,0.10260878,3.9788446e-12,17.694284,1.063633e-11,1.286926e-09,7.880016e-10,2.5869995e-10,1.2462681e-10,2.6089879e-11,9.219145e-12,5.573504e-19
4FGL J0440.2-2458,70.0679,-24.9685,bll,12.91811,1.6784071,1.582476,0.11103904,2.323357e-12,9.555477,1.2018699e-11,1.4021411e-13,1.10073506e-10,7.458344e-11,6.107879e-11,1.7974957e-11,1.4863354e-11,5.8694705e-13
4FGL J0440.2+4246,70.0696,42.7667,bcu,5.1294513,2.1624408,1.9467151,0.43799427,1.1784471e-12,19.926336,5.976538e-11,1.8270702e-15,4.366095e-11,7.644613e-11,7.467265e-11,6.221825e-12,1.6740934e-16,1.812319e-20
4FGL J0440.3-4332,70.0829,-43.5448,fsrq,61.567886,2.6036034,2.5771306,0.20250481,2.4291248e-11,2294.2334,6.0063414e-08,4.035536e-08,1.1048012e-08,1.4808915e-09,1.4897966e-10,3.161898e-12,8.011416e-18,6.172737e-15
4FGL J0440.4+1440,70.1151,14.6823,bcu,9.806787,2.429843,2.392626,0.16122048,5.2567057e-12,12.661182,4.6265227e-09,8.552162e-09,2.0861457e-09,4.6878207e-10,9.497562e-11,7.350337e-12,1.0400642e-15,7.6034415e-17
4FGL J0440.8+2749,70.2204,27.8319,bll,21.074654,2.0465899,1.8606168,0.12556262,6.7646266e-12,15.924043,3.6804824e-08,6.5454464e-09,1.3919358e-09,4.76981e-10,1.9939268e-10,7.663913e-11,6.182582e-12,1.3685096e-12
4FGL J0441.2-2953,70.3216,-29.896,bll,4.4345093,2.354919,2.2537282,0.07201467,1.0963085e-12,14.753038,6.7783045e-12,1.2388629e-09,3.9856604e-11,9.3744575e-11,2.6542137e-11,1.7629464e-17,6.0156177e-13,2.4490687e-15
4FGL J0441.3-2617,70.335,-26.2937,bcu,3.8400636,1.6987098,1.5151664,0.22616546,5.542036e-13,14.153592,3.6546696e-10,9.51687e-10,5.542278e-12,1.2051952e-11,1.246189e-11,5.995245e-12,3.3388663e-12,1.4666566e-17
4FGL J0441.5+1505,70.3896,15.0909,bll,9.450008,2.0487592,1.9654615,0.10751125,3.93401e-12,12.434215,2.3356442e-11,1.8605021e-14,6.3822175e-10,2.0030647e-10,1.039657e-10,2.4218618e-11,4.088761e-12,1.7079226e-12
4FGL J0442.6-0017,70.6612,-0.2961,fsrq,77.89479,2.4471421,2.354228,0.076274544,3.6025526e-11,1238.8575,1.0627223e-07,5.4185985e-08,1.4042911e-08,2.4086353e-09,4.1224218e-10,3.4571252e-11,3.1300305e-12,1.6651759e-12
4FGL J0442.7+6142,70.6782,61.7054,bll,15.697654,1.9613427,1.9739336,-0.015714532,4.3396003e-12,8.976194,2.7985178e-10,3.1306573e-09,1.5028766e-09,1.705769e-10,8.2446966e-11,3.5098233e-11,1.517015e-11,1.2475139e-12
4FGL J0443.3-6652,70.8483,-66.8673,fsrq,14.270526,2.4144735,2.3318594,0.106285915,3.258093e-12,62.057365,1.6241604e-11,6.3793038e-09,1.2150166e-09,2.6167368e-10,4.5184717e-11,4.263192e-12,1.9092122e-12,1.1333771e-16
4FGL J0443.4-4152,70.857,-41.8818,bll,9.472919,1.9193321,1.8757861,0.034860153,1.5434825e-12,14.199893,2.9501748e-10,4.844721e-10,3.2752506e-10,7.0669456e-11,3.9983506e-11,9.556474e-12,4.966158e-12,2.425247e-16
4FGL J0444.5+0719,71.142,7.3194,bcu,8.275253,2.6049883,2.5983074,0.016225558,3.8942747e-12,22.023296,5.4616484e-10,8.7938306e-09,1.1329602e-09,1.6690471e-10,5.4301282e-11,2.025449e-13,1.3216678e-12,3.0031762e-16
4FGL J0444.6+3425,71.1598,34.4185,bcu,12.439099,2.1921942,2.1379445,0.06348388,6.619293e-12,29.86207,1.7422861e-08,7.478356e-09,1.7541772e-09,3.1729092e-10,1.6491626e-10,2.0858952e-11,6.6606473e-12,1.0650188e-18
4FGL J0445.1-6012,71.2858,-60.2122,fsrq,10.661728,2.1564276,2.0876133,0.09476602,2.2754262e-12,37.134796,3.2528875e-12,1.6883254e-09,5.376735e-10,1.6117581e-10,4.3325767e-11,1.2116212e-11,2.441388e-12,4.892878e-20
4FGL J0446.3-1729,71.5979,-17.4886,bcu,4.2771616,1.8083512,1.7849337,0.017511576,9.131333e-13,11.956913,4.1513456e-11,8.424887e-11,1.4535363e-10,4.3876913e-11,1.2618452e-11,5.0503213e-12,8.85007e-12,1.2080962e-16
4FGL J0447.2-2539,71.8123,-25.6514,bcu,9.862667,1.7888858,1.6894653,0.08724532,1.8611404e-12,3.9375978,1.1964555e-11,1.5837617e-09,1.7175536e-10,8.264349e-11,3.9837484e-11,1.6396029e-11,9.707202e-12,3.2521764e-17
4FGL J0447.4-2747,71.8687,-27.7998,bcu,4.3814545,2.3784273,2.1497955,0.5271311,6.23587e-13,33.509502,1.334672e-08,1.5904925e-12,1.6430797e-10,1.1788323e-10,1.0371355e-11,1.5650869e-12,5.615828e-17,5.1355544e-16
4FGL J0448.6-1632,72.1516,-16.5483,bll,30.34222,1.8820515,1.7796171,0.05634346,7.9648085e-12,25.632227,3.5180303e-11,2.4924007e-09,1.3436345e-09,4.3643308e-10,1.9289434e-10,7.719126e-11,2.3360938e-11,3.833469e-12
4FGL J0449.1+1121,72.2823,11.3569,fsrq,46.504147,2.504444,2.4031312,0.12367055,2.9444617e-11,248.45142,7.7933294e-08,4.5123418e-08,1.2142583e-08,1.915556e-09,2.912582e-10,2.3955601e-11,4.2895514e-18,2.705867e-16
4FGL J0449.2+6329,72.3185,63.4945,fsrq,28.151424,2.3183336,2.3190258,0.07690093,1.1972664e-11,456.29178,2.5393816e-09,1.4773118e-08,3.8788923e-09,9.785083e-10,1.9628346e-10,3.8235196e-11,6.2559896e-12,3.7128122e-16
4FGL J0449.4-4350,72.3582,-43.835,bll,180.19302,1.8689854,1.7630212,0.059036963,1.2363639e-10,654.15283,7.019009e-08,3.332928e-08,1.9129148e-08,7.3729898e-09,3.3346794e-09,9.93014e-10,3.502179e-10,6.165988e-11
4FGL J0449.6-8100,72.4,-81.0129,fsrq,5.753201,2.3082426,2.3529892,-0.057231624,1.3933475e-12,18.991459,3.9546904e-09,4.7100572e-09,2.8328134e-10,1.01583936e-10,1.0749082e-11,2.2520811e-12,4.728184e-12,4.9196816e-20
4FGL J0449.6+3027,72.4186,30.4664,bcu,3.3306096,2.6149647,2.6224685,0.19068365,3.1228889e-12,14.19241,4.0455764e-11,6.8134884e-09,1.4515392e-09,1.3203677e-10,3.1208376e-11,5.1719015e-17,2.137021e-24,1.8723448e-25
4FGL J0450.3-4419,72.5788,-44.3195,bcu,9.72586,2.8118856,2.8100753,0.056168314,7.6678126e-12,39.37038,2.486471e-10,1.7453413e-08,2.563348e-09,2.7110508e-10,4.9020534e-11,5.613339e-13,3.8848541e-16,6.1705473e-18
4FGL J0450.4+7230,72.6181,72.5137,bcu,8.624437,2.1671216,2.1407611,0.029383436,1.9333476e-12,26.80998,1.8917871e-14,2.0793447e-09,4.4222292e-10,1.3596889e-10,3.660752e-11,6.44966e-12,1.8539243e-12,1.1453321e-12
4FGL J0450.7-4938,72.6864,-49.6488,bcu,5.9220743,2.310519,2.2990646,0.012382729,1.2369109e-12,13.881044,7.274724e-10,1.8017939e-09,3.4647113e-10,7.686459e-11,2.2957606e-11,1.9940954e-12,2.6874013e-12,9.446022e-16
4FGL J0450.8-2327,72.7227,-23.4639,bcu,4.6050243,2.3084433,2.2979178,0.024688417,1.3847484e-12,13.863349,2.1326167e-08,3.715113e-09,1.9484292e-10,1.07259195e-10,2.2029613e-11,1.1147742e-12,3.1563246e-12,3.5618136e-17
4FGL J0451.8-4651,72.9556,-46.8575,fsrq,17.181293,2.5104797,2.3979795,0.11183482,4.413156e-12,206.31853,4.802537e-08,5.6754836e-09,1.7416442e-09,2.8313432e-10,8.618323e-11,1.9964937e-15,7.561595e-17,7.9507077e-13
4FGL J0451.8+5721,72.9698,57.3548,bcu,8.38064,1.9172266,1.746806,0.19755611,1.5619404e-12,19.22032,8.757267e-09,2.4081408e-09,1.1775245e-10,1.1155637e-10,3.7031107e-11,2.3620805e-11,2.672546e-12,4.516817e-22
4FGL J0452.0+2100,73.0072,21.0033,bcu,3.8167903,1.6889975,1.6522862,0.06819847,1.0051891e-12,12.558375,3.8937626e-09,3.7984264e-13,8.2034515e-13,2.1351813e-11,2.9497082e-11,5.0423394e-12,3.518412e-12,1.8324153e-12
4FGL J0453.1-2806,73.2887,-28.1144,fsrq,56.70437,2.630092,2.5048501,0.13064307,2.1687348e-11,368.7382,4.983826e-08,4.129362e-08,9.172704e-09,1.1691397e-09,1.0558413e-10,6.0601463e-12,9.46006e-20,3.7188828e-16
4FGL J0453.1+6322,73.29,63.3737,bll,11.58108,2.1200004,2.097844,0.04253375,3.4950794e-12,22.065718,6.4855477e-10,3.1141237e-10,1.3137024e-09,1.6575523e-10,8.20262e-11,1.6181553e-11,5.4819964e-12,5.7607587e-15
4FGL J0453.5-1233,73.3784,-12.5612,bcu,5.1542783,2.594017,2.598461,-0.033221684,2.0181042e-12,15.109816,8.832383e-09,4.1493e-09,5.8328936e-10,1.1388317e-10,1.1477257e-11,4.786151e-12,4.275261e-15,2.152009e-12
4FGL J0453.9+3727,73.4897,37.4568,bcu,3.4069114,2.2367265,1.9843296,0.22188438,2.1473867e-12,28.161825,7.976017e-09,6.5020513e-09,3.606974e-11,1.14205846e-10,4.7603813e-11,1.04947925e-11,2.7094725e-15,6.663364e-20
4FGL J0455.7-4617,73.9463,-46.2871,fsrq,35.91865,2.5435247,2.5329676,0.053289875,1.2897033e-11,185.12114,1.0080917e-08,2.3471694e-08,4.997068e-09,7.645764e-10,1.1430853e-10,1.6210705e-11,4.4187063e-12,1.132773e-15
4FGL J0456.2+2702,74.0673,27.0403,bcu,10.888506,2.453198,2.4004686,0.09548251,7.595755e-12,78.67645,1.4130932e-08,8.428707e-09,2.4465643e-09,4.719819e-10,9.586499e-11,1.2730644e-11,6.628375e-20,2.6008376e-21
4FGL J0456.3-1634,74.0782,-16.5759,bcu,9.612311,2.0066278,1.7373276,0.28586796,1.4273796e-12,15.956729,6.3597683e-09,8.817407e-10,1.5088578e-10,1.2683277e-10,5.8570114e-11,1.279565e-11,1.7427184e-12,5.389221e-17
4FGL J0456.4-4043,74.1111,-40.7222,bcu,5.6321135,2.482117,2.5226007,-0.049611192,1.3470824e-12,24.676088,1.200928e-08,3.962016e-09,2.0816256e-10,7.2689244e-11,2.4009041e-11,1.6191714e-12,2.9667907e-12,5.4655384e-20
4FGL J0456.6-3136,74.1558,-31.6151,fsrq,28.776577,2.4559739,2.3221796,0.10454944,7.2141026e-12,106.88497,2.205679e-08,9.808918e-09,2.8591824e-09,5.2644866e-10,7.454633e-11,1.200571e-11,3.0316155e-13,8.351777e-17
4FGL J0457.0+0646,74.2545,6.7804,fsrq,9.002826,2.506836,2.4768875,0.08332901,3.6422445e-12,87.924515,2.2620937e-12,3.8176484e-09,1.2783334e-09,2.2351039e-10,3.331693e-11,4.420194e-12,4.414424e-19,4.018395e-15
4FGL J0457.0-2324,74.2608,-23.4149,FSRQ,247.8632,2.186557,2.1109946,0.07769082,1.8220711e-10,4174.129,2.0943693e-07,1.6601464e-07,6.1335385e-08,1.456081e-08,3.543932e-09,6.3098976e-10,7.3881845e-11,3.3628452e-12
4FGL J0458.0+1152,74.5069,11.8727,bcu,7.3649573,2.009755,2.0510063,-0.040195663,2.3184336e-12,12.11398,1.0034917e-08,6.22108e-09,6.0277255e-10,5.968712e-11,5.6313374e-11,1.1398169e-11,9.101924e-12,5.552924e-16
4FGL J0458.6+5509,74.6735,55.1651,bcu,4.767366,2.431795,2.4668837,0.065746486,2.8211092e-12,35.979473,1.3168105e-09,6.6659696e-09,1.4194289e-09,1.251654e-10,4.5449672e-11,2.4989028e-12,2.4856454e-12,9.751081e-18
4FGL J0459.2-2612,74.8003,-26.214,bcu,4.442114,2.3139973,2.2190938,0.08340582,1.0859962e-12,25.32915,3.246432e-08,9.576229e-10,3.345614e-10,5.8185973e-11,2.3647105e-11,3.0040744e-12,1.9787752e-17,4.097743e-17
4FGL J0459.4+1921,74.8599,19.3623,bcu,5.2421484,2.0301664,1.9995717,0.01747853,1.7715579e-12,17.381927,8.0719903e-10,4.6163715e-10,7.525697e-10,7.43684e-12,4.62585e-11,1.3287583e-11,2.6021592e-12,1.7265749e-20
4FGL J0459.7-4529,74.9281,-45.4994,bcu,11.064468,2.5213573,2.485025,0.115907505,3.2649215e-12,72.40462,1.3266432e-10,3.3347436e-09,1.144617e-09,1.9249413e-10,3.646128e-11,1.0490202e-14,1.2640157e-12,1.0472038e-15
4FGL J0500.1+5447,75.0353,54.7843,bcu,4.243559,2.3086655,2.297432,0.23160209,2.2828321e-12,12.574239,2.5954777e-10,3.162127e-15,4.649587e-10,1.1163877e-10,6.643561e-11,8.196213e-18,1.9953604e-15,2.1755252e-12
4FGL J0500.2+5237,75.0735,52.6332,bll,17.336464,1.8597474,1.8530346,0.00830118,5.477392e-12,11.563842,1.08272356e-10,1.8943434e-14,1.4769627e-09,2.635697e-10,1.06324644e-10,3.9551706e-11,2.1920752e-11,5.4600005e-12
4FGL J0500.4-5321,75.1215,-53.3626,bcu,4.380016,2.444998,2.2089298,0.3256104,6.9158237e-13,30.681667,5.5317437e-13,6.232498e-12,2.0364274e-10,9.276182e-11,1.7931078e-11,5.953922e-17,7.01382e-16,1.7169788e-16
4FGL J0500.6-4911,75.1748,-49.1862,bll,18.076883,1.8832475,1.8129127,0.06984265,3.3028803e-12,41.820824,4.4392927e-11,5.330118e-16,5.6705846e-10,1.7275813e-10,7.983437e-11,2.9581174e-11,4.3388223e-12,3.1604396e-12
4FGL J0501.0+2424,75.2707,24.4113,bcu,8.320657,1.8314518,1.8133314,0.24973099,1.7675434e-12,6.7407064,1.6149128e-08,2.1988096e-13,8.2345095e-17,8.5631995e-11,6.209257e-11,1.925801e-11,9.230569e-12,3.9196446e-21
4FGL J0501.0-2423,75.2732,-24.3935,bcu,7.124715,2.9309754,2.8588152,0.16809368,4.057583e-12,37.74409,2.1995106e-10,1.0647574e-08,1.3623789e-09,1.6829702e-10,3.757471e-12,8.1750316e-16,8.746416e-16,4.8109195e-16
4FGL J0501.2-0158,75.3023,-1.9749,fsrq,111.60072,2.3738635,2.26889,0.09094216,5.825015e-11,2097.879,1.2616319e-07,8.255524e-08,2.2172511e-08,4.250567e-09,8.1735363e-10,7.1490695e-11,3.1285235e-12,1.3896122e-16
4FGL J0501.7+3048,75.4313,30.8028,bcu,9.561536,2.0586183,2.0795798,-0.0269408,3.6911112e-12,7.30201,6.014513e-10,3.3683487e-09,1.0471239e-09,2.2340109e-10,6.6032874e-11,1.7895e-11,9.542936e-12,5.028141e-13
4FGL J0502.4+0609,75.6181,6.1627,fsrq,9.943801,2.6840732,2.6820736,-0.0062021776,5.5369676e-12,44.118927,5.140063e-08,1.0967532e-08,2.1325284e-09,2.0053781e-10,4.5053516e-11,6.0988077e-12,2.321658e-12,6.6622826e-16
4FGL J0502.5+1340,75.6341,13.6685,bll,8.66409,2.207816,2.1934767,0.01620014,3.7010312e-12,31.177717,5.2596016e-09,3.7121415e-09,5.773291e-10,2.6620317e-10,6.966596e-11,1.2060485e-11,4.4841557e-12,9.620235e-16
4FGL J0502.5+3438,75.6366,34.6338,bcu,25.420633,2.4087048,2.3205128,0.12354742,1.4516487e-11,98.055336,7.3915434e-09,1.797573e-08,5.4052385e-09,1.2031904e-09,2.4481517e-10,2.6650264e-11,3.0366636e-22,7.5406873e-22
4FGL J0502.9+6533,75.7451,65.5609,bll,7.5825114,1.8677615,1.8415889,0.0229985,1.5266576e-12,3.8146439,3.5083878e-09,3.1454787e-17,2.480977e-10,6.638702e-11,3.2799288e-11,9.697192e-12,8.90169e-12,8.7195295e-13
4FGL J0503.1-6045,75.7995,-60.752,fsrq,7.4945703,2.7849357,2.856482,0.16107808,3.1234889e-12,21.980757,9.878682e-11,7.2448807e-09,1.1399062e-09,1.5054956e-10,1.3100763e-11,3.0686293e-12,1.0832287e-15,6.454949e-20
4FGL J0503.5-1116,75.8877,-11.2786,bll,10.160359,1.9278659,1.8130854,0.12982823,2.6222427e-12,16.243473,1.0882098e-08,3.127821e-13,3.3308878e-10,1.2402465e-10,7.354551e-11,1.8217138e-11,7.124251e-12,1.128363e-16
4FGL J0503.6+4518,75.9202,45.3113,bcu,14.362005,1.9328458,1.8643792,0.08708231,6.1497005e-12,11.253925,2.8288841e-08,1.1408629e-12,7.176577e-14,4.2241055e-10,1.2961184e-10,4.607185e-11,1.0522806e-11,3.6725956e-12
4FGL J0504.3-0955,76.0856,-9.9215,bcu,4.82844,2.0129929,1.9319483,0.08643124,1.1762365e-12,12.4406395,5.5501925e-10,1.5195044e-09,1.8371145e-10,8.650554e-11,2.171021e-11,3.7455672e-12,3.569829e-12,1.2684508e-17
4FGL J0505.3+0459,76.3431,4.9994,fsrq,81.1929,2.3781023,2.3297808,0.11287131,5.3897314e-11,3369.238,1.04649715e-07,7.3049534e-08,2.0654673e-08,4.29125e-09,8.0255486e-10,6.61128e-11,6.20234e-20,1.019844e-18
4FGL J0505.6+0415,76.4042,4.266,bll,19.857424,1.9234272,1.8673323,0.05897702,6.537875e-12,13.712878,4.1063323e-11,5.0795995e-12,1.4697833e-09,3.090307e-10,1.4579914e-10,5.7616485e-11,1.3494665e-11,3.8779496e-12
4FGL J0505.6-1558,76.4117,-15.9667,bll,11.708472,2.0663748,2.0722008,-0.0070243785,2.772795e-12,26.536669,5.1864063e-10,2.6195677e-09,5.3134835e-10,1.7299603e-10,4.2479596e-11,2.8430884e-11,3.7401154e-12,1.6349725e-16
4FGL J0505.6+6405,76.4244,64.0877,bcu,13.230847,2.4220054,2.3490598,0.16307044,3.760842e-12,237.33923,1.3057651e-10,3.9802774e-09,1.7105549e-09,2.846148e-10,7.218589e-11,5.197476e-12,8.88898e-13,1.1974256e-16
4FGL J0505.8+3322,76.4554,33.3742,bcu,7.6092134,2.1381269,2.0638654,0.11112717,3.4665747e-12,14.628054,6.3719567e-09,1.3025755e-10,4.3021675e-10,2.930699e-10,4.998312e-11,2.349662e-11,2.743338e-12,2.7017388e-22
4FGL J0505.8-0419,76.4598,-4.3182,fsrq,14.05636,2.3839974,2.3507288,0.055678416,6.474781e-12,60.86495,2.4367175e-11,6.513906e-09,2.4298414e-09,3.7590656e-10,1.0148895e-10,4.130711e-12,5.4453555e-12,1.508317e-19
4FGL J0505.8-3817,76.4749,-38.2965,bll,13.928334,1.8881608,1.7180818,0.10931945,2.4129943e-12,31.86964,2.0837195e-12,5.043625e-10,3.334469e-10,1.4753007e-10,7.489827e-11,1.6077913e-11,1.22734175e-11,9.585476e-16
4FGL J0506.0+6113,76.5121,61.2257,bll,20.664488,1.9592559,1.9332293,0.034131806,6.5200206e-12,43.939896,1.0311978e-08,2.8949452e-09,1.6295122e-09,3.1550748e-10,1.6263621e-10,3.3771146e-11,1.579436e-11,4.969403e-12
4FGL J0506.0-0357c,76.5213,-3.9608,bcu,7.0333,2.105334,1.9667861,0.38146633,1.3249498e-12,10.527723,2.7230765e-12,8.604167e-16,7.146184e-12,1.6126114e-10,4.8829364e-11,1.5396543e-11,1.3158444e-21,3.6746887e-17
4FGL J0506.7-0857,76.684,-8.9607,bll,11.571869,2.1209292,2.0693505,0.069784194,3.4041667e-12,27.16751,1.847413e-11,2.9367417e-09,7.8069834e-10,2.7229213e-10,5.649103e-11,1.4932583e-11,5.1688636e-12,5.175727e-16
4FGL J0506.9+0323,76.7314,3.3917,bll,11.40915,1.9825997,1.9079521,0.09836106,3.052612e-12,9.513877,3.9241223e-12,2.8263826e-14,4.915882e-10,2.0717543e-10,7.184718e-11,9.534637e-12,1.3368958e-11,1.0343284e-17
4FGL J0506.9-5435,76.748,-54.5875,bll,32.16244,1.6508718,1.4246678,0.12325497,6.7540873e-12,35.76414,3.1051897e-09,4.3698117e-10,3.6857903e-10,2.2957576e-10,1.5475493e-10,7.673517e-11,3.5792404e-11,5.121814e-12
4FGL J0507.4-3346,76.8591,-33.7813,bcu,14.675262,1.8012352,1.7432678,0.048592262,2.8891106e-12,20.258274,6.6519545e-09,1.0617952e-09,2.980356e-10,1.5111172e-10,4.7883794e-11,3.529203e-11,6.9537358e-12,2.8325736e-12
4FGL J0507.7-6104,76.9327,-61.0814,fsrq,27.303608,2.4735045,2.4520469,0.07181776,8.073427e-12,82.315216,4.47467e-08,1.080182e-08,3.1354848e-09,5.357606e-10,1.01686506e-10,1.346313e-11,1.6549598e-15,2.2613e-21
4FGL J0507.9+4647,76.9786,46.7951,bcu,9.944848,2.6991305,2.6030033,0.31349453,6.1824612e-12,26.850523,9.447395e-09,1.1369203e-08,2.5026698e-09,5.3433724e-10,4.408552e-11,4.544161e-15,2.0871862e-15,6.7914354e-17
4FGL J0507.9+6737,76.9956,67.6223,bll,68.68331,1.5892488,1.4902594,0.044097625,2.303937e-11,86.84441,6.6536626e-10,2.9444356e-09,1.2836554e-09,6.897618e-10,4.3420836e-10,2.3906663e-10,1.2573521e-10,4.5719224e-11
4FGL J0508.2-1937,77.0561,-19.6181,fsrq,8.535216,2.3890412,2.2256696,0.37599745,1.5842449e-12,18.70855,2.9342608e-09,4.0905088e-10,6.3966804e-10,2.1841003e-10,2.7728802e-11,1.2849849e-14,5.9505276e-17,2.3317108e-15
4FGL J0508.2+5211,77.0591,52.1886,bcu,5.1323433,2.139946,2.133746,0.062325586,1.8891618e-12,23.606098,7.289034e-16,1.5046382e-12,3.9070486e-10,1.9190519e-10,3.080498e-11,3.710083e-12,5.573906e-12,1.2948028e-15
4FGL J0509.1+1943,77.2793,19.7242,bcu,5.5956893,2.6504548,2.4726617,0.18196316,4.6520504e-12,10.335047,7.663773e-08,7.891734e-09,1.7743981e-09,2.991366e-10,3.376381e-11,1.0994738e-15,9.265679e-16,4.807241e-16
4FGL J0509.1-7317,77.2973,-73.2995,bcu,4.18172,2.2187135,2.2383347,-0.030593153,9.637023e-13,15.544028,1.7354987e-11,4.6408006e-09,2.2968012e-10,6.85128e-11,1.6190308e-11,2.8144123e-12,1.560436e-16,1.4286395e-12
4FGL J0509.2+5550,77.3192,55.8343,bcu,8.261822,2.298719,2.270431,0.12448865,3.0545447e-12,23.034252,8.9973984e-10,1.9434579e-10,1.0776608e-09,2.5414065e-10,7.412256e-11,1.0293233e-11,1.4915901e-15,5.9594005e-21
4FGL J0509.3-2917,77.35,-29.2916,bcu,6.8874493,2.2230334,2.2525063,-0.03548056,1.568374e-12,14.890376,1.2438115e-08,8.7654306e-10,4.816653e-10,7.614461e-11,3.2691103e-11,7.739743e-12,3.0296978e-12,8.321438e-18
4FGL J0509.4+1012,77.351,10.2008,fsrq,17.994814,2.4780695,2.453757,0.059722543,9.636106e-12,70.14266,1.9675295e-09,1.3803214e-08,3.3345495e-09,5.783978e-10,9.544978e-11,1.5527123e-11,1.9478343e-12,1.4736216e-16
4FGL J0509.4+0542,77.3593,5.7014,bll,118.629745,2.1076758,2.0265326,0.052613124,7.5405564e-11,1254.7402,3.592028e-08,5.0202882e-08,2.0213413e-08,5.520177e-09,1.8573588e-09,3.355011e-10,9.2880766e-11,1.3630419e-11
4FGL J0509.6+8425,77.4045,84.4204,bll,6.454687,2.4442668,2.218469,0.2128728,1.6578234e-12,19.154293,8.2275936e-11,3.0803533e-09,5.785476e-10,9.6892355e-11,2.9797866e-11,1.7016475e-19,3.877083e-14,2.8082988e-13
4FGL J0509.6-0402,77.4217,-4.0366,bll,9.482065,1.9105258,1.8443635,0.06143239,2.7517216e-12,9.804304,6.7588583e-13,5.830068e-12,5.5728516e-10,1.1820087e-10,6.6398505e-11,2.2388449e-11,7.3825425e-12,2.6393535e-17
4FGL J0509.9-6417,77.4876,-64.2891,bll,18.71456,1.9711906,2.0006669,-0.027321815,3.9096027e-12,30.377792,4.064569e-09,3.5887144e-09,7.5141177e-10,2.1394014e-10,7.701599e-11,3.0624222e-11,9.895893e-12,4.0068656e-12
4FGL J0510.0+1800,77.5181,18.0135,fsrq,58.84804,2.2157078,2.0900288,0.10414142,2.9717933e-11,2041.9252,7.754112e-09,2.6095085e-08,9.375671e-09,2.582528e-09,6.743413e-10,1.09171214e-10,8.5487875e-12,5.080458e-18
4FGL J0510.4-1809,77.6116,-18.1643,bcu,8.287514,2.5724416,2.376477,0.21715105,2.216974e-12,33.73221,7.412877e-09,1.9901736e-09,1.1293134e-09,1.5997137e-10,1.7537869e-11,3.8072466e-12,3.478064e-13,6.4022424e-16
4FGL J0511.4-6804,77.8515,-68.083,bcu,7.7085395,2.2736783,2.272889,0.015966728,2.51644e-12,26.605764,4.999441e-12,7.349703e-09,9.88575e-10,1.09264604e-10,3.8207503e-11,1.6589128e-11,1.8783347e-14,1.9455689e-19
4FGL J0512.8+4041,78.2186,40.6945,bcu,18.085913,2.3208497,2.2731564,0.06526044,1.0072237e-11,61.349697,2.546153e-09,1.6978273e-08,2.5332336e-09,6.775895e-10,1.626577e-10,3.2014624e-11,2.1823327e-12,5.2385976e-16
4FGL J0513.9-3746,78.4961,-37.7774,bll,8.055637,2.4605262,2.4212255,0.11098275,2.2068838e-12,25.567566,5.3208055e-10,1.6106336e-09,8.1898716e-10,1.6311126e-10,5.2044176e-12,6.1110266e-12,1.3712342e-12,1.798169e-15
4FGL J0514.5+6247,78.6269,62.7978,bcu,8.259364,2.182533,2.1474955,0.09165994,2.38459e-12,26.76819,9.1505e-13,5.3159e-10,5.8962396e-10,1.6263924e-10,4.3669124e-11,1.144694e-11,3.026247e-12,1.4843523e-18
4FGL J0515.5-0125,78.8906,-1.4193,bcu,10.369829,2.1065016,1.7484474,0.25805828,2.1747946e-12,19.27469,2.9505498e-14,1.1787116e-09,3.4637607e-10,1.8009423e-10,9.879647e-11,1.2075263e-11,2.201866e-12,1.4592246e-18
4FGL J0515.6-4556,78.9059,-45.9483,fsrq,75.04797,2.3297668,2.2834687,0.076348804,2.8616732e-11,2533.8652,7.186674e-08,3.208881e-08,1.01200435e-08,2.2184903e-09,4.954722e-10,5.1798562e-11,1.0855748e-11,3.0240859e-18
4FGL J0515.8+1527,78.953,15.4614,bll,32.84967,1.9384578,1.7774527,0.10011859,1.297789e-11,39.021793,1.3560856e-08,4.6491038e-09,1.6567264e-09,9.1368313e-10,3.740589e-10,9.824615e-11,3.7746806e-11,4.491656e-17
4FGL J0515.9+0537,78.9852,5.6219,bcu,3.7916207,2.2730536,2.0911129,0.106449716,1.6087142e-12,10.782621,2.9009177e-08,2.346921e-09,2.4965896e-10,8.0252714e-11,4.2106117e-11,7.1875175e-12,3.1424962e-16,5.46957e-16
4FGL J0516.1-7240,79.0428,-72.6693,bcu,14.958105,2.371252,2.2980466,0.109570935,3.841251e-12,298.58167,2.9302637e-08,1.4587745e-09,1.4004754e-09,3.3602587e-10,6.7403014e-11,7.3790375e-12,1.085933e-12,8.290611e-16
4FGL J0516.4+7350,79.1042,73.8495,bll,21.449156,1.8805119,1.7424601,0.0839495,3.999431e-12,14.28596,1.7096109e-09,1.2681074e-09,4.4665177e-10,2.5450278e-10,1.1076717e-10,3.2722502e-11,8.370494e-12,5.7804347e-12
4FGL J0516.7+2743,79.1759,27.7194,bcu,4.9175444,2.4914277,2.586317,-0.09351835,3.32901e-12,8.988401,6.2645405e-08,1.1640113e-08,3.4657668e-10,1.4742807e-10,4.0123186e-11,1.1512094e-11,1.3544768e-12,2.0525924e-18
4FGL J0516.7-6207,79.1798,-62.1248,bll,66.86216,2.2098532,2.1538682,0.041904513,2.0648235e-11,241.13086,1.9374388e-08,2.0099638e-08,6.420303e-09,1.4703302e-09,4.320243e-10,7.3685405e-11,1.2086483e-11,1.2684915e-16
4FGL J0516.8-0509,79.2241,-5.1547,fsrq,7.0000205,2.8434916,2.6280022,0.33496004,3.8919033e-12,35.168266,1.4402972e-08,1.0331763e-08,1.5755561e-09,1.7481441e-10,8.135095e-18,3.5358744e-21,4.6758025e-22,6.020073e-15
4FGL J0517.5+0858,79.3941,8.9792,fsrq,6.0421925,2.0183094,1.6619701,0.59744257,1.2289678e-12,14.441257,1.9441746e-08,2.9869882e-09,6.7999014e-13,3.3910062e-11,7.312541e-11,1.3392189e-11,5.356159e-16,5.941108e-16
4FGL J0517.7-1758,79.4273,-17.9769,bcu,9.647212,2.5539362,2.4514096,0.1761996,2.9745267e-12,51.74079,1.0098417e-08,3.4032306e-09,1.2760422e-09,2.4343924e-10,2.7591856e-11,2.7568004e-12,2.0362966e-15,7.338352e-16
4FGL J0517.9-6930c,79.4848,-69.5093,bcu,5.203119,2.539184,2.7822561,0.32717884,2.2943587e-12,8.408794,7.560733e-09,2.7247755e-09,1.0429452e-09,2.0042809e-10,1.1124435e-11,4.566817e-13,2.5804742e-15,3.1308184e-15
4FGL J0519.0+0851,79.7736,8.8625,bcu,10.869265,2.4939227,2.5057523,0.14843832,7.508382e-12,14.690624,2.5891589e-09,2.1409585e-09,3.3486267e-09,5.5354216e-10,9.6204905e-11,4.7221077e-12,2.412175e-12,1.8902815e-15
4FGL J0519.6+2744,79.9026,27.7405,bcu,6.41829,2.0176897,1.7410233,0.37569737,1.4700784e-12,26.826561,1.0394851e-11,5.4714875e-11,2.1299118e-14,7.219757e-11,5.991357e-11,1.916213e-11,4.1952006e-12,1.10897247e-13
4FGL J0520.4+3607,80.1028,36.1198,bcu,5.6913834,2.639972,2.7883582,0.17324299,5.34474e-12,19.389656,8.8451255e-09,9.744918e-09,3.1273968e-09,2.1670021e-10,4.1438613e-11,4.177331e-12,3.7702876e-16,1.0150698e-15
4FGL J0520.6+6531,80.166,65.5255,bcu,5.6734014,1.6248394,1.5020525,0.13673972,7.312697e-13,15.842907,8.8584023e-10,4.3134132e-15,1.7676879e-11,3.6938386e-11,8.933295e-12,9.314013e-12,3.221632e-12,1.1628247e-12
4FGL J0521.3-1734,80.3408,-17.5745,fsrq,15.130138,2.4397528,2.3403404,0.15027663,4.3048447e-12,9.502839,1.2163628e-09,3.8525356e-09,1.8721098e-09,3.478359e-10,5.6805435e-11,9.416277e-12,4.2735542e-17,5.363837e-16
4FGL J0521.4-2957,80.3694,-29.9653,bcu,4.4534206,2.022945,1.8430227,0.20263948,8.180847e-13,3.9875166,5.391801e-09,1.0725832e-09,3.4101003e-11,4.9515052e-11,2.0777184e-11,7.771924e-12,3.6557932e-20,7.815875e-14
4FGL J0521.6+0103,80.4106,1.0533,bll,9.614018,2.0426002,2.0337353,0.012975562,2.6122839e-12,30.851254,1.1895386e-08,3.3400548e-12,7.3759693e-10,1.3641616e-10,4.452298e-11,1.953618e-11,6.2432295e-12,1.3020686e-12
4FGL J0521.7+2112,80.4445,21.2131,bll,135.02632,1.9517566,1.8689257,0.043679472,1.1687418e-10,900.6554,6.098472e-08,5.0510756e-08,2.1785722e-08,7.538714e-09,2.9311125e-09,7.87183e-10,3.06754e-10,4.990998e-11
4FGL J0521.8+5658c,80.4529,56.9669,bcu,4.4649734,2.6043046,2.6649873,0.17121272,2.8990263e-12,10.807724,4.545694e-11,6.4383143e-09,1.5465522e-09,1.1617189e-10,3.59713e-11,6.5790357e-16,2.0332323e-15,1.4545052e-13
4FGL J0521.8-3848,80.4718,-38.8066,bcu,12.5107765,2.4882882,2.447588,0.08840234,3.5645451e-12,147.20572,8.027262e-12,6.193131e-09,1.38289e-09,1.7955001e-10,3.6079948e-11,8.486406e-12,2.9275142e-16,1.19476876e-17
4FGL J0524.1-5659,81.0328,-56.9863,bcu,6.31301,2.4208972,2.3013482,0.17272538,1.4987997e-12,9.146763,3.7326444e-09,1.899313e-09,4.3237613e-10,1.0794967e-10,2.002566e-11,2.3074598e-12,8.915201e-18,1.4045291e-16
4FGL J0524.5+2839,81.128,28.6572,bcu,21.57898,2.0394294,1.9189684,0.075224034,8.236119e-12,25.523027,1.7864368e-10,6.411622e-09,1.5420945e-09,5.7093247e-10,2.3212218e-10,5.4884295e-11,1.844176e-11,2.4051037e-16
4FGL J0524.5-2614,81.1471,-26.2389,bcu,6.3998528,2.246053,2.295892,-0.07368487,1.555861e-12,24.21599,1.7263278e-10,2.7949465e-09,4.2738496e-10,9.48742e-11,1.782844e-11,6.148629e-12,1.8171334e-12,3.1713133e-12
4FGL J0524.6-2819,81.1732,-28.3288,bcu,5.9369516,2.6216493,2.5110795,0.14640108,1.870898e-12,43.199013,1.2270368e-09,2.477825e-09,6.295441e-10,1.1501748e-10,1.2168351e-11,4.9672894e-19,1.6756805e-15,1.747761e-13
4FGL J0525.4-4600,81.3717,-46.007,fsrq,10.133104,2.2311177,2.0983934,0.13408934,2.6404896e-12,17.760494,7.548571e-10,3.102091e-09,5.4332394e-10,1.8423289e-10,5.2353136e-11,1.3599382e-11,7.787488e-13,3.922288e-21
4FGL J0525.6-2008,81.4178,-20.1449,bll,7.855156,2.2239714,2.0253353,0.19862056,1.4195089e-12,18.397528,2.4268156e-09,1.6255768e-10,4.781544e-10,1.4008457e-10,4.3089917e-11,4.455071e-12,2.686573e-19,7.3722914e-23
4FGL J0525.6-6013,81.4207,-60.2279,bcu,24.931097,1.8648287,1.8223451,0.035747476,5.4079536e-12,19.719027,1.1301102e-08,2.9295082e-09,8.825055e-10,2.48326e-10,1.3616447e-10,3.519799e-11,2.4906027e-11,1.9423238e-16
4FGL J0525.8-0052,81.4666,-0.8709,bll,11.687562,2.1723275,2.1110687,0.1235322,3.5582925e-12,48.528576,5.671223e-15,9.493328e-10,1.055506e-09,2.8334696e-10,9.6592366e-11,1.7637282e-11,1.5536393e-12,7.830838e-17
4FGL J0526.1+6318,81.5474,63.3036,bcu,7.248971,2.188209,2.034925,0.2276103,1.3365144e-12,15.610884,7.540485e-09,3.8090683e-16,3.644739e-10,1.3882258e-10,5.348177e-11,6.195416e-13,1.5460547e-12,9.090891e-17
4FGL J0526.2-4830,81.5714,-48.5151,fsrq,93.77892,2.266483,2.1979606,0.07619435,3.763096e-11,1631.5016,6.034216e-08,3.890193e-08,1.3099557e-08,2.9421667e-09,7.048869e-10,1.01122076e-10,1.24336244e-11,5.660176e-16
4FGL J0526.3+2246,81.5908,22.7778,bcu,7.901838,2.1854632,2.188909,-0.0048999046,3.458569e-12,25.910643,2.2843896e-07,1.6363582e-08,4.6767107e-10,2.2079791e-10,6.1270364e-11,1.3460694e-11,5.0488945e-12,1.7716524e-12
4FGL J0526.7-1519,81.6917,-15.3214,bll,19.097061,1.919365,1.7208629,0.14055997,4.4001434e-12,13.097444,2.221466e-11,6.638996e-10,5.349509e-10,3.6028275e-10,1.3394658e-10,3.0362764e-11,8.966558e-12,2.0283944e-12
4FGL J0527.3-6223,81.8385,-62.3951,bll,6.603601,2.019515,1.9261396,0.0959486,1.1500901e-12,9.344441,2.6203276e-11,7.5253406e-15,1.894397e-10,6.355973e-11,2.9350394e-11,6.7026233e-12,1.766626e-12,7.006031e-17
4FGL J0528.7-5920,82.1863,-59.3439,bll,17.091045,2.0088694,1.9344034,0.0748231,3.5136755e-12,17.915565,2.0662821e-10,8.315738e-12,8.538367e-10,1.6842443e-10,8.992024e-11,3.053325e-11,2.8501704e-12,2.4734524e-16
4FGL J0529.1-0101,82.2803,-1.0293,bcu,5.138465,2.3137612,2.3575659,0.12272459,2.6323644e-12,6.4649796,9.403649e-13,3.266072e-09,1.0556143e-09,2.3782318e-10,1.7266827e-11,1.11235595e-11,9.310429e-13,2.0967164e-17
4FGL J0529.1+0935,82.297,9.5975,bcu,9.666152,2.0302596,2.0351825,-0.0045275954,3.6129875e-12,17.1264,2.7603602e-11,4.416701e-09,9.473444e-10,1.8467054e-10,5.3543746e-11,3.8924742e-11,7.125947e-12,9.320725e-16
4FGL J0529.3-7243,82.3293,-72.733,bcu,10.13335,2.3122237,2.2469897,0.08157588,2.8962063e-12,64.95148,1.1134504e-11,4.4379941e-10,1.1044865e-09,1.4461282e-10,6.21167e-11,7.925726e-12,1.3064063e-12,6.8133107e-16
4FGL J0529.4-0521,82.3727,-5.3617,fsrq,7.294941,2.6091106,2.6958458,0.19136636,4.3239665e-12,19.597923,1.1338139e-08,6.7854007e-09,1.8741533e-09,2.943887e-10,3.3344053e-11,3.011535e-13,5.067579e-13,1.6939393e-12
4FGL J0530.4+3303,82.6095,33.0533,bcu,6.2196283,2.0416932,2.0579553,-0.016648704,2.723475e-12,16.880291,2.482174e-08,5.035022e-09,1.087613e-09,1.1366542e-10,5.442507e-11,1.2049459e-11,8.440188e-12,1.0719025e-19
4FGL J0530.9+1332,82.7364,13.5402,FSRQ,27.482376,2.6211448,2.5542922,0.22040488,2.2547238e-11,537.024,2.3094957e-08,2.8367952e-08,1.0699381e-08,1.4129765e-09,1.4258095e-10,9.14211e-12,4.130323e-12,7.223504e-14
4FGL J0532.0-4827,83.0022,-48.4607,BLL,75.35938,2.202839,2.0881515,0.09248844,2.6108195e-11,3813.0415,2.0724103e-08,1.8754333e-08,8.406704e-09,2.1971698e-09,5.646485e-10,1.1174369e-10,1.0928872e-11,2.2592787e-15
4FGL J0532.6+0732,83.172,7.5493,FSRQ,79.96186,2.3728943,2.2919042,0.08242097,5.2831992e-11,809.24023,1.0425612e-07,7.171915e-08,2.0089345e-08,3.64717e-09,8.260718e-10,9.9379505e-11,4.6787595e-12,1.0438224e-22
4FGL J0532.7+5749,83.1939,57.8238,bcu,6.2115417,2.5469072,2.5767574,0.15204085,3.1807942e-12,15.00322,3.3390044e-11,3.3165757e-09,1.4365856e-09,1.6552641e-10,2.4877206e-11,6.0566834e-12,5.300799e-17,9.489822e-16
4FGL J0532.8-3941,83.2,-39.6853,bcu,18.513454,2.6036375,2.5932653,0.025171984,5.7571543e-12,56.32001,2.0782018e-08,1.115784e-08,2.1811484e-09,2.8180597e-10,4.5345786e-11,1.0096667e-11,1.2207481e-12,1.0872712e-16
4FGL J0532.9-8325,83.2454,-83.4324,fsrq,7.9966693,2.1077673,2.0373871,0.10228815,2.251137e-12,95.85447,6.672078e-11,3.4437988e-09,6.2677225e-10,1.4259674e-10,4.2742712e-11,1.4948164e-11,2.9610591e-12,1.9491069e-16
4FGL J0532.9+6936,83.25,69.6066,bcu,5.5688143,2.3026028,2.3063161,-0.028470721,1.2757826e-12,13.052405,5.4172253e-09,1.6085935e-09,5.2803323e-10,3.3258864e-11,2.5227754e-11,3.7883004e-12,1.6374032e-12,1.3858915e-16
4FGL J0533.0-8446,83.2677,-84.7783,bcu,5.2128277,2.1898112,2.1801882,0.059447113,1.4215581e-12,44.185726,1.048165e-09,6.309545e-12,5.5458793e-10,7.915611e-11,2.6124021e-11,7.56061e-12,4.1271343e-17,6.741229e-13
4FGL J0533.1-6119,83.2806,-61.3216,bcu,5.3067274,2.9379904,2.9233515,0.13250943,2.1850152e-12,6.691977,6.5272014e-09,6.2827077e-09,8.036559e-10,5.153198e-11,1.5031696e-11,3.014683e-15,2.6036654e-14,1.2803249e-15
4FGL J0533.3-5549,83.3313,-55.8247,bcu,5.980134,2.7645106,2.780616,0.29343283,1.9235006e-12,15.039686,2.2171606e-10,4.085276e-09,9.1098995e-10,9.955967e-11,3.8952262e-13,6.4705067e-15,2.349129e-14,1.3081788e-15
4FGL J0533.3+4823,83.3338,48.3834,fsrq,59.144497,2.3736572,2.301231,0.078893535,3.1486844e-11,410.90997,4.30256e-08,4.012621e-08,1.1563666e-08,2.3559368e-09,4.553079e-10,7.367815e-11,2.7034282e-12,1.3377395e-12
4FGL J0533.8-3749,83.4749,-37.8309,fsrq,8.6001835,2.336663,2.2918622,0.14405604,2.2262248e-12,39.97391,7.048476e-11,3.8250865e-09,6.392881e-10,1.7493669e-10,1.716388e-11,5.9026148e-12,2.4572345e-12,1.3050818e-12
4FGL J0534.1-7218,83.5445,-72.3077,bll,4.0922785,2.363601,2.1417658,0.29887742,1.3022527e-12,17.387901,4.439348e-11,6.049644e-09,6.35207e-11,1.3050469e-10,2.0015222e-11,2.2159794e-12,3.3509563e-17,5.863413e-16
4FGL J0535.7-6604c,83.9471,-66.0792,bcu,5.1772623,1.8002493,1.6421299,0.2598077,1.1508907e-12,14.987414,5.5489675e-09,1.0292819e-09,1.6472747e-13,3.893183e-11,4.087684e-11,1.4054682e-11,3.2719934e-12,1.6721944e-17
4FGL J0536.0-2754,84.0207,-27.9068,bcu,7.5166893,2.526355,2.509746,0.027348004,2.4258963e-12,14.711006,2.6053276e-10,3.612171e-09,8.5436325e-10,1.2492828e-10,2.5414197e-11,6.5620348e-12,1.0878156e-15,4.0888083e-16
4FGL J0536.2+1733,84.0719,17.5534,bll,14.119129,2.0756063,1.8977411,0.16849886,4.5825444e-12,20.073923,7.017625e-09,5.4729272e-12,7.3612555e-10,4.1769943e-10,1.4855621e-10,3.3075456e-11,7.0745606e-12,7.134702e-18
4FGL J0536.4-3401,84.1044,-34.0168,fsrq,21.570189,2.6186335,2.4270482,0.12628114,1.6766411e-11,711.42676,6.423923e-08,2.6642127e-08,7.0827975e-09,8.1612805e-10,1.2227029e-10,3.6295554e-12,3.657766e-16,1.810413e-12
4FGL J0536.4-3343,84.1146,-33.7231,bll,30.270435,1.8107259,1.6171901,0.11531109,9.493176e-12,18.063572,3.5441633e-10,2.9635385e-09,7.1480566e-10,5.010864e-10,2.3213856e-10,9.444648e-11,4.5351955e-11,2.784372e-12
4FGL J0536.5-2548,84.1267,-25.8012,bcu,9.307778,1.9316611,1.8223354,0.110829435,1.8473504e-12,8.995818,6.5467334e-09,9.692559e-11,2.1971e-10,1.2394666e-10,3.7237765e-11,1.7423661e-11,3.442237e-12,6.604177e-16
4FGL J0537.7-5717,84.4251,-57.2909,bll,20.878815,1.9424833,1.7604206,0.12023106,3.8693545e-12,12.836165,2.5982045e-09,1.357444e-09,6.2351546e-10,2.5585659e-10,1.2263883e-10,3.6579403e-11,8.807141e-12,4.4787777e-18
4FGL J0538.2-3910,84.5746,-39.1696,bll,10.60397,1.9709527,1.8861988,0.082954854,2.0604948e-12,45.542175,9.755589e-09,1.066081e-09,2.6315883e-10,1.3836039e-10,5.1314245e-11,1.1209241e-11,1.8493126e-12,1.5512542e-12
4FGL J0538.6+0443,84.663,4.7262,bcu,4.602253,1.8847136,1.525182,0.31986278,1.4450764e-12,14.057216,4.4691435e-11,7.124448e-10,2.8867642e-10,7.3230495e-13,3.730861e-11,1.5204176e-11,3.7156576e-12,1.9630855e-18
4FGL J0538.8-4405,84.7089,-44.0862,BLL,249.87148,2.1410642,2.0465772,0.068999685,1.5315753e-10,10390.042,1.4958212e-07,1.2614024e-07,4.6930914e-08,1.2106666e-08,3.376263e-09,6.0015926e-10,1.06552475e-10,2.9302964e-12
4FGL J0539.0+1644,84.75,16.7432,bcu,8.605903,1.9343492,1.7047272,0.24953231,2.2796422e-12,30.653633,8.761351e-11,2.1723072e-13,2.7717192e-10,7.259428e-11,9.6327786e-11,2.824708e-11,2.9449804e-12,2.032543e-16
4FGL J0539.6+1432,84.9052,14.5443,FSRQ,16.56795,2.5947332,2.4696336,0.12890121,1.0387471e-11,215.4907,2.527946e-08,1.2323882e-08,4.1851957e-09,6.844392e-10,1.05896236e-10,4.0048915e-12,2.1460704e-12,2.6724903e-16
4FGL J0539.7-1030,84.9266,-10.5109,bcu,5.0754404,2.4192917,2.411645,-0.045432046,2.5323708e-12,11.239535,1.0517516e-09,9.422532e-09,9.395767e-10,3.7986322e-11,4.003381e-11,6.828098e-12,4.8665785e-12,1.5959713e-15
4FGL J0539.7-0521c,84.9408,-5.3555,bcu,4.704865,2.6408474,2.8991916,0.39553538,5.062954e-12,12.838577,1.835179e-08,6.3945893e-09,3.2957355e-09,3.7332398e-10,7.0804855e-12,5.95465e-16,2.6911624e-12,1.9316237e-15
4FGL J0539.9-2839,84.9952,-28.6585,fsrq,49.626972,2.6933684,2.6612852,0.12566589,2.0395952e-11,910.0963,8.3083194e-08,4.396237e-08,8.240969e-09,9.1369223e-10,9.88675e-11,4.530667e-12,1.7392965e-16,4.0132946e-15
4FGL J0540.0+1209,85.0078,12.151,bcu,8.511999,2.3876286,2.3768094,0.01859011,4.2861873e-12,11.772455,3.0098247e-11,6.3314305e-09,1.4584494e-09,2.2437696e-10,5.3696207e-11,1.5672645e-11,1.2904131e-12,2.1732079e-15
4FGL J0540.5+5823,85.1481,58.3879,bll,25.662888,1.8841027,1.8648114,0.01817226,7.382494e-12,24.509754,4.3564157e-09,3.744907e-09,1.5920646e-09,3.1871378e-10,1.7395958e-10,5.419068e-11,2.3843202e-11,5.528465e-12
4FGL J0540.8-5415,85.2069,-54.2575,fsrq,12.975497,2.679874,2.7531393,0.11649656,4.916159e-12,133.90773,2.0851791e-13,9.574059e-09,2.0527147e-09,2.5262345e-10,2.0935151e-11,2.7095576e-12,1.9720566e-12,6.046345e-15
4FGL J0541.1-4854,85.2785,-48.9105,bcu,8.687546,2.052291,1.9842012,0.06309697,1.6586722e-12,16.85874,2.653462e-11,5.8527844e-10,3.4837622e-10,1.2629164e-10,1.7277653e-11,1.8337505e-11,1.7418954e-12,4.613076e-16
4FGL J0541.4-7334,85.3514,-73.5774,bcu,7.7567325,2.29634,2.195445,0.113936745,2.2264835e-12,11.757969,3.124918e-16,3.5735668e-09,5.475574e-10,1.5479816e-10,3.9970645e-11,8.394315e-12,2.5491467e-16,6.5040653e-16
4FGL J0541.6-0541,85.414,-5.6974,fsrq,7.580756,2.5847561,2.8442552,0.23903395,6.4366186e-12,13.040906,1.4954486e-10,6.91653e-09,2.890193e-09,4.1859613e-10,4.4075178e-11,1.621594e-13,1.0060053e-14,1.7425354e-18
4FGL J0542.4+3547c,85.6081,35.7849,bcu,6.141145,2.5376656,2.6957283,0.22150563,6.4239287e-12,12.964424,2.9085927e-13,1.03321565e-08,3.3471477e-09,4.5418927e-10,6.562866e-11,7.909081e-12,2.4655144e-16,7.0785977e-13
4FGL J0542.8-3458,85.704,-34.9826,bcu,5.8217936,1.9649005,1.8993917,0.069248185,1.0719406e-12,10.257832,4.68199e-10,9.519733e-10,1.5840458e-10,5.83622e-11,2.4303719e-11,6.6127125e-12,5.489653e-12,9.843096e-16
4FGL J0542.9-0913,85.7409,-9.2208,bcu,15.842525,2.5516748,2.7028153,0.177181,1.6764489e-11,62.25416,8.667784e-09,1.34508795e-08,8.039489e-09,8.9250385e-10,1.4803479e-10,1.4243663e-11,8.7986595e-13,5.867365e-15
4FGL J0543.2+8238,85.8059,82.6344,bcu,14.68312,2.4795485,2.3991077,0.1057866,3.7052436e-12,192.52538,1.4362082e-08,3.7092138e-09,1.3401553e-09,2.4279634e-10,3.3352546e-11,5.2494922e-12,5.4953524e-13,8.9744034e-17
4FGL J0543.9-5531,85.9814,-55.5327,bll,76.43496,1.7847546,1.6606877,0.061539542,2.6397766e-11,368.1505,1.4803758e-08,5.1763505e-09,3.0822633e-09,1.317476e-09,6.845933e-10,2.4265617e-10,8.7010905e-11,2.3255169e-11
4FGL J0545.0+0613c,86.2679,6.2271,bcu,7.6192822,2.6352265,2.6122522,0.4215675,5.333705e-12,19.486382,9.863579e-12,3.574825e-09,2.9165916e-09,3.7604536e-10,4.2319297e-14,4.2383983e-12,8.429883e-13,4.590782e-16
4FGL J0546.9-2206,86.7266,-22.1124,bll,5.924904,2.028755,1.9964243,0.08846554,1.225942e-12,8.496225,3.3951707e-13,6.420022e-11,3.4355913e-10,8.142122e-11,2.438806e-11,5.0616126e-12,3.4097657e-12,7.8008955e-18
4FGL J0548.5-5218,87.1442,-52.3153,bcu,11.148114,2.0357726,1.7443552,0.32975194,1.4312712e-12,38.630116,4.083999e-09,6.222051e-14,1.6039649e-10,1.4496516e-10,6.9040294e-11,6.80642e-12,1.4507076e-12,2.5992866e-16
4FGL J0549.0+3258c,87.2698,32.9686,bcu,9.531918,2.0407085,1.9714773,0.08683777,3.8074648e-12,14.060861,1.5696626e-08,2.9336673e-09,5.113317e-10,2.445849e-10,7.79707e-11,2.4935146e-11,6.5966304e-12,9.546966e-23
4FGL J0550.3-5733,87.5847,-57.5536,fsrq,9.553469,2.2525225,2.1802258,0.102802455,2.45318e-12,28.493906,8.384417e-10,1.090297e-09,6.9419676e-10,1.7933822e-10,4.163727e-11,3.0368362e-12,4.1937257e-12,1.7508308e-17
4FGL J0550.5-3216,87.6252,-32.2771,bll,16.323015,1.8294437,1.8230916,0.0054437704,3.6351909e-12,10.397639,5.0671027e-09,2.0428657e-09,5.194016e-10,1.6429291e-10,9.1339124e-11,2.4916168e-11,7.307836e-12,6.6399278e-12
4FGL J0550.9+2552c,87.7457,25.871,bcu,5.862156,2.6018722,2.458488,0.26408318,4.8012115e-12,8.894594,1.863287e-09,3.558403e-09,1.9973088e-09,4.2743512e-10,7.7033074e-11,1.8126293e-15,8.549455e-17,1.7320528e-12
4FGL J0551.0-1622,87.7503,-16.3808,bcu,5.5506325,2.3512573,2.2533236,0.5521902,9.918445e-13,57.998928,7.5834944e-13,2.6783008e-13,2.2108701e-10,1.6930173e-10,2.9580692e-11,8.785345e-13,4.36564e-14,8.12365e-16
4FGL J0551.8-3517,87.9674,-35.2839,bcu,5.0137625,2.0967965,2.0312703,0.06520526,1.0650198e-12,16.100409,1.4496675e-09,8.254929e-10,1.9545111e-10,7.218997e-11,1.9457914e-11,6.0670843e-12,3.1034027e-12,2.008948e-16
4FGL J0552.4+3755,88.1033,37.92,bcu,9.406657,2.5778177,2.5202677,0.15795313,5.5287806e-12,11.564671,9.985199e-09,7.266524e-09,2.5705185e-09,3.2592706e-10,7.111109e-11,5.7859225e-12,8.4510583e-13,1.9547453e-21
4FGL J0552.8+0313,88.218,3.2322,bcu,4.4445486,2.4136286,2.495702,0.15699914,4.6608867e-12,39.88218,1.0867906e-12,3.763875e-09,1.5997753e-09,3.4526976e-10,5.5097683e-11,1.2776617e-11,8.663483e-17,1.1230192e-18
4FGL J0553.5-2034,88.3909,-20.5777,bll,27.388674,2.0317,1.8968011,0.10526024,6.697541e-12,28.240696,4.0478922e-12,4.4962385e-09,1.3600209e-09,5.8292016e-10,1.675182e-10,4.7262482e-11,7.92382e-12,1.7133503e-12
4FGL J0554.3-1009c,88.5897,-10.1525,bcu,6.405726,2.6186466,2.5972447,0.29918927,4.485908e-12,8.359143,3.548051e-11,1.0086023e-08,2.3362168e-09,3.800666e-10,1.4752012e-11,2.2554515e-12,1.7796239e-16,6.4812657e-15
4FGL J0554.4-2757,88.6104,-27.9564,bll,6.060359,1.5423665,1.3480009,0.20923525,9.061476e-13,18.636013,5.688368e-09,2.1628412e-15,4.465144e-14,2.6788222e-12,2.0498271e-11,1.0254221e-11,7.596773e-12,1.6789085e-12
4FGL J0555.1+0304,88.7776,3.071,bcu,8.549581,2.536588,2.823608,0.2978593,7.1418904e-12,18.21844,2.0570827e-14,8.964108e-09,4.0459036e-09,4.4671022e-10,5.670194e-11,3.764226e-12,1.001918e-12,2.3648808e-16
4FGL J0555.6+3947,88.9015,39.7878,fsrq,22.582521,2.7542827,2.648592,0.22147267,1.5010328e-11,229.66248,7.7199374e-08,2.7087456e-08,6.7393113e-09,6.937714e-10,5.88675e-11,1.1463573e-12,2.9240596e-17,4.7207825e-16
4FGL J0556.2-4352,89.0749,-43.8696,bll,18.00206,2.045958,1.858257,0.16667645,3.4371256e-12,45.169533,1.3166554e-12,7.865162e-16,5.2898713e-10,3.1605168e-10,1.10777866e-10,2.7582938e-11,4.4614356e-12,3.6792626e-17
4FGL J0557.2+7705,89.3129,77.0854,bcu,6.846141,2.1546376,2.0750725,0.111665525,1.4606015e-12,17.42794,3.8918545e-11,1.6177774e-10,3.7382586e-10,9.562544e-11,2.4336639e-11,9.207514e-12,8.8037325e-13,6.6775165e-16
4FGL J0557.3-0615,89.3437,-6.2654,bcu,9.132544,2.0963988,2.1161175,-0.031558044,3.1198102e-12,11.529014,1.1616341e-08,4.6155044e-09,1.3153248e-09,8.705242e-11,5.0830472e-11,1.8432434e-11,1.2904012e-11,5.903519e-23
4FGL J0557.4-0302,89.3743,-3.0455,bcu,4.509168,2.5060515,2.5594862,0.11172847,3.492158e-12,6.150016,8.737139e-12,3.8223034e-09,1.6797503e-09,1.1368047e-10,3.4305947e-11,6.431339e-12,1.4178979e-13,3.6071545e-21
4FGL J0557.6-0721,89.4165,-7.3512,bcu,5.9272385,1.9182932,1.8408583,0.049587853,1.7340139e-12,26.066616,7.607914e-12,1.992146e-09,3.46808e-10,6.102534e-12,4.3578835e-11,1.2872393e-11,8.1798335e-12,4.0178578e-18
4FGL J0558.0-3837,89.5233,-38.6317,bll,28.699732,1.8634219,1.6983672,0.095996566,6.3745975e-12,22.84938,4.3174436e-10,1.6409779e-09,8.4384993e-10,3.728284e-10,1.7200434e-10,6.900429e-11,1.740981e-11,1.6754621e-12
4FGL J0558.1-2859,89.5388,-28.9835,bcu,7.578428,2.2632997,2.1932855,0.117144555,1.8590713e-12,15.288093,2.4126267e-12,2.2257383e-09,4.932396e-10,1.4338787e-10,2.8985755e-11,7.2530445e-12,3.4198428e-19,9.755749e-18
4FGL J0558.8-7459,89.7236,-74.992,bll,22.978104,2.079469,1.9546953,0.080918945,5.2526733e-12,20.944937,9.692864e-09,3.7282852e-09,1.144654e-09,4.0717815e-10,1.392325e-10,3.7214662e-11,5.3771505e-12,1.5516962e-13
4FGL J0559.6+3044,89.9039,30.7471,bcu,8.558101,1.6433537,1.5867844,0.23543735,2.1084987e-12,14.02037,4.981737e-09,5.8528577e-12,3.194926e-15,1.3440993e-12,6.0860164e-11,2.1294454e-11,8.033036e-12,1.6373422e-12
4FGL J0559.7-1817,89.9458,-18.2984,bcu,5.250633,2.5674126,2.5796666,-0.036478467,2.1036551e-12,7.498399,1.7620113e-08,5.0780313e-09,8.2308504e-10,7.5206286e-11,2.1779814e-11,8.323533e-12,1.8622606e-16,8.751254e-18
4FGL J0559.9+6409,89.999,64.1561,bcu,9.896096,2.083123,2.0449152,0.034955002,2.1282245e-12,11.514937,3.4757542e-12,1.19178e-09,6.6148836e-10,7.280141e-11,5.83708e-11,1.0746559e-11,6.4462307e-12,1.0032471e-18
4FGL J0600.3+1244,90.0816,12.7444,bll,13.408011,1.5504045,1.4077872,0.16120638,4.26034e-12,16.013317,3.0048156e-12,1.0804206e-15,5.712821e-18,7.284281e-11,7.726004e-11,6.027373e-11,9.859106e-12,1.360219e-11
4FGL J0600.6-3939,90.1507,-39.6507,fsrq,16.757677,2.8045473,2.656944,0.20704898,8.005593e-12,114.98534,3.13921e-08,1.7568235e-08,3.3157417e-09,3.0899647e-10,1.9995724e-11,1.7112688e-14,1.1749674e-15,2.863222e-15
4FGL J0601.0+3838,90.2687,38.6345,bll,22.023596,2.006946,1.9904296,0.02103905,8.637991e-12,11.2917185,1.0808388e-12,6.800093e-09,2.060406e-09,4.7397414e-10,2.0119932e-10,4.1391238e-11,2.1304394e-11,6.385148e-12
4FGL J0601.1-7035,90.2958,-70.5895,fsrq,60.79063,2.3737342,2.2638283,0.11204214,2.0975449e-11,956.6988,3.3614754e-08,2.4346447e-08,8.37229e-09,1.6199497e-09,3.0571934e-10,4.5620164e-11,2.750764e-12,2.4479408e-16
4FGL J0601.3-7238,90.3265,-72.6373,bll,8.908189,2.2045777,2.1978064,0.013490055,2.0634835e-12,20.492165,2.1356776e-11,7.846392e-11,6.3199307e-10,1.416193e-10,2.8023939e-11,1.0698782e-11,4.1002184e-12,1.6913935e-16
4FGL J0601.3+5444,90.3303,54.7344,bcu,7.3488936,1.7463341,1.7131832,0.03997829,1.351529e-12,18.65646,1.8746945e-11,1.8685564e-09,5.7146954e-11,5.0314756e-11,3.8113988e-11,1.0552246e-11,1.909421e-12,2.4956202e-12
4FGL J0601.4+2320,90.3703,23.3478,fsrq,9.513901,2.7780752,3.119243,0.56931704,9.4843855e-12,13.351126,1.1510372e-08,1.1550373e-08,5.5239173e-09,4.3224285e-10,2.8412994e-11,5.4732165e-12,3.2908714e-15,5.4033613e-16
4FGL J0601.8-2003,90.4729,-20.059,fsrq,13.078906,2.6916916,2.6725538,0.06674928,5.126319e-12,20.869871,1.2600033e-08,1.0634152e-08,1.9719288e-09,2.2565359e-10,2.1434068e-11,7.460012e-12,5.376865e-13,5.121706e-16
4FGL J0602.0+5315,90.5148,53.2657,bll,31.036577,1.9676299,1.9354035,0.031127313,9.511348e-12,76.00613,1.0942723e-08,4.5694466e-09,1.8642137e-09,5.343974e-10,2.1308734e-10,6.544153e-11,3.081092e-11,3.2162046e-17
4FGL J0602.7-0007,90.6953,-0.1248,bll,7.155027,2.3381147,2.336156,-0.0007338174,4.4399146e-12,8.495425,1.752572e-13,6.410129e-09,1.3400693e-09,2.7727287e-10,5.3457606e-11,1.525382e-11,7.602236e-13,9.649036e-13
4FGL J0602.8-4019,90.7166,-40.3293,bll,42.19593,1.9209989,1.7229947,0.12523484,1.1107037e-11,33.44985,1.7625193e-11,1.7401174e-12,1.9836965e-09,7.095345e-10,3.7161837e-10,1.03452184e-10,1.2888277e-11,1.4968783e-12
4FGL J0602.8+6041,90.7229,60.6965,bcu,4.936681,2.3711524,2.3439155,0.07534668,1.5397157e-12,18.16614,7.668392e-12,2.3021187e-09,5.017822e-10,9.9651384e-11,2.2991237e-11,2.1087018e-16,2.5204892e-12,1.4119163e-18
4FGL J0603.0-2936,90.7622,-29.6108,bcu,4.6984367,2.496543,2.4290967,0.16152793,1.4277502e-12,5.5285563,3.6423645e-11,1.250367e-09,6.18332e-10,7.888815e-11,1.91635e-11,5.450477e-13,6.6784955e-19,2.6026495e-17
4FGL J0603.9+2159,90.9815,21.9848,bcu,11.826188,2.5215383,2.519913,-0.018150646,1.1051251e-11,20.661388,1.02033255e-07,1.4193698e-08,4.9147952e-09,3.2197345e-10,1.6320768e-10,9.20469e-12,7.385081e-12,1.6082048e-15
4FGL J0604.1-4816,91.0477,-48.2797,bll,16.044662,1.8857121,1.8370479,0.058104176,3.3315787e-12,34.847485,1.040324e-10,2.4914437e-11,5.424726e-10,1.9100273e-10,6.724068e-11,2.2052849e-11,1.6997017e-11,3.4657088e-15
4FGL J0604.5-4851,91.1392,-48.8577,bcu,4.322339,2.3537204,2.3489325,0.005479922,1.1193153e-12,23.684416,4.3940807e-10,3.4778647e-09,3.772111e-10,6.855691e-11,1.4715038e-11,1.7172859e-12,1.5820045e-12,6.9976585e-19
4FGL J0604.8+4411,91.207,44.1924,bcu,10.685186,2.5771923,2.543725,0.063047975,6.0367622e-12,150.44125,8.493988e-11,1.0049294e-08,2.0883504e-09,3.5124262e-10,5.4265294e-11,6.0480076e-12,1.2207633e-15,1.3584177e-15
4FGL J0604.9-0000,91.241,-0.0038,bcu,14.046578,2.122834,2.012472,0.122809306,4.967468e-12,10.210356,3.3911752e-11,1.2370657e-09,1.412401e-09,3.8029602e-10,1.1879141e-10,5.4658153e-11,5.512967e-14,1.0177962e-18
4FGL J0606.5-4730,91.6416,-47.5038,bcu,14.126873,1.9721518,1.848581,0.10695259,2.5944837e-12,19.504688,6.0877734e-09,3.305974e-12,4.6034124e-10,1.8535845e-10,7.6220016e-11,2.227079e-11,5.7585364e-12,1.2257031e-16
4FGL J0606.9+4402,91.7422,44.0368,bcu,4.903736,1.8693658,1.3082976,0.40825555,9.894719e-13,17.370941,1.0997914e-08,1.0679003e-12,2.3177387e-12,4.4910922e-11,1.1911708e-11,1.6404341e-11,2.7378778e-14,4.485588e-15
4FGL J0607.2-2518,91.818,-25.3133,bll,9.285021,1.9060788,1.8212119,0.11798315,1.7681971e-12,17.17264,7.2737882e-09,1.0483995e-14,1.1706663e-10,1.2235818e-10,4.759005e-11,7.903378e-12,3.2792287e-12,2.8090859e-12
4FGL J0607.4+4739,91.8571,47.6635,bll,68.23372,2.0666397,1.9659305,0.06794789,2.6578106e-11,169.7057,1.0896055e-08,1.6970695e-08,6.350595e-09,2.0281412e-09,6.8602357e-10,1.523765e-10,3.0761237e-11,1.430103e-12
4FGL J0608.0+6721,92.0057,67.3512,fsrq,16.701574,2.474997,2.3597524,0.14216205,4.426391e-12,90.14487,1.9038021e-10,6.080566e-09,1.651723e-09,3.838408e-10,5.2928356e-11,4.85784e-12,2.2350518e-16,1.2209866e-16
4FGL J0608.0-0835,92.0101,-8.5857,fsrq,32.646084,2.4369063,2.3727977,0.10078195,2.0345364e-11,351.45117,3.3489194e-08,2.7138412e-08,7.864162e-09,1.4491153e-09,2.7328612e-10,2.0264507e-11,4.653125e-13,1.871816e-12
4FGL J0608.1-6028,92.028,-60.4755,fsrq,6.6365814,2.7618725,2.743127,0.16674303,3.1025714e-12,51.344013,1.0313409e-08,2.0880122e-09,1.2604225e-09,1.3554367e-10,1.5810915e-11,2.1734215e-15,2.8235395e-13,2.6044473e-17
4FGL J0608.1-1521,92.0302,-15.3639,fsrq,21.234486,2.5901651,2.4852147,0.10260857,1.089667e-11,386.31097,3.303638e-08,1.73746e-08,4.5457966e-09,5.892676e-10,9.541179e-11,7.2230624e-12,3.9219875e-17,1.572848e-12
4FGL J0608.8+5553,92.2005,55.899,bcu,5.022601,2.4909613,2.4192648,0.15710376,1.8597522e-12,16.662624,1.2227569e-10,3.7626274e-10,7.326836e-10,1.04793584e-10,2.3274688e-11,2.2443397e-12,2.5915603e-16,3.2430777e-16
4FGL J0608.9-5456,92.2387,-54.9425,bcu,17.665691,2.6591773,2.5245423,0.14973888,5.3219803e-12,119.02631,2.3857556e-08,9.104594e-09,2.2892324e-09,3.0650135e-10,3.1052612e-11,2.237277e-14,5.4296334e-17,1.7822741e-17
4FGL J0609.0-2219,92.262,-22.3316,fsrq,8.7503,2.3159852,2.2898836,0.081930146,2.6763607e-12,26.30082,9.932814e-09,2.1972495e-09,7.9958595e-10,1.809925e-10,4.696923e-11,4.0484647e-12,1.6306428e-15,2.5333897e-17
4FGL J0609.2-0247,92.3114,-2.7954,bll,26.778605,1.8932655,1.5895778,0.23359337,8.335864e-12,12.613476,6.546998e-13,5.3610675e-12,4.1862402e-10,5.886753e-10,2.9012875e-10,1.0219296e-10,1.6414571e-11,4.022197e-22
4FGL J0609.5+1402,92.3996,14.0395,bcu,7.935744,2.6105363,2.8376527,0.29125538,8.1198225e-12,7.9297194,4.1349027e-10,6.9888255e-09,4.356451e-09,4.8690296e-10,3.7353353e-11,8.829301e-12,5.8726605e-16,9.039254e-16
4FGL J0610.1-1848,92.5455,-18.8076,bll,15.486256,2.3298757,2.2549174,0.10682285,4.911396e-12,33.797283,9.266663e-10,3.4654837e-09,1.6609575e-09,4.2965517e-10,8.42554e-11,1.5714905e-11,4.1607283e-15,2.871669e-16
4FGL J0610.7+1656,92.6761,16.946,bcu,5.942814,2.7178035,2.8389106,0.4233044,7.500068e-12,6.9360256,2.6198715e-10,6.154354e-09,4.5441855e-09,5.1342697e-10,4.035644e-11,4.499632e-15,5.6113646e-16,1.710643e-15
4FGL J0610.9-6054,92.7305,-60.9164,fsrq,12.047324,2.699541,2.7531831,0.16779025,4.247288e-12,47.43436,2.265729e-08,1.0336529e-08,1.6648771e-09,2.5192873e-10,2.1711398e-11,3.6595293e-12,4.0819304e-16,2.2980292e-16
4FGL J0611.1+4325,92.7984,43.4261,bcu,19.59982,1.8841757,1.696263,0.11322313,4.8838143e-12,13.748982,6.010599e-10,8.4417084e-10,7.065792e-10,2.518426e-10,1.4129896e-10,4.892897e-11,1.6043644e-11,2.897411e-16
4FGL J0611.6-2712,92.9115,-27.2152,bcu,30.111454,2.3434017,2.3055632,0.04946411,9.18012e-12,469.06833,3.1593639e-09,1.2650012e-08,2.8525406e-09,6.079875e-10,1.5348202e-10,1.4384053e-11,3.5851335e-12,3.7859927e-16
4FGL J0611.6+2803,92.9237,28.0561,bll,10.706359,2.401088,2.3783548,0.04177886,6.9911065e-12,30.5629,1.2331167e-08,9.3644195e-09,2.0859863e-09,4.5241264e-10,9.055415e-11,1.5352872e-11,1.8860289e-12,9.034858e-23
4FGL J0612.5-3138,93.128,-31.6381,fsrq,11.582193,2.491887,2.4888644,0.04332686,4.1413648e-12,69.69577,4.485031e-09,7.924617e-09,1.3419168e-09,2.5327576e-10,3.8718636e-11,7.541268e-12,2.6060922e-12,8.964004e-14
4FGL J0612.5-3934,93.1416,-39.5824,bcu,6.432132,2.5404356,2.4678712,0.08435223,2.312202e-12,16.62993,1.6307924e-08,5.6816347e-09,6.594299e-10,1.390897e-10,2.8756381e-11,2.0670126e-15,2.3617603e-12,1.9401326e-17
4FGL J0612.8+4122,93.2218,41.3717,bll,89.55751,1.9903857,1.8400599,0.104130246,3.9426257e-11,99.656746,2.5238371e-08,1.6369244e-08,8.797765e-09,3.1925338e-09,1.1285579e-09,2.6870642e-10,5.022422e-11,1.9773439e-12
4FGL J0613.6+7108,93.4141,71.1355,bll,8.484193,2.0941036,2.0974545,-0.0038373566,1.8670404e-12,33.579628,1.8995128e-09,2.9130125e-09,4.7269566e-10,1.09603535e-10,3.3591012e-11,1.1068296e-11,4.2003814e-12,2.0401204e-15
4FGL J0613.6+1709,93.4217,17.1516,bcu,4.6845293,2.56436,2.4590628,0.3941763,3.3138535e-12,50.759796,1.1354754e-08,3.2048305e-11,5.384025e-10,4.6228643e-10,8.117561e-11,2.7691228e-16,2.1783363e-17,1.0240617e-15
4FGL J0614.8+6136,93.7213,61.6079,bcu,6.1512904,2.5404818,2.5805373,0.117233574,2.4278854e-12,40.313614,2.3890765e-09,3.836969e-09,1.0770924e-09,1.11424314e-10,2.1137066e-11,2.0887114e-12,1.8181269e-18,1.1307092e-12
4FGL J0614.9+2426,93.7394,24.4475,bcu,7.4879537,2.3285444,2.277488,0.22219229,3.146099e-12,10.389354,7.452463e-12,1.4023959e-14,8.55979e-10,3.1226574e-10,9.234487e-11,1.0126035e-11,8.059993e-18,7.287012e-16
4FGL J0615.3-3117,93.8394,-31.2853,bll,13.36516,2.2128365,2.1957097,0.045782622,3.680688e-12,35.317474,1.458467e-11,3.971252e-09,1.1296061e-09,2.403435e-10,6.4441244e-11,1.0320219e-11,5.8688553e-12,1.0632607e-12
4FGL J0616.1-1732,94.0356,-17.5474,bll,5.6307,1.7818943,1.3947723,0.41745546,1.0015238e-12,12.050216,5.9556995e-09,1.2146596e-12,3.80819e-11,1.788343e-11,2.9645696e-11,1.5381458e-11,2.4993078e-12,9.467557e-16
4FGL J0616.7-1049,94.1761,-10.823,bcu,7.18564,2.7462254,2.890947,0.26702556,5.883026e-12,20.984623,3.2896793e-11,1.8293592e-08,2.756241e-09,1.8856007e-10,2.1567964e-11,5.5516165e-16,1.2472765e-14,3.0269447e-15
4FGL J0616.9+4340,94.2405,43.6815,bcu,5.501404,1.8457897,1.7864753,0.029945912,1.1970233e-12,12.721037,2.1097772e-12,1.3545955e-09,2.9878883e-10,4.4431427e-11,1.8908337e-11,1.3460695e-11,3.7792915e-12,8.428637e-13
4FGL J0617.2+5701,94.3162,57.0249,bll,46.907944,2.0279598,1.9336871,0.06791668,1.3295585e-11,111.87262,2.1894847e-08,6.572395e-09,2.9754152e-09,9.667147e-10,3.5128273e-10,9.679972e-11,1.7586821e-11,1.3308294e-12
4FGL J0617.7-1715,94.4251,-17.2537,bll,29.062435,1.959339,1.8352001,0.08055269,9.450056e-12,28.181936,1.5164087e-10,4.925485e-09,1.6632383e-09,5.945047e-10,2.5776936e-10,9.3731356e-11,2.0679923e-11,1.3950668e-16
4FGL J0617.9-0319,94.4951,-3.3303,bcu,4.4183292,2.6479013,2.546303,0.13468702,3.203064e-12,33.449406,1.7957602e-08,3.9293715e-09,7.565184e-10,2.3739966e-10,2.336866e-11,3.879929e-15,1.5981482e-18,7.746016e-19
4FGL J0618.1-2428,94.5325,-24.4825,fsrq,8.753725,2.2629979,2.214639,0.19893754,1.911891e-12,9.35409,2.0316795e-11,1.0931666e-09,7.5137024e-10,1.982938e-10,4.4640732e-11,4.2961784e-12,1.2362705e-12,1.4162411e-12
4FGL J0618.9-1138,94.7482,-11.636,bcu,6.000437,2.4846816,2.443751,0.1644019,4.2655298e-12,29.637934,1.0054088e-09,6.999057e-10,1.2770212e-09,3.30352e-10,3.2679606e-11,6.413616e-12,8.013614e-17,4.0440453e-16
4FGL J0620.0+5733,95.018,57.5595,bcu,4.7465515,1.9905553,1.7707063,0.18085329,8.5847925e-13,10.714285,7.644678e-11,3.4888278e-10,9.718429e-11,2.7841738e-11,2.3048587e-11,7.279914e-12,2.0839886e-12,8.741337e-17
4FGL J0620.3+3804,95.0788,38.0812,bcu,4.9829874,2.5423229,2.5771112,0.05999118,3.1750696e-12,9.3720665,7.487287e-10,6.3222663e-09,1.7040532e-09,1.4975311e-10,2.8410137e-11,6.5293825e-12,2.8088938e-15,6.253247e-15
4FGL J0620.5-2512,95.1445,-25.2129,bcu,17.800673,2.5861733,2.6112413,0.103540495,7.437697e-12,140.80684,2.4978661e-08,1.3030039e-08,3.1041538e-09,4.0996054e-10,6.279726e-11,8.931929e-12,2.5936096e-15,4.553241e-13
4FGL J0620.7+2643,95.1766,26.7291,bll,11.720515,1.5881367,1.5711347,0.053768765,2.9152577e-12,10.787833,1.3539984e-10,8.3788683e-13,7.4160587e-17,9.176248e-11,5.6793095e-11,2.3070929e-11,1.8660089e-11,8.347095e-12
4FGL J0621.2-4648,95.3015,-46.8071,bcu,5.7528734,2.6969438,2.6515644,0.072259866,2.0747906e-12,11.855616,8.5193935e-12,3.4371364e-09,8.055658e-10,1.0414011e-10,1.3750185e-11,5.4944306e-16,6.1190317e-16,2.265455e-16
4FGL J0621.2-2213,95.3137,-22.2212,bcu,9.353514,2.4087946,2.372095,0.05915773,3.139933e-12,19.79246,1.2102138e-08,4.305537e-09,9.687867e-10,1.8446453e-10,4.9444802e-11,5.9784287e-12,3.8634885e-16,8.940359e-18
4FGL J0621.7-3411,95.4325,-34.1977,bll,6.8361025,2.005905,1.7782495,0.2838535,9.614093e-13,4.5507207,9.210983e-12,1.5828493e-09,3.5482922e-11,5.036209e-11,4.7246106e-11,8.323913e-12,3.1782211e-12,7.387907e-18
4FGL J0621.8+1746,95.4517,17.7789,bll,8.464605,1.936458,1.965878,-0.029056873,3.6787214e-12,29.252375,6.7177757e-09,7.90024e-09,7.9142726e-10,1.9750174e-10,5.797201e-11,3.0490787e-11,9.932817e-12,4.9071858e-12
4FGL J0622.3-2605,95.5956,-26.0963,bll,58.99663,1.890837,1.8107426,0.040393647,2.1542225e-11,146.92633,4.4114796e-09,7.2877726e-09,3.51048e-09,1.2393611e-09,5.171986e-10,1.9746849e-10,5.6765655e-11,1.186333e-11
4FGL J0622.4-6433,95.6141,-64.5577,fsrq,5.2244143,2.920999,2.9384189,-0.09009402,2.2473314e-12,17.772202,2.0607038e-08,6.296926e-09,7.3722367e-10,3.483619e-11,1.5524828e-11,1.5866028e-12,1.3529694e-12,6.738945e-18
4FGL J0622.7-4141,95.6925,-41.6937,bcu,12.223095,2.2252927,1.883457,0.44762436,1.7934524e-12,13.544083,3.6098413e-09,2.4002388e-13,4.1204531e-10,2.5674074e-10,7.359144e-11,2.5752597e-12,2.5598494e-15,2.6661357e-16
4FGL J0622.9+3326,95.7296,33.4335,BCU,53.31614,2.2398374,2.1586695,0.06665077,2.77075e-11,2808.651,4.7485134e-08,2.3818405e-08,9.336908e-09,2.0457478e-09,5.9581967e-10,7.4022684e-11,1.870306e-11,1.4577438e-12
4FGL J0623.0-3010,95.7646,-30.1828,bcu,6.64021,2.5637288,2.5234387,0.14414613,2.6579969e-12,33.690033,4.187232e-11,1.7994284e-09,1.2018296e-09,1.3544496e-10,2.6262888e-11,1.51175e-12,4.317041e-16,1.2592144e-15
4FGL J0623.2+3044,95.8231,30.7395,bll,14.727509,1.982233,1.7359515,0.16635993,3.9461247e-12,25.453712,9.743732e-09,2.8597391e-09,5.6892563e-10,2.2167758e-10,1.3689573e-10,4.269942e-11,4.89184e-12,1.69631e-12
4FGL J0623.6-3351,95.9063,-33.8541,bcu,32.75206,2.339804,2.2078662,0.13139077,1.139603e-11,641.7705,1.5377903e-09,1.0142946e-08,4.60817e-09,9.248782e-10,1.9723241e-10,1.7440637e-11,4.0404837e-12,1.19369665e-17
4FGL J0623.9-5259,95.9824,-52.9954,bll,11.074554,2.0460126,2.0795133,-0.032363262,2.507452e-12,21.60963,1.07663904e-08,1.4828233e-14,7.739292e-10,1.3234817e-10,4.634334e-11,1.5059762e-11,6.7182137e-12,1.4648409e-12
4FGL J0624.1-6330,96.0406,-63.5097,bcu,5.766102,2.1054149,2.1210647,-0.012901962,1.3240567e-12,19.295176,7.0502827e-13,8.798865e-10,2.8453348e-10,8.52334e-11,2.8229016e-11,4.1045015e-12,6.9118296e-12,2.5607672e-16
4FGL J0624.2-2943,96.0616,-29.7178,bcu,6.064482,1.9742693,1.9783019,-0.009187442,1.3554735e-12,9.416288,9.054788e-09,1.89178e-09,1.2190109e-10,9.893544e-11,2.79137e-11,3.5392917e-12,4.2378453e-12,1.8007299e-12
4FGL J0625.3+4439,96.3288,44.6648,bll,28.905853,2.103688,2.026788,0.04901431,8.704762e-12,34.087887,1.09964455e-08,6.2523537e-09,2.1530229e-09,6.0816097e-10,2.1567031e-10,5.1502212e-11,8.726709e-12,1.6337124e-12
4FGL J0625.8-5441,96.4523,-54.6919,fsrq,12.170346,2.7760963,2.757981,0.034875616,4.937646e-12,31.658289,1.7250336e-08,1.1375215e-08,1.7923174e-09,1.6846637e-10,4.773208e-11,2.444402e-16,2.7745816e-16,8.665133e-21
4FGL J0626.4-4259,96.6095,-42.9835,bll,13.375583,1.8733746,1.5564709,0.20434332,2.358489e-12,33.235237,7.687924e-09,9.197805e-10,2.865271e-10,1.2583079e-10,8.0247614e-11,2.4566635e-11,7.049535e-12,1.1319856e-15
4FGL J0626.4-1712,96.6175,-17.2017,bll,7.1709127,1.9557076,1.8071432,0.07527468,2.0356219e-12,6.7448597,1.2849821e-09,7.3725314e-14,4.677537e-10,6.139568e-11,6.0914676e-11,6.5060657e-12,9.121876e-12,4.7665043e-16
4FGL J0626.8-2603,96.7166,-26.0581,bcu,4.2187486,2.546008,2.5381153,-0.054933026,1.7978379e-12,9.089716,1.6102785e-08,1.4102849e-09,6.243165e-10,9.868551e-11,1.0955716e-11,8.390473e-12,2.1794376e-12,1.4073876e-15
4FGL J0627.0+2623,96.752,26.3959,bcu,5.167546,1.5975456,1.5558299,0.1675908,9.457326e-13,11.395206,1.1606258e-08,1.8150703e-11,2.789519e-18,2.0944258e-11,2.137224e-11,1.0743799e-11,3.5156114e-12,1.3988546e-12
4FGL J0628.6-6711,97.152,-67.1871,bcu,4.3479977,2.5752702,2.4660773,0.118562214,1.4830302e-12,31.43851,6.6782784e-09,2.1504056e-09,4.1738887e-10,1.03894e-10,1.3416771e-11,7.43148e-15,1.2919893e-15,7.01988e-18
4FGL J0628.6+6900,97.1695,69.0006,bcu,12.095927,2.1352043,2.0813005,0.069537245,2.6720965e-12,14.472238,1.2662993e-08,1.3517228e-09,4.9985466e-10,1.9624026e-10,5.6371793e-11,1.22784664e-11,3.742453e-12,1.2815017e-16
4FGL J0628.8-6250,97.2174,-62.8405,bll,26.967234,2.2048795,2.067182,0.113518514,6.1606944e-12,40.154297,1.3787342e-11,4.6076774e-09,1.8656e-09,5.62017e-10,1.4569251e-10,2.903626e-11,9.2098865e-17,2.0299194e-17
4FGL J0629.3-1959,97.3478,-19.9999,bll,23.510777,2.2711096,2.288567,0.075588755,1.4042905e-11,369.98764,1.070259e-10,1.3475504e-08,4.092574e-09,1.1155723e-09,2.6114366e-10,5.562205e-11,4.9102484e-12,2.2337025e-17
4FGL J0629.6+2435,97.4084,24.5877,bcu,9.657403,2.0334332,1.9164708,0.22684966,2.456943e-12,28.222475,8.667015e-12,1.9610754e-14,1.7954446e-10,2.0577708e-10,9.373104e-11,2.4163591e-11,2.2423276e-12,2.4011934e-15
4FGL J0630.1-2010,97.5433,-20.1794,bcu,5.082344,2.0180573,2.0123227,-0.0030626429,1.8006486e-12,13.150255,5.1717113e-11,2.5763913e-09,1.0224795e-09,5.7749888e-11,5.9203024e-11,1.9670717e-12,5.537176e-12,1.7232965e-12
4FGL J0630.2+3228,97.5576,32.4681,bcu,4.9195952,2.0974638,2.066839,0.036863383,1.5518579e-12,11.935559,6.8517262e-12,2.4936643e-11,2.145925e-10,1.3375819e-10,2.087948e-11,5.7221493e-12,8.189298e-12,3.7886653e-16
4FGL J0630.9-2406,97.7414,-24.111,bll,103.309135,1.812524,1.6562299,0.096186526,5.0587742e-11,135.05614,1.4097058e-11,7.657874e-09,6.3677743e-09,2.9021705e-09,1.4106857e-09,5.2827176e-10,1.5522905e-10,1.504505e-12
4FGL J0631.1+2020,97.7766,20.3406,bcu,14.253211,2.4517086,2.307849,0.15949006,6.13263e-12,71.33468,2.9734359e-08,4.653515e-09,2.121351e-09,5.725642e-10,1.15017114e-10,1.695432e-11,4.108191e-18,1.02421484e-22
4FGL J0632.0-1032,98.0226,-10.5335,bcu,11.59439,2.3540986,2.321656,0.09556252,7.2595263e-12,6.0787077,7.730925e-09,7.0539645e-09,2.0913071e-09,5.593592e-10,9.7189756e-11,1.0406505e-11,5.1479055e-12,7.936211e-16
4FGL J0633.4-2222,98.3696,-22.3724,fsrq,14.547417,2.585867,2.4945338,0.16686484,5.5090294e-12,144.62321,1.0154226e-08,6.2434973e-09,2.336076e-09,4.0321924e-10,4.999193e-11,3.5493427e-12,3.9268365e-16,7.0562156e-15
4FGL J0634.9-2335,98.7305,-23.5949,fsrq,26.559017,2.4093997,2.3499372,0.0719955,1.0578257e-11,652.25287,2.6450666e-08,1.5682279e-08,3.994852e-09,7.1304207e-10,1.5541857e-10,1.4051029e-11,3.7598657e-12,7.5693036e-20
4FGL J0635.6-7518,98.9022,-75.3046,fsrq,29.423487,2.6860607,2.5983174,0.09775929,1.1436701e-11,484.4349,4.187389e-08,2.051298e-08,4.671865e-09,5.632245e-10,5.8923935e-11,7.0589567e-12,1.7897599e-12,6.369699e-23
4FGL J0636.7+7139,99.1828,71.6615,bcu,26.04981,2.3493035,2.3266904,0.03220725,7.806715e-12,422.67773,1.6498315e-10,1.1497683e-08,2.475883e-09,4.6598353e-10,1.274203e-10,1.8981785e-11,3.9261823e-12,1.2303442e-16
4FGL J0637.4-3537,99.3708,-35.6264,bcu,8.3481655,2.2303374,2.151455,0.15393463,2.4497236e-12,18.484106,2.9191072e-09,1.0699014e-09,5.9988725e-10,2.1080253e-10,3.698414e-11,8.024195e-12,1.5686182e-12,3.7628936e-13
4FGL J0638.2+6020,99.5691,60.3461,bcu,7.388439,2.3143492,2.3175108,0.112121895,1.967615e-12,16.560492,6.314611e-14,5.0017733e-14,6.0135136e-10,1.529896e-10,2.5874592e-11,2.9134885e-12,1.0794626e-12,8.8521643e-13
4FGL J0638.6+7320,99.6711,73.3438,fsrq,13.200107,2.842961,2.727925,0.12117166,4.7211328e-12,94.031555,4.4851834e-08,9.827931e-09,1.9962825e-09,1.5409962e-10,2.1388207e-11,6.9649386e-16,1.4899645e-15,1.4544618e-15
4FGL J0638.7+2753,99.6887,27.8903,bcu,5.665834,2.0094976,1.9544425,0.089152925,1.6449978e-12,8.227973,7.770521e-10,3.9202277e-14,3.6181048e-11,1.5553123e-10,2.912584e-11,6.488766e-12,8.046694e-12,2.0270025e-16
4FGL J0638.7+5658,99.6895,56.9785,bcu,4.761907,2.6990366,2.5813766,0.21135949,1.7242217e-12,25.221521,6.3396064e-12,4.488924e-09,6.558005e-10,9.625204e-11,9.716133e-12,3.0509746e-16,4.787628e-17,1.127498e-15
4FGL J0639.6+3503,99.9024,35.0586,bcu,7.9478574,2.7073016,2.7069268,-0.0012476466,3.9674757e-12,11.5184,2.4085601e-08,4.584353e-09,1.594832e-09,1.1971954e-10,4.5698938e-11,1.1489904e-12,9.072018e-13,2.2945635e-18
4FGL J0640.0-1253,100.0213,-12.896,bll,17.985044,1.7386497,1.6893077,0.04597257,6.122593e-12,7.506714,9.933281e-09,3.011544e-09,4.97997e-10,2.6625643e-10,1.4131603e-10,4.734194e-11,2.2965945e-11,1.1451884e-11
4FGL J0640.7-1924,100.181,-19.4092,bcu,4.552612,2.7257218,2.696142,0.10325741,3.1934908e-12,16.26896,1.4842883e-08,3.299416e-09,1.3123379e-09,1.049456e-10,2.1233348e-11,1.0786715e-12,1.1116398e-12,9.3452955e-18
4FGL J0640.8+2432,100.2165,24.5421,bcu,6.2680573,1.7893038,1.6606491,0.2418648,1.5849508e-12,24.309708,2.4920715e-13,1.1883127e-14,2.434817e-10,1.5569488e-11,5.0172082e-11,1.8835595e-11,7.098144e-17,2.3563024e-12
4FGL J0641.7-0320,100.4371,-3.3466,FSRQ,20.563713,2.688613,2.6548,0.19018587,2.0713703e-11,430.4848,6.968283e-08,3.718191e-08,8.409153e-09,1.2056192e-09,1.0123408e-10,2.4939005e-13,2.2119856e-20,1.3918359e-15
4FGL J0643.2-5356,100.8154,-53.9364,bcu,16.513926,2.324193,2.273794,0.07073603,4.883248e-12,176.18854,1.5139396e-08,4.090299e-09,1.4685952e-09,3.333895e-10,9.2186224e-11,6.972184e-12,4.980383e-16,1.3688617e-17
4FGL J0643.3+0857,100.8345,8.9525,fsrq,27.626427,2.5331647,2.6143105,0.18549472,2.5329175e-11,425.22513,6.6887225e-08,3.4961875e-08,1.19118555e-08,1.7388702e-09,2.1312885e-10,1.9740643e-11,1.346371e-12,5.767652e-14
4FGL J0643.4-3314,100.8513,-33.2392,bcu,4.22966,2.442373,2.364645,0.18406472,1.6419521e-12,23.704027,1.7694776e-11,1.5185517e-09,5.3240473e-10,1.04601786e-10,2.6407036e-11,2.6611127e-19,2.4296433e-12,1.1321199e-18
4FGL J0644.4-6712,101.1053,-67.2124,fsrq,52.55027,2.1716874,2.059397,0.08536767,1.4232204e-11,1575.5109,4.50825e-09,1.0177748e-08,4.45039e-09,1.1506205e-09,3.2747696e-10,6.759188e-11,3.8672563e-12,1.9631114e-18
4FGL J0644.6+6039,101.1623,60.6562,bll,16.26939,2.1146636,2.080621,0.038186107,3.8206257e-12,35.88352,3.3170331e-15,6.1236802e-09,8.1214574e-10,2.3819657e-10,8.3738544e-11,2.0742266e-11,5.140876e-12,9.528503e-17
4FGL J0644.6-2853,101.1743,-28.8868,bcu,10.998501,1.9654952,1.7936842,0.13244434,2.2990015e-12,11.758327,1.16306955e-11,5.025151e-10,3.8123324e-10,1.8250897e-10,4.7456934e-11,3.2155816e-11,4.0415483e-12,6.7668536e-18
4FGL J0644.7+3917,101.1994,39.2842,fsrq,4.1163273,2.1243625,2.1708581,-0.047413807,1.1533428e-12,12.817199,2.1449292e-08,1.0026567e-09,2.6223165e-10,6.9839655e-11,2.0138802e-11,4.9266025e-12,2.117101e-12,2.3725945e-18
4FGL J0646.7-3913,101.6784,-39.2177,fsrq,5.4603157,2.9873035,2.9236002,0.14884366,3.0421943e-12,33.673386,2.5917604e-08,6.154022e-09,1.074017e-09,9.240211e-11,1.4503197e-12,1.3155345e-15,4.4134114e-16,1.3692551e-12
4FGL J0647.0-5138,101.7727,-51.6375,bll,11.313972,1.8109461,1.8045549,0.004193972,2.0694564e-12,18.243565,7.163235e-11,2.7935074e-09,2.8196798e-10,6.510354e-11,5.2899362e-11,1.7872889e-11,3.2165193e-12,5.2538295e-12
4FGL J0647.7-4418,101.9253,-44.3058,bcu,9.636272,2.2428553,2.0705492,0.1988381,1.945052e-12,13.904289,9.769146e-09,3.2336006e-10,5.8526334e-10,1.8659609e-10,6.390001e-11,5.797041e-12,3.16639e-17,1.7171545e-15
4FGL J0647.7-6058,101.9314,-60.9781,bll,14.900751,2.49602,2.4779894,0.031524397,5.0655135e-12,132.66994,8.9461445e-11,9.44409e-09,1.6779742e-09,2.7091288e-10,6.59546e-11,3.995432e-12,1.5689145e-12,1.1409953e-20
4FGL J0647.8+4527,101.9576,45.4646,bcu,4.85826,2.6668463,2.6307852,0.08762857,2.7112715e-12,17.55384,2.3618532e-10,8.2649345e-09,9.408231e-10,1.356326e-10,1.41919775e-11,4.6054016e-12,3.9444395e-17,4.1139151e-16
4FGL J0648.0-3045,102.0101,-30.7509,fsrq,34.907345,2.4857156,2.3848188,0.12187549,1.5010973e-11,533.6734,2.551935e-08,2.2264304e-08,6.2997008e-09,9.556501e-10,1.4608517e-10,2.073535e-11,6.4051737e-13,7.156416e-17
4FGL J0648.1+1605,102.0403,16.0928,bcu,6.6455936,1.9470593,1.8526685,0.112019315,1.9691234e-12,14.812788,2.8255797e-11,2.9237898e-10,1.755356e-14,1.5367399e-10,5.0153503e-11,7.1231692e-12,4.922679e-12,1.7770016e-12
4FGL J0648.2+1745,102.0746,17.7651,bcu,6.5974503,2.22327,2.2856867,-0.08415705,2.1897545e-12,17.099205,1.1705449e-12,5.930485e-09,8.596456e-10,1.0909352e-10,3.0200255e-11,1.1511703e-11,1.5743348e-12,1.9178253e-12
4FGL J0648.4-1744,102.1161,-17.7396,fsrq,91.61296,2.389437,2.3155937,0.118093096,7.081202e-11,4786.469,1.4891536e-07,9.39444e-08,2.7998043e-08,5.525479e-09,1.024204e-09,1.0469229e-10,9.939336e-12,1.0048475e-17
4FGL J0648.4-6941,102.1172,-69.6927,bll,4.4315,1.8387619,1.7707977,0.18217859,6.65515e-13,9.619024,1.2212199e-09,1.2942172e-11,1.0190028e-14,5.2274445e-11,6.7122943e-12,1.0153907e-11,1.9801773e-12,5.7136865e-19
4FGL J0648.7+1516,102.1905,15.2808,bll,38.209976,1.7294226,1.604624,0.062447157,1.4528321e-11,51.90195,4.5405586e-11,1.8808118e-10,1.1846715e-09,6.3940075e-10,3.502161e-10,1.5309876e-10,3.8026325e-11,2.1440438e-11
4FGL J0649.3+2230,102.3396,22.5059,bcu,6.855744,2.1060908,2.1029959,0.007168954,2.3164452e-12,19.31225,1.83335e-10,4.5130342e-14,6.8859773e-10,1.7910728e-10,4.1093347e-11,5.5434884e-12,5.041393e-12,1.4985424e-12
4FGL J0649.5-3139,102.3945,-31.6573,bll,15.98739,1.714962,1.4405103,0.17547663,3.6012196e-12,38.753536,1.31383535e-08,1.0444048e-09,1.7768897e-10,1.04798184e-10,9.5520605e-11,4.195453e-11,1.5495818e-11,3.2216894e-12
4FGL J0650.2+5620,102.5506,56.3421,fsrq,4.8562965,2.4448826,2.43245,0.020475961,1.4383156e-12,20.810194,6.3146515e-09,1.9394624e-09,4.933419e-10,9.033345e-11,1.1606847e-11,5.201594e-12,3.1046036e-15,1.3134227e-13
4FGL J0650.2-1636,102.5717,-16.6012,bcu,24.538519,2.56888,2.5298815,0.11815985,1.7268147e-11,170.04144,2.8495736e-08,2.184785e-08,7.3391306e-09,1.154644e-09,1.4605596e-10,1.5518304e-11,1.69849e-12,2.035704e-18
4FGL J0650.5-2851,102.629,-28.861,bcu,6.5272045,2.5935204,2.5473475,0.17331454,2.606767e-12,30.860775,3.5702196e-12,6.625893e-09,8.681864e-10,1.7743995e-10,3.4617035e-11,1.5690075e-12,5.322352e-18,5.0017355e-17
4FGL J0650.7+2503,102.6986,25.0548,bll,98.13947,1.7378272,1.6599728,0.03588295,5.479883e-11,426.8869,1.2195217e-08,1.12087655e-08,5.9883822e-09,2.4010118e-09,1.2684007e-09,4.769035e-10,2.4917676e-10,6.128655e-11
4FGL J0651.0+4013,102.7724,40.232,bll,21.621521,2.088657,2.01458,0.06864155,6.2000023e-12,15.576925,2.7892855e-09,4.3325583e-09,1.3076713e-09,4.02967e-10,1.4293555e-10,3.4726517e-11,2.0155039e-12,1.6326059e-12
4FGL J0651.4+6525,102.8619,65.4233,bll,19.517662,2.1214445,1.984231,0.09445983,3.2824958e-12,19.828981,1.2966413e-08,2.9712992e-09,7.0421724e-10,2.665914e-10,1.0118584e-10,1.3160946e-11,2.3313625e-12,1.2652985e-16
4FGL J0651.5+7956,102.8887,79.9476,bcu,6.305482,2.3757498,2.4213264,-0.034310263,1.316964e-12,7.747486,2.0440129e-10,2.1403272e-09,2.7982086e-10,8.402194e-11,1.8410756e-11,5.2667497e-12,2.5755819e-17,4.0478897e-16
4FGL J0652.1-4813,103.0402,-48.2211,bll,7.516859,1.983776,1.8115951,0.16449709,1.628672e-12,10.251304,9.478862e-13,4.642908e-10,2.4974645e-10,1.0702241e-10,3.5739946e-11,1.3615456e-11,2.3225525e-12,1.6077793e-16
4FGL J0652.5+1932,103.1448,19.5486,bcu,6.8676066,2.5787296,2.3687415,0.34959683,2.18441e-12,11.010153,9.950174e-12,1.2339266e-09,7.8038964e-10,2.8818303e-10,1.6617197e-11,5.6277726e-13,1.2807441e-14,3.7548323e-15
4FGL J0653.6+1636,103.4105,16.6106,bcu,10.282541,2.0948496,2.0316324,0.063780956,3.3176489e-12,20.20598,5.9806254e-10,5.185628e-09,7.4788464e-10,2.2235737e-10,6.6383454e-11,1.7704309e-11,2.705093e-12,1.9769893e-12
4FGL J0653.7+2815,103.4285,28.265,bll,23.412285,2.1057,1.8988302,0.15286049,5.80961e-12,33.338734,1.0765973e-08,1.3524416e-09,1.327463e-09,5.379076e-10,1.9962544e-10,2.6839173e-11,4.2828774e-12,8.391705e-16
4FGL J0654.0-4152,103.5235,-41.876,bll,6.7883987,2.208964,2.206406,-0.024601651,1.9804475e-12,12.395023,3.7458862e-11,1.9096995e-09,5.8573574e-10,1.0264347e-10,3.846146e-11,7.845047e-12,1.9001719e-12,2.6970635e-12
4FGL J0654.3+0923,103.578,9.3874,bcu,6.41435,2.1079388,2.0897274,0.04773677,2.3152261e-12,27.021664,5.1518846e-12,1.0413402e-09,6.0851185e-10,1.4742482e-10,3.9913666e-11,1.6630454e-11,7.983237e-13,1.7589308e-12
4FGL J0654.3+5042,103.5962,50.7027,fsrq,40.131313,2.245064,2.1555028,0.06614942,1.1491209e-11,347.02975,2.0672022e-08,1.1253719e-08,3.752451e-09,8.6650626e-10,2.3254981e-10,4.0554986e-11,1.4170586e-12,2.0371526e-15
4FGL J0654.4+4514,103.606,45.2446,FSRQ,36.336643,2.281863,2.1936498,0.06861162,1.1756167e-11,817.9129,2.1495705e-08,1.0362013e-08,4.1602104e-09,8.848539e-10,2.253242e-10,3.0499304e-11,9.114462e-12,2.1397032e-16
4FGL J0654.6-4952,103.6669,-49.868,bcu,12.307066,2.3668678,2.3149698,0.09873032,3.790908e-12,59.25411,1.370081e-09,3.3928482e-09,1.3913738e-09,2.2522073e-10,5.813831e-11,7.0604785e-12,1.5702854e-12,1.308343e-16
4FGL J0654.7+4246,103.6856,42.7791,bll,12.573738,1.9956142,1.9553905,0.07724603,3.4959594e-12,18.248316,4.6467669e-10,4.7494354e-14,9.621711e-10,1.827346e-10,8.25422e-11,2.4897431e-11,6.1564595e-12,1.5562188e-12
4FGL J0655.4-2631,103.8659,-26.524,bcu,9.331589,2.168605,2.1134527,0.13887155,2.6877714e-12,19.003057,8.833045e-09,1.224464e-10,8.160259e-10,2.6030897e-10,6.381242e-11,1.0590886e-11,5.0902928e-12,2.5094098e-16
4FGL J0656.0+2420,104.0198,24.3448,fsrq,5.0434575,2.6804614,2.671042,0.20301348,2.849326e-12,27.661335,2.337072e-10,7.203407e-10,1.1105378e-09,1.3174789e-10,1.19061054e-11,3.508513e-12,8.143439e-17,6.8402527e-16
4FGL J0656.3-0322,104.0765,-3.3686,fsrq,26.142519,2.5463917,2.615822,0.18634847,2.4413584e-11,138.79819,5.479554e-09,4.3043524e-08,1.1395182e-08,1.6608663e-09,2.3409116e-10,1.5674352e-11,1.2611507e-15,2.864197e-17
4FGL J0656.3+4235,104.0918,42.5936,bll,8.875656,1.9728146,1.9557076,0.08283272,2.6454984e-12,11.568716,1.2779985e-09,2.5650055e-12,3.0229505e-10,1.8117981e-10,6.236411e-11,8.886271e-12,1.1158103e-11,7.674593e-18
4FGL J0656.3-2404,104.097,-24.0682,bll,6.8834887,2.3250082,2.3282068,-0.023510681,2.6344111e-12,11.82565,6.314772e-09,3.752396e-09,9.861665e-10,9.843021e-11,5.3059182e-11,4.333585e-12,2.354385e-12,1.6895216e-12
4FGL J0658.1-5840,104.5389,-58.6719,bcu,7.0662985,2.1724145,2.150129,0.0312922,1.6736036e-12,15.574851,7.975235e-09,1.4425021e-09,2.9114655e-10,1.253874e-10,2.9305294e-11,6.7066006e-12,2.4059125e-12,8.119832e-21
4FGL J0658.2+2709,104.5735,27.1501,bcu,6.1526394,2.2687156,2.2452602,0.0266306,1.8368915e-12,15.440799,2.5456297e-13,3.2614733e-09,2.4095448e-10,1.2417478e-10,4.15058e-11,3.2676383e-12,4.5454366e-16,1.3896909e-12
4FGL J0658.6+0636,104.6599,6.611,bcu,10.888583,1.9479092,1.8213779,0.09528595,3.5950485e-12,14.157754,7.821044e-09,6.101808e-09,2.2112191e-10,1.9050327e-10,9.459898e-11,2.6724923e-11,5.6297926e-12,1.9834132e-12
4FGL J0659.6-2742,104.9066,-27.7013,fsrq,12.054968,2.5372832,2.5177803,0.20535614,5.1100253e-12,33.91376,2.761036e-12,7.739354e-09,2.3066191e-09,3.6214143e-10,3.3806166e-11,5.2839755e-12,1.6461044e-12,2.7784972e-15
4FGL J0659.6-6742,104.9243,-67.7123,bcu,8.183383,1.729639,1.6986829,0.05056098,1.4450865e-12,11.149573,3.9300154e-09,3.870195e-13,2.3483216e-14,9.362578e-11,2.6653553e-11,1.1360128e-11,5.4892913e-12,3.658999e-12
4FGL J0659.9+1709,104.9847,17.1522,fsrq,9.751144,2.5923903,2.5483067,0.07358629,4.3627996e-12,49.39721,1.1090912e-08,8.690091e-09,1.449928e-09,2.5907676e-10,2.9705613e-11,4.0787356e-12,2.3279507e-16,1.9355166e-16
4FGL J0700.1-6311,105.0499,-63.1863,bcu,14.177193,2.0153763,1.8641233,0.12148468,2.6084295e-12,34.96715,1.8675546e-09,2.0131978e-13,4.724449e-10,2.1284458e-10,7.830242e-11,1.9520958e-11,1.5904122e-12,2.2052282e-13
4FGL J0700.2+1304,105.075,13.0674,bll,17.054016,2.0537448,1.9862796,0.069941364,5.670941e-12,6.4916744,5.489949e-10,5.040189e-09,1.2416622e-09,3.206566e-10,1.411244e-10,2.5244536e-11,1.0556784e-11,1.8627118e-12
4FGL J0700.5-6610,105.1293,-66.1803,bll,94.476944,2.0774848,1.9632711,0.078538775,3.5203056e-11,610.15546,1.2117296e-08,2.1757218e-08,9.128982e-09,2.9182445e-09,8.7276125e-10,1.83934e-10,3.0799245e-11,4.069765e-12
4FGL J0701.5+2511,105.3765,25.196,bcu,9.157097,1.9092016,1.9767414,-0.058254346,2.0446093e-12,7.212559,4.066652e-09,2.5469689e-09,4.5481957e-10,1.4933461e-10,1.9676944e-11,1.8592319e-11,5.0083353e-12,3.3683457e-12
4FGL J0701.5-4634,105.3906,-46.5729,fsrq,42.798534,2.4238167,2.3292284,0.13592917,1.5567587e-11,534.14465,3.454702e-08,2.286996e-08,6.1969447e-09,1.2041323e-09,2.2175368e-10,1.0492028e-11,2.4042205e-12,5.3944347e-14
4FGL J0702.7-1951,105.678,-19.8517,bll,40.037594,2.1416502,2.0521216,0.065054156,1.9806615e-11,159.157,2.957115e-08,1.5205185e-08,5.130742e-09,1.5097509e-09,4.811645e-10,1.0895099e-10,1.6758133e-11,2.5284655e-17
4FGL J0703.2+6809,105.8104,68.151,bcu,5.139549,2.0154693,1.9605001,0.06486848,8.942202e-13,15.389224,3.387181e-09,6.985848e-10,1.9330583e-10,4.297837e-11,2.2733138e-11,2.5011083e-12,4.0639783e-12,2.2577703e-16
4FGL J0703.2-3914,105.8237,-39.2479,bll,21.515911,2.188685,2.0962553,0.068402626,6.3567025e-12,17.434654,2.608135e-08,3.2336154e-09,1.7608427e-09,4.849065e-10,1.6086228e-10,2.4369604e-11,4.4539736e-12,1.5944755e-12
4FGL J0703.3-1042,105.8287,-10.7092,bcu,3.7019181,2.278204,2.2695246,-0.011959402,3.3050513e-12,4.266809,1.2676836e-10,4.603986e-09,3.0876819e-09,1.7252125e-10,2.4525321e-11,1.3763528e-11,6.5847622e-12,6.641666e-16
4FGL J0703.3-0050,105.8367,-0.8436,bll,24.611385,2.2452407,2.1450872,0.12671699,1.1699933e-11,141.01003,1.0504965e-09,2.5303166e-09,4.0494736e-09,1.021184e-09,2.7810745e-10,5.020785e-11,1.3930411e-12,2.3864505e-17
4FGL J0704.7+4508,106.1893,45.1358,bcu,6.260917,2.4179566,2.4186559,-0.052990686,2.159241e-12,13.100528,1.3261026e-12,3.1679137e-09,7.286542e-10,1.4563925e-10,8.232902e-12,7.4103865e-12,1.9498413e-15,1.6500045e-12
4FGL J0704.8+4907,106.2067,49.1318,bcu,17.06846,2.5119436,2.3884115,0.13319536,5.042297e-12,112.665405,1.3151665e-08,7.89256e-09,1.8973767e-09,4.0474213e-10,4.13348e-11,6.4536896e-12,6.9041685e-13,4.3234683e-18
4FGL J0705.7-4848,106.4472,-48.8071,bcu,19.172365,2.3622823,2.3048885,0.1679599,6.1243463e-12,16.939508,1.1485634e-12,5.821671e-09,2.6007547e-09,5.6219546e-10,9.505692e-11,1.4924043e-11,2.7230195e-16,5.073779e-16
4FGL J0705.9+5309,106.4933,53.1652,bcu,9.492088,2.124423,2.1305625,-0.009458815,1.9231994e-12,15.154154,7.3544295e-09,1.212806e-09,5.757524e-10,1.07471324e-10,3.1142706e-11,1.2444442e-11,3.8687382e-12,5.480256e-18
4FGL J0706.1+0246,106.5454,2.7772,bcu,7.989764,1.642911,1.6330261,0.04525254,2.0972503e-12,13.793873,1.3691263e-10,1.7722288e-10,4.3846422e-16,6.989489e-11,6.3931346e-11,1.1765302e-11,7.789111e-12,5.8019553e-12
4FGL J0706.5+3744,106.63,37.7383,bll,39.958965,1.908023,1.8122023,0.051281027,1.1563675e-11,17.577553,7.457635e-14,3.9807517e-09,1.7982834e-09,7.199164e-10,2.8747812e-10,1.0271508e-10,3.0241403e-11,3.2137782e-12
4FGL J0706.8+7742,106.7249,77.7002,bll,41.689476,2.053189,1.8644754,0.1294502,7.958262e-12,226.1866,1.3105948e-08,3.9590433e-09,1.7910592e-09,6.8367584e-10,2.4730656e-10,5.0305895e-11,5.2115252e-12,3.766995e-16
4FGL J0706.9+6109,106.7319,61.1595,bll,17.74199,2.4524271,2.446376,0.011889366,4.944743e-12,32.523994,3.7077097e-09,7.78945e-09,1.562288e-09,2.7624408e-10,7.374723e-11,8.076514e-12,1.1856167e-12,1.0799718e-18
4FGL J0709.0+4304,107.2562,43.0755,bcu,4.1209154,2.1295176,2.1354985,-0.016076883,8.4324903e-13,17.376883,5.8499827e-09,1.6371889e-09,7.467334e-11,6.0949544e-11,8.906486e-12,9.565305e-12,2.0685364e-16,1.3471598e-15
4FGL J0709.1+2241,107.2769,22.6847,bll,30.333746,2.0261562,1.9870318,0.042304937,1.090723e-11,93.50515,1.5645407e-08,5.6440674e-09,2.1447182e-09,7.8223683e-10,2.0812706e-10,5.7159513e-11,2.1301577e-11,4.733888e-12
4FGL J0709.2-1527,107.3095,-15.4512,bll,13.369087,1.7827995,1.6811829,0.0940548,4.718e-12,24.142263,8.3034e-09,7.0944266e-16,3.639483e-11,2.3082303e-10,1.3169119e-10,3.2864416e-11,2.6976726e-11,3.525878e-12
4FGL J0709.3+0540,107.3392,5.6788,bcu,9.959411,2.1006138,2.0189166,0.083102025,3.726547e-12,33.12409,7.203747e-09,9.01912e-10,9.929595e-10,1.6994153e-10,9.678994e-11,1.9899296e-11,6.917546e-12,1.30443644e-20
4FGL J0709.7-0255,107.4451,-2.9301,fsrq,33.522633,2.3235216,2.2631469,0.06625167,1.8242796e-11,337.63077,1.2939768e-08,2.166724e-08,6.6132855e-09,1.2892937e-09,3.2508105e-10,4.189488e-11,1.0342595e-11,4.206673e-18
4FGL J0710.4+5908,107.6234,59.1352,bll,29.126858,1.7032793,1.5597303,0.07278599,5.9179445e-12,35.097702,5.501866e-10,8.267084e-10,4.2750634e-10,2.4391578e-10,1.3811181e-10,5.5745304e-11,2.7752984e-11,4.966846e-12
4FGL J0710.8-3851,107.7245,-38.8513,fsrq,17.09506,2.588281,2.5545223,0.10453587,7.905029e-12,119.32345,1.3081523e-08,1.4782333e-08,3.2799767e-09,4.8039134e-10,4.271371e-11,6.6924066e-12,4.5642877e-12,2.6179684e-16
4FGL J0710.9+4733,107.7323,47.553,bll,12.901998,2.6615283,2.5675848,0.13280235,4.3314328e-12,80.47847,1.3573108e-11,9.995809e-09,1.4997368e-09,2.6698152e-10,3.922165e-11,1.5306964e-16,2.7613726e-17,1.1585124e-12
4FGL J0712.4+5724,108.1247,57.4098,bll,5.3778706,1.8752772,1.7950495,0.09573571,1.079808e-12,30.06922,1.4291289e-08,1.2245327e-09,3.1964334e-10,3.8732382e-11,2.3584707e-11,9.721223e-12,2.7159752e-12,1.3393904e-12
4FGL J0712.5+3311,108.1476,33.1893,bcu,5.335986,2.2096922,2.240181,-0.024041086,1.2926933e-12,9.4686575,4.0294417e-09,3.4994712e-09,3.162211e-10,2.6530592e-11,3.2220022e-11,1.0414866e-11,9.889764e-16,6.8365423e-18
4FGL J0712.7+5033,108.1876,50.5506,bll,43.294113,2.2113616,2.153365,0.04215978,1.2597052e-11,141.36699,4.0811554e-09,1.1025219e-08,3.871062e-09,9.189347e-10,2.494383e-10,4.117103e-11,1.2516081e-11,2.8175192e-12
4FGL J0713.0+5738,108.2598,57.6345,bcu,9.07228,2.4943998,2.4610262,0.057907287,3.8784947e-12,113.049644,4.0272115e-09,4.694055e-09,1.267041e-09,2.0810001e-10,4.7253156e-11,6.0963075e-12,6.578661e-15,1.4941883e-17
4FGL J0713.5+2537,108.3756,25.6317,bcu,6.942986,2.2698944,1.9301438,0.22127049,2.2734867e-12,11.909795,5.068621e-11,2.6248663e-09,6.232312e-10,1.1720458e-10,6.3999334e-11,4.740061e-12,9.5167275e-17,5.963489e-16
4FGL J0713.8+1935,108.4647,19.5879,fsrq,39.272427,2.3940082,2.2889779,0.09077837,1.6343414e-11,827.084,2.5971804e-08,2.0708766e-08,6.2072965e-09,1.225635e-09,2.3425792e-10,2.286395e-11,9.968222e-20,4.5310895e-16
4FGL J0714.4+1110,108.621,11.1811,bcu,7.665769,2.2239802,2.1215496,0.11106426,2.4453176e-12,18.67765,5.585535e-09,2.1046227e-09,4.864547e-10,1.4116824e-10,6.2906326e-11,1.1277667e-11,1.4532186e-15,9.540611e-17
4FGL J0715.3-6828,108.8281,-68.4827,bcu,7.7304897,2.298195,2.282673,0.028938375,2.26581e-12,17.099651,4.004159e-09,4.3333295e-10,9.636917e-10,9.483777e-11,4.5100434e-11,6.091192e-12,2.9180293e-12,2.7949986e-19
4FGL J0715.6-4528,108.9168,-45.4784,bll,13.786714,2.3860512,2.3903525,-0.009728971,4.898538e-12,19.538845,2.0191574e-12,5.289442e-09,1.8236253e-09,3.0963615e-10,5.0968067e-11,7.300216e-12,5.771443e-12,1.5374007e-12
4FGL J0717.7-5519,109.4359,-55.3198,bcu,9.180724,1.9085227,1.6579118,0.22837962,1.5066724e-12,12.131187,6.637355e-13,8.52531e-14,1.2174009e-10,8.083629e-11,5.538805e-11,1.6862654e-11,4.3444567e-12,7.0380815e-16
4FGL J0718.0+4536,109.5159,45.6163,fsrq,23.24747,2.4150872,2.3100166,0.19924133,6.4530564e-12,235.63914,1.396686e-08,5.8744063e-09,2.9452385e-09,5.3907767e-10,9.743055e-11,6.2442855e-12,9.525233e-18,4.809399e-15
4FGL J0718.2-1324,109.5539,-13.4164,bcu,4.3530407,2.2877743,2.303222,0.05390372,2.501712e-12,19.153337,5.493746e-15,4.437318e-09,5.816799e-10,1.8216381e-10,3.6682185e-11,6.0088917e-12,4.714631e-12,5.8479006e-18
4FGL J0718.6-4319,109.6719,-43.3287,bll,59.528973,1.9696792,1.8376907,0.08329119,2.0573652e-11,19.895063,1.0155282e-08,8.697148e-09,4.1603747e-09,1.418554e-09,6.1651695e-10,1.5605381e-10,2.2975283e-11,1.6058677e-15
4FGL J0719.1-7055,109.78,-70.9268,bll,9.103139,2.0147045,1.8609363,0.16855507,1.6397872e-12,14.756118,3.8963936e-14,9.336644e-12,1.5715697e-10,1.4210853e-10,5.434233e-11,1.2174703e-11,4.2992493e-12,2.8599398e-16
4FGL J0719.3+3307,109.84,33.1232,fsrq,92.253296,2.169475,2.0622802,0.090614274,3.7281556e-11,1320.2633,4.1898062e-08,3.0492092e-08,1.1816112e-08,3.1957572e-09,7.8164614e-10,1.341263e-10,1.5529874e-11,1.6376156e-12
4FGL J0719.6-3927,109.9156,-39.4511,bcu,4.1826496,2.3157425,2.3075404,0.06406751,1.7692966e-12,14.34072,1.11052545e-08,7.856764e-10,5.8526256e-10,1.4754702e-10,2.0705488e-11,2.599837e-12,3.760856e-12,2.5601278e-17
4FGL J0719.7-4012,109.9252,-40.2141,bll,15.572915,2.1589866,2.0928957,0.08212327,5.6226946e-12,8.768677,2.1286661e-09,6.7553505e-09,1.141597e-09,3.8252398e-10,1.1665408e-10,2.6442806e-11,5.6572923e-12,2.5311692e-17
4FGL J0720.0-3507,110.0044,-35.1226,bcu,7.4479823,2.5095646,2.5138013,0.025788007,3.7738038e-12,68.041214,1.1618981e-08,3.7501517e-09,1.5848552e-09,1.7037759e-10,2.4496852e-11,1.18973035e-11,4.535359e-12,1.6120303e-19
4FGL J0720.0-6237,110.0183,-62.6173,bcu,8.041824,2.9879377,3.132935,0.2643823,4.1865717e-12,21.697273,3.6439185e-12,1.0955286e-08,1.5708863e-09,7.692494e-11,6.940478e-12,3.3191396e-16,4.3418706e-15,3.2400516e-15
4FGL J0721.3-0222,110.3253,-2.3687,bll,7.373902,1.8103627,1.6663588,0.13061689,1.8585643e-12,13.373615,2.0096397e-11,2.9144722e-09,9.808168e-11,1.0640793e-10,2.8980951e-11,1.526013e-11,1.1313489e-11,1.5552407e-18
4FGL J0721.3+0405,110.3475,4.0914,fsrq,25.743517,2.5725534,2.4670777,0.10569587,1.3256326e-11,136.26424,2.9195585e-08,2.3409156e-08,5.3453633e-09,7.8279605e-10,1.1612121e-10,8.980596e-12,2.0086854e-16,8.4123247e-14
4FGL J0721.9+7120,110.4882,71.3405,BLL,318.78537,2.0652099,2.059193,0.058609664,2.0815824e-10,3680.8572,1.6983043e-07,1.3919733e-07,5.499294e-08,1.5699946e-08,5.049168e-09,1.0440855e-09,2.132077e-10,2.6865512e-11
4FGL J0722.7+3606,110.6803,36.1137,bcu,6.8605294,2.6350763,2.5832598,0.06586324,2.4131626e-12,19.621973,2.106699e-15,3.860934e-09,8.847898e-10,1.06057815e-10,2.3023222e-11,1.1923373e-15,2.7108284e-16,2.1542708e-17
4FGL J0723.0-0732,110.7523,-7.5441,bll,15.243702,2.0514781,2.0586627,-0.010235696,5.996154e-12,13.62964,2.1022186e-11,5.2579865e-09,1.9140611e-09,3.1147823e-10,1.08089426e-10,2.8749295e-11,2.3855636e-11,1.8418236e-12
4FGL J0723.4+5841,110.856,58.6986,bll,7.232071,1.6354164,1.4272981,0.2500797,1.082923e-12,23.628431,2.273287e-16,1.9043835e-09,1.8042434e-10,4.3551634e-12,2.424732e-11,1.3881195e-11,3.702382e-12,6.828352e-13
4FGL J0723.5+2900,110.8852,29.0075,fsrq,6.254815,2.7229614,2.58121,0.12922473,2.5137798e-12,47.82968,8.477526e-09,2.8976155e-09,9.2637836e-10,1.4930725e-10,1.4735638e-11,1.5752282e-15,3.2819931e-18,5.0689803e-17
4FGL J0723.7+2050,110.949,20.8373,bll,14.697172,1.8164653,1.8206568,-0.0054471707,3.623365e-12,14.812754,1.2396031e-08,3.0847107e-09,5.108341e-10,1.9732696e-10,6.783012e-11,2.3467062e-11,1.2709328e-11,6.8982905e-12
4FGL J0725.2+1425,111.324,14.4212,FSRQ,75.831154,2.2922227,2.1993358,0.07511145,3.4916632e-11,2616.021,6.440335e-08,4.13143e-08,1.2520295e-08,2.6329998e-09,5.8055666e-10,1.0524574e-10,5.0239574e-12,4.639332e-18
4FGL J0725.5+0216,111.3901,2.2749,bcu,18.581915,2.054575,1.9364291,0.07980184,5.6976954e-12,24.61949,9.854929e-09,3.5466976e-09,1.0512715e-09,5.072319e-10,1.1390654e-10,4.751759e-11,1.2518997e-11,1.7986532e-16
4FGL J0725.5-0504,111.3911,-5.0747,bcu,7.0466204,2.059545,2.0687308,-0.041082032,2.2478902e-12,14.79897,1.6609245e-12,3.4115821e-09,7.6432743e-10,1.4442122e-10,3.4716313e-11,6.6582764e-12,6.4829817e-12,1.830144e-12
4FGL J0725.6-3530,111.4194,-35.5009,bcu,7.3574367,2.0218623,2.007483,0.008247014,2.0195816e-12,23.09593,3.7397977e-11,6.8884454e-09,6.1962746e-10,8.559203e-11,3.684508e-11,1.5453945e-11,5.0066015e-12,1.6291902e-19
4FGL J0725.8-0054,111.4698,-0.9134,bcu,27.765549,2.0427215,2.0586853,-0.016248416,1.0306782e-11,35.200188,2.163493e-08,8.141399e-09,2.2202482e-09,5.731246e-10,2.3106934e-10,6.830313e-11,1.5058722e-11,8.65255e-12
4FGL J0726.1+8114,111.5495,81.2398,bcu,3.981202,1.8640211,1.851005,0.16427791,5.734279e-13,11.347497,1.0989559e-08,2.4072443e-13,4.1568422e-11,3.1620838e-11,1.6391659e-11,1.2915509e-12,3.0204769e-12,6.4973e-17
4FGL J0726.4-4727,111.6131,-47.4589,fsrq,20.650263,2.505689,2.518825,0.10868293,1.2036602e-11,122.798256,3.0663194e-10,1.3080447e-08,4.867064e-09,8.72672e-10,1.2931767e-10,1.1320708e-11,2.6055097e-17,8.5066725e-17
4FGL J0727.1+3734,111.7785,37.5719,bll,4.871942,1.9301827,1.4013857,0.31383857,9.79041e-13,15.919605,2.0385782e-08,1.6760136e-09,1.7264191e-10,2.7071954e-11,1.8413675e-11,1.6541653e-11,2.958526e-15,1.950413e-17
4FGL J0727.4+5325,111.8687,53.4307,bcu,6.672058,2.7022645,2.6530385,0.07706564,2.2392717e-12,6.8364267,1.3668553e-08,4.8244453e-09,6.1894523e-10,1.2396467e-10,1.648975e-11,4.2489846e-16,1.9852473e-18,7.141696e-13
4FGL J0728.0-4740,112.0165,-47.6699,fsrq,3.8715343,2.1562116,1.7219197,0.30465338,1.4664076e-12,10.527521,4.9664788e-08,9.156502e-09,2.857952e-10,1.4986503e-11,4.175972e-11,6.9043365e-12,2.8193808e-12,5.132958e-16
4FGL J0728.2+4827,112.0512,48.4594,bll,9.089206,2.3106046,2.3232863,-0.0177783,2.6063648e-12,18.990261,1.09219735e-08,4.260242e-09,6.6920364e-10,1.6592949e-10,3.5440446e-11,1.1459932e-11,1.6706411e-12,1.063742e-17
4FGL J0728.5+6128,112.1421,61.4796,bcu,9.840275,2.6518083,2.5039701,0.19505669,2.618501e-12,11.546449,1.6972312e-08,4.479521e-09,1.2471487e-09,1.2963278e-10,1.5670243e-11,3.5215136e-13,1.4000766e-15,6.8437536e-16
4FGL J0729.1-3131,112.2819,-31.5261,bcu,7.571353,2.32572,2.278679,0.114341125,3.641463e-12,14.984753,2.339199e-08,4.3118544e-09,1.3048308e-09,2.315686e-10,6.564926e-11,3.0252541e-16,2.4869802e-12,2.6313009e-15
4FGL J0729.1+5703,112.2857,57.0558,fsrq,6.627137,2.328036,2.2654889,0.1103974,1.6000012e-12,40.34567,2.9093543e-09,8.289343e-10,5.957147e-10,6.9090324e-11,3.5204006e-11,2.8648884e-12,5.8467417e-18,1.9902367e-15
4FGL J0730.1+6852,112.5255,68.8799,bcu,8.021027,2.301616,2.0624733,0.40526703,9.493277e-13,15.442116,1.04550315e-08,2.3432795e-10,1.8046058e-10,1.3360835e-10,3.6537193e-11,4.4639054e-13,1.045599e-18,1.5114985e-16
4FGL J0730.3-1141,112.5776,-11.6888,fsrq,134.91803,2.3083932,2.2272675,0.08641022,1.11938576e-10,3103.0686,1.6316697e-07,1.3368512e-07,4.137372e-08,8.572065e-09,1.8475214e-09,2.538115e-10,2.1931646e-11,1.7519108e-16
4FGL J0730.4+3308,112.6238,33.1344,bll,15.722685,1.9593034,1.7551745,0.14981993,3.133948e-12,10.487867,1.086686e-11,5.6308114e-10,4.3731532e-10,2.4091232e-10,1.100283e-10,2.6503402e-11,3.9082214e-12,5.2033867e-18
4FGL J0730.5-0535,112.6354,-5.5842,bll,28.018559,2.2104354,2.1835647,0.040056985,1.2175472e-11,64.67528,1.1976246e-08,1.4296649e-08,3.3490537e-09,7.610341e-10,2.5302416e-10,3.5036047e-11,6.8587185e-12,1.8855124e-12
4FGL J0730.7-6602,112.6943,-66.0464,bll,15.766313,1.7649366,1.7132939,0.06418799,3.4319902e-12,31.563536,1.0836578e-08,5.1797184e-13,1.2917058e-10,1.8341446e-10,7.294675e-11,2.877926e-11,1.2184531e-11,5.4465816e-12
4FGL J0731.2-1403,112.8105,-14.0656,bll,8.528998,2.2114205,2.080945,0.3292267,2.6071077e-12,11.51032,2.2234884e-08,2.066221e-09,5.747366e-10,3.4035955e-10,9.776743e-11,5.859179e-12,1.6934667e-19,4.6894135e-18
4FGL J0731.8-3009,112.9639,-30.1553,bcu,8.297899,2.0275948,1.9098488,0.16736941,2.9652494e-12,24.288841,7.691236e-09,2.149874e-09,3.1751857e-10,2.4429817e-10,5.0203154e-11,2.4631401e-11,2.879715e-12,1.3190957e-17
4FGL J0731.9+2805,112.981,28.0882,bll,5.0836277,2.1176615,1.9460965,0.14385979,1.3102686e-12,15.036538,1.0189445e-08,3.2376233e-09,1.5394662e-10,9.460273e-11,2.507075e-11,8.725595e-12,9.941719e-21,1.608758e-15
4FGL J0732.7-4638,113.1774,-46.6488,bcu,10.33093,2.7395904,2.5043519,0.41205618,4.1643173e-12,107.62756,6.3983985e-11,4.9622604e-09,2.016277e-09,3.54687e-10,1.0596419e-11,4.6577317e-15,5.4911988e-17,2.8062203e-19
4FGL J0733.0+4915,113.2659,49.2568,bcu,5.0507393,2.2268,2.2617955,-0.03990614,1.2427292e-12,12.202076,5.23408e-12,2.7210156e-09,2.3334976e-10,1.02746665e-10,1.09990185e-11,6.2238704e-12,3.082191e-12,7.089878e-18
4FGL J0733.1+5910,113.2764,59.1707,bcu,11.304289,2.3159966,2.1471264,0.15717036,1.8890182e-12,7.423117,4.478906e-09,1.6744479e-09,5.3209775e-10,1.847179e-10,4.7522354e-11,2.907486e-12,1.7507228e-17,2.4625283e-13
4FGL J0733.4+5152,113.3619,51.8798,bcu,14.049481,1.7689853,1.7252916,0.036578797,2.8383658e-12,18.12843,6.7321126e-09,7.4291073e-10,3.078675e-10,1.4082137e-10,6.1817135e-11,2.0410581e-11,1.0227247e-11,4.0230545e-12
4FGL J0733.5+3517,113.3761,35.2938,bll,6.3647194,2.146712,1.9465944,0.17018878,1.5937506e-12,10.889427,8.522838e-11,1.5761309e-09,2.2826167e-10,1.1089e-10,3.8370102e-11,1.0179207e-11,1.8818434e-16,2.432962e-17
4FGL J0733.5-5445,113.3852,-54.7593,bcu,17.496172,2.2148514,2.1733274,0.05182204,5.3102705e-12,104.02321,6.644742e-09,5.373983e-09,1.2958575e-09,3.6570522e-10,9.6403156e-11,2.21236e-11,2.3179063e-12,8.639355e-17
4FGL J0733.6+3649,113.4196,36.8225,bcu,6.6737514,2.3642974,2.3095713,0.05839815,1.8717148e-12,36.68285,9.991064e-11,1.0916655e-09,5.6261906e-10,1.3146435e-10,2.9579512e-11,1.179892e-12,1.6815124e-12,4.7706796e-16
4FGL J0733.7+0205c,113.4379,2.0908,bcu,4.1666465,2.7545958,2.6707256,0.17851827,2.7624298e-12,14.490856,1.6507965e-11,6.9268635e-10,1.1321332e-09,1.391542e-10,1.474058e-11,1.4377463e-14,1.0480572e-15,1.0443353e-16
4FGL J0733.7+4110,113.4481,41.1706,bll,16.33907,1.9972551,1.918625,0.05637264,3.89018e-12,12.417583,7.2998048e-09,3.0951948e-09,7.27522e-10,1.7585379e-10,9.965175e-11,4.0093675e-11,3.9858273e-12,4.9180225e-19
4FGL J0733.8+0455,113.4722,4.9282,fsrq,14.544433,2.4822693,2.3892968,0.10167954,5.0636587e-12,162.16112,1.1970322e-08,8.164132e-09,1.8376147e-09,3.6456563e-10,7.142223e-11,3.152819e-12,1.1841329e-14,6.981035e-15
4FGL J0734.0+5021,113.5245,50.3572,fsrq,30.680183,2.3763947,2.2465696,0.1362178,8.1067045e-12,490.2805,6.5842194e-09,8.958413e-09,3.152591e-09,6.8293987e-10,1.366683e-10,9.1172295e-12,1.407424e-12,5.3555928e-17
4FGL J0734.4-7711,113.6118,-77.1852,bcu,22.292067,2.326678,2.1800709,0.15949042,6.667307e-12,230.7545,7.535686e-09,7.3456032e-09,2.5643647e-09,5.9394584e-10,1.5288923e-10,1.1657418e-11,2.2564795e-14,2.6915387e-17
4FGL J0737.3-8247,114.3469,-82.7868,bll,19.618368,1.97577,1.9376075,0.04374245,5.498893e-12,16.949978,8.28839e-12,4.8711646e-10,1.2131411e-09,3.010759e-10,1.225965e-10,4.110573e-11,1.1996622e-11,7.356632e-19
4FGL J0738.1+1742,114.5387,17.7066,bll,88.16355,2.0301056,1.9869814,0.056288425,5.7383664e-11,285.74402,5.0220585e-08,2.4463448e-08,1.4359143e-08,4.0593213e-09,1.4060327e-09,3.6913497e-10,8.8678155e-11,9.064414e-12
4FGL J0738.4+1539,114.6058,15.6602,bcu,5.6792054,1.9348649,1.6951916,0.2961834,8.8959927e-13,13.0469475,1.0237607e-10,2.127986e-13,6.1014066e-15,8.560525e-11,3.4034664e-11,7.507464e-12,2.1657988e-12,6.0276056e-16
4FGL J0738.9-6736,114.7427,-67.6038,fsrq,11.242895,2.5381687,2.532412,0.021216678,6.711622e-12,187.5877,7.534676e-11,1.2326976e-08,2.5043632e-09,4.5430845e-10,4.785395e-11,1.2560109e-11,9.791291e-13,2.6402078e-16
4FGL J0739.2+0137,114.82,1.6216,fsrq,107.73347,2.3910236,2.3210616,0.10087655,6.705101e-11,2557.9531,1.5629836e-07,9.232905e-08,2.6811858e-08,4.7780397e-09,8.855594e-10,8.227269e-11,4.937977e-12,2.4192235e-12
4FGL J0739.7+1743,114.9486,17.7233,bcu,5.0376353,2.5217452,2.5993607,0.083831206,4.1027962e-12,23.752956,1.0604227e-08,1.572158e-08,1.3120925e-09,1.8856372e-10,5.7991327e-11,8.926442e-12,4.0798864e-13,1.460069e-15
4FGL J0739.8-6722,114.955,-67.3684,bll,6.2715855,1.8503166,1.5504425,0.2348582,1.4171761e-12,19.558508,2.3640926e-08,3.956023e-12,1.7461633e-12,2.5939525e-11,3.1456275e-11,1.4639883e-11,3.1702989e-12,1.7812914e-12
4FGL J0740.0-0753,115.0209,-7.8985,bcu,6.2341466,2.5773187,2.5840385,0.088430986,3.1542705e-12,28.797522,1.3435153e-13,5.084623e-09,1.2716701e-09,1.6862464e-10,1.7636838e-11,1.8012739e-12,1.8054917e-12,1.977902e-15
4FGL J0740.4+7300,115.1108,73.0061,bcu,3.2570539,2.254026,1.9728199,0.28282332,7.408093e-13,23.01562,2.2458642e-09,2.34059e-15,1.3842255e-10,4.565283e-11,2.2701278e-11,6.020612e-15,2.7012958e-19,1.2239066e-16
4FGL J0740.9+3203,115.2335,32.0581,bll,7.3830094,2.4202518,2.4459515,-0.04338431,2.4064307e-12,10.729142,3.5276941e-09,4.5918482e-09,7.3182804e-10,9.1000464e-11,4.489631e-11,6.769692e-12,2.909952e-12,2.954054e-18
4FGL J0741.0+3226,115.2604,32.4389,bll,7.3427167,1.5922822,1.4044435,0.32092872,1.0173297e-12,11.636101,4.4897713e-10,4.9795213e-11,4.320744e-11,1.2030962e-16,2.2105734e-11,1.2638974e-11,5.9882876e-12,1.0528131e-18
4FGL J0741.2-5140,115.3095,-51.6741,bcu,5.3889,2.604076,2.6435928,0.123169154,3.0082386e-12,20.748444,2.1925086e-09,2.2830737e-10,1.0452377e-09,1.5707827e-10,1.6251769e-11,4.202451e-12,2.5771618e-13,7.3472247e-17
4FGL J0741.4-8132,115.3538,-81.5409,bcu,4.2388396,1.8214688,1.6785805,0.29676485,8.225383e-13,14.0428295,8.6879826e-10,2.4509637e-14,3.315246e-12,3.374072e-11,2.6811397e-11,1.17225535e-11,2.2136373e-12,3.389653e-16
4FGL J0741.4-4709,115.3556,-47.1636,fsrq,12.911283,2.5958025,2.7068665,0.14851728,5.987598e-12,51.49449,1.7852877e-09,8.177014e-09,2.5793345e-09,4.0678302e-10,2.6210091e-11,6.7344416e-12,5.6869487e-12,7.759264e-17
4FGL J0742.1+4902,115.5361,49.0428,fsrq,11.868536,2.290283,2.2116933,0.080906264,3.0955889e-12,91.59407,5.72437e-10,2.2981193e-09,8.853605e-10,1.9898701e-10,5.831126e-11,8.9818725e-12,5.0180383e-15,1.5385376e-15
4FGL J0742.6+5443,115.6715,54.727,fsrq,62.214603,2.3447015,2.2578912,0.07399232,1.8669191e-11,2835.3306,3.4868627e-08,2.3631822e-08,6.784902e-09,1.3792076e-09,3.0188266e-10,3.19151e-11,4.950902e-12,8.873647e-18
4FGL J0742.9-5242,115.74,-52.7033,bcu,8.286019,2.6823804,2.7961764,0.20437153,5.175609e-12,44.172283,1.5036198e-08,1.3710787e-10,2.4833688e-09,2.1816897e-10,2.8461008e-11,4.1911695e-12,3.516611e-12,2.5870514e-15
4FGL J0743.0-5622,115.7698,-56.3768,fsrq,6.8578,2.8131633,2.80042,0.16096443,3.4907485e-12,46.903095,1.1795798e-08,8.956773e-09,1.2718643e-09,1.0344533e-10,1.5865607e-11,1.9395945e-12,1.370078e-16,3.2963293e-16
4FGL J0743.1+1713,115.7753,17.2198,bll,10.843475,2.2538865,2.2427638,0.019474398,3.2791413e-12,12.922457,2.3270973e-10,6.96995e-10,9.323656e-10,2.1191214e-10,5.209179e-11,1.7455145e-11,3.232507e-12,3.3225333e-16
4FGL J0743.3-4912c,115.834,-49.2143,bcu,7.9007645,2.5376399,2.5434868,0.02144744,4.0712416e-12,4.0104427,1.2737267e-10,5.1101408e-09,1.6188605e-09,1.9440509e-10,3.2614137e-11,7.46974e-12,1.397635e-12,1.6193114e-16
4FGL J0743.6-3805,115.9062,-38.0937,bcu,5.834506,2.4252458,2.4016092,0.08527153,3.638085e-12,50.270363,5.253239e-09,5.0713327e-09,9.421903e-10,2.8925545e-10,3.3771014e-11,5.9264867e-12,3.6286172e-12,6.055462e-16
4FGL J0744.1-6211,116.0302,-62.1954,bcu,4.05689,1.5204209,1.2105943,0.3846425,6.501879e-13,10.186432,3.1882243e-11,4.666024e-10,4.4135022e-11,4.6961757e-18,1.1915172e-19,1.2912849e-11,4.275608e-12,3.0070791e-19
4FGL J0744.1+7434,116.0345,74.5778,bll,21.24519,1.8062041,1.7849542,0.021504639,3.992886e-12,21.745846,1.1662157e-09,1.466497e-09,7.328913e-10,1.7516051e-10,7.758925e-11,3.3202777e-11,1.794787e-11,4.3520244e-12
4FGL J0744.2-6918,116.0546,-69.3034,bll,11.237037,2.367811,2.293448,0.10047393,3.7197827e-12,33.580177,1.7436711e-12,3.2929344e-09,1.1187348e-09,2.7527525e-10,5.2119666e-11,8.338872e-12,5.6870305e-18,1.2010641e-16
4FGL J0745.4-2447,116.3619,-24.7995,bcu,4.3232203,2.8420258,3.119611,0.40662056,5.843903e-12,18.51481,1.1470996e-08,1.0593387e-08,3.1063445e-09,8.781995e-11,2.5816498e-11,1.672123e-17,5.0534515e-15,3.9981713e-15
4FGL J0746.0-0039,116.5246,-0.6543,fsrq,3.9618742,2.7952957,2.8263838,0.13390987,2.1569602e-12,11.311095,4.4852614e-13,4.7138426e-09,9.070769e-10,4.751915e-11,1.0172395e-11,8.2677083e-14,5.1620385e-17,1.842651e-15
4FGL J0746.3-0225,116.5985,-2.428,bll,18.529352,1.8799608,1.7567923,0.08009976,4.7493376e-12,25.618376,1.2766307e-11,6.5201e-15,7.6728063e-10,2.667497e-10,1.2534708e-10,5.1441032e-11,8.818084e-12,3.4945202e-12
4FGL J0746.4+2546,116.6021,25.7678,fsrq,17.299553,2.81253,2.8011785,0.2881778,6.774189e-12,90.01416,1.950926e-08,1.6451004e-08,3.186453e-09,1.9012644e-10,1.1734753e-11,4.9542374e-13,3.7379964e-16,3.6867977e-15
4FGL J0746.5+2730,116.6276,27.5153,fsrq,9.235398,2.6843984,2.5767493,0.14932224,3.4141156e-12,34.278133,2.6247587e-08,4.574896e-09,1.3886695e-09,1.4702696e-10,2.377375e-11,7.439506e-16,1.1827387e-15,5.361278e-17
4FGL J0746.5-0710,116.6316,-7.1804,bcu,16.546766,2.2099712,2.1034112,0.16961347,5.008809e-12,26.896437,4.656089e-12,2.268228e-09,1.4941149e-09,5.049123e-10,1.4322481e-10,1.8398557e-11,6.803581e-15,1.2385124e-16
4FGL J0746.6-4754,116.6694,-47.9155,bll,51.73621,1.9508995,1.8547896,0.05606978,1.8995281e-11,371.82126,1.964296e-11,7.985013e-09,3.2466583e-09,1.2938814e-09,4.7325693e-10,1.3476759e-10,5.2975554e-11,5.5146864e-12
4FGL J0747.2+4529,116.8224,45.4988,bcu,7.1876926,2.1504076,1.9942617,0.14023024,1.7546191e-12,15.660149,1.3932957e-14,1.1278625e-12,5.6995236e-10,9.031761e-11,3.9077734e-11,1.0788292e-11,5.9797432e-18,6.628564e-16
4FGL J0747.3-3310,116.8328,-33.1778,bll,21.965317,2.2964206,2.2854376,0.03339075,1.7648919e-11,135.87971,1.1391108e-08,1.6329738e-08,6.161822e-09,1.0353054e-09,2.9559935e-10,5.5355078e-11,1.2697287e-11,7.615852e-15
4FGL J0747.5+0905,116.876,9.0911,bll,11.926907,2.0328708,2.0107703,0.028524177,2.8136445e-12,7.423802,1.6861816e-12,4.038218e-10,6.6726075e-10,1.7668716e-10,5.2301462e-11,1.7537135e-11,7.579063e-12,2.4603824e-16
4FGL J0747.5-4927,116.8817,-49.4608,bll,19.125612,2.1056519,2.1085513,-0.0028210669,6.26378e-12,45.312836,1.1333757e-09,6.8168795e-09,1.6970484e-09,3.5794256e-10,1.1351488e-10,4.4609913e-11,6.192387e-12,3.1182444e-12
4FGL J0747.6+7209,116.9239,72.1649,bcu,6.365955,2.4518964,2.398941,0.049920082,1.4785332e-12,31.465384,1.9045519e-08,3.7736574e-09,4.189725e-10,8.362724e-11,2.3706153e-11,3.0737997e-12,5.1729086e-16,1.751554e-15
4FGL J0748.0-1638,117.0059,-16.6437,bcu,14.111153,2.6186252,2.6007378,0.15140338,7.497261e-12,66.09985,1.6878532e-08,1.463248e-08,3.1662235e-09,4.1369708e-10,7.0978085e-11,2.3705248e-12,1.2339492e-17,7.852499e-15
4FGL J0748.3+8511,117.0818,85.1967,bcu,16.013792,1.7920845,1.5433053,0.18641844,2.3897139e-12,18.836563,2.6280351e-09,7.117592e-13,1.08949676e-10,1.2798983e-10,8.2641574e-11,2.0874441e-11,1.0249077e-11,6.0943297e-13
4FGL J0748.3+4928,117.0824,49.4748,bll,9.031821,2.5101695,2.4816132,0.028575614,2.8994997e-12,36.689064,4.2626416e-10,4.9557998e-09,8.4333773e-10,1.6373264e-10,4.3483044e-11,2.6221633e-12,6.0411205e-16,6.877699e-17
4FGL J0748.6+2400,117.1638,24.0166,fsrq,25.254816,2.3390906,2.3201385,0.038984284,9.878768e-12,181.30249,4.096571e-10,7.63665e-09,3.0394538e-09,6.198821e-10,1.6647574e-10,2.2228552e-11,2.6524007e-12,3.1656658e-20
4FGL J0749.0-3904,117.267,-39.0709,bcu,7.451394,2.0655828,2.0661309,-0.0006040114,3.0074107e-12,8.847169,1.9575118e-11,3.640043e-12,1.1755951e-09,1.6106852e-10,5.04592e-11,1.9337396e-11,6.880362e-12,2.0466775e-12
4FGL J0749.0-2956,117.2727,-29.948,bcu,5.835334,1.9804273,1.8110816,0.15239409,2.2738278e-12,13.052333,1.2214391e-12,2.938204e-09,2.6495298e-10,1.8243455e-10,3.4433397e-11,2.3523242e-11,2.61129e-12,8.8991425e-17
4FGL J0749.2+2314,117.3217,23.2337,bll,8.278531,2.051042,2.0776215,-0.043169297,1.8744893e-12,6.202216,1.9255818e-08,5.3155804e-09,6.7166217e-10,1.0203312e-10,3.051098e-11,8.259364e-12,6.2860064e-12,3.848791e-12
4FGL J0749.3+4453,117.3482,44.8918,bcu,16.896152,2.2868273,2.1504986,0.14735971,3.667193e-12,79.77291,9.117191e-15,2.8615976e-09,1.2814133e-09,3.5027586e-10,7.648333e-11,8.593565e-12,6.461005e-17,6.6087327e-13
4FGL J0749.4+1058,117.3728,10.9781,bll,10.466968,2.1884034,2.1440291,0.05382106,3.2534932e-12,15.454027,8.5436405e-09,7.626481e-10,6.6628e-10,2.0014344e-10,6.72868e-11,1.7677766e-11,3.1484444e-12,1.85798e-16
4FGL J0749.5+1026,117.3871,10.449,fsrq,3.4941971,2.857799,2.9068923,0.23459534,2.5183915e-12,14.415025,1.2799417e-08,8.679662e-09,1.1171203e-09,7.5490315e-11,1.3682128e-11,1.3443153e-16,5.670101e-16,7.5680025e-17
4FGL J0749.6+1324,117.4189,13.4075,bcu,13.091075,2.4129226,2.1575804,0.272226,3.0531708e-12,12.455655,1.7067181e-08,3.7377146e-09,9.930831e-10,3.6426853e-10,6.4832174e-11,6.6666876e-15,7.1855427e-19,1.8078184e-16
4FGL J0749.7+7450,117.431,74.8463,bll,11.337212,2.1748505,2.1692393,0.011097764,2.4097144e-12,30.369217,5.6191635e-10,1.34205e-09,5.159635e-10,1.870935e-10,3.3551505e-11,1.652558e-11,1.8393835e-17,1.1908852e-12
4FGL J0749.9+3112,117.4754,31.2087,bcu,4.103771,2.452208,2.3840039,0.098748505,1.2605697e-12,9.116832,9.128553e-12,2.6553737e-09,3.6407502e-10,7.79603e-11,2.0380949e-11,3.4588379e-16,1.0622435e-15,1.09744045e-14
4FGL J0749.9+1823,117.4853,18.387,fsrq,5.358589,2.437007,2.413804,0.12790294,2.8952576e-12,28.930363,9.6804134e-11,5.5315663e-09,8.247433e-10,2.4537672e-10,2.5634567e-11,9.033487e-12,4.704803e-16,3.4125948e-17
4FGL J0750.0+8238,117.5109,82.6382,bcu,5.7847314,2.628444,2.421155,0.115534835,1.4660285e-12,35.76675,1.7657287e-09,1.7610068e-09,3.331223e-10,1.0918186e-10,1.43524715e-11,2.53996e-15,1.8203712e-15,5.727358e-16
4FGL J0750.8+1229,117.701,12.494,fsrq,32.13813,2.438016,2.4234695,0.10659679,1.1713979e-11,359.7207,7.6132717e-10,1.6373184e-08,4.8698006e-09,7.7545376e-10,1.5255124e-10,1.2755399e-11,3.8933713e-12,1.7936596e-16
4FGL J0751.0+7908,117.7678,79.1394,bcu,26.50888,2.1792643,1.8968532,0.2358395,3.7774193e-12,154.85843,4.6454116e-09,8.059604e-10,1.1577922e-09,4.1113848e-10,1.2243027e-10,1.1570464e-11,2.2110618e-12,1.088042e-18
4FGL J0751.0-5131,117.7685,-51.5288,bcu,26.58994,2.4150684,2.3316505,0.16548128,1.0725834e-11,695.33453,1.0065634e-10,1.2423676e-08,4.6317314e-09,8.4575436e-10,1.7905762e-10,1.8640062e-11,2.788066e-15,2.0367172e-17
4FGL J0751.4-0421,117.8642,-4.3607,bcu,10.390426,2.0815973,1.9583505,0.12994726,2.9540372e-12,7.096615,1.5028158e-08,1.3164367e-09,6.2375516e-10,1.7105234e-10,7.7883124e-11,1.9588085e-11,2.4415856e-15,9.605464e-17
4FGL J0751.4+2655,117.8664,26.9275,bcu,5.7177796,2.0302312,1.913759,0.29057097,8.2295607e-13,20.646889,1.4883569e-09,1.3838383e-10,1.8432356e-11,9.556882e-11,3.032603e-11,7.879023e-12,6.439217e-16,1.5624103e-17
4FGL J0751.9+3314,117.9826,33.2361,fsrq,43.286934,2.4388146,2.3153691,0.12861452,1.3850817e-11,2246.3665,3.0354144e-08,2.0167548e-08,5.7413057e-09,9.715755e-10,1.6141287e-10,9.193353e-12,1.6702361e-12,1.3874939e-13
4FGL J0752.3-1631,118.0914,-16.5318,bcu,21.514982,1.9979753,1.7705446,0.15941432,5.6862687e-12,39.39336,1.6067775e-08,9.761462e-10,8.80469e-10,4.0995835e-10,2.2662305e-10,3.3462354e-11,1.5577003e-11,3.8263228e-16
4FGL J0753.0+5353,118.253,53.8891,bll,44.90694,2.126698,2.0426676,0.05578684,1.1055214e-11,33.101936,1.45339e-12,7.1610815e-09,2.9682288e-09,8.0456286e-10,2.771759e-10,4.903541e-11,1.0666458e-11,2.7505468e-12
4FGL J0753.9+0923,118.4907,9.3904,bcu,7.505925,2.4596407,2.474448,0.2405701,1.9710223e-12,57.48355,9.116562e-11,2.2102566e-09,7.842921e-10,1.7344905e-10,3.7334868e-11,3.5165906e-17,6.1307943e-16,3.1080561e-12
4FGL J0754.0+0451,118.5213,4.8565,bcu,15.8884945,1.8742025,1.6782796,0.12055879,3.1821889e-12,27.950676,1.9004843e-11,1.0208344e-09,2.863642e-10,1.7966639e-10,9.3387256e-11,3.75944e-11,9.302407e-12,2.8016269e-16
4FGL J0754.4-1148,118.6105,-11.8052,bll,41.87455,2.1521056,2.0340767,0.09613105,1.6457884e-11,43.825447,8.9436485e-09,1.03565085e-08,5.0748175e-09,1.3748169e-09,3.6317607e-10,9.621869e-11,7.1370752e-12,4.998116e-16
4FGL J0754.5+3911,118.6435,39.1968,bll,4.589475,1.9216198,1.7756855,0.20071693,9.934076e-13,11.536307,1.277886e-13,2.4460653e-15,1.2199074e-10,3.758695e-11,3.698493e-11,6.9723463e-12,1.5724212e-12,1.312911e-15
4FGL J0754.7+4823,118.6929,48.3932,bll,52.797146,2.0878875,1.9425544,0.10259343,1.3696789e-11,95.52217,2.5124466e-08,7.797926e-09,3.618545e-09,1.1605107e-09,3.815959e-10,6.1789907e-11,7.326554e-12,6.188005e-17
4FGL J0756.3-6431,119.0845,-64.5187,bll,11.130459,2.063361,2.0655766,-0.0020344038,2.617439e-12,17.417526,1.3273485e-13,1.4822844e-09,4.7968884e-10,1.658657e-10,5.2912712e-11,1.2487841e-11,7.6946964e-12,2.5854523e-19
4FGL J0756.6-7723,119.1718,-77.3895,bcu,5.262592,2.0884686,1.9433057,0.2828338,1.1404233e-12,8.558477,4.4418575e-12,2.989814e-12,1.6380917e-10,5.840505e-11,3.179453e-11,5.729686e-12,3.1760486e-14,1.9030977e-17
4FGL J0757.1-3729,119.2835,-37.4955,bll,8.214813,1.8993118,1.7472476,0.23826258,2.3953224e-12,26.704844,8.849976e-11,1.5620568e-14,2.6390855e-11,7.886211e-11,9.1599006e-11,2.406837e-11,9.32835e-12,1.4876375e-12
4FGL J0757.1+0956,119.2856,9.9491,bll,45.08811,2.149592,2.1034365,0.038921893,1.5889668e-11,36.875835,3.223966e-08,1.2893936e-08,4.59848e-09,1.1475731e-09,3.1757716e-10,6.9197655e-11,2.1879826e-11,4.229223e-12
4FGL J0758.1+1134,119.5372,11.5669,fsrq,10.012341,2.3137393,2.3032503,0.011766192,2.9558168e-12,21.225178,2.3978163e-11,4.880427e-09,9.920443e-10,1.5149283e-10,5.3137546e-11,1.045752e-11,1.943099e-12,8.439138e-16
4FGL J0758.9+2703,119.7258,27.0653,bll,18.425447,2.11582,1.9705538,0.10865326,3.884155e-12,22.209755,1.2705905e-08,2.3471647e-09,1.064153e-09,3.0306685e-10,1.1210818e-10,2.305604e-11,3.6287556e-14,1.4325375e-12
4FGL J0759.6+1321,119.9004,13.3627,bll,14.185967,1.9128444,1.8186877,0.06895342,3.2344988e-12,23.818024,5.8111904e-10,1.6993765e-09,5.5075433e-10,1.7034105e-10,6.337773e-11,3.7143212e-11,5.5775207e-12,1.54783e-12
4FGL J0800.3+5611,120.0813,56.1888,bcu,8.205841,1.9723768,1.8432652,0.16436939,1.3394036e-12,30.026424,4.898968e-09,1.7901262e-11,1.4114868e-10,6.24024e-11,4.1185045e-11,7.497606e-12,2.5777082e-12,4.2819765e-17
4FGL J0800.4-2257,120.1113,-22.9572,bcu,9.91118,2.4712663,2.433394,0.38064176,3.682551e-12,35.83864,5.605108e-12,1.15617065e-10,1.9274178e-09,3.6403697e-10,5.941694e-11,3.9124786e-17,7.2793595e-17,3.4354951e-15
4FGL J0800.9+4401,120.2457,44.0181,bll,15.122711,2.1824503,2.0277865,0.1253203,2.7771327e-12,43.65481,5.331846e-09,4.4396176e-10,8.981958e-10,2.4550734e-10,6.749963e-11,1.3297916e-11,1.0494702e-12,5.7559044e-16
4FGL J0801.1+1335,120.2789,13.5853,bll,4.354326,2.2683117,2.2215729,0.041690495,1.3638343e-12,10.037491,9.921184e-09,7.31764e-10,4.8189686e-10,4.8347947e-11,4.003022e-11,4.870172e-12,1.2324631e-15,1.81597e-16
4FGL J0801.1+6444,120.2933,64.7438,bll,17.367416,1.9448395,1.8983428,0.0369514,3.258914e-12,61.586937,1.9328641e-10,3.419051e-09,5.739264e-10,1.5379259e-10,8.645782e-11,2.0238472e-11,9.227895e-12,1.1024943e-12
4FGL J0801.3+6631,120.3311,66.5331,bcu,10.276496,2.5705135,2.463727,0.13572492,2.7747086e-12,21.470766,2.0687162e-08,3.0596745e-09,9.020903e-10,1.6532506e-10,2.301277e-11,1.612615e-12,8.5761854e-17,1.2583449e-17
4FGL J0802.0+1006,120.5075,10.1117,bll,13.654581,2.085778,2.0427644,0.05825636,3.4045436e-12,8.528512,1.77796e-11,8.441034e-10,8.3330653e-10,2.1334852e-10,6.760621e-11,2.3123567e-11,3.5139528e-12,2.3520593e-17
4FGL J0802.3-0942,120.5752,-9.7139,bcu,20.701118,1.8789194,1.7975618,0.06559392,6.0633213e-12,15.873671,2.6709785e-14,4.823549e-09,8.0776186e-10,2.8937178e-10,1.4020833e-10,6.689873e-11,9.949765e-12,1.4640482e-12
4FGL J0803.0+2439,120.7508,24.6583,bll,5.2054915,1.9436674,1.9736581,-0.032283068,1.0598113e-12,15.491969,3.639679e-10,1.0004173e-09,3.4245282e-10,5.3072994e-11,5.5061415e-12,9.330081e-12,6.683549e-12,1.07460264e-16
4FGL J0803.2-0337,120.8247,-3.6189,fsrq,30.648434,2.0048573,1.9755851,0.031043889,9.989774e-12,39.22113,6.2855237e-09,4.783944e-09,2.0484499e-09,6.344651e-10,2.2423971e-10,3.4747268e-11,2.940104e-11,3.5403197e-12
4FGL J0803.5+2046,120.8883,20.7678,bcu,5.4890127,2.5785248,2.4456704,0.39484024,1.483198e-12,41.820812,1.8299069e-11,1.4023167e-09,7.321694e-10,1.4787875e-10,2.3163361e-14,7.012984e-15,1.0691347e-15,1.2601119e-12
4FGL J0804.0-3629,121.0076,-36.4854,bll,26.133951,1.9576306,1.6872739,0.2170746,9.975759e-12,40.391365,4.2396926e-09,2.2213138e-09,1.3134572e-09,6.007579e-10,3.8625905e-10,9.412959e-11,2.3854443e-11,4.640316e-24
4FGL J0804.5+0414,121.1328,4.2393,bcu,11.695697,2.458994,2.4126961,0.11134661,3.8644847e-12,40.995564,4.234551e-10,5.7479017e-09,1.3890813e-09,2.3816443e-10,4.0628e-11,3.726844e-12,2.1267192e-17,1.6810617e-15
4FGL J0804.9-0624,121.2325,-6.4056,bcu,14.647508,1.8915775,1.8025237,0.088688135,4.1776686e-12,22.729092,1.7516498e-13,1.9420574e-09,4.959165e-10,2.354852e-10,9.3905564e-11,3.185639e-11,1.5375796e-11,1.5661631e-15
4FGL J0805.0+6746,121.2519,67.7678,bcu,6.0273776,2.0798912,1.9471688,0.33730406,6.273246e-13,23.023512,1.420618e-10,3.302911e-10,7.3573404e-11,8.166075e-11,2.3811534e-11,3.734953e-12,2.0734925e-17,9.503654e-16
4FGL J0805.1+7744,121.2891,77.7441,bcu,8.868939,2.603702,2.6202374,-0.023776077,2.3533389e-12,57.878414,1.934888e-10,3.167176e-09,8.947603e-10,9.515716e-11,2.5975075e-11,3.0248054e-12,5.047914e-13,8.973316e-16
4FGL J0805.2-0110,121.3004,-1.181,fsrq,19.368418,2.509555,2.4068313,0.1307879,6.1307934e-12,112.42024,3.704271e-11,9.0116625e-09,2.6638787e-09,3.7820996e-10,7.702028e-11,5.271093e-12,8.080067e-16,9.702153e-15
4FGL J0805.4+6147,121.3557,61.7937,fsrq,11.910328,2.7992215,2.7075555,0.1309232,5.0072732e-12,276.27185,8.592528e-09,8.168131e-09,1.9815394e-09,1.720255e-10,2.4339053e-11,1.8655737e-12,4.569849e-15,3.2061024e-18
4FGL J0805.4+7534,121.3616,75.5766,bll,62.330997,1.8428278,1.776121,0.031615194,1.6109291e-11,41.983753,1.3977936e-08,4.9621676e-09,2.4144646e-09,8.472112e-10,3.7946069e-10,1.5318925e-10,3.6871915e-11,1.5866388e-11
4FGL J0805.8-2331,121.4651,-23.533,bcu,6.704265,2.1464791,2.1450162,0.025663627,2.3143148e-12,14.093425,4.7324774e-12,9.448907e-10,7.879411e-10,1.5739646e-10,3.290257e-11,1.3100167e-11,4.3731733e-12,7.704686e-17
4FGL J0805.9+3834,121.4877,38.5725,bll,10.71027,2.1163216,2.0930889,0.033575792,2.2620165e-12,15.832408,5.891764e-14,1.0007699e-09,7.243194e-10,9.729833e-11,5.3048343e-11,1.684588e-11,1.5494478e-15,1.4443064e-12
4FGL J0806.1-0458,121.539,-4.9792,bcu,4.698041,2.1487339,1.939846,0.3465452,7.755981e-13,15.559356,4.031964e-09,2.522851e-09,4.0165624e-11,1.0510597e-10,2.6902789e-11,7.6091035e-12,2.120994e-17,1.2912893e-15
4FGL J0806.5+4503,121.6284,45.0605,fsrq,8.230974,2.5322046,2.4788063,0.08187745,2.4720328e-12,45.440907,7.191323e-14,4.798912e-09,6.9772915e-10,1.8138377e-10,1.7322957e-11,1.7778695e-14,2.8793043e-16,1.3519069e-18
4FGL J0806.5+5930,121.6497,59.5142,bll,15.479237,2.0442362,2.0731099,-0.026279306,3.020408e-12,26.474688,4.0325214e-09,3.787468e-09,6.7314465e-10,1.6288387e-10,5.3643544e-11,2.6886693e-11,3.764329e-12,2.7172546e-12
4FGL J0806.9-2151,121.7403,-21.8513,bcu,5.824511,2.152631,2.0838974,0.12664181,1.8092644e-12,8.412773,5.685155e-12,2.4223463e-09,3.541445e-10,9.790013e-11,5.402404e-11,4.1412798e-12,2.2403561e-12,1.1421184e-21
4FGL J0807.0-6102,121.7564,-61.0401,bcu,8.524768,2.2594802,1.9979736,0.2795494,1.768274e-12,13.153747,8.016994e-09,9.264738e-13,3.1939199e-10,1.9652156e-10,7.058181e-11,7.165407e-12,6.535817e-17,5.4338073e-19
4FGL J0807.1-0541,121.7798,-5.6842,bll,35.12758,2.1994562,2.1071928,0.11590522,1.1834951e-11,134.5181,2.7482972e-12,4.829809e-09,4.185565e-09,9.747664e-10,2.8731853e-10,4.6849958e-11,2.0806364e-12,3.331592e-12
4FGL J0807.2-7630,121.8175,-76.5089,bcu,9.924991,2.2426603,2.1925855,0.07773265,2.7713654e-12,29.940155,2.5675692e-11,6.441007e-12,7.798747e-10,1.8574683e-10,5.1639387e-11,1.3101736e-11,1.1848535e-12,6.1960075e-18
4FGL J0807.3-1954,121.8376,-19.916,bcu,5.5406604,2.221383,2.2132938,0.0056186635,1.8683466e-12,10.297961,2.0526239e-10,2.885529e-09,5.3690574e-10,1.3502681e-10,1.74512e-11,9.300707e-12,1.6125122e-12,1.6378752e-12
4FGL J0807.7-1206,121.9337,-12.1043,bcu,7.0087023,2.8192804,2.8069851,0.03135666,3.4342535e-12,31.633858,2.8375823e-08,7.462552e-09,1.1205425e-09,1.475636e-10,1.4070025e-11,1.4501585e-12,1.9024162e-12,8.473833e-17
4FGL J0808.2-0751,122.065,-7.8556,fsrq,127.96069,2.2246165,2.1106455,0.096915334,7.6354985e-11,3890.601,9.8731924e-08,7.381313e-08,2.6496018e-08,6.4053514e-09,1.5082459e-09,1.9733835e-10,6.8561086e-12,1.9825643e-12
4FGL J0808.5+4950,122.1299,49.8338,fsrq,13.1056595,2.777256,2.6514971,0.1614065,4.3064124e-12,27.099535,1.6149977e-08,7.3554083e-09,1.6919663e-09,2.4138472e-10,1.1401258e-11,6.5127046e-17,7.466943e-17,1.3574484e-12
4FGL J0809.3+4053,122.33,40.8954,fsrq,11.3138685,2.6259482,2.543451,0.110843,3.7713066e-12,46.57276,1.33173454e-08,7.4470856e-09,1.3487111e-09,1.725693e-10,4.0226142e-11,2.4468647e-21,6.172757e-17,1.3488482e-16
4FGL J0809.3+3121,122.348,31.3533,bll,5.4168625,2.2853749,2.184313,0.2211697,1.102016e-12,20.82889,8.813635e-13,5.442424e-10,3.208557e-10,1.2763371e-10,2.6451417e-11,1.5611258e-12,1.7739482e-12,1.4588679e-21
4FGL J0809.5+5341,122.3791,53.6876,fsrq,46.2827,2.274525,2.1352725,0.1219913,1.1479975e-11,574.0093,2.1007406e-08,1.0843224e-08,4.0912367e-09,9.681573e-10,2.508566e-10,2.615515e-11,6.684034e-16,1.0027466e-15
4FGL J0809.6+3455,122.4215,34.9252,bll,12.658314,1.89344,1.8943374,0.0010313051,2.4864485e-12,28.155224,2.0295728e-13,6.00056e-10,4.4626305e-10,1.2399524e-10,5.832898e-11,1.362528e-11,7.854356e-12,4.8133216e-12
4FGL J0809.8+5218,122.4617,52.3143,BLL,105.44142,1.8824737,1.83099,0.02526186,4.1348803e-11,360.90308,1.970265e-08,1.6010112e-08,6.588011e-09,2.3188849e-09,1.0101812e-09,3.2636754e-10,1.201597e-10,2.6177213e-11
4FGL J0809.9-7028,122.4803,-70.467,bcu,4.900957,2.0411031,2.0400019,-0.034417607,1.1922476e-12,22.965302,1.3967088e-14,3.576512e-13,2.8989353e-10,1.111001e-10,9.8673205e-12,6.723669e-12,2.4010143e-12,2.2899248e-12
4FGL J0810.5+6139,122.6432,61.6578,bcu,4.2817407,2.0151691,1.9012389,0.06109729,8.523271e-13,10.819014,1.0591314e-08,4.0414783e-09,2.962692e-10,1.7900055e-11,2.0760083e-11,5.9176062e-12,3.3656797e-12,4.1176548e-17
4FGL J0810.9-4926,122.7287,-49.4364,bcu,4.8421807,2.4850447,2.4615722,0.07579375,2.5935345e-12,8.133714,4.3240224e-08,3.7887014e-09,8.973413e-10,1.1168672e-10,4.1958572e-11,5.6826627e-12,1.01563055e-17,1.5514599e-15
4FGL J0811.0-7529,122.7513,-75.4982,bll,68.88323,1.9345775,1.814104,0.073186666,2.402883e-11,25.008486,1.2204741e-10,1.0808205e-08,4.19251e-09,1.6475151e-09,6.365662e-10,1.9051048e-10,6.3490234e-11,2.6509518e-13
4FGL J0811.4+0146,122.861,1.7756,bll,72.8428,2.0930293,2.0148573,0.09536273,3.096791e-11,544.04706,2.9808326e-08,1.9249038e-08,8.664621e-09,2.5849627e-09,7.872513e-10,1.3265962e-10,3.090244e-11,1.7670348e-12
4FGL J0811.9+7847,122.9948,78.7843,bcu,5.938778,2.5190659,2.584354,-0.038392935,1.4166258e-12,11.715153,1.3913504e-10,3.76216e-09,2.5842697e-10,9.665656e-11,1.9844957e-11,1.3445785e-12,2.8159968e-19,1.7056668e-15
4FGL J0812.0+0237,123.0094,2.6285,bll,20.399773,1.8821064,1.9077362,-0.021589788,5.632025e-12,8.444558,9.075073e-09,2.6721034e-09,9.921329e-10,2.9845998e-10,1.1706472e-10,3.5083946e-11,2.2071543e-11,7.0231793e-12
4FGL J0812.3+1143,123.0988,11.7271,bll,4.2819705,2.5896342,2.4818618,0.13337803,1.4514193e-12,19.265623,1.26310615e-08,7.871874e-10,5.953104e-10,7.0652484e-11,1.7474428e-11,2.9317238e-21,3.3215612e-20,1.0412676e-22
4FGL J0812.5+0711,123.1443,7.1939,bcu,5.917061,2.5570598,2.5536551,0.0016246333,1.9136838e-12,26.644373,1.5030754e-08,5.5972094e-09,5.10722e-10,6.515692e-11,2.946667e-11,5.927969e-12,1.1344308e-16,9.46252e-13
4FGL J0812.6+2821,123.1562,28.3574,bcu,8.091985,2.1010718,2.1044688,-0.0128685525,1.7546574e-12,24.657557,2.2106862e-13,2.2198328e-12,7.1058887e-10,1.00611804e-10,1.9899703e-11,1.27354785e-11,6.2049584e-12,1.809316e-15
4FGL J0812.8+6507,123.2171,65.1259,bll,12.378633,2.0285213,2.0862327,-0.045926303,2.4267318e-12,18.712841,2.888638e-11,2.5317554e-10,4.4584603e-10,1.8416359e-10,3.724828e-11,9.9069745e-12,7.991056e-12,3.534953e-12
4FGL J0812.9+5555,123.2454,55.9169,bll,11.851293,2.1725512,2.159592,0.012388886,2.4366347e-12,27.009651,3.5347062e-11,4.1057846e-09,6.230722e-10,1.2452928e-10,5.2905253e-11,1.6597753e-11,1.1748756e-12,4.772692e-16
4FGL J0813.4+2531,123.3556,25.5319,fsrq,4.7036057,3.2695603,3.1671388,0.18189743,2.1109418e-12,14.375155,1.2214113e-08,7.335916e-09,5.736255e-10,4.767372e-11,4.217059e-16,3.2115988e-21,4.3082598e-18,9.1360577e-17
4FGL J0813.7-0356,123.4294,-3.9498,bcu,9.876696,1.7605819,1.5040992,0.23179692,1.8526268e-12,14.410172,9.278371e-09,1.3019578e-10,1.4306552e-10,2.8639589e-11,7.476857e-11,2.6226668e-11,1.3295659e-12,1.707557e-12
4FGL J0814.2-1013,123.5509,-10.2172,bll,32.128048,2.0900736,2.0151126,0.04647936,1.1962969e-11,74.52825,7.158967e-11,8.18649e-09,2.7098102e-09,9.050194e-10,2.768678e-10,6.9269784e-11,1.5418174e-11,1.2052452e-12
4FGL J0814.4+6926,123.6058,69.435,bcu,5.1695004,1.7444282,1.6610597,0.22398362,6.502216e-13,9.686766,6.4417777e-10,1.1265066e-17,1.2264594e-14,1.5468586e-11,2.4657016e-11,5.6768023e-12,2.6294984e-12,2.3161102e-16
4FGL J0814.4+2941,123.6104,29.6857,bll,9.457214,1.9437864,1.8903623,0.11546862,1.932615e-12,8.050333,3.8122852e-13,2.854094e-09,1.5423787e-10,1.2113513e-10,4.7313042e-11,1.4773969e-11,4.335448e-12,2.2880463e-18
4FGL J0814.5-2642,123.6266,-26.7026,bcu,4.9389496,2.354406,2.1880443,0.25999582,1.4292657e-12,19.835388,7.280681e-09,4.3006085e-10,3.918979e-10,1.7128822e-10,3.6349108e-11,3.9580964e-12,2.5434256e-15,3.640641e-17
4FGL J0814.6+6430,123.6654,64.505,bll,54.69822,2.220246,2.1814632,0.033155456,1.68282e-11,222.32137,2.3124068e-08,1.5456111e-08,5.096246e-09,1.1925998e-09,3.2651828e-10,5.9905365e-11,1.6581073e-11,2.1724024e-17
4FGL J0815.6+3641,123.9073,36.6954,fsrq,5.2509675,2.327789,2.2888837,0.10014145,1.5096738e-12,7.0834565,9.054664e-10,1.0319784e-09,5.75306e-10,7.715101e-11,2.836796e-11,5.2481734e-12,1.2812659e-15,1.0433029e-20
4FGL J0815.9+2951,123.977,29.8627,bcu,5.814559,2.1132238,2.0663352,0.18661259,1.6165576e-12,15.113613,3.6413358e-13,9.30102e-12,3.27128e-10,1.449076e-10,3.956551e-11,9.437863e-17,2.6105975e-12,5.712198e-18
4FGL J0816.1+4909,124.0255,49.1622,bll,10.72156,2.061329,1.990068,0.07010887,2.2395608e-12,13.9856,2.8308104e-14,1.360977e-09,4.6097623e-10,1.3180647e-10,5.0230046e-11,1.746393e-11,1.2637089e-15,1.3072207e-12
4FGL J0816.3+5739,124.0997,57.6616,bll,44.93436,2.0555658,1.9552996,0.06474302,1.0940554e-11,60.973953,1.1208484e-08,5.5573817e-09,2.660364e-09,7.6892825e-10,3.0172534e-10,6.22218e-11,1.5298368e-11,1.2679438e-12
4FGL J0816.4-1311,124.1123,-13.1973,bll,44.322044,1.8400195,1.7224683,0.062489998,1.6015878e-11,139.32025,2.6773545e-11,5.287633e-09,2.301085e-09,8.0333784e-10,4.4773035e-10,1.2883544e-10,5.54873e-11,7.2326407e-12
4FGL J0816.4-0007,124.122,-0.122,bcu,4.200077,2.2360408,1.8213242,0.31883547,1.2290698e-12,10.89845,1.01809645e-08,3.0131375e-09,7.6270684e-11,7.9926364e-11,3.943407e-11,4.0672323e-14,2.6671871e-17,7.43572e-18
4FGL J0816.7-2420,124.1916,-24.3427,bcu,15.098283,2.5547404,2.5728252,0.08207046,8.306325e-12,153.68752,2.1177747e-11,1.711927e-08,3.2743914e-09,4.4569523e-10,6.814885e-11,7.172139e-12,4.44493e-16,3.0547087e-13
4FGL J0816.9+2050,124.23,20.8499,bll,14.360656,1.944367,1.7383469,0.17157014,2.7571e-12,11.186269,3.1002427e-12,9.48218e-10,2.6651073e-10,2.1271104e-10,1.0256894e-10,1.9911251e-11,5.8881207e-12,2.9863354e-16
4FGL J0817.1+1955,124.2772,19.9282,bcu,5.595858,1.7937626,1.8075083,0.09285351,1.2565125e-12,11.612442,4.903385e-12,7.644815e-18,2.3750406e-11,6.9422905e-11,3.8133212e-11,3.337112e-12,2.4747797e-12,1.8873208e-12
4FGL J0817.8+3243,124.4684,32.7236,bll,10.344735,2.0194027,1.8968105,0.13206644,2.565156e-12,10.868499,4.7171217e-10,5.052072e-09,2.068096e-10,1.4016276e-10,5.8122236e-11,2.2087818e-11,3.4187666e-12,1.3666449e-19
4FGL J0817.8-0934,124.4734,-9.5777,bll,39.74739,2.101814,1.9689145,0.09384382,1.3999576e-11,34.87585,1.16830075e-08,9.056746e-09,3.2951806e-09,1.2727102e-09,3.451936e-10,7.064505e-11,1.16182845e-11,1.80359e-12
4FGL J0818.2+4222,124.5572,42.3819,bll,123.624344,2.098439,1.9959115,0.07218713,5.28321e-11,281.69324,5.3547243e-08,3.6411755e-08,1.509422e-08,4.066043e-09,1.3212008e-09,2.5416869e-10,3.39897e-11,1.214023e-21
4FGL J0818.4+2816,124.6076,28.2738,bll,10.847583,2.1786828,2.1403434,0.073089615,3.0209472e-12,22.763285,2.5825026e-13,2.1818127e-09,8.3716817e-10,2.475676e-10,3.746051e-11,1.580283e-11,3.5129326e-12,3.4838243e-17
4FGL J0818.7+3153,124.6953,31.8862,bll,5.5052943,2.1395867,2.0665746,0.105455086,1.3251413e-12,34.688328,3.4385472e-09,3.4413358e-10,1.8015735e-10,9.2498495e-11,3.0513682e-11,6.9275375e-12,1.5718091e-15,2.8643153e-18
4FGL J0818.8+3229,124.705,32.4885,fsrq,3.7644868,2.355027,2.3935235,0.07313357,1.4876459e-12,21.96956,7.5446266e-10,9.990532e-12,8.68819e-10,1.01783554e-10,2.0366778e-11,4.2547086e-12,1.3880242e-16,3.0657028e-18
4FGL J0819.0+2746,124.7636,27.7772,bll,11.487505,2.0970085,1.9295418,0.20396197,2.0860418e-12,10.537638,9.66053e-15,9.086912e-10,3.1882452e-10,2.0080837e-10,8.095727e-11,1.0821016e-11,2.2432302e-15,1.0187486e-19
4FGL J0819.4-0756,124.8532,-7.9457,bll,10.357139,1.8058727,1.6963848,0.0946485,2.4673174e-12,3.7547839,1.15894265e-11,3.197696e-09,3.5685882e-10,9.135346e-11,5.5782906e-11,2.7226447e-11,9.256684e-12,5.392828e-13
4FGL J0819.4+4035,124.854,40.5968,bll,6.718914,2.0253334,1.8835065,0.13187502,1.4560369e-12,17.302528,3.5480643e-09,7.169893e-10,2.5124008e-10,6.16552e-11,4.2059876e-11,9.841302e-12,9.313649e-16,1.5397178e-12
4FGL J0820.1-2801,125.0399,-28.0255,bcu,5.83915,1.5983996,1.5219992,0.19762418,1.3199721e-12,12.062108,7.0013156e-10,7.08326e-13,1.10691424e-13,1.6365543e-11,3.304063e-11,9.749878e-12,1.0197137e-11,1.6041282e-12
4FGL J0820.3+3639,125.0892,36.6653,bll,16.016642,2.1979496,2.1656396,0.05966795,4.215511e-12,24.946215,2.532262e-09,3.8276284e-09,1.2229987e-09,2.8419053e-10,7.364635e-11,1.6942819e-11,2.2541094e-12,1.6483445e-15
4FGL J0820.6-0318,125.1514,-3.3049,bcu,4.8786063,1.9300373,1.9336236,0.006738909,1.195845e-12,15.066093,6.027416e-14,4.889515e-10,1.6818498e-11,1.0871054e-10,1.554888e-11,8.3620316e-12,4.056007e-12,1.7718235e-12
4FGL J0820.7-5758,125.182,-57.9806,bcu,4.9048576,2.7887173,2.6493793,0.25671032,2.5203442e-12,36.631664,1.0400347e-09,4.8967874e-09,1.196619e-09,1.4639866e-10,1.1957036e-11,3.9576114e-16,7.055976e-15,6.5718318e-15
4FGL J0820.9+2353,125.2255,23.89,bll,11.181511,2.0986671,2.1012964,-0.0025443588,2.7118984e-12,12.050433,3.2490437e-08,1.9769253e-09,7.2595085e-10,1.6112035e-10,5.0401874e-11,1.5241107e-11,6.1652927e-12,1.7111159e-15
4FGL J0820.9-1258,125.244,-12.9747,bll,9.541218,2.3272736,2.326086,0.00076123414,3.1281794e-12,9.303097,2.3546451e-11,4.646131e-09,7.36257e-10,1.964219e-10,4.730203e-11,1.2285345e-11,1.754523e-12,9.0197874e-20
4FGL J0821.1+1007,125.2993,10.1287,bcu,6.5526547,2.4433284,2.4725292,-0.04500308,1.9346278e-12,36.66057,1.0794092e-08,4.1095762e-09,6.621566e-10,6.9410325e-11,2.4115996e-11,7.6182186e-12,1.4733164e-12,1.7061351e-17
4FGL J0822.4-2630,125.6172,-26.502,bcu,3.2656994,2.2323313,2.2071195,0.06124593,1.0833612e-12,14.988607,6.375917e-10,3.1376063e-15,6.237098e-10,8.444945e-12,3.082897e-11,3.058902e-12,3.4467895e-15,5.453414e-19
4FGL J0822.9+0538,125.7327,5.6428,bcu,4.68178,1.8968624,1.7297337,0.074275754,8.9630907e-13,8.594029,7.0779245e-09,1.1882165e-09,2.3162498e-10,2.3360282e-11,1.5296372e-11,9.426096e-12,3.0812638e-12,1.0987659e-18
4FGL J0823.1-6330,125.7954,-63.502,bll,8.134216,1.7964972,1.6865617,0.11700533,1.7302703e-12,18.974916,3.9986964e-10,1.7162835e-13,1.1784824e-13,6.972745e-11,4.9435164e-11,1.3763819e-11,3.4608807e-12,2.7464452e-12
4FGL J0823.1+4042,125.7997,40.7077,fsrq,9.742322,2.455426,2.463875,-0.011519656,2.899589e-12,66.38665,5.7405573e-11,8.022227e-09,9.29443e-10,1.7180263e-10,2.7242673e-11,1.2337656e-11,1.7605365e-16,4.9197047e-18
4FGL J0823.3+2224,125.8443,22.4093,bll,12.001809,2.373311,2.233704,0.121268705,3.1967343e-12,17.580923,1.009251e-12,1.5870949e-09,1.2555249e-09,2.87988e-10,3.9214826e-11,8.603723e-12,7.9120407e-13,5.986453e-17
4FGL J0823.7-4838,125.9466,-48.641,bcu,7.4653344,2.8787642,2.8957996,0.08714168,8.81722e-12,24.977953,2.1372081e-08,2.9054153e-08,2.60057e-09,3.025693e-10,4.229876e-11,1.9460113e-12,1.8855212e-15,2.0709648e-21
4FGL J0824.4+2440,126.1081,24.6709,fsrq,18.903955,2.475958,2.466192,0.016584586,6.6501457e-12,237.96423,9.3069765e-09,1.2076482e-08,2.1878157e-09,3.5280526e-10,8.469343e-11,1.22679505e-11,3.2364701e-12,2.5916612e-15
4FGL J0824.7-1035,126.1901,-10.5985,bcu,2.6843314,2.628398,2.335527,0.24428084,1.3063373e-12,17.411045,4.9567954e-09,1.565983e-13,4.1794762e-10,1.15121176e-10,9.959533e-13,8.0746993e-20,1.1124378e-12,1.1603447e-19
4FGL J0824.7+5552,126.1977,55.8816,fsrq,25.515932,2.623445,2.6126473,0.026638396,8.739071e-12,119.358795,2.6617915e-08,1.6686803e-08,2.9436769e-09,4.4148515e-10,6.4011435e-11,1.2764833e-11,1.4836677e-17,1.9108732e-17
4FGL J0824.9+3915,126.2361,39.2574,fsrq,24.357399,2.4167066,2.3227093,0.10740386,6.6487592e-12,34.53204,1.1534434e-08,7.488248e-09,2.7171931e-09,4.884371e-10,1.0456619e-10,8.161419e-12,5.120959e-17,1.1601536e-17
4FGL J0825.8+0309,126.4567,3.1656,bll,23.845493,2.1769197,2.146453,0.03181492,7.3896445e-12,8.662278,3.0211092e-10,7.659725e-09,1.7839626e-09,5.0219473e-10,1.4618766e-10,2.7018391e-11,1.1729694e-11,1.7822224e-16
4FGL J0825.9-3218,126.4796,-32.3075,bcu,16.99692,2.6511292,2.6007383,0.19423823,9.488165e-12,108.708305,1.8148949e-08,1.6025275e-08,4.4459783e-09,5.04866e-10,7.185909e-11,7.786933e-13,3.5010486e-18,3.0749813e-16
4FGL J0825.9-2230,126.4991,-22.5055,bll,102.10135,2.0073147,1.9208462,0.057467896,5.007287e-11,388.63098,3.7095436e-08,2.5048225e-08,1.12811875e-08,3.4926213e-09,1.3510276e-09,3.2637648e-10,7.637404e-11,1.7086623e-12
4FGL J0826.4-6404,126.6229,-64.0758,bll,18.869703,1.8121017,1.7673306,0.04083953,4.7794034e-12,20.538422,1.8204085e-08,2.2935958e-09,4.526349e-10,2.8302238e-10,8.273832e-11,4.2079205e-11,2.2075418e-11,2.2719504e-12
4FGL J0827.0-0708,126.7625,-7.1443,bll,16.54088,1.766033,1.5596449,0.17060967,3.4796992e-12,27.709463,3.156767e-11,1.139933e-12,6.826197e-11,1.7951385e-10,1.1525693e-10,2.9079395e-11,1.1287431e-11,2.4978437e-12
4FGL J0827.6-3735,126.9137,-37.5918,bcu,7.3678584,2.8619065,2.9056122,0.31442562,8.574329e-12,74.80061,3.6081765e-08,1.584288e-08,4.190245e-09,3.536327e-10,8.14374e-12,1.06051906e-13,2.350543e-15,3.6181466e-15
4FGL J0827.8+5221,126.9611,52.3599,fsrq,6.865318,2.3132756,2.3387265,-0.03656197,1.762076e-12,13.2359705,5.492067e-12,3.7168777e-09,6.2847844e-10,8.8519685e-11,2.3907107e-11,7.141688e-12,2.3855685e-12,1.3816354e-15
4FGL J0828.0+2307,127.0176,23.1241,bll,6.2785883,1.8752886,1.7715131,0.12646796,1.4621766e-12,9.862693,2.5471144e-12,2.273489e-09,1.4934222e-10,9.0410616e-11,2.2920103e-11,1.7444374e-11,5.645393e-18,1.6580644e-12
4FGL J0828.3+4152,127.0877,41.879,bll,7.3195176,1.81963,1.7939172,0.034857307,1.1878882e-12,16.626055,5.771751e-09,2.1737855e-10,7.834834e-11,8.109897e-11,1.5695363e-11,8.0056855e-12,7.7715724e-12,2.3308795e-17
4FGL J0828.6-0747,127.17,-7.7908,bcu,7.8333073,2.4506028,2.6333797,0.4842549,1.979553e-12,23.462757,6.531848e-09,2.4912614e-11,1.2787021e-09,1.736036e-10,2.2937464e-11,3.5673847e-12,2.2472245e-12,1.4027814e-15
4FGL J0828.7-2422,127.1802,-24.3744,bll,7.092465,2.0896857,1.9846017,0.12186821,1.9924993e-12,18.722517,4.765693e-12,2.0640722e-09,3.4375383e-10,1.15558944e-10,5.813278e-11,8.292461e-12,8.3932687e-13,2.881745e-13
4FGL J0829.0+1755,127.2747,17.9233,bll,11.9816885,2.148508,2.0612228,0.111474946,3.3678021e-12,13.9506645,5.0365716e-09,1.6966302e-09,8.669322e-10,2.3520272e-10,8.231975e-11,6.0459194e-12,4.9881796e-12,2.0922923e-16
4FGL J0829.4+0857,127.3535,8.9562,fsrq,9.91355,2.1469638,2.1252604,0.03625266,2.54646e-12,14.0992775,8.737863e-12,1.7210916e-09,7.0817424e-10,1.703986e-10,4.4283167e-11,1.0030041e-11,5.939369e-12,2.1996107e-17
4FGL J0829.4+4019,127.3581,40.3189,bcu,8.268681,2.3457377,2.2976782,0.050017145,2.1866048e-12,29.015026,3.437388e-09,1.2692943e-09,5.698966e-10,1.4218028e-10,3.804293e-11,6.2078094e-12,1.6256769e-12,6.455269e-19
4FGL J0829.6-1140,127.4245,-11.6823,bcu,23.716747,1.9692951,1.8403479,0.0860653,6.2285147e-12,28.454134,1.7881608e-13,3.1196332e-09,1.3006396e-09,3.8654346e-10,2.0232241e-10,5.0133515e-11,8.026423e-12,1.7848088e-12
4FGL J0829.7+5105,127.4324,51.0994,bll,8.012707,1.9522856,1.8969259,0.04454284,1.480436e-12,15.527516,3.8269796e-09,8.017078e-10,2.0581463e-10,7.11622e-11,4.525981e-11,4.4332407e-12,5.4204458e-12,4.4539166e-17
4FGL J0829.7-5856,127.4393,-58.9426,bcu,19.642344,2.6088142,2.5349948,0.11626153,8.3187415e-12,23.103085,1.09063105e-08,1.3257349e-08,3.505782e-09,5.150347e-10,6.8653784e-11,1.3136238e-12,6.96291e-18,2.1855617e-16
4FGL J0830.0+5231,127.5111,52.5307,bll,8.903396,1.7770604,1.8039892,-0.01978641,1.4755697e-12,21.99059,2.80667e-13,5.2902353e-12,1.499137e-13,1.04595305e-10,2.9271297e-11,5.5372495e-12,7.383401e-12,2.6501338e-12
4FGL J0830.1-0946,127.5427,-9.7728,bcu,7.621814,1.8769256,1.764853,0.100129224,1.6495276e-12,22.836252,8.041904e-11,1.2499123e-09,1.9647103e-10,8.510897e-11,3.0848775e-11,1.9494559e-11,5.7246673e-12,7.6236275e-22
4FGL J0830.8+2410,127.7015,24.1727,FSRQ,41.470356,2.5274982,2.408809,0.1759642,1.4687255e-11,1599.2,2.5815721e-08,2.180029e-08,6.492421e-09,1.0366298e-09,1.206151e-10,6.051329e-12,2.8472134e-16,8.123032e-15
4FGL J0831.4+2631,127.8737,26.5248,bcu,8.296982,2.5005825,2.4733536,0.044956006,2.832714e-12,31.564436,9.508555e-12,4.548939e-09,1.1010434e-09,1.3590536e-10,3.957942e-11,1.954432e-12,6.227636e-16,5.228198e-16
4FGL J0831.5+1747,127.8868,17.7884,bll,10.438835,1.9286504,1.8628172,0.09386726,2.3681647e-12,20.140486,8.268932e-11,1.8032995e-09,2.4233066e-10,1.6929971e-10,4.8626898e-11,1.8810837e-11,2.2150448e-12,3.36891e-16
4FGL J0831.8+0429,127.9732,4.4941,bll,78.87547,2.2867577,2.1933184,0.07936134,3.088503e-11,541.4545,5.1127362e-08,3.4138587e-08,1.141058e-08,2.237961e-09,5.6597577e-10,6.428315e-11,1.0394068e-11,1.9755335e-15
4FGL J0832.2+2753,128.0727,27.8932,bcu,6.114378,2.19427,2.1155262,0.11825468,1.504327e-12,13.473579,9.036126e-09,1.9061928e-09,2.5473085e-10,1.4350829e-10,1.9917686e-11,6.459016e-12,1.4185978e-12,5.028603e-19
4FGL J0832.4+4912,128.1078,49.2127,bll,20.415203,2.2783687,2.2532365,0.033702716,5.069255e-12,91.1025,8.372247e-09,5.366053e-09,1.5257808e-09,3.201548e-10,8.594971e-11,1.6475314e-11,4.7331154e-12,3.8586573e-17
4FGL J0833.0+3300,128.261,33.0138,bll,5.852578,1.7195909,1.6552315,0.15590094,1.1734572e-12,21.321188,6.99426e-09,2.2069072e-14,2.4657698e-17,6.65728e-11,2.8793235e-11,5.8016786e-12,8.74911e-12,6.39884e-19
4FGL J0833.4-0458,128.3651,-4.9696,fsrq,10.414613,2.1915588,1.9286985,0.46780664,1.6592257e-12,20.004412,2.5373265e-14,5.9857647e-10,4.0503736e-10,2.3273058e-10,7.2892116e-11,9.304029e-16,6.625696e-16,8.0742243e-13
4FGL J0833.9+4223,128.4759,42.3989,fsrq,22.861046,2.4205287,2.3322647,0.08649206,5.804e-12,50.009357,5.294346e-14,8.780505e-09,2.3260405e-09,3.8394446e-10,9.949147e-11,4.4999343e-12,1.0353102e-17,2.807806e-19
4FGL J0834.6+4402,128.6666,44.05,bll,14.421297,2.278355,2.202694,0.08825536,3.535911e-12,24.857172,1.0725006e-08,2.4400988e-09,9.845449e-10,2.5660396e-10,5.7316672e-11,1.4882533e-11,2.0974887e-14,3.2270561e-18
4FGL J0835.0+6243,128.7684,62.7193,bcu,4.1866403,2.9687366,2.9514575,0.15295675,1.6927508e-12,9.158851,4.2587184e-12,5.8034173e-09,6.416466e-10,1.1583071e-11,5.3279733e-12,8.148617e-13,2.584597e-20,2.067261e-14
4FGL J0835.2-2243,128.8091,-22.7282,fsrq,6.0353,2.6909852,2.4678705,0.42731535,2.0622271e-12,9.395368,4.405217e-09,2.4629625e-09,9.455926e-10,1.8811085e-10,7.059142e-12,5.05661e-15,1.4736699e-17,2.8085303e-17
4FGL J0835.7+0936,128.9474,9.6153,bll,8.153221,2.1783795,2.1524472,0.059977077,2.1643319e-12,21.070282,1.067979e-11,3.9328407e-10,8.6781005e-10,1.02655315e-10,4.4995792e-11,9.0374045e-12,1.9069644e-12,5.813643e-20
4FGL J0835.8+1517,128.9613,15.2955,bll,4.847881,2.4159205,2.406562,0.038062517,1.5918095e-12,23.475918,1.920252e-13,5.70547e-10,7.798127e-10,6.4781756e-11,2.2207229e-11,2.7867717e-12,4.1185186e-18,7.7127136e-15
4FGL J0835.9-2120,128.9862,-21.3456,bcu,4.0776114,1.8747994,1.9680374,-0.06429207,8.400662e-13,14.049184,6.173081e-11,3.658566e-09,1.7462162e-10,3.6157567e-11,8.607546e-12,8.212761e-12,3.4829067e-12,1.4071685e-12
4FGL J0836.0-8015,129.0037,-80.2565,bcu,5.032773,1.693763,1.4949082,0.13677314,7.63337e-13,18.233454,8.558232e-13,2.0918532e-14,1.3658677e-10,4.981708e-11,7.086136e-12,5.7304435e-12,7.58403e-12,5.574327e-25
4FGL J0836.2+2141,129.0511,21.6971,bcu,11.520874,2.6828597,2.6737597,0.010570983,4.11979e-12,34.089348,1.6096061e-08,8.98988e-09,1.3560086e-09,1.8596955e-10,3.571258e-11,6.854498e-14,1.3128728e-17,4.8390023e-16
4FGL J0836.5-2026,129.1309,-20.4474,fsrq,6.943128,2.9236073,2.7177293,0.36833397,3.9583124e-12,54.075676,2.1521153e-08,4.661667e-09,2.0151887e-09,6.346259e-11,6.7186255e-15,1.0355176e-14,5.0180637e-15,4.0442795e-15
4FGL J0836.9+5833,129.2386,58.557,bll,10.353233,2.3338563,2.3527293,-0.044556256,2.3613798e-12,10.572496,1.37361e-08,3.9901886e-09,7.5332657e-10,1.1309709e-10,4.030809e-11,5.9485667e-12,2.3131104e-12,1.2472301e-12
4FGL J0837.3+1458,129.3461,14.9677,bll,7.5490685,1.6834837,1.3925319,0.3064091,1.2797841e-12,13.394347,1.1943481e-10,2.6450273e-10,4.345286e-14,3.4289332e-11,3.1529928e-11,1.8222996e-11,8.01605e-12,1.09724205e-16
4FGL J0837.4+2454,129.3682,24.9004,fsrq,4.6237197,2.720763,2.7022567,0.022076415,1.8971944e-12,13.243206,3.3369343e-08,3.4270724e-09,7.257918e-10,5.5683232e-11,2.1205886e-11,1.1241936e-15,3.2703863e-16,7.349908e-16
4FGL J0839.4+1803,129.8695,18.0606,bll,14.740846,2.1451163,2.144024,0.0015277036,3.98644e-12,33.923557,6.142518e-09,3.334021e-09,1.0397494e-09,2.762256e-10,6.714438e-11,1.6786654e-11,7.641394e-12,1.8999288e-12
4FGL J0839.7+3540,129.9315,35.6734,bll,20.394627,1.9883952,1.8316122,0.091173254,4.227013e-12,16.989855,4.920034e-13,2.510862e-09,7.008283e-10,3.0501804e-10,1.2533984e-10,3.01017e-11,9.5638514e-12,1.2839375e-19
4FGL J0839.8+0105,129.9633,1.0877,fsrq,47.70662,2.339644,2.2253652,0.098271795,1.6851553e-11,1027.1686,3.9632084e-08,1.9297465e-08,6.1053522e-09,1.3642829e-09,2.9451974e-10,7.37233e-12,4.8492555e-12,4.7227162e-17
4FGL J0840.1-0225,130.0394,-2.4326,bcu,6.08323,1.5085825,1.498325,0.04589606,9.54792e-13,26.143017,9.845994e-09,5.807306e-14,2.3480014e-15,3.2545213e-11,2.093505e-11,6.9456992e-12,5.539823e-12,3.651984e-12
4FGL J0840.9-7044,130.2395,-70.7487,bcu,3.7538311,2.4575984,2.4478374,-0.04292834,1.3854598e-12,15.657282,1.5521806e-11,3.961688e-09,5.154449e-10,4.453835e-11,2.002703e-11,1.1980397e-16,2.7303212e-12,6.5954485e-16
4FGL J0841.0-2744,130.263,-27.7468,bcu,4.5994563,2.6767998,2.872364,0.24648772,2.6897924e-12,19.440237,7.4256734e-10,5.357663e-09,1.1152432e-09,1.279993e-10,7.287327e-12,1.3098769e-14,1.5217557e-14,4.0702534e-15
4FGL J0841.3-3554,130.3406,-35.9041,bll,38.432007,1.8228648,1.5522588,0.18887036,1.359741e-11,44.511967,8.619556e-09,2.1157492e-10,1.1474516e-09,7.050441e-10,4.3677473e-10,1.6818737e-10,3.1833123e-11,8.810483e-17
4FGL J0841.3+7053,130.3418,70.8887,FSRQ,73.21124,2.8266335,2.7728395,0.26358327,3.6826587e-11,4904.224,1.458e-07,8.3299e-08,1.6170187e-08,1.1596691e-09,4.3986037e-11,2.1514808e-12,4.8183542e-17,8.430488e-18
4FGL J0842.3-6053,130.5979,-60.8919,bcu,26.0103,2.2658894,2.1508243,0.12141926,7.902103e-12,95.69597,5.264673e-09,4.104306e-09,2.8572102e-09,6.5460515e-10,1.810389e-10,3.7428876e-11,1.8991874e-12,7.3071936e-13
4FGL J0842.5+0251,130.6331,2.8662,bll,9.137579,1.9356909,1.9031588,0.015914196,1.9182264e-12,12.8573065,9.4391e-10,3.5489485e-09,1.13287636e-10,1.2082783e-10,3.6105376e-11,1.7696651e-11,5.781892e-12,3.542933e-18
4FGL J0842.7+6656,130.6936,66.9451,bll,7.4909716,1.908227,1.9462422,-0.047341175,1.3971592e-12,15.558049,5.496063e-09,1.9687958e-09,4.0497272e-11,1.0300136e-10,1.6993833e-11,9.836654e-12,8.376668e-12,8.9385216e-13
4FGL J0843.0-0853,130.7739,-8.8878,bcu,4.003971,2.590437,2.4766057,0.23983768,1.5612126e-12,30.641653,3.667539e-09,1.6763018e-09,6.829634e-10,1.01585795e-10,7.0415943e-12,4.8703073e-12,1.0295088e-17,3.6721806e-16
4FGL J0843.1+5034,130.7877,50.5741,bll,4.666768,1.6759331,1.4689591,0.15392125,5.4330124e-13,11.941535,5.8438907e-09,1.5617501e-12,6.156545e-11,1.7834076e-11,1.1639784e-12,9.9481265e-12,1.2138362e-12,1.4354933e-12
4FGL J0844.2+5312,131.0509,53.2141,bll,37.773808,2.0324063,1.9473515,0.05197138,8.340673e-12,56.592934,1.8860165e-11,5.2475824e-09,1.8806876e-09,5.4914034e-10,2.33215e-10,4.9952594e-11,8.725898e-12,1.1700948e-12
4FGL J0844.9-5458,131.2478,-54.9721,bll,44.07962,2.1179607,2.0224688,0.07147242,1.7054398e-11,20.895359,4.570202e-09,1.3140752e-08,4.4460244e-09,1.2678847e-09,4.4148565e-10,1.0014778e-10,1.5483856e-11,2.199216e-17
4FGL J0845.4+0442,131.3504,4.7147,bcu,6.609509,2.1795595,2.1040354,0.08071854,1.7344369e-12,23.154833,5.800283e-09,6.361645e-10,4.2383935e-10,1.15159215e-10,3.3923434e-11,8.623937e-12,3.9339135e-17,6.221346e-17
4FGL J0845.7-5556,131.4473,-55.949,fsrq,12.293074,2.2745543,2.274689,-0.003007579,4.690326e-12,2.287864,3.1038026e-12,5.3895963e-09,1.3529307e-09,3.1707398e-10,6.26803e-11,1.7701434e-11,4.601135e-12,1.3109829e-12
4FGL J0846.5-2609,131.6416,-26.16,bcu,8.276408,2.5290966,2.5526552,0.29386246,2.708087e-12,15.652924,3.6965764e-11,4.229189e-09,1.0391239e-09,2.8730213e-10,1.2733137e-11,4.1474554e-12,4.3982e-15,1.3053583e-15
4FGL J0846.9+4608,131.7263,46.1378,fsrq,9.0588,2.6238096,2.4089077,0.22208384,2.170301e-12,28.138102,4.305537e-09,3.6895058e-09,8.9332347e-10,1.7602358e-10,1.36830495e-11,2.9441476e-18,2.556945e-14,4.9082468e-15
4FGL J0847.0-2336,131.7567,-23.6141,bll,38.479702,1.9189488,1.9106138,0.008915793,1.4601915e-11,36.41276,3.4117004e-13,4.2842294e-09,2.7035274e-09,8.097155e-10,3.0625208e-10,1.1792951e-10,3.1018004e-11,1.5765335e-11
4FGL J0847.2+1134,131.8119,11.5692,bll,20.82915,1.7704111,1.7486047,0.021176735,5.118292e-12,24.55959,4.8733316e-11,3.1860836e-14,6.258093e-10,2.5398314e-10,9.8989816e-11,3.3151742e-11,3.39446e-11,4.0481945e-12
4FGL J0847.9-0702,131.9945,-7.0434,bll,20.041275,2.2374485,2.181099,0.07425957,5.9146993e-12,33.43831,2.5647102e-09,3.8263006e-09,1.8570667e-09,4.168275e-10,9.263802e-11,1.8759995e-11,2.1556862e-12,1.8626606e-12
4FGL J0848.0-0524,132.0034,-5.4147,fsrq,7.264244,2.70756,2.574267,0.17984387,2.6304165e-12,17.6992,7.225409e-09,6.614587e-09,9.0334334e-10,1.5694654e-10,8.396e-12,3.1320994e-15,1.8900579e-15,8.7460207e-16
4FGL J0848.7+0508,132.1809,5.1409,bll,6.2874255,1.7255061,1.2535723,0.28930113,1.286517e-12,15.849688,1.14467616e-10,4.494883e-14,4.4226794e-10,4.5825347e-11,1.2322358e-11,9.783397e-12,1.3167247e-11,5.9806416e-17
4FGL J0848.7-6942,132.1811,-69.7133,bcu,4.125908,1.7173808,1.5409327,0.11878821,6.454371e-13,17.306484,6.859187e-11,5.727552e-10,1.8550264e-10,7.5016827e-13,1.620626e-11,3.3267633e-12,3.3475746e-12,2.4676428e-12
4FGL J0848.7+7017,132.1811,70.2953,bll,16.33451,2.0666418,1.8509163,0.19853698,2.0296347e-12,9.776379,6.129516e-11,6.6330177e-13,3.8679027e-10,1.7835787e-10,7.141086e-11,1.9125881e-11,9.0246257e-13,8.5767454e-18
4FGL J0848.9+0205,132.2375,2.087,bll,5.38826,2.3589947,2.3351207,0.0239303,1.6648651e-12,7.563434,5.711918e-13,1.2596321e-09,6.396338e-10,7.778205e-11,2.9485955e-11,6.0576375e-12,2.735813e-17,4.979032e-17
4FGL J0849.1+6607,132.2751,66.1204,bll,25.395576,1.9317013,1.7801125,0.09248344,4.507307e-12,28.731028,6.24525e-11,2.061642e-09,7.3822204e-10,2.6623123e-10,1.3949902e-10,3.8915027e-11,1.0881884e-11,2.4970342e-13
4FGL J0849.4-2911,132.3511,-29.1863,bcu,14.445695,2.1382933,2.1057982,0.03652755,4.598685e-12,48.839394,4.7954787e-15,5.489511e-09,1.1357364e-09,2.881673e-10,8.0143975e-11,3.4433036e-11,3.1490713e-12,9.1489637e-17
4FGL J0849.5+0456,132.3817,4.9481,bll,14.502377,2.0601573,1.9814878,0.14155214,4.221179e-12,19.055815,5.0089225e-12,1.6600812e-09,7.000183e-10,3.6759745e-10,1.5085863e-10,1.727722e-11,6.4578555e-12,4.677951e-16
4FGL J0849.8-3541,132.4516,-35.6877,bcu,24.393354,2.346873,2.2371776,0.10179996,1.08546045e-11,168.99345,1.8533848e-08,1.4456964e-08,3.3425247e-09,9.780108e-10,1.9141808e-10,1.8079998e-11,6.1784015e-12,1.5947123e-15
4FGL J0850.0+4855,132.5083,48.9217,bll,37.701553,2.2220922,2.1856775,0.07112687,1.37057934e-11,273.11493,1.1537963e-08,1.1108644e-08,4.294707e-09,1.1087042e-09,2.7269584e-10,5.1195267e-11,9.224586e-12,2.0010933e-12
4FGL J0850.1-1212,132.5412,-12.2121,fsrq,53.00068,2.3246624,2.226916,0.085977875,1.8922664e-11,746.4084,5.5343264e-08,2.2355488e-08,6.8051613e-09,1.5213842e-09,2.9621403e-10,3.176282e-11,4.276268e-12,1.5413827e-12
4FGL J0850.5+3455,132.6378,34.9285,bll,14.757545,2.121438,2.1561272,-0.032731984,3.42873e-12,18.130154,9.693659e-09,3.2741658e-09,8.2269325e-10,1.999273e-10,6.554029e-11,1.8740289e-11,7.528838e-12,1.5873046e-12
4FGL J0851.5+5528,132.8805,55.4794,bll,26.415112,2.2209835,2.1080542,0.08532558,5.5644547e-12,53.756702,1.2449974e-08,4.6997357e-09,1.6860392e-09,4.6414672e-10,1.1478624e-10,2.2952671e-11,3.0588483e-12,1.0995671e-21
4FGL J0851.9-5229,132.993,-52.4977,bcu,7.033854,2.4138052,2.315357,0.12468821,4.8551467e-12,33.09635,2.5998537e-09,2.1041966e-09,1.7171732e-09,1.6422495e-10,8.695644e-11,1.7684885e-11,4.3446643e-17,1.2915774e-16
4FGL J0851.9+4845,132.9934,48.7566,bcu,7.0117435,2.5068972,2.4872139,0.06333447,3.6156425e-12,63.74754,2.0494468e-12,6.5639982e-09,1.213352e-09,2.368008e-10,3.857381e-11,2.6943885e-12,3.7091726e-16,1.2928731e-14
4FGL J0852.2+2834,133.0665,28.5738,fsrq,8.996871,2.420543,2.3502882,0.08502367,2.5264645e-12,16.767649,5.7426692e-11,5.079562e-09,7.1026374e-10,1.6593955e-10,4.029358e-11,2.7724654e-12,8.6061344e-19,8.465353e-18
4FGL J0852.5-5755,133.1418,-57.9304,bcu,60.83401,2.3011653,2.2070198,0.092931665,2.8926125e-11,1577.2587,6.21138e-08,2.6881262e-08,1.02165245e-08,2.3668143e-09,5.3239846e-10,8.288594e-11,8.827826e-12,3.98067e-16
4FGL J0852.9-3824,133.2476,-38.4025,bcu,4.4227896,2.5519,2.4577382,0.08442676,3.0627326e-12,22.753933,2.9034386e-10,9.3592085e-09,9.2637115e-10,1.2572914e-10,4.192296e-11,3.5290724e-12,8.204265e-17,9.00531e-17
4FGL J0853.1-3657,133.2934,-36.9565,bcu,27.132502,1.9586886,1.8493813,0.06344005,1.0344038e-11,11.015191,2.2134468e-08,7.2274636e-10,1.7226092e-09,6.0631017e-10,2.8831082e-10,7.8401376e-11,3.5342687e-11,1.5234245e-12
4FGL J0854.0+2753,133.5155,27.884,bll,4.7698264,1.4708978,1.3119613,0.22449456,5.9174475e-13,16.14782,4.2924989e-10,4.882773e-10,3.1456725e-13,9.188742e-12,1.1032283e-11,3.900645e-12,7.139706e-12,7.766387e-15
4FGL J0854.3+4408,133.5932,44.1494,bll,17.51718,1.8969656,1.6800134,0.14661123,2.8948705e-12,18.319872,7.501196e-12,9.817238e-12,3.5702263e-10,1.8838445e-10,1.10400494e-10,1.927272e-11,7.1696347e-12,1.5476135e-12
4FGL J0854.8+2006,133.7071,20.1159,BLL,108.08605,2.21031,2.1646564,0.039876997,5.330797e-11,1014.76733,7.9766636e-08,5.5115656e-08,1.6522504e-08,3.901264e-09,1.0026193e-09,1.833058e-10,5.0772817e-11,3.6167287e-12
4FGL J0855.4-0714,133.8657,-7.2438,bcu,9.823816,2.37014,2.1242938,0.4500482,1.9523042e-12,17.20478,6.9033546e-12,4.5670012e-10,9.0788715e-10,2.6163527e-10,3.1029818e-11,7.1768e-16,4.7496525e-15,8.163586e-15
4FGL J0855.9+7144,133.9754,71.7419,fsrq,13.462445,2.6121194,2.5631592,0.052819353,4.3199077e-12,25.872833,2.6471564e-08,7.673907e-09,1.5264838e-09,2.0830951e-10,4.313845e-11,7.1625025e-13,9.329401e-14,1.1896554e-20
4FGL J0856.4-5309,134.1229,-53.1638,bcu,6.4200506,2.201149,2.190635,0.008662681,2.7217853e-12,13.909256,5.485379e-10,8.1709635e-09,7.5489354e-10,1.6846106e-10,3.698158e-11,1.3445878e-11,4.317166e-12,1.528379e-17
4FGL J0856.6-1105,134.1696,-11.0993,bll,62.685207,2.0537148,1.9430676,0.07151652,2.2145664e-11,48.092697,4.35615e-09,1.2560148e-08,5.4677867e-09,1.6817957e-09,5.8169675e-10,1.3617908e-10,2.6799136e-11,1.940155e-15
4FGL J0856.8+2056,134.2003,20.9461,bll,16.496159,2.1137023,2.0719275,0.038216874,4.8261716e-12,22.052427,1.1512465e-08,1.3800158e-09,1.2576344e-09,2.8867037e-10,1.0677173e-10,2.7387927e-11,5.2167424e-12,2.0060665e-12
4FGL J0856.8+8559,134.224,85.9946,bcu,5.7625794,2.27888,2.3362877,-0.059670627,1.4912561e-12,16.256557,1.3187055e-12,3.9183368e-10,3.1558012e-10,1.0454052e-10,2.0413598e-11,6.7005195e-12,1.9093418e-12,2.2682772e-16
4FGL J0857.7+0137,134.4279,1.6254,bll,6.347662,2.3223085,2.3732066,0.1665239,1.915861e-12,4.800542,3.741636e-12,2.9957543e-09,5.775334e-10,1.1913034e-10,3.334859e-11,3.192943e-13,2.1388593e-17,1.8981242e-12
4FGL J0857.9-1949,134.4911,-19.8175,fsrq,17.154495,2.4918113,2.4600391,0.059877686,7.880815e-12,118.01456,8.566879e-09,1.224628e-08,2.6910214e-09,4.841721e-10,7.9970634e-11,1.2507612e-11,4.4894808e-21,9.644224e-23
4FGL J0858.0-3130,134.5063,-31.5076,bll,12.181055,1.8881328,1.8351264,0.056023963,3.5131921e-12,26.586279,7.586044e-15,2.4973585e-09,4.333649e-10,1.5673048e-10,8.1661476e-11,2.8095927e-11,1.43683225e-11,3.3720554e-16
4FGL J0859.2+0047,134.8184,0.7865,bll,5.598409,1.7719414,1.5090753,0.20397024,1.2801903e-12,15.743216,2.3694375e-11,1.7838843e-13,2.64617e-10,4.3622307e-11,3.406874e-11,1.0428645e-11,7.2497694e-12,5.98316e-16
4FGL J0859.4+6218,134.8656,62.302,bll,13.489805,2.2103307,2.2078388,0.0025976351,2.9493359e-12,35.8589,7.486408e-09,3.6382624e-09,8.741802e-10,1.4831224e-10,6.576201e-11,9.199493e-12,3.312985e-12,5.3554583e-19
4FGL J0859.4+8345,134.867,83.7558,bll,4.2861476,1.7335976,1.6609824,0.11871781,4.843867e-13,14.671006,5.629703e-09,7.6426597e-16,9.8371665e-11,7.515411e-12,1.3568841e-11,5.165541e-12,1.27944476e-17,1.2616727e-12
4FGL J0900.6-7408,135.1721,-74.144,bcu,8.607911,2.7358582,2.8840425,0.22030285,3.4249437e-12,34.950386,1.3082556e-09,6.8543597e-09,1.578317e-09,1.3766305e-10,9.041469e-12,3.1866105e-12,4.491785e-16,3.5174358e-15
4FGL J0900.7-1243,135.1751,-12.7201,bcu,13.890213,2.2542312,2.2289083,0.0359739,4.2157024e-12,89.171646,9.68046e-14,2.2923676e-09,1.4070605e-09,2.6400354e-10,8.07342e-11,9.362651e-12,1.0866497e-17,2.6470597e-12
4FGL J0901.2+6742,135.3164,67.7129,bll,10.910057,2.46898,2.407712,0.2066291,2.506439e-12,16.321632,7.679693e-13,2.9939387e-09,1.1799675e-09,2.0373321e-10,4.432122e-11,2.754836e-14,5.9307727e-15,5.0646387e-15
4FGL J0901.4+4542,135.3691,45.707,bll,5.3237705,2.1970494,2.100623,0.36638948,6.558508e-13,14.489532,3.2614158e-09,2.4459013e-16,1.4517393e-10,9.746882e-11,1.8510627e-11,4.561748e-12,1.8940067e-17,4.159232e-15
4FGL J0901.5+6711,135.3906,67.196,bcu,7.997393,2.1583343,2.1382048,0.026701903,1.7772983e-12,16.508867,3.671535e-11,5.917194e-11,3.249176e-10,1.2974524e-10,2.9025912e-11,9.087973e-12,4.0219516e-12,1.16541e-19
4FGL J0902.4+6440,135.6139,64.6788,bcu,6.318886,2.363975,2.3223858,0.07483306,1.3945515e-12,19.557835,7.690183e-09,1.4367899e-09,2.718332e-10,1.062555e-10,1.6037581e-11,5.998006e-12,1.2513299e-15,1.9043002e-19
4FGL J0902.4+2051,135.6172,20.8503,bll,42.528454,2.1237278,2.0423844,0.052454326,1.3125644e-11,102.88601,2.2325468e-08,8.538625e-09,3.5149688e-09,1.037038e-09,2.6025018e-10,8.2729636e-11,1.5729286e-11,6.262377e-17
4FGL J0902.5-4801,135.6467,-48.0226,bcu,7.3388877,2.6889753,2.9754155,0.37388512,1.1044963e-11,10.02633,3.652972e-10,8.507487e-09,5.170828e-09,7.5687034e-10,6.2034225e-11,3.382354e-14,1.3573121e-15,2.5326892e-13
4FGL J0903.1+4652,135.795,46.8688,fsrq,25.753782,2.4177585,2.4278016,-0.013652282,6.912105e-12,52.732956,3.100631e-08,1.1585326e-08,2.264893e-09,3.7387546e-10,9.564222e-11,1.9992775e-11,2.7930297e-12,2.3205034e-16
4FGL J0903.5+2847,135.8936,28.7935,bll,4.1420765,2.519664,2.3583896,0.14247634,1.3578135e-12,17.305992,9.337998e-09,4.2842876e-09,3.1431713e-10,7.667123e-11,2.2896303e-11,1.6547221e-19,2.315048e-18,7.2800004e-16
4FGL J0904.0+2724,136.0089,27.4041,fsrq,13.396334,2.7474184,2.6799295,0.22740906,4.5285377e-12,88.530785,1.2153664e-08,8.631238e-09,1.9519786e-09,2.2073258e-10,1.3382771e-11,1.9407025e-17,8.955852e-15,6.062897e-15
4FGL J0904.5-3513,136.1404,-35.2308,bcu,12.569874,2.583127,2.4577713,0.15995854,6.4305857e-12,154.44624,2.06201e-08,1.2215584e-08,2.2064304e-09,5.0661203e-10,5.445266e-11,2.976485e-12,1.5861696e-12,1.8034255e-12
4FGL J0904.6+4238,136.1644,42.6497,fsrq,11.769186,2.2890477,2.2266426,0.058364335,2.8432142e-12,9.803178,9.993745e-12,4.0924553e-09,7.604495e-10,1.8498676e-10,4.9156693e-11,1.3227789e-11,1.1078363e-15,4.9011454e-16
4FGL J0904.9-5734,136.2315,-57.5833,bcu,177.62144,2.2176414,2.1528542,0.058547333,1.376291e-10,15892.668,1.4732542e-07,1.2786658e-07,4.402327e-08,1.0532269e-08,2.705571e-09,4.744356e-10,9.059898e-11,1.1914915e-11
4FGL J0905.6+1358,136.4017,13.975,bll,35.320652,1.809566,1.6258049,0.117434695,9.723537e-12,42.21916,1.1508828e-09,1.7437711e-09,1.1243491e-09,5.318252e-10,2.929967e-10,1.0052363e-10,2.6896995e-11,3.6236242e-12
4FGL J0906.2-1707,136.5716,-17.1255,bcu,6.2420626,1.9482352,1.8144691,0.110981435,1.3868828e-12,22.017586,3.9799956e-13,1.1959325e-09,1.4581593e-10,6.942909e-11,2.948792e-11,1.3677795e-11,2.991268e-12,5.9241517e-18
4FGL J0906.3-0905,136.5827,-9.0925,bll,21.688337,2.054687,1.961768,0.07084908,5.4268035e-12,106.659035,2.4694793e-10,2.3152251e-09,1.1028926e-09,4.4399798e-10,1.2990684e-10,3.6922375e-11,6.5814745e-12,5.444221e-16
4FGL J0906.7+4950,136.6943,49.8499,fsrq,4.472897,2.4125972,2.377897,0.022809746,9.741274e-13,29.073002,8.71582e-13,1.00670194e-10,3.5908193e-10,3.619501e-11,2.0924389e-11,1.1902984e-12,4.497252e-15,1.0904504e-12
4FGL J0907.1+0856,136.7897,8.9489,bll,3.984595,2.0887058,1.5601702,0.3676322,1.0413727e-12,10.589989,3.0662089e-13,2.4674274e-09,1.2702338e-10,3.6453503e-11,3.4008726e-11,6.795251e-12,1.37868906e-17,5.1131523e-20
4FGL J0907.8-1002,136.9521,-10.0466,bcu,4.241082,2.0983994,2.086197,-0.04337507,1.1465632e-12,12.379854,7.710385e-13,5.3073773e-10,4.0823198e-10,7.028076e-11,1.3371121e-11,4.346624e-12,3.4264364e-12,1.7299967e-12
4FGL J0908.5-8751,137.1494,-87.8662,bcu,6.293156,2.9054148,2.8959444,0.05160531,3.1568474e-12,28.6995,2.6208868e-08,7.3617588e-09,1.2586666e-09,7.423483e-11,2.5424983e-12,4.07357e-12,1.5475422e-16,4.444317e-16
4FGL J0908.9+2311,137.2412,23.1944,bll,21.675596,1.8324612,1.6714754,0.104749024,5.1151743e-12,18.836103,2.5903801e-09,5.3972554e-10,7.573372e-10,2.3411628e-10,1.2479483e-10,6.838695e-11,1.8073733e-11,1.2018738e-12
4FGL J0909.1+6647,137.2797,66.7864,bcu,5.4707613,2.060687,2.0669734,-0.0073488983,9.242537e-13,8.5372095,1.2487283e-10,5.3859118e-12,2.7439834e-10,6.0073405e-11,1.3682982e-11,4.8929623e-12,2.5637133e-12,2.8031795e-15
4FGL J0909.1+0121,137.2967,1.3557,fsrq,42.802067,2.4898105,2.5565624,0.10591141,2.2545209e-11,1118.5679,6.787784e-14,3.7153562e-08,9.518479e-09,1.353838e-09,2.3992971e-10,1.914716e-11,4.4652345e-14,9.785608e-17
4FGL J0909.6+0159,137.4222,1.9917,bll,30.902176,2.132778,2.0065336,0.084636144,9.963962e-12,40.38571,6.8755405e-08,2.9178213e-09,2.4799824e-09,8.060467e-10,2.6709054e-10,5.5113667e-11,1.01413175e-11,3.9186156e-19
4FGL J0909.7-0230,137.4464,-2.5143,fsrq,60.772793,2.2862413,2.1923513,0.09497517,2.187914e-11,156.57365,3.5686963e-08,2.2871012e-08,8.126491e-09,1.6977899e-09,4.1005668e-10,2.7788069e-11,9.296091e-12,3.1307114e-12
4FGL J0909.7+3104,137.4477,31.0818,bll,7.1640835,1.942968,1.8865072,0.057302635,1.3537713e-12,11.572831,6.9705955e-12,6.669197e-10,2.7833394e-10,7.773365e-11,2.6416582e-11,1.1782271e-11,3.331505e-12,9.92039e-13
4FGL J0910.6+3329,137.6511,33.491,bll,44.079483,1.9372755,1.8678677,0.05325039,1.5236354e-11,31.595743,3.5681985e-10,1.7163916e-09,2.892383e-09,9.204916e-10,4.2935816e-10,1.0710252e-10,3.978131e-11,6.154594e-12
4FGL J0910.6+2247,137.6743,22.7978,fsrq,14.976338,2.4085689,2.375121,0.070477486,5.682988e-12,190.619,1.6118375e-10,7.334555e-09,1.6239508e-09,3.6597242e-10,9.03336e-11,8.73048e-12,4.2459263e-16,4.8343272e-18
4FGL J0910.8+3859,137.7091,38.9999,bll,16.825396,2.0472147,1.9798409,0.052721854,3.5340478e-12,52.54453,3.6266684e-11,3.8639483e-09,6.425687e-10,1.9876917e-10,9.509154e-11,2.3037527e-11,2.928846e-12,6.4015144e-17
4FGL J0911.0-5047,137.7507,-50.7966,bcu,6.597881,2.5165796,2.548069,0.042857274,8.498457e-12,33.8212,3.768822e-10,2.0003311e-08,3.3491008e-09,4.0062148e-10,7.1260595e-11,2.52448e-11,5.0043682e-14,1.5730851e-16
4FGL J0911.7+3349,137.9382,33.8171,bll,9.93758,2.2469494,2.253899,-0.034674793,3.2863098e-12,16.683542,3.374973e-12,8.321006e-09,8.0075624e-10,2.0302372e-10,5.6338108e-11,1.2545359e-11,1.4198895e-12,1.4570158e-12
4FGL J0912.2+4127,138.0559,41.4563,fsrq,26.538237,2.50487,2.5082178,-0.005818167,8.037567e-12,382.5402,1.8711816e-08,1.2291537e-08,2.9806542e-09,3.9618953e-10,8.976445e-11,1.6373873e-11,2.566767e-16,2.6147509e-12
4FGL J0912.2+3004,138.0563,30.0779,bcu,4.38687,2.2495687,2.169355,0.08151728,1.136324e-12,7.214272,5.3209828e-09,7.447697e-12,1.8613587e-10,9.873098e-11,1.1273892e-11,8.059711e-12,6.93181e-16,3.47837e-17
4FGL J0912.2-2751,138.0652,-27.8568,bcu,9.987562,2.5028665,2.4980924,0.07490596,4.5590086e-12,6.4502807,1.4254937e-08,6.7114714e-09,1.7807312e-09,2.5502056e-10,3.3120746e-11,1.01022316e-11,1.0273337e-12,8.738505e-18
4FGL J0912.2+2800,138.069,28.0164,bll,8.09725,1.7533787,1.3830826,0.21218243,1.438747e-12,18.680258,1.7028003e-10,1.1649408e-12,2.1493465e-10,4.907289e-11,1.610541e-11,2.6907889e-11,6.929924e-12,2.0906588e-15
4FGL J0912.5+1556,138.137,15.934,bll,12.898704,1.7854987,1.7823448,0.0019853788,2.9909187e-12,20.825857,3.1961442e-10,4.0852519e-10,4.903612e-10,1.427976e-10,6.771378e-11,1.32981195e-11,1.5821911e-11,3.786279e-12
4FGL J0912.9-2102,138.2274,-21.0446,bll,35.035797,1.8159631,1.8103075,0.004561965,1.2347828e-11,14.074612,1.7200682e-08,7.3876216e-09,1.7269277e-09,5.908093e-10,2.612463e-10,8.562603e-11,5.418841e-11,1.5766662e-11
4FGL J0913.3+8133,138.3463,81.5661,bll,8.358484,1.7711713,1.6651797,0.101985075,1.0059477e-12,19.413074,1.4778333e-12,1.4937531e-09,3.954351e-11,4.6980097e-11,1.2275808e-11,1.2348275e-11,6.9389806e-12,1.6419475e-21
4FGL J0913.9+1732,138.4922,17.5342,bcu,4.192244,2.343264,2.3671598,-0.0352729,1.2079634e-12,11.55618,8.575601e-09,1.9321746e-09,4.1032558e-10,2.6107252e-11,2.027647e-11,9.686249e-12,2.8669876e-15,3.8692543e-20
4FGL J0914.1-0202,138.5482,-2.0355,bcu,6.250405,2.2655582,2.2901669,-0.040011954,1.7698538e-12,9.01086,1.4479329e-11,1.9845048e-09,6.0068833e-10,1.0649337e-10,1.7271896e-11,1.2236432e-11,3.9584625e-12,7.2538254e-13
4FGL J0914.4+0249,138.6124,2.8324,fsrq,6.5591164,2.6120253,2.6158617,-0.048874725,2.6037167e-12,18.789787,1.9913507e-12,8.2959515e-09,8.4676927e-10,9.706996e-11,1.9302504e-11,7.4882375e-12,1.6631785e-12,5.229494e-18
4FGL J0914.8+5846,138.7025,58.7701,bll,8.360469,2.0945938,1.8831091,0.22238378,1.0513211e-12,13.434649,9.956426e-14,3.0210281e-10,2.340234e-10,1.0510425e-10,3.3734123e-11,8.80424e-12,3.1660923e-15,7.4784215e-17
4FGL J0915.1-3738,138.7886,-37.642,bcu,5.2149906,2.1441097,1.9945229,0.20942424,1.7719754e-12,17.739098,7.926879e-11,1.396447e-09,1.2454976e-10,1.3402777e-10,4.1423365e-11,4.1189547e-12,1.363147e-12,1.7107222e-18
4FGL J0915.4-3027,138.875,-30.4642,bcu,12.048296,2.285545,2.2234337,0.09580012,4.5530845e-12,41.339226,9.216096e-12,4.1487533e-09,1.4261409e-09,2.8210959e-10,8.923079e-11,1.4135239e-11,3.6722407e-16,1.804975e-17
4FGL J0915.9+2933,138.9862,29.553,bll,61.32,1.8607405,1.7179404,0.0845029,1.917315e-11,44.87391,4.719222e-09,5.872675e-09,2.8795049e-09,1.2370652e-09,5.50089e-10,1.486229e-10,4.7816875e-11,5.1198243e-12
4FGL J0916.7+3856,139.1898,38.9479,fsrq,18.511412,2.427222,2.2957385,0.124008514,4.259877e-12,75.2084,3.312497e-13,4.6930126e-09,1.7723318e-09,3.6611567e-10,5.1734218e-11,6.9797974e-12,1.8868596e-12,1.5090124e-15
4FGL J0916.7+5238,139.1906,52.6454,bll,11.144108,1.8577389,1.6262997,0.17322327,1.377067e-12,16.563005,2.3554566e-13,1.8740942e-12,5.082923e-11,9.57552e-11,4.598909e-11,1.2442795e-11,3.4007849e-12,2.4948262e-16
4FGL J0917.1-2131,139.2826,-21.5252,fsrq,7.810912,2.4387758,2.4109378,0.035627685,2.8945253e-12,62.63593,8.14184e-09,5.905629e-13,9.245718e-10,1.8460196e-10,3.539052e-11,7.2629385e-12,1.8990198e-12,9.0897215e-18
4FGL J0917.3-0342,139.3339,-3.7035,bll,8.571514,1.7491083,1.6375537,0.075279914,1.7877985e-12,17.663485,7.917558e-09,3.842909e-10,1.14944894e-10,7.532733e-11,3.1991392e-11,2.2083384e-11,6.9398944e-12,1.9491732e-12
4FGL J0918.9-0625,139.7281,-6.4178,bcu,7.394333,2.3539677,2.2924192,0.221187,2.2419339e-12,21.562237,9.004005e-11,2.5905078e-09,7.4237677e-10,1.712032e-10,2.0702358e-11,6.4199037e-12,3.1174621e-16,2.5965033e-12
4FGL J0919.3-2202,139.8482,-22.0472,bcu,6.0153804,1.9078759,1.7440535,0.17414735,1.3576476e-12,14.595338,3.510358e-09,8.055543e-10,7.4175875e-14,8.922914e-11,3.0711943e-11,1.5179857e-11,3.4501476e-16,1.06283865e-13
4FGL J0920.2-3835,140.0695,-38.5999,bcu,5.8857374,2.0248291,2.0291538,-0.011124882,1.7383869e-12,8.8546505,1.4618924e-08,1.3201916e-11,6.483487e-10,1.0664032e-10,2.177496e-11,1.1693392e-11,4.1128967e-12,3.0215115e-13
4FGL J0920.3-0443,140.1,-4.7311,bcu,7.183488,2.6654203,2.6583564,0.033662826,2.899729e-12,31.628672,2.005155e-10,8.322704e-09,1.0139737e-09,1.5231773e-10,1.1161136e-11,4.938014e-12,4.2160532e-17,1.0144748e-15
4FGL J0920.9+4441,140.2291,44.699,fsrq,69.09253,2.3546586,2.4089105,0.12420862,4.049957e-11,2397.6035,8.426686e-08,4.610672e-08,1.6554782e-08,3.3073029e-09,5.4087906e-10,5.7993426e-11,1.4747154e-12,1.7999255e-15
4FGL J0920.9-2256,140.2355,-22.947,bll,9.933292,1.727408,1.4679865,0.19316164,1.8857897e-12,6.139724,4.8700044e-09,1.497713e-10,1.7875482e-13,5.66153e-11,6.50128e-11,2.0566073e-11,2.6934312e-12,1.8034633e-12
4FGL J0921.2-8211,140.3211,-82.1859,bcu,8.676761,2.2201161,2.2311285,0.17979571,1.7672685e-12,78.539276,6.1301042e-12,3.9183917e-12,5.6818444e-10,1.7884538e-10,4.8284206e-11,2.5005846e-12,1.4956501e-12,1.2852452e-12
4FGL J0921.6+6216,140.4185,62.2708,fsrq,107.42688,2.308424,2.1974933,0.09457504,3.3854197e-11,3454.8242,6.3067965e-08,3.9440472e-08,1.2196339e-08,2.7871103e-09,5.448747e-10,7.47958e-11,4.8853304e-12,6.4898915e-21
4FGL J0921.7+2336,140.446,23.6022,bll,15.470137,2.0496953,1.9740891,0.0734492,3.6092566e-12,34.359028,1.3986621e-08,2.7695748e-09,7.7524953e-10,2.0068514e-10,1.02556144e-10,8.883372e-12,7.400067e-12,6.5315505e-17
4FGL J0922.4-0528,140.6123,-5.4747,fsrq,24.831177,2.0801084,1.9488907,0.09969858,6.011391e-12,62.770695,4.2932852e-10,1.9805728e-13,1.5920033e-09,5.094487e-10,1.3269834e-10,4.6703853e-11,6.288729e-12,1.9431139e-12
4FGL J0922.6+4454,140.6588,44.9131,bcu,6.548253,2.562475,2.5614707,-0.0547792,4.093081e-12,15.2526655,2.426745e-10,1.1404151e-08,9.71364e-10,2.1732632e-10,4.231464e-11,2.618692e-14,1.4867207e-12,1.5002871e-12
4FGL J0922.6+0434,140.6669,4.5781,bcu,22.253517,2.406155,2.3254657,0.09364133,7.1200016e-12,174.91641,9.015347e-09,8.164514e-09,3.014316e-09,5.00208e-10,8.1718333e-11,1.1356018e-11,4.864676e-12,4.416083e-16
4FGL J0922.6-2116,140.6748,-21.2789,bcu,4.2618084,2.8651304,2.775542,0.15569307,2.2552656e-12,9.9100685,1.0376258e-09,6.488671e-09,8.998031e-10,7.96355e-11,6.9460154e-12,4.4279918e-17,3.3067898e-17,2.8965198e-15
4FGL J0922.7-3959,140.6918,-39.9867,fsrq,31.010553,2.5953314,2.531659,0.11757269,1.7034986e-11,849.16895,5.2938447e-08,3.1270183e-08,7.120099e-09,9.12917e-10,1.7626857e-10,8.3944214e-12,5.432133e-13,1.230508e-20
4FGL J0923.5+3852,140.885,38.8743,bcu,18.265146,2.7362978,2.7296789,0.1604798,6.0773418e-12,114.383514,2.9889353e-08,1.35589415e-08,2.4867322e-09,3.0205988e-10,2.844703e-11,2.4074414e-12,2.777642e-15,1.1966643e-15
4FGL J0923.5+4210,140.8925,42.1752,bcu,4.8268065,2.7335515,2.6698177,0.073908165,1.8677134e-12,41.460896,3.3565403e-10,3.909253e-09,4.4038007e-10,1.3360879e-10,4.349245e-13,1.4452786e-14,3.1514892e-13,4.39314e-17
4FGL J0923.5+4125,140.8949,41.4283,fsrq,31.86828,2.2746627,2.141829,0.15742163,7.2701146e-12,87.75935,2.4900729e-08,4.3643698e-09,2.9039304e-09,6.6959943e-10,1.5489438e-10,2.2227302e-11,4.4284381e-13,4.6546594e-16
4FGL J0924.0+2816,141.0049,28.2755,fsrq,15.375253,2.472643,2.4835758,-0.035648588,4.21995e-12,137.18065,4.635401e-09,8.2224e-09,1.4914976e-09,1.8155596e-10,5.908129e-11,9.865223e-12,1.5679696e-12,1.4648109e-12
4FGL J0924.0+0534,141.0241,5.5789,bll,8.3561,1.9135123,1.8775359,0.041462373,1.8919916e-12,15.792229,1.7014327e-09,8.532915e-10,2.8120473e-10,8.788481e-11,4.563707e-11,1.6521172e-11,3.6888877e-12,1.874659e-12
4FGL J0925.7+5959,141.4344,59.989,bll,12.358333,1.9097222,1.7901963,0.11740905,1.9704659e-12,15.308525,1.0423862e-14,1.3767756e-09,2.5876715e-10,1.12417416e-10,3.9422948e-11,1.9894758e-11,4.029354e-12,3.214329e-17
4FGL J0925.7+3126,141.4454,31.447,bll,14.604819,2.1631038,2.0901175,0.08411828,3.2521457e-12,18.803759,1.1170302e-08,2.3109061e-09,9.110261e-10,1.8479719e-10,8.159302e-11,1.2371122e-11,1.6629299e-12,1.0808743e-15
4FGL J0926.4+5412,141.6003,54.2081,bll,9.204538,2.0218182,1.9810843,0.038326748,1.551753e-12,19.925638,3.9797605e-09,1.2486268e-09,3.0996267e-10,9.775164e-11,3.302343e-11,8.9987635e-12,2.7295805e-12,7.019725e-16
4FGL J0927.2+2454,141.8208,24.9019,bll,6.0844407,2.2427187,2.2052789,0.05657416,1.5048587e-12,9.142755,3.6815098e-09,2.860018e-14,5.3720567e-10,6.444337e-11,3.9625025e-11,2.0705384e-12,1.4747546e-12,1.9551856e-16
4FGL J0928.1-2035,142.0478,-20.5973,fsrq,13.585436,2.5806003,2.5265195,0.082845785,4.842353e-12,140.3177,1.0910077e-08,9.532553e-09,1.6347153e-09,2.7995226e-10,3.513154e-11,2.3739604e-12,1.711444e-12,1.1228209e-16
4FGL J0928.2-3048,142.0695,-30.8113,bcu,8.002242,2.5217662,2.5847435,0.14949603,3.413956e-12,30.682661,1.5553087e-09,6.2375167e-09,1.3572494e-09,2.529142e-10,1.8189294e-11,5.6806187e-12,4.2356197e-17,5.253535e-15
4FGL J0928.3+7444,142.0867,74.7477,bcu,5.1184444,2.094046,2.1313074,-0.03938969,7.1453667e-13,9.575699,6.5294916e-09,5.238085e-10,1.003489e-10,4.8588782e-11,1.5694794e-11,1.4059625e-15,3.1681786e-12,3.2150488e-16
4FGL J0928.4-0415,142.1205,-4.2539,bcu,7.24563,2.5521395,2.4533722,0.12876692,2.3867262e-12,28.234638,1.45195145e-08,3.759126e-09,9.1587776e-10,1.4084348e-10,2.4096596e-11,9.022546e-16,9.007675e-18,6.203057e-17
4FGL J0928.5+4048,142.1451,40.814,bll,14.127581,2.0105007,1.9108742,0.08166652,2.862391e-12,32.018353,7.6068235e-11,4.7192446e-09,4.956666e-10,1.5627752e-10,7.358089e-11,2.4641868e-11,1.5136618e-12,2.1332169e-14
4FGL J0928.7-3529,142.1945,-35.4924,bll,9.63817,2.3626049,2.362876,-0.025173318,3.9943617e-12,14.272678,8.779621e-12,7.5757995e-09,9.788773e-10,2.2262435e-10,6.5503346e-11,1.2785853e-11,1.1323265e-14,1.517163e-12
4FGL J0929.2+7302,142.3123,73.045,bcu,4.6205406,2.26126,2.1575286,0.10270261,9.0822944e-13,13.3943405,1.1818268e-08,4.8290422e-14,2.5190483e-10,4.8278714e-11,2.2062e-11,6.3033515e-14,1.2236602e-12,1.9153777e-17
4FGL J0929.3+5014,142.3265,50.2352,bll,37.131557,2.1025352,2.037086,0.054733984,1.0080787e-11,105.82039,1.0458722e-08,5.089692e-09,2.8639398e-09,7.75781e-10,2.1584193e-10,6.447885e-11,7.081953e-12,1.6353837e-12
4FGL J0929.3-2414,142.3386,-24.2496,bll,5.541329,2.1217802,1.8243412,0.323155,9.50532e-13,15.885197,3.39809e-12,8.2717874e-11,1.3431735e-10,1.0405188e-10,3.6253018e-11,8.715509e-12,7.0373715e-16,4.659411e-16
4FGL J0929.6+4621,142.4036,46.3544,bll,7.631705,2.5905194,2.5277615,0.06944366,2.0368043e-12,6.4799047,9.268959e-09,3.545456e-09,6.213831e-10,1.3023753e-10,1.5117303e-11,1.5854318e-12,3.018766e-16,6.2101465e-17
4FGL J0930.3+8612,142.5994,86.2021,bll,40.072815,2.1508694,2.0505588,0.10097419,1.0296397e-11,240.35614,4.0231347e-09,7.957558e-09,2.9288785e-09,8.598959e-10,2.8051775e-10,3.8214213e-11,1.0969342e-11,1.3642e-16
4FGL J0930.5+4951,142.6254,49.8577,bll,9.305163,1.8519762,1.8523831,0.0034931465,1.8471062e-12,19.492352,4.862696e-11,2.5457039e-09,2.8882816e-10,8.5292905e-11,3.347464e-11,1.4235721e-11,8.238136e-12,1.4989321e-12
4FGL J0930.5+5132,142.6325,51.5438,bll,4.4496922,2.0196438,1.8653845,0.26286077,7.210942e-13,17.52286,7.9069045e-09,1.6821773e-09,2.1859047e-14,7.7030084e-11,1.7119707e-11,4.3334863e-12,2.770575e-18,4.039651e-17
4FGL J0930.7+3502,142.6813,35.0334,bll,11.394455,2.1432235,1.9990435,0.13886796,1.7837668e-12,36.91053,2.6278772e-09,1.5786705e-09,4.91493e-10,1.4015178e-10,6.485972e-11,6.713826e-12,4.7511732e-18,2.781255e-15
4FGL J0930.9-1015,142.7404,-10.2565,bcu,10.806046,2.397693,2.2754734,0.15014715,2.7043478e-12,70.00625,4.1048036e-11,2.3882145e-09,1.1466321e-09,2.225155e-10,3.5482572e-11,5.426855e-12,1.3001657e-15,8.008271e-15
4FGL J0930.9+0033,142.7476,0.5575,fsrq,14.213827,2.7235634,2.7267246,0.17256771,5.8469267e-12,45.45211,1.1293514e-08,1.1454049e-08,2.6930151e-09,2.684466e-10,2.1695982e-11,1.9839354e-15,1.1311522e-18,2.136675e-15
4FGL J0931.2-8533,142.8176,-85.5626,bcu,13.310944,2.5257444,2.592189,0.1067542,4.9605988e-12,77.88092,6.534935e-13,5.5515144e-09,2.2499216e-09,2.7164804e-10,5.2375312e-11,5.7732083e-12,6.2177483e-15,7.3283533e-16
4FGL J0932.6+5306,143.159,53.1008,fsrq,24.450735,2.4900098,2.398604,0.09233486,5.550044e-12,443.75226,1.205246e-10,8.246535e-09,2.2705782e-09,3.7568437e-10,5.3614335e-11,8.1412386e-12,1.1873345e-12,2.1394259e-17
4FGL J0932.7+1041,143.1802,10.6903,bll,8.314464,2.0194693,1.8254123,0.18325233,1.9623873e-12,16.889992,3.8085477e-09,9.134889e-10,2.5826585e-10,9.575787e-11,6.366242e-11,1.44617955e-11,2.6971568e-15,9.458685e-20
4FGL J0932.8+3337,143.2181,33.6302,bcu,5.62395,2.2286615,2.1684017,0.08585315,1.0409657e-12,23.63264,3.4488825e-12,5.329686e-10,1.983924e-10,9.466329e-11,1.2210628e-11,3.810172e-12,1.6473419e-12,1.2860773e-15
4FGL J0933.5-0013,143.3778,-0.2198,bcu,4.4536033,2.5789928,2.4227796,0.22177996,1.5977847e-12,17.271862,3.5312426e-09,2.0152797e-09,4.2803447e-10,1.2459238e-10,1.2444202e-11,3.9947602e-17,9.81552e-19,7.422525e-18
4FGL J0933.5-5240,143.3964,-52.6753,bcu,10.645611,2.0440154,1.8651481,0.21798003,3.4816672e-12,16.976248,7.874206e-12,1.5436384e-12,4.3619573e-17,2.6518648e-10,1.2565664e-10,3.6115614e-11,6.967347e-12,1.3729951e-14
4FGL J0934.3+3926,143.5861,39.4365,bll,15.427487,2.3818429,2.3351192,0.06470319,3.7174157e-12,27.020144,1.0530983e-08,4.9455977e-09,1.2236364e-09,2.1486993e-10,6.5499314e-11,7.484602e-12,4.00982e-15,8.1849593e-16
4FGL J0934.5-1720,143.6278,-17.3388,bll,7.271242,1.9021245,1.8737057,0.038088895,1.884171e-12,16.349709,2.843605e-14,2.6079677e-11,3.463941e-13,1.8147268e-10,3.160453e-11,1.4108962e-11,3.433109e-12,4.5962474e-12
4FGL J0935.3-1736,143.8272,-17.6076,bll,15.407728,1.916544,1.8504889,0.06594799,4.3949913e-12,10.025336,1.1325176e-12,1.7918426e-09,1.1752535e-09,1.4612639e-10,9.47444e-11,5.1728663e-11,4.336885e-12,1.718145e-12
4FGL J0935.4-6911,143.854,-69.1845,bcu,5.1358895,2.210717,2.239435,-0.030881856,1.5235505e-12,16.122103,1.1507463e-08,2.0199156e-09,3.599878e-10,4.40312e-11,3.5028622e-11,6.774235e-12,2.4778192e-12,3.7104807e-19
4FGL J0936.3-2111,144.091,-21.1974,bll,16.599703,1.7950339,1.5241542,0.23431867,3.2022384e-12,27.204275,1.0637596e-09,5.5172605e-10,6.657686e-11,1.6829448e-10,1.0127658e-10,4.758869e-11,6.3241985e-12,2.274366e-16
4FGL J0936.5+1847,144.1346,18.7976,bll,12.376102,2.0854194,1.9772005,0.09636569,2.9804447e-12,12.431912,7.1709336e-09,3.1538323e-09,5.278665e-10,1.938928e-10,7.751385e-11,6.8301202e-12,3.3352075e-12,1.5506222e-12
4FGL J0937.0-2044,144.2608,-20.7357,bcu,4.036965,2.3679092,2.2417796,0.35742986,8.349742e-13,10.969001,6.5511156e-09,1.3093496e-11,2.220393e-10,1.4713114e-10,1.2163419e-11,2.094987e-12,4.8540367e-16,3.2513288e-15
4FGL J0937.1+5008,144.2969,50.1437,fsrq,14.20851,2.4631207,2.3651986,0.124880336,3.47351e-12,73.602455,5.8053033e-09,4.49579e-09,1.1613962e-09,2.2744048e-10,3.7738514e-11,9.683305e-18,4.0107655e-18,5.1313616e-16
4FGL J0937.9-1434,144.4751,-14.5706,bll,13.151108,2.0296564,1.8397839,0.16529888,2.4050688e-12,42.865135,3.9273564e-11,6.3688074e-12,5.075321e-10,2.1967043e-10,6.8975804e-11,2.0696708e-11,2.879531e-12,1.2065823e-16
4FGL J0938.9-6403,144.747,-64.0518,bcu,10.524885,2.3834324,2.3866515,-0.011156868,4.3806824e-12,29.735798,1.1018698e-08,8.054624e-09,1.2526055e-09,2.8436664e-10,4.0216937e-11,1.6215656e-11,4.7174088e-12,2.5481022e-19
4FGL J0939.3-1732,144.836,-17.5418,bcu,12.833355,2.1772802,1.9944848,0.18111344,2.7799252e-12,68.03471,3.8093162e-10,2.6691571e-09,7.3967593e-10,2.8769934e-10,8.046035e-11,8.706097e-12,2.452101e-13,8.145803e-16
4FGL J0940.0-2828,145.0116,-28.4803,bcu,13.478068,2.4645646,2.4464717,0.11014178,5.0828283e-12,117.86001,9.72651e-09,7.65463e-09,1.8096079e-09,3.0031166e-10,7.037909e-11,6.3398974e-19,7.3468483e-13,1.3728153e-12
4FGL J0940.4+6148,145.1207,61.8156,bll,14.326554,1.8176072,1.7811664,0.034123864,2.4267045e-12,29.76137,4.1411687e-09,3.4311705e-09,2.137585e-10,1.3351185e-10,5.3811684e-11,1.1770736e-11,1.216872e-11,2.4189223e-12
4FGL J0940.7-6105,145.1788,-61.0855,bcu,9.455597,2.535138,2.4633174,0.15004209,4.3138193e-12,34.31734,1.27681745e-11,5.5743934e-09,1.5744219e-09,3.5870024e-10,5.2514416e-11,3.0279418e-12,2.4114766e-16,9.826251e-15
4FGL J0940.9-1335,145.2438,-13.5891,fsrq,26.106943,2.4515662,2.3619354,0.08726137,8.562229e-12,212.2352,1.9119602e-08,1.1918013e-08,3.1728424e-09,6.52298e-10,9.453438e-11,1.2637545e-11,1.7893447e-20,2.9737523e-19
4FGL J0941.7+4125,145.45,41.4216,bcu,8.832336,2.4901514,2.5164225,0.2669977,1.8204464e-12,36.6993,1.8591194e-12,3.1966113e-10,8.9879404e-10,1.4321738e-10,2.4789339e-11,3.7442853e-12,4.8121297e-16,1.5005638e-15
4FGL J0941.9+2724,145.4936,27.4136,bll,13.644668,2.422454,2.3924787,0.11011759,3.7440576e-12,28.347298,9.37016e-11,4.7077275e-09,1.2766578e-09,2.7422017e-10,2.6168286e-11,8.6185035e-12,7.127388e-13,1.322118e-12
4FGL J0942.3+2842,145.5806,28.7091,bll,7.4689765,2.057632,2.0449378,0.02764782,1.5712644e-12,19.256767,1.5012981e-08,5.39667e-10,4.074348e-10,9.377181e-11,3.4287934e-11,6.6116296e-12,3.971744e-12,3.1353166e-21
4FGL J0942.3-0800,145.5856,-8.0076,bll,27.802893,2.1957095,2.0511305,0.109993115,7.1067765e-12,171.00334,1.7790196e-10,4.673554e-09,2.292751e-09,6.0620814e-10,1.7502547e-10,2.6406047e-11,2.410377e-12,6.4954626e-16
4FGL J0942.7-2028,145.6904,-20.4752,bcu,12.806325,1.9073733,1.8372202,0.06764724,3.0176805e-12,20.167368,1.0466842e-11,1.5626654e-11,4.4368936e-10,1.6975354e-10,6.9330014e-11,2.5242962e-11,5.2281447e-12,1.7443368e-12
4FGL J0943.7+6137,145.9263,61.6192,bcu,10.537949,2.7659316,2.7322416,0.045358717,4.0350626e-12,101.42998,5.819273e-09,6.559702e-09,1.3954317e-09,1.8194543e-10,2.7496385e-11,1.4204547e-15,1.2879808e-17,6.6559745e-19
4FGL J0944.2+5557,146.069,55.9659,bll,5.9423685,2.282286,2.0731642,0.2942484,6.977128e-13,8.204058,2.301128e-09,8.263779e-15,1.7974444e-10,8.595257e-11,2.6134234e-11,1.7060394e-14,3.0903335e-16,1.2675011e-14
4FGL J0945.2+5200,146.3162,52.0053,fsrq,21.637821,2.5414386,2.440845,0.10885052,5.293812e-12,258.5788,1.2107387e-09,9.895583e-09,2.094367e-09,3.5193432e-10,4.9710198e-11,3.018118e-12,1.1566064e-12,1.2968986e-16
4FGL J0945.5+4635,146.3864,46.5992,fsrq,4.1551414,1.980073,2.04415,-0.070307784,6.75453e-13,19.855371,1.2426949e-08,5.0323296e-10,1.4521542e-10,4.3394763e-11,9.233443e-12,2.5920037e-12,2.479836e-12,2.8344375e-12
4FGL J0945.7+5759,146.432,57.9871,bll,14.2344055,2.1052904,1.9298393,0.16100861,2.078716e-12,69.386635,3.5633666e-12,3.9567587e-13,4.3240694e-10,1.7866879e-10,7.242469e-11,9.050389e-12,3.9063375e-12,2.5245959e-15
4FGL J0946.0+4735,146.5167,47.5849,bll,4.342533,2.0280504,2.079433,-0.052041482,8.292892e-13,7.1793456,2.2382374e-09,6.6865596e-10,2.72851e-10,4.1506742e-11,9.856763e-12,7.0480757e-12,2.8894322e-12,1.5079705e-16
4FGL J0946.2+0104,146.5672,1.0701,bll,10.890613,1.9864686,1.940919,0.04821453,3.0709576e-12,15.6342945,3.2713004e-08,1.879117e-09,6.233035e-10,1.6457243e-10,4.9651092e-11,3.692729e-11,3.9874653e-12,9.747846e-18
4FGL J0946.6+1016,146.6613,10.277,fsrq,48.67475,2.408398,2.3125257,0.091305785,1.8902083e-11,445.58234,1.6949729e-08,2.3316579e-08,7.626141e-09,1.3347411e-09,2.157527e-10,3.063796e-11,1.8047505e-12,2.5836998e-16
4FGL J0947.1-2541,146.7813,-25.6839,bll,33.391163,1.8301417,1.6774867,0.09619521,9.354744e-12,39.77885,7.902732e-12,3.67635e-10,1.097641e-09,5.89279e-10,2.3378655e-10,9.687675e-11,3.1297274e-11,1.5747976e-12
4FGL J0947.6+2215,146.9042,22.2601,bll,9.298199,2.2286835,1.9921398,0.22671723,1.6186409e-12,31.062809,3.3335792e-09,3.0091862e-10,6.2167166e-10,1.5862346e-10,4.2019752e-11,8.183433e-12,1.1295151e-12,3.7289405e-17
4FGL J0947.9+1121,146.9914,11.3629,bll,4.6360173,1.9410377,1.9424653,-0.009027772,9.327082e-13,22.649513,1.2656755e-08,2.0244968e-09,2.0575748e-10,3.1379253e-11,2.1991171e-11,8.72066e-12,2.8915993e-12,3.258211e-13
4FGL J0948.6-0338,147.1741,-3.6432,bcu,4.395317,2.3428912,2.0595808,0.2201301,1.2310171e-12,21.727694,1.0423799e-08,1.8440293e-09,2.7967761e-10,8.382573e-11,2.3544406e-11,2.2318243e-16,3.4027285e-16,4.205276e-16
4FGL J0949.0+4038,147.2618,40.6367,fsrq,10.9799595,2.5392072,2.5216672,0.050513763,2.8291774e-12,38.131603,6.2273493e-09,4.8301962e-09,1.2124796e-09,1.1566923e-10,2.670026e-11,5.2168994e-12,1.2390269e-12,5.5213757e-17
4FGL J0949.2+1749,147.3155,17.83,fsrq,9.430467,2.5038288,2.5098455,-0.01444824,2.9533507e-12,49.95717,7.974925e-09,3.3668832e-09,1.0891982e-09,1.4951247e-10,3.5600693e-11,8.024438e-12,8.698573e-16,1.913392e-20
4FGL J0949.7+5819,147.4368,58.3283,bcu,13.199801,2.642429,2.623872,0.0913118,3.98627e-12,80.8806,1.1507715e-08,5.560511e-09,1.4314667e-09,2.3466798e-10,1.4219557e-11,5.52681e-12,1.1269643e-15,7.012154e-18
4FGL J0950.2-1623,147.551,-16.3965,bcu,5.3088493,2.1642885,2.15554,0.01105738,1.2212648e-12,16.79471,2.9121974e-12,1.1017793e-09,3.5745468e-10,6.401341e-11,2.6627124e-11,4.6790354e-12,3.4110798e-12,2.8966028e-16
4FGL J0950.2+0615,147.5596,6.2583,bll,12.737674,2.0562499,1.928516,0.12427841,2.4954015e-12,23.533354,5.3911066e-17,1.0383734e-12,6.952411e-10,1.9418625e-10,7.507653e-11,1.6891776e-11,1.921016e-12,5.471374e-16
4FGL J0950.2+4553,147.5649,45.8863,bll,21.571068,2.0279412,2.0282931,0.0025729083,4.3896362e-12,20.014624,3.4989647e-10,2.1378328e-09,1.1708379e-09,2.113142e-10,1.0291033e-10,3.0164364e-11,9.618958e-12,4.301683e-16
4FGL J0952.1+3932,148.047,39.535,bll,5.8519793,1.8614043,1.7811455,0.13017823,1.0965131e-12,10.439897,1.4850716e-08,1.4623788e-09,1.925667e-11,6.2443335e-11,2.4358902e-11,1.0535478e-11,3.3164014e-12,2.0992785e-18
4FGL J0952.2+7503,148.0627,75.0555,bll,11.119145,1.5337749,1.4603982,0.089989975,1.2704573e-12,13.851936,1.8547512e-10,2.0161239e-14,8.4050024e-11,2.528478e-11,1.7847543e-11,1.673254e-11,6.582995e-12,3.3983638e-12
4FGL J0952.3-4342,148.0918,-43.7103,bcu,5.207964,2.4800491,2.473421,0.045578808,2.489209e-12,15.727868,1.3502492e-08,3.9666923e-09,1.0208896e-09,1.2308674e-10,2.3441266e-11,8.312657e-12,4.7000845e-18,4.2699728e-16
4FGL J0952.6-5048,148.1566,-50.8112,bcu,6.340854,2.1709454,2.0910444,0.1456502,2.7175048e-12,34.998203,9.381598e-12,6.9184618e-15,4.412966e-10,1.6110009e-10,6.468276e-11,9.565445e-12,3.9541963e-12,2.1108862e-17
4FGL J0952.8+0712,148.2194,7.2141,bll,7.8303056,1.9676696,1.8443475,0.19282809,1.1794561e-12,23.514166,1.4580622e-14,7.283394e-13,1.2850619e-10,9.117505e-11,5.2305386e-11,1.6067332e-12,3.7976822e-12,2.1806665e-17
4FGL J0953.0-0840,148.2628,-8.6695,bll,62.957996,1.8856523,1.7906989,0.048229203,2.4174022e-11,72.2247,1.3440155e-08,8.727084e-09,3.5701404e-09,1.5045516e-09,5.846531e-10,2.433401e-10,5.4776565e-11,3.7691642e-12
4FGL J0953.1-3005,148.2779,-30.0979,bcu,8.191658,2.6395307,2.5928638,0.3005505,2.9546723e-12,136.28613,9.379203e-09,4.933096e-09,1.5511123e-09,1.6349941e-10,2.060301e-11,5.1215214e-18,3.148947e-16,1.286517e-18
4FGL J0953.4-7659,148.3669,-76.9933,bll,9.811044,1.9040523,1.9224125,-0.014086456,2.5041588e-12,7.001717,1.8220234e-12,3.954664e-09,6.621656e-10,4.8175644e-11,5.7499703e-11,1.9121746e-11,1.05636775e-11,3.059969e-12
4FGL J0954.2+4913,148.5534,49.2248,bll,16.243816,1.6232836,1.27291,0.259194,2.4734776e-12,9.802677,1.9813266e-11,2.3229722e-15,7.4097825e-11,5.261834e-11,6.475035e-11,2.9034799e-11,1.3347776e-11,1.4107889e-15
4FGL J0954.2-2520,148.5681,-25.3384,bcu,9.843377,2.049477,2.0357263,0.009442227,2.3470182e-12,24.33634,3.862719e-12,3.36379e-09,5.577421e-10,9.151487e-11,5.7331268e-11,2.1086705e-11,3.8831295e-12,8.205974e-18
4FGL J0955.1+3551,148.7816,35.8584,bll,8.758008,1.7965059,1.6760062,0.120580986,1.4966776e-12,20.388206,1.5563449e-12,3.4908823e-10,1.2855583e-10,6.889084e-11,3.861916e-11,1.6352478e-11,1.9505236e-14,1.6241701e-12
4FGL J0955.2+0835,148.8192,8.5907,bll,4.1294956,2.2777088,2.0513299,0.1669052,1.1161177e-12,18.354609,1.4945034e-08,2.2126954e-09,2.9104952e-10,5.5479378e-11,2.6527334e-11,3.9105694e-12,6.3500154e-16,1.4273617e-16
4FGL J0956.0+3936,149.008,39.6055,fsrq,8.956284,2.2809615,2.223676,0.1368789,1.8996146e-12,12.626186,1.8249607e-11,5.4256885e-12,8.090227e-10,1.13480676e-10,3.2286975e-11,5.3197095e-12,5.7983916e-16,4.5499756e-16
4FGL J0956.5-0958,149.1351,-9.9685,bll,6.825181,1.8344872,1.452855,0.31196,1.0912829e-12,15.395315,7.326964e-09,3.327136e-14,8.246517e-11,2.7008755e-11,4.261841e-11,9.422979e-12,7.305155e-12,6.856097e-17
4FGL J0956.7+2516,149.1761,25.2817,fsrq,26.74015,2.5145156,2.4083123,0.11213955,8.1923825e-12,176.18456,1.6438737e-08,1.2573718e-08,3.3574103e-09,5.530739e-10,8.105341e-11,2.4749265e-12,9.812708e-16,2.1669014e-13
4FGL J0957.3-1348,149.3314,-13.8141,fsrq,22.794302,2.503206,2.362035,0.14064914,7.345948e-12,130.85106,1.9178662e-08,1.1348283e-08,2.9351892e-09,5.7592103e-10,6.0726514e-11,5.400543e-12,2.0268838e-16,1.8536403e-17
4FGL J0957.6+5523,149.4161,55.3838,fsrq,210.69171,2.0169811,1.8936765,0.08196546,8.909033e-11,70.624855,5.879378e-08,4.8649007e-08,2.2440865e-08,7.1585275e-09,2.2974485e-09,5.254448e-10,8.115403e-11,3.2699214e-12
4FGL J0957.8+3423,149.4707,34.3975,bcu,20.415585,2.092341,2.039417,0.061467152,4.3745125e-12,58.337494,3.834546e-15,3.89215e-09,9.696657e-10,3.029886e-10,8.95975e-11,2.4100524e-11,4.5707878e-12,7.5140326e-17
4FGL J0958.0+4728,149.509,47.4675,fsrq,21.080597,2.5689898,2.6440923,0.2571148,6.6156763e-12,177.69325,8.686279e-09,9.2131565e-09,3.5374075e-09,3.9741077e-10,4.5687325e-11,3.7199397e-12,6.6514956e-17,4.941588e-15
4FGL J0958.0-0319,149.5102,-3.3258,bll,5.4438367,1.7048397,1.3369966,0.29086828,8.660384e-13,15.737348,1.3021553e-08,1.8605966e-15,5.0665465e-11,3.3724287e-11,7.0666945e-12,1.5492592e-11,3.4661009e-12,1.7626885e-16
4FGL J0958.0+3222,149.5219,32.369,fsrq,12.473578,2.5694966,2.5114138,0.13644302,3.0071267e-12,25.235516,4.537335e-09,5.093958e-09,1.2507728e-09,1.724647e-10,3.446519e-11,4.4504724e-13,1.90533e-17,4.2998607e-15
4FGL J0958.1-6753,149.5343,-67.8936,bcu,6.6115603,2.582276,2.57494,-0.07631953,3.0291004e-12,13.804898,7.2121726e-09,6.564922e-09,1.073121e-09,1.1652916e-10,1.4144728e-11,4.936859e-12,2.7311805e-12,3.461773e-12
4FGL J0958.4+5042,149.6057,50.7,fsrq,12.656609,2.6646607,2.6060615,0.09257382,3.1801259e-12,34.073147,6.4955605e-09,4.8724753e-09,1.1536498e-09,1.6982084e-10,2.0867181e-11,9.554779e-13,1.3696755e-15,6.397185e-16
4FGL J0958.4-2441,149.6073,-24.6867,bcu,12.03497,2.138533,1.9672352,0.17544542,2.400533e-12,31.868378,1.1793625e-08,8.49481e-10,6.681055e-10,2.2123296e-10,7.241532e-11,1.6033194e-11,2.1756301e-13,6.284429e-18
4FGL J0958.7+6534,149.6897,65.5678,BLL,137.74771,2.1909375,2.1130092,0.05872487,5.5131347e-11,4527.4575,8.709104e-08,5.0718764e-08,1.7135239e-08,4.290466e-09,1.1138953e-09,1.943337e-10,3.039756e-11,3.655198e-12
4FGL J0958.8+7039,149.707,70.6576,bcu,4.4186025,1.7788113,1.5570291,0.26149586,6.20254e-13,18.259695,3.4430975e-11,2.2356454e-14,6.610238e-13,2.6803202e-12,2.2384055e-11,4.7519766e-12,1.9362055e-12,1.2892995e-17
4FGL J0959.4+2120,149.8712,21.3459,bll,14.080723,1.9996647,2.0081756,-0.007496074,3.4899807e-12,36.041027,2.0499508e-08,4.053632e-09,6.253965e-10,2.1202883e-10,6.852358e-11,2.3355179e-11,1.0027362e-11,2.3560735e-12
4FGL J0959.6+4606,149.9162,46.1079,bll,7.0520597,2.6237674,2.4988244,0.24249756,1.9098906e-12,12.66532,2.2602219e-10,2.4761124e-09,7.8449547e-10,1.02856036e-10,8.3531645e-12,1.6160446e-12,2.4371964e-17,5.64973e-16
4FGL J1001.1+2911,150.2938,29.188,bll,33.293285,2.266205,2.2440805,0.03219283,9.612107e-12,326.01828,1.3016333e-08,1.1355682e-08,2.908353e-09,6.3150696e-10,1.4106691e-10,3.3709924e-11,6.0863866e-12,1.6565787e-18
4FGL J1002.3-1200,150.5962,-12.006,bcu,4.1412945,2.1895466,2.147994,0.04977485,1.1279219e-12,41.862106,1.6656643e-11,8.810989e-12,3.2917435e-10,7.826433e-11,8.889577e-12,1.1852732e-11,9.865642e-19,1.7040521e-16
4FGL J1002.5+2215,150.6482,22.2598,bll,12.609257,1.8521171,1.7721474,0.0542035,2.882502e-12,5.0359015,1.6261842e-12,2.7045202e-09,4.9333543e-10,1.3744862e-10,6.4658334e-11,2.2059474e-11,7.206234e-12,1.8267744e-12
4FGL J1002.7+1218,150.6805,12.3055,fsrq,6.483234,2.8001113,2.836611,-0.07066196,2.6037044e-12,28.375904,9.102424e-09,6.5494414e-09,7.273678e-10,9.039285e-11,9.829879e-12,3.9899503e-12,2.2518383e-12,2.4753585e-16
4FGL J1002.8+2140,150.7099,21.6683,bcu,5.306903,2.5277605,2.5251894,-0.0017297745,1.9795073e-12,35.6771,1.0987633e-12,9.764277e-12,7.8212686e-10,9.29801e-11,2.4465398e-11,9.223121e-13,1.7167427e-12,2.992559e-17
4FGL J1003.4+0205,150.8627,2.0877,bcu,8.262968,1.7904596,1.6656827,0.1347225,1.6339433e-12,10.05391,3.1560307e-10,2.606846e-09,1.3314915e-11,9.563471e-11,2.259679e-11,2.0234175e-11,1.0023593e-11,6.88258e-17
4FGL J1003.6-2137,150.9111,-21.631,bcu,6.0495267,1.8637229,1.7327148,0.14070919,1.1100609e-12,18.212223,3.5633831e-09,5.6153887e-10,1.7097764e-11,6.2961074e-11,2.5358058e-11,1.0430044e-11,4.2566406e-12,2.2435884e-17
4FGL J1003.6+2605,150.912,26.0988,bll,10.118636,2.3349586,2.2631397,0.08302173,2.7649196e-12,16.247341,3.1499624e-08,3.1228637e-09,7.963821e-10,1.8176083e-10,4.3923126e-11,6.6328045e-12,1.0524842e-12,8.756019e-18
4FGL J1006.5+6440,151.6251,64.6762,bll,10.345217,1.8066819,1.7507201,0.054786537,1.4773145e-12,9.927422,1.0703101e-10,3.204791e-12,1.8647878e-10,6.258687e-11,3.675644e-11,1.0597476e-11,4.989179e-12,1.1525836e-12
4FGL J1006.7-2159,151.6931,-21.991,fsrq,66.50545,2.3427281,2.2966142,0.05022477,3.1144455e-11,1823.4036,6.778878e-08,4.1554483e-08,1.1326831e-08,2.0847173e-09,4.6480564e-10,8.849479e-11,1.2644083e-11,2.86653e-17
4FGL J1006.8-5007,151.7204,-50.1329,bcu,5.0327687,2.6724706,2.6402984,0.3263477,2.7693381e-12,35.094524,6.6279916e-12,3.2134584e-09,1.3855346e-09,1.8417554e-10,9.438591e-12,6.4355774e-14,1.2077566e-14,4.875554e-16
4FGL J1007.0+3455,151.7602,34.9213,bll,14.274531,1.8233615,1.7208424,0.094715826,2.5561627e-12,12.721084,1.9822586e-11,5.1170533e-11,3.8399037e-10,1.0329513e-10,6.090431e-11,2.7615557e-11,7.855521e-12,7.1021813e-17
4FGL J1007.6-3332,151.9117,-33.5432,fsrq,32.438484,2.4429245,2.312044,0.16707651,1.1248979e-11,414.8587,1.9994223e-08,1.5631723e-08,4.8419273e-09,8.818047e-10,1.2528702e-10,1.16044e-11,2.2144909e-17,3.3468787e-15
4FGL J1008.0+0620,152.0136,6.3475,bll,31.332073,2.1622732,2.1028602,0.04733026,9.600707e-12,106.44797,8.354982e-09,6.0334475e-09,2.7804032e-09,7.1550527e-10,2.0166586e-10,4.5887672e-11,1.2269396e-11,1.2777087e-18
4FGL J1008.0+0028,152.0207,0.4791,bll,14.819184,2.1548262,1.9695001,0.14917578,3.2274008e-12,25.356007,8.175218e-09,1.31539e-09,9.647131e-10,2.8307998e-10,1.0197093e-10,1.2850711e-11,1.5963938e-12,1.05308486e-26
4FGL J1008.1+4706,152.0359,47.112,bll,6.726264,1.5067064,1.4211155,0.19972876,7.6246626e-13,17.587482,2.6503624e-10,9.288671e-12,7.513768e-15,1.4667415e-11,1.1277814e-11,1.3453572e-11,2.8750355e-12,9.14521e-13
4FGL J1008.7-2909,152.1989,-29.1559,bcu,6.7239056,2.417389,2.3519795,0.23990129,1.6141005e-12,41.378216,7.0282777e-12,1.9139215e-09,5.865588e-10,1.4515851e-10,3.9620106e-11,1.8840193e-14,3.7673048e-17,2.690163e-16
4FGL J1008.8-3139,152.2059,-31.6612,bll,12.157741,2.2545934,2.239189,0.04644199,4.6953158e-12,17.182835,3.2643563e-10,4.438005e-09,1.3233122e-09,3.1591366e-10,7.9270965e-11,1.7794485e-11,1.3565273e-12,1.808189e-16
4FGL J1010.2+8251,152.566,82.8641,fsrq,3.869984,2.3457487,2.1051311,0.30692527,9.149479e-13,14.225013,5.2946293e-11,4.191505e-15,1.5677375e-10,7.573325e-11,1.0940853e-11,4.8015736e-12,1.4958696e-18,6.2937824e-18
4FGL J1010.2-3119,152.5716,-31.3207,bll,26.93348,1.7652917,1.7177339,0.041015487,8.018752e-12,47.02446,2.6336672e-08,1.4998042e-09,1.2558626e-09,2.6377353e-10,2.132741e-10,5.544001e-11,3.5620267e-11,8.662658e-12
4FGL J1010.8-0158,152.7038,-1.9817,fsrq,9.638864,2.5257697,2.443872,0.11524556,3.506895e-12,37.11858,2.6833809e-09,5.667566e-09,1.2200211e-09,2.096061e-10,4.768839e-11,2.564419e-17,6.010656e-21,0.0
4FGL J1011.1-2300,152.7923,-23.0126,bcu,4.8097105,2.5370865,2.477092,0.08581112,1.928604e-12,25.039244,5.0684183e-12,2.6974545e-09,6.955581e-10,1.1291295e-10,9.266714e-12,5.795451e-12,7.167653e-15,2.523159e-17
4FGL J1011.3-0427,152.8253,-4.4577,fsrq,4.7962303,2.6446717,2.5542397,0.16392364,1.9172099e-12,29.858698,1.4405773e-08,3.3324774e-09,7.839231e-10,8.53847e-11,2.1064364e-11,3.7025753e-16,4.2175966e-23,0.0
4FGL J1011.6+3600,152.9052,36.0141,bll,9.061725,2.2007055,2.0122893,0.22171894,1.3121459e-12,6.751471,4.505738e-11,1.3375089e-10,3.9757822e-10,1.5196598e-10,3.5146698e-11,6.1005393e-12,4.2117752e-16,1.3669383e-14
4FGL J1012.3-1232,153.0773,-12.5498,bcu,7.058945,2.3909254,2.4018245,-0.022831198,2.270482e-12,11.584559,3.4919858e-09,4.1216386e-09,6.832017e-10,1.3901098e-10,2.3555302e-11,2.6683631e-12,4.085323e-12,9.286194e-16
4FGL J1012.3+0629,153.0813,6.4959,bll,34.563465,2.0814273,1.934938,0.10207694,1.00618324e-11,81.56337,1.928544e-08,5.7871983e-09,2.324936e-09,8.371512e-10,2.743078e-10,7.4527835e-11,8.243271e-12,1.2256452e-18
4FGL J1012.7+4228,153.1939,42.4823,bll,18.047733,1.7966027,1.6220957,0.093609,3.4365286e-12,25.3254,1.434159e-10,2.0565003e-09,3.4859193e-10,1.6606137e-10,1.07409685e-10,2.6056657e-11,1.12252655e-11,1.8872336e-12
4FGL J1012.7+2439,153.1989,24.6638,fsrq,59.64281,2.3248775,2.1775832,0.1364595,1.9847537e-11,770.1716,2.5736858e-08,2.2830308e-08,7.586478e-09,1.7517378e-09,3.2094663e-10,2.0974207e-11,2.7608127e-17,7.04055e-16
4FGL J1013.3-2551,153.3359,-25.8595,bcu,7.0673227,2.6886652,2.5936122,0.37578166,2.2700622e-12,16.099237,1.0509626e-08,4.7369095e-09,1.0994927e-09,1.4693549e-10,8.050895e-12,4.71999e-16,6.2065996e-15,3.1662773e-14
4FGL J1013.4-4006,153.3688,-40.1079,bll,9.058314,2.212997,2.152338,0.08781902,2.8971608e-12,16.136436,2.3974483e-08,2.981387e-09,8.459531e-10,1.4437539e-10,6.6569986e-11,1.4506571e-11,3.921859e-15,7.848709e-17
4FGL J1013.7+3444,153.4487,34.7384,fsrq,20.739805,2.496648,2.4645917,0.050825387,6.1553076e-12,83.69862,2.1939888e-08,1.06488915e-08,1.957715e-09,4.096704e-10,6.311116e-11,4.43884e-12,1.0463093e-16,8.686135e-16
4FGL J1014.3+4112,153.5908,41.2083,bcu,10.550088,2.4100707,2.404992,0.0021488958,2.4091649e-12,27.627676,1.1640331e-08,2.5738518e-09,7.274103e-10,1.4055729e-10,3.3237822e-11,9.976352e-12,1.3028489e-16,2.5375558e-18
4FGL J1014.7+3210,153.6846,32.1733,bcu,8.230075,1.9094094,1.6268045,0.22868559,1.1575308e-12,16.285154,7.8569995e-09,6.7607797e-10,1.5079145e-10,7.274322e-11,4.4772658e-11,1.0775987e-11,3.1031271e-12,1.5202678e-16
4FGL J1014.8+2257,153.7159,22.9545,fsrq,13.421348,2.6953018,2.654267,0.094306864,5.067499e-12,25.331959,7.297807e-11,9.659291e-09,1.928249e-09,2.258467e-10,2.8504907e-11,5.3674083e-12,1.355154e-16,2.7220238e-15
4FGL J1014.8-0537,153.716,-5.6222,bcu,4.7058625,2.132603,1.8249571,0.32640895,1.1623123e-12,20.12502,2.4745675e-10,4.8081326e-12,1.4072795e-11,7.351337e-11,3.701814e-11,1.3011917e-12,8.69308e-17,1.0770181e-16
4FGL J1014.9-4508,153.7325,-45.143,bcu,13.282544,2.3660493,2.3626678,0.055380527,5.219942e-12,14.240982,1.5007571e-13,1.902766e-12,1.8977313e-09,3.4946274e-10,5.1953636e-11,1.8383718e-11,3.22493e-12,1.8122094e-15
4FGL J1015.0+4926,153.768,49.4336,bll,177.83748,1.8498057,1.7614858,0.044024117,8.191435e-11,418.23538,3.552842e-08,2.5692831e-08,1.2581124e-08,5.003521e-09,2.0732196e-09,6.196333e-10,2.2861017e-10,4.6410306e-11
4FGL J1015.6+5553,153.9105,55.8893,fsrq,11.888984,2.6405306,2.5982835,0.08796076,3.0196592e-12,84.81468,6.274223e-10,3.614903e-09,1.1970704e-09,1.4387053e-10,2.9465565e-11,1.2267413e-16,1.883335e-15,4.985353e-17
4FGL J1016.0+0512,154.0093,5.2089,fsrq,30.23169,2.2529998,2.247611,0.014720109,1.1082914e-11,596.5995,5.0196384e-12,1.661462e-08,3.658491e-09,6.1831856e-10,1.9094619e-10,5.1451225e-11,3.7700693e-12,1.672123e-12
4FGL J1016.4+7703,154.1099,77.06,bcu,4.640077,1.7645345,1.6753954,0.4335287,3.6385662e-13,13.726203,1.5829944e-09,2.7967596e-16,8.028641e-15,1.4211457e-11,1.4411966e-11,6.5997767e-12,1.1192233e-16,4.2676246e-16
4FGL J1016.5-2650,154.1403,-26.8434,bcu,4.1704006,2.0127099,1.877702,0.20840357,9.423382e-13,8.172892,1.3590708e-10,3.7250683e-14,1.3288353e-12,4.1364606e-11,3.2742396e-11,3.2817202e-12,1.782447e-12,1.3084731e-15
4FGL J1017.2-1549,154.3184,-15.8274,bcu,4.770369,1.780528,1.7102417,0.08452869,8.3323544e-13,12.641249,2.473928e-09,9.184959e-14,2.053509e-11,4.192712e-11,1.7256661e-11,5.4114022e-12,5.526019e-12,8.252458e-16
4FGL J1017.3+5204,154.3484,52.0726,bcu,5.6649127,1.878684,1.5681255,0.3335577,8.3282594e-13,17.184729,2.2742965e-11,7.4449724e-11,8.185452e-11,3.5178634e-11,2.6881216e-11,6.622569e-12,2.5626283e-16,9.745901e-13
4FGL J1017.4+2538,154.365,25.6428,bcu,6.351251,1.4899096,1.339253,0.2006375,8.5765867e-13,19.236122,1.31248e-09,9.333395e-10,8.084021e-13,5.0702684e-12,1.7346027e-11,4.8159007e-12,1.045305e-11,6.1719453e-18
4FGL J1017.8+0715,154.4728,7.2638,bcu,6.506895,2.7223468,2.6923504,0.13168725,2.6592584e-12,28.453215,4.9406906e-10,7.039894e-09,9.400771e-10,1.1970497e-10,1.155251e-11,1.4393747e-15,3.3537118e-16,8.91825e-18
4FGL J1018.1+1905,154.548,19.0963,bll,13.989779,2.0407798,2.034429,0.0047400384,3.331517e-12,30.681223,4.5679482e-09,3.8386387e-09,6.196267e-10,2.3828486e-10,5.2951966e-11,2.2505324e-11,7.1880054e-12,2.2856144e-16
4FGL J1018.3-3124,154.5913,-31.4032,fsrq,32.416737,2.542431,2.4725356,0.10952067,1.2347547e-11,253.59273,1.9353052e-08,1.8539364e-08,5.347849e-09,7.131293e-10,1.192454e-10,1.12026135e-11,3.8197603e-17,1.7086893e-17
4FGL J1018.4+3540,154.6072,35.6802,fsrq,23.088705,2.5441954,2.4566236,0.13039222,6.0836887e-12,166.28802,1.6295907e-08,8.724019e-09,2.6916598e-09,3.8253262e-10,5.739479e-11,2.7602577e-12,3.7015188e-17,5.939298e-15
4FGL J1018.4+0528,154.6172,5.4702,fsrq,10.459204,2.2837303,2.2921884,0.09442437,3.8728088e-12,39.19689,1.688854e-10,8.3287164e-13,1.2942006e-09,2.8333721e-10,6.0439743e-11,1.2197461e-11,1.02214725e-13,8.7545175e-15
4FGL J1018.6+3126,154.6541,31.443,bll,4.3356943,1.6668879,1.5168937,0.18301156,5.951466e-13,9.045235,1.6970531e-11,1.1715427e-10,9.599049e-15,1.174118e-11,1.680387e-11,6.429533e-12,8.016812e-13,1.5504401e-12
4FGL J1018.8+5913,154.7088,59.2301,bll,18.810661,1.996339,1.8457133,0.10308572,2.8031353e-12,27.084112,3.204111e-11,1.8546265e-09,5.375372e-10,2.0217465e-10,8.323315e-11,2.476918e-11,1.4081734e-12,9.889573e-18
4FGL J1018.9+1043,154.74,10.7299,bcu,3.2823362,2.7659526,2.5376122,0.32355532,1.2772082e-12,12.695575,9.3853485e-09,2.481092e-09,4.672262e-10,1.0996843e-10,3.3186253e-12,1.1630627e-18,5.9198336e-15,4.935367e-15
4FGL J1019.7+6321,154.9263,63.3527,bll,26.326113,2.1684206,1.9984992,0.12923811,4.2888193e-12,75.945114,9.4468575e-09,2.8162475e-09,1.2210261e-09,3.987564e-10,1.0849526e-10,2.2435852e-11,2.5310103e-12,1.63162e-15
4FGL J1019.7+0511,154.9418,5.1905,bcu,9.24258,2.0019538,1.879794,0.14800481,2.4900305e-12,25.772993,3.8251475e-11,7.64994e-14,3.8281944e-10,1.1833161e-10,7.082399e-11,2.0492868e-11,3.4876982e-17,1.7746479e-12
4FGL J1020.7-3920,155.1891,-39.3342,bll,7.290015,2.101304,1.958517,0.12945668,2.0195037e-12,11.399516,2.6307616e-09,1.0550563e-09,4.3578008e-10,1.1074352e-10,5.3630506e-11,9.64808e-12,1.5544808e-12,2.1196338e-17
4FGL J1021.1+1626,155.2862,16.4378,bll,6.2900577,1.8582274,1.7072585,0.19520687,1.1758969e-12,8.957537,1.5242702e-09,2.8942543e-14,1.900704e-10,4.960649e-11,3.4836415e-11,5.576254e-12,4.2338698e-12,6.3090245e-13
4FGL J1021.3+3805,155.344,38.0878,bll,4.529096,1.9050511,2.032023,-0.10764961,8.574587e-13,21.99982,8.277904e-12,1.7908225e-09,2.5826874e-10,3.817443e-11,1.7513758e-11,3.2328563e-12,4.4803276e-12,2.4514512e-12
4FGL J1021.4+8021,155.363,80.352,bcu,21.02098,2.395606,2.162893,0.1665233,3.4069113e-12,8.674778,2.3911113e-09,5.525752e-09,1.249136e-09,3.090807e-10,7.931615e-11,1.2527254e-12,1.979885e-12,5.4749973e-17
4FGL J1021.9+5123,155.4937,51.3868,bll,5.2825975,2.085899,1.6700256,0.31880152,8.2775974e-13,15.4859705,3.0112748e-13,8.961507e-10,7.540696e-11,5.0463266e-11,2.7345503e-11,3.781572e-12,2.5214835e-15,1.2700509e-16
4FGL J1022.4-4231,155.6219,-42.5242,bll,12.193177,2.319808,2.309056,0.021163529,4.1893815e-12,10.772348,9.1982755e-10,4.9656252e-09,1.3688208e-09,2.3309454e-10,6.723816e-11,1.5882457e-11,3.1319279e-12,7.2334385e-16
4FGL J1022.7-0112,155.684,-1.2066,bll,24.810518,1.9197354,1.8171449,0.060623724,6.8505245e-12,21.913628,1.9179367e-08,3.705154e-09,1.0278697e-09,4.3058887e-10,1.8094447e-10,5.746942e-11,1.8733704e-11,8.219161e-21
4FGL J1023.1+3949,155.7885,39.8226,fsrq,48.510708,2.418225,2.3111522,0.09441651,1.3253087e-11,1979.7623,3.733491e-08,1.853318e-08,5.1012345e-09,1.0292447e-09,1.3113532e-10,1.8998428e-11,1.685762e-14,5.927753e-17
4FGL J1023.2+2859,155.8193,28.9842,fsrq,7.0722704,2.666243,2.5710568,0.12616125,2.2903131e-12,18.565338,1.2007263e-08,2.9574125e-09,8.438121e-10,1.32277e-10,1.0503036e-11,8.3724705e-13,2.2454984e-16,1.850156e-17
4FGL J1023.8+3002,155.9608,30.0458,bll,8.691513,1.8471087,1.6806469,0.14275277,1.6003077e-12,17.388454,8.744344e-10,9.2071595e-10,1.7584884e-10,7.1117084e-11,3.389183e-11,2.0279224e-11,2.6657795e-12,1.6789933e-12
4FGL J1023.8-4335,155.9725,-43.5951,bll,34.772873,1.8024751,1.6436872,0.09163645,1.0633264e-11,68.65392,1.3790181e-10,2.318098e-09,9.806475e-10,5.888675e-10,2.4821417e-10,1.229911e-10,4.2441203e-11,1.8124036e-15
4FGL J1023.9-3236,155.9964,-32.6034,fsrq,20.477503,2.535763,2.4753754,0.08684691,7.397694e-12,425.5004,2.8174945e-08,1.38320235e-08,2.8740073e-09,4.2341022e-10,8.412824e-11,1.1986018e-11,3.143196e-19,1.0542978e-15
4FGL J1024.8+2332,156.2101,23.5462,bll,14.271237,2.4624174,2.43782,0.03298403,3.937954e-12,22.49466,1.8163007e-08,6.1293615e-09,1.2330283e-09,2.6513067e-10,4.6904747e-11,3.752215e-12,1.3361831e-15,1.343463e-15
4FGL J1026.9+0608,156.7322,6.1431,bll,10.294002,1.7428145,1.6410325,0.088352665,2.0717024e-12,12.1018305,2.6707037e-08,2.0976978e-09,5.247523e-11,1.0667117e-10,3.9013858e-11,2.145346e-11,6.395543e-12,3.873531e-12
4FGL J1026.9-1749,156.7424,-17.8218,bll,37.30838,1.9239581,1.8495989,0.038343657,1.2364341e-11,127.34157,3.6250248e-12,4.822419e-09,1.9810122e-09,7.764127e-10,3.100003e-10,9.27123e-11,3.1061556e-11,3.766015e-12
4FGL J1027.0-8542,156.7645,-85.7163,bll,39.38044,1.859014,1.7119445,0.08354115,1.094485e-11,8.896601,7.398372e-13,4.5982853e-09,1.3005881e-09,6.1498096e-10,3.1094705e-10,9.4013235e-11,4.0728344e-11,2.7473956e-12
4FGL J1027.2+7427,156.8121,74.4524,bcu,22.268194,2.4247122,2.4643595,0.09068005,7.548079e-12,248.77269,1.7174449e-08,1.24597195e-08,2.8256437e-09,5.442653e-10,1.09297e-10,1.1739511e-11,1.1475059e-12,4.0027204e-16
4FGL J1027.6+6317,156.9005,63.2902,bll,23.519194,1.9488701,1.8810321,0.056673426,4.181757e-12,15.435288,3.8837863e-14,1.1844897e-09,8.374337e-10,1.9841374e-10,1.10800334e-10,3.4925805e-11,3.6326601e-12,1.25881e-16
4FGL J1027.6+1828,156.9191,18.4815,bcu,10.812746,2.3767738,2.3401659,0.03444519,3.0275934e-12,9.303172,8.437676e-09,4.5480686e-09,9.670797e-10,1.383014e-10,6.449975e-11,6.921638e-12,1.2927856e-16,2.1919637e-20
4FGL J1027.6+8251,156.9227,82.8611,bcu,11.3984995,2.1669204,2.1082792,0.055252243,2.1730452e-12,26.397982,1.2453917e-08,2.6784848e-09,5.6046695e-10,1.474291e-10,4.279844e-11,7.643097e-12,3.3865927e-12,2.2061238e-17
4FGL J1027.9+0252,156.9852,2.8785,fsrq,4.0614653,2.6555192,2.6557434,-0.0034575628,1.6722501e-12,20.96285,3.924024e-08,6.0631433e-09,4.889642e-10,3.2887377e-11,2.93542e-11,1.6461949e-12,9.7576535e-21,2.0147139e-20
4FGL J1028.3+3108,157.0771,31.1389,bll,8.699216,2.1940038,2.1960196,-0.0019943714,1.7239846e-12,31.261171,3.3016703e-09,1.9685804e-09,3.913895e-10,1.0843101e-10,3.9237724e-11,2.342078e-12,4.577475e-12,1.26282695e-17
4FGL J1028.4-0234,157.1213,-2.5829,fsrq,12.553397,2.6580968,2.6136672,0.082512155,4.7308143e-12,57.44028,1.5393468e-08,7.706361e-09,1.8089973e-09,2.333637e-10,2.6697823e-11,8.336229e-14,1.920693e-21,3.3695784e-21
4FGL J1028.7-6431c,157.182,-64.5306,bcu,6.1885424,2.743237,2.6566105,0.33320332,4.094402e-12,12.951395,2.7067468e-08,1.8989328e-09,2.3411342e-09,2.6313957e-10,2.7535066e-12,1.2482747e-12,1.0396247e-14,1.5313777e-15
4FGL J1030.2-8403,157.5622,-84.0573,bcu,7.415935,2.1399565,2.1158032,0.058178246,1.992274e-12,18.694891,8.1870383e-13,2.3014045e-13,7.1116196e-10,1.2348382e-10,3.503247e-11,1.1094672e-11,2.042502e-12,2.4309242e-17
4FGL J1030.4-3001,157.6078,-30.0265,bcu,5.871564,2.5885932,2.5711753,0.04759333,2.2159323e-12,12.497104,5.2034235e-09,7.816882e-09,6.0717503e-10,1.2490188e-10,2.5564467e-11,1.9543838e-17,2.468305e-22,5.526362e-19
4FGL J1030.6-2028,157.6631,-20.4787,bll,21.419384,1.8310018,1.5659841,0.14830403,5.0639323e-12,24.266329,2.345348e-09,1.2572424e-09,4.3422907e-10,2.383182e-10,1.6099785e-10,6.723553e-11,1.00490154e-11,6.3606012e-15
4FGL J1031.1+7442,157.7925,74.7019,bll,21.144945,2.1755877,2.2117622,-0.052527804,5.851754e-12,35.030712,2.3072638e-10,2.0003457e-09,1.820429e-09,3.788357e-10,8.955875e-11,2.128396e-11,1.2586163e-11,5.332279e-12
4FGL J1031.3+5053,157.8454,50.8839,bll,47.201523,1.7278954,1.6382099,0.04040871,1.19204846e-11,15.916572,1.1473026e-08,9.545076e-10,1.2120236e-09,5.112957e-10,2.767609e-10,1.0196082e-10,6.121431e-11,1.2479135e-11
4FGL J1031.6+6019,157.9091,60.3178,fsrq,20.569586,2.5693166,2.563161,0.05074826,8.6966025e-12,137.27089,1.6063636e-08,1.4961659e-08,2.949706e-09,4.673914e-10,9.465138e-11,9.491296e-12,2.2492415e-16,2.703966e-17
4FGL J1031.8-2609,157.9531,-26.1623,bcu,7.1709957,1.8003497,1.6885796,0.11607045,1.5048347e-12,11.62124,6.1898078e-12,1.9282238e-09,1.4208063e-10,5.892963e-11,3.749317e-11,1.24546744e-11,6.217446e-12,1.8221353e-12
4FGL J1032.3-1358,158.0851,-13.9829,fsrq,4.768374,2.594546,2.56522,0.091926455,1.9058153e-12,30.16641,4.0429418e-10,2.942303e-09,6.5961625e-10,1.000414e-10,2.2840098e-11,6.5780917e-15,3.2787377e-16,2.4967402e-18
4FGL J1032.6+3737,158.1734,37.6234,bll,26.534563,2.124292,2.1298254,-0.0064133424,7.386746e-12,60.915127,2.7969371e-09,1.352692e-09,1.6639764e-09,4.9259374e-10,1.4961839e-10,3.7260105e-11,1.3859708e-11,1.2107121e-12
4FGL J1032.7+6624,158.1829,66.4061,bll,13.582955,2.1808255,2.066003,0.11645905,2.268403e-12,25.304472,3.6939344e-11,2.3725801e-09,4.745592e-10,1.6721065e-10,4.5039382e-11,8.830564e-12,1.033678e-12,1.1574057e-16
4FGL J1033.1+4115,158.2752,41.262,fsrq,38.705544,2.3835366,2.2991216,0.07130845,1.0134562e-11,211.00745,1.0749308e-10,1.128873e-08,3.998713e-09,6.633402e-10,1.6953094e-10,1.4432155e-11,1.0993843e-23,6.0441185e-16
4FGL J1033.5-5035,158.381,-50.586,bll,29.776564,1.8668407,1.6889379,0.102468684,9.5513545e-12,24.447205,1.496527e-08,1.8207956e-09,1.0521103e-09,5.061894e-10,2.9280428e-10,8.162082e-11,3.2619372e-11,3.0707047e-12
4FGL J1033.5+4221,158.3827,42.3507,bll,5.513311,1.7638657,1.466594,0.2651341,8.8966307e-13,17.23379,1.2329876e-08,1.3382182e-09,6.510674e-11,3.152317e-11,1.8227173e-11,1.4213475e-11,1.7050398e-21,2.1730681e-12
4FGL J1033.7+3708,158.4301,37.1412,bcu,17.181955,2.2022994,2.2363367,-0.05372149,4.54737e-12,37.737343,3.267523e-08,1.1305583e-08,1.3273471e-09,2.3941674e-10,7.671346e-11,3.2319963e-11,4.7543137e-12,9.0842e-21
4FGL J1033.9+6050,158.4849,60.8493,FSRQ,100.98823,2.2201529,2.1734643,0.10374679,4.0075374e-11,1596.7616,6.034112e-08,3.077477e-08,1.3472212e-08,3.5337433e-09,7.9852386e-10,1.4238488e-10,1.3310685e-11,6.273652e-13
4FGL J1034.0-2547,158.5094,-25.793,bcu,4.3626213,2.378787,2.1721148,0.14543016,1.4807688e-12,24.23579,1.3263354e-11,2.9794215e-13,5.6451005e-10,6.228534e-11,3.9139705e-11,8.152515e-16,1.9996648e-15,2.0591153e-16
4FGL J1034.7-4645,158.6942,-46.7519,bll,6.0732636,2.1176903,2.1048195,0.0080808075,1.7778309e-12,15.693618,2.3590674e-10,2.13097e-09,2.2673612e-10,1.2506908e-10,2.4720021e-11,1.3514405e-11,3.2553042e-12,4.403752e-19
4FGL J1035.1-0608,158.7775,-6.1406,bcu,4.229194,2.4344835,2.4337516,0.0009050893,1.4134783e-12,15.9978285,2.2782106e-12,7.745674e-10,5.081143e-10,7.782507e-11,1.126003e-11,8.084375e-12,2.1385995e-19,1.2254838e-15
4FGL J1035.3-2050,158.8291,-20.8446,bcu,8.3064995,2.281213,2.2998633,-0.020648016,2.3600269e-12,18.774427,1.1785877e-08,4.820638e-09,4.6428497e-10,1.4061889e-10,4.760114e-11,6.433761e-12,1.6609136e-12,1.3140817e-17
4FGL J1035.3+5541,158.8415,55.6981,bcu,6.822418,2.3232646,2.2321856,0.10783003,1.4116196e-12,16.01064,1.0602258e-09,1.6761502e-09,4.6690396e-10,7.656645e-11,3.1149305e-11,1.7349419e-12,6.096107e-13,2.659291e-16
4FGL J1035.6+4409,158.9225,44.1609,bll,10.783948,2.547415,2.5579307,-0.0207164,2.6103648e-12,7.3393393,4.4567643e-09,4.1535713e-09,9.704251e-10,1.2285004e-10,1.854421e-11,9.583577e-12,3.2478986e-13,3.009364e-18
4FGL J1035.9-3108,158.9872,-31.1461,bcu,4.880871,2.1602151,2.0523744,0.09846937,1.1793076e-12,13.16271,2.1054172e-09,7.596984e-10,2.937443e-10,3.4741543e-11,3.55195e-11,7.369992e-12,3.1607866e-24,3.317591e-20
4FGL J1036.2+2202,159.0528,22.0401,fsrq,25.977158,2.4823632,2.4069004,0.0697089,7.813244e-12,351.38617,1.9521018e-08,1.3943414e-08,2.844659e-09,5.2749405e-10,8.621499e-11,5.2867013e-14,4.016714e-12,1.865856e-17
4FGL J1036.5+1231,159.1479,12.5227,bll,6.8247128,1.9177009,1.6613318,0.26227987,9.266386e-13,7.689857,4.5870694e-09,2.3779315e-11,4.3062155e-11,5.932707e-11,3.9930118e-11,6.9312962e-12,1.862152e-12,3.1305467e-16
4FGL J1036.6-3741,159.1673,-37.6853,fsrq,6.4158964,2.8292677,2.8362277,0.3049081,2.5502643e-12,21.11094,1.2604999e-08,4.4542667e-09,1.2222859e-09,6.392459e-11,4.9113474e-12,7.17795e-15,4.93279e-15,8.1858806e-15
4FGL J1037.0-1954,159.272,-19.9048,bcu,5.2683363,2.0343754,2.1042295,-0.060840722,1.1670908e-12,11.060763,1.4171444e-09,1.16122025e-11,3.2295927e-10,6.881598e-11,1.913659e-11,2.017619e-12,8.643775e-12,1.4281871e-15
4FGL J1037.4-2933,159.3564,-29.5568,fsrq,23.947119,2.3298516,2.3030043,0.04504694,8.828784e-12,158.51024,5.185016e-10,8.9175e-09,2.7727078e-09,5.4848753e-10,1.5801342e-10,1.7640283e-11,5.021038e-12,1.4923666e-12
4FGL J1037.7-2822,159.4274,-28.3816,fsrq,37.874607,2.4513617,2.4168649,0.079160035,1.7696922e-11,395.5353,7.789728e-08,2.825447e-08,6.9571526e-09,1.178456e-09,2.116499e-10,1.621215e-11,4.7714e-12,2.0777806e-16
4FGL J1037.7+5711,159.4292,57.192,bll,79.41844,1.8940142,1.7468411,0.114539996,3.6962208e-11,197.74391,4.893748e-10,8.839154e-09,5.1632343e-09,2.4724236e-09,1.132846e-09,3.6526157e-10,6.243268e-11,1.298481e-11
4FGL J1038.2-2425,159.5588,-24.4239,bcu,8.820789,2.373435,2.3669577,0.004686394,2.8795737e-12,43.344345,1.7341458e-08,4.460149e-09,6.374633e-10,2.1338696e-10,4.777814e-11,6.652646e-12,1.2106258e-16,9.894079e-16
4FGL J1038.5+3926,159.633,39.4384,bll,3.5788853,1.982032,1.939561,0.048737355,6.8515517e-13,19.96663,1.2253958e-10,1.6590176e-12,2.0445338e-10,4.5104292e-11,1.4078007e-11,2.6621693e-12,1.5439339e-12,1.9748363e-16
4FGL J1038.8-5312,159.7129,-53.2069,fsrq,18.603287,2.7222974,2.522204,0.32698992,1.0145141e-11,812.84296,1.9725691e-08,1.0190655e-08,5.314299e-09,6.9923317e-10,3.6195894e-11,1.8119566e-15,1.6441835e-18,3.046062e-16
4FGL J1039.2-2848,159.8214,-28.8084,bcu,5.8710284,2.0671656,2.0513256,0.020507243,1.578223e-12,10.844933,1.2978311e-10,2.3562123e-11,3.7335526e-10,1.123403e-10,2.3177888e-11,9.740728e-12,6.2800477e-12,1.4006687e-18
4FGL J1039.6+0535,159.9102,5.5913,bcu,8.26905,2.0004826,2.0533102,-0.061034348,1.7255769e-12,9.755289,2.2439366e-08,6.3440178e-09,4.6676446e-10,8.3948765e-11,2.5522667e-11,1.102218e-11,6.239659e-12,2.5139522e-12
4FGL J1039.7-1540,159.9289,-15.6697,fsrq,4.0500345,2.7673213,2.7220373,0.118985236,1.9515422e-12,23.006563,5.605979e-13,6.4578143e-09,5.9007027e-10,1.0420799e-10,4.109017e-12,7.893065e-17,3.0787718e-16,2.393901e-18
4FGL J1039.9+7326,159.9978,73.4422,bcu,12.998527,2.202597,2.205729,-0.006111766,3.064646e-12,66.56428,8.503178e-10,3.2096086e-09,1.0302655e-09,1.9140771e-10,3.9406887e-11,1.773778e-11,5.635389e-12,3.9961355e-16
4FGL J1040.5+0947,160.1301,9.7947,bll,4.9709735,1.7579561,1.5453006,0.3325559,7.7303767e-13,8.597359,1.7717734e-09,3.694708e-12,3.5466327e-13,1.753632e-12,2.9371117e-11,1.2505562e-11,1.9276603e-12,3.536837e-15
4FGL J1040.5+0617,160.1495,6.2848,bll,22.740902,2.2976463,2.2683606,0.06618794,1.0616179e-11,172.09645,1.0366055e-09,9.470213e-09,3.3380914e-09,7.5049117e-10,2.2031099e-10,4.3176143e-11,2.9124893e-12,2.6347643e-16
4FGL J1041.0+1342,160.2665,13.7096,bll,9.349051,1.90875,1.7046129,0.13613454,1.9565534e-12,12.493857,2.6013125e-09,1.627759e-09,1.8400079e-10,7.850551e-11,7.1624505e-11,1.0972351e-11,3.8909887e-12,1.7860542e-12
4FGL J1041.1-1201,160.2892,-12.0323,bcu,9.602691,2.0346434,2.0070689,0.02839592,2.2569466e-12,18.616552,1.7169238e-11,1.9135573e-09,3.9612227e-10,1.5425469e-10,5.1936316e-11,7.365804e-12,3.6781364e-12,2.1295609e-12
4FGL J1041.3-6437,160.335,-64.6169,bcu,7.2414775,2.524172,2.4866018,0.1940205,3.7137693e-12,21.03953,1.0663834e-09,7.420629e-09,9.52562e-10,4.24206e-10,4.5213815e-11,3.7541034e-12,1.5648338e-17,1.9405742e-16
4FGL J1041.5+0607,160.3816,6.1257,fsrq,6.3114867,2.7922497,2.8904722,0.10405805,7.1401916e-12,108.85242,7.409095e-10,1.0146666e-08,2.626682e-09,3.3999809e-10,1.4709801e-11,2.8082686e-12,2.6531893e-12,5.9658006e-17
4FGL J1041.7+3902,160.4411,39.0426,bll,9.08866,1.9454181,1.8272339,0.13494752,1.691679e-12,17.623749,9.138999e-09,2.751782e-13,3.4782455e-10,7.9740846e-11,4.2311658e-11,1.3341419e-11,4.8077757e-12,4.9391206e-16
4FGL J1041.9-0557,160.4774,-5.9528,bll,12.057653,1.8494984,1.8713394,-0.01623597,2.648063e-12,10.909791,4.467839e-09,2.9875125e-09,4.512165e-10,1.3699895e-10,4.507617e-11,2.5486512e-11,7.519663e-12,4.675196e-12
4FGL J1042.1-4128,160.5439,-41.4792,bll,12.557535,1.958678,1.776067,0.14377853,2.3923704e-12,11.97706,5.9131717e-09,2.1024755e-13,3.8291126e-10,1.3251117e-10,8.916783e-11,2.4289706e-11,2.9232612e-12,1.1189136e-19
4FGL J1042.9+0054,160.7267,0.9059,bll,8.998832,1.8480119,1.7817923,0.072338596,2.149448e-12,11.164966,8.342391e-09,6.2282624e-16,3.0158798e-10,1.2755401e-10,4.4601423e-11,1.8675658e-11,4.852672e-12,2.5665847e-16
4FGL J1043.2+2408,160.8053,24.146,fsrq,25.388279,2.3442028,2.3361552,0.013136305,8.0151484e-12,89.79636,7.0069563e-09,8.777015e-09,2.690706e-09,5.0858434e-10,1.06234604e-10,2.1438564e-11,5.434434e-12,1.08559084e-16
4FGL J1043.6+0654,160.9008,6.9008,bll,6.0618367,1.9113281,1.7713234,0.112483494,1.3462495e-12,7.7461953,2.1371793e-08,2.5478823e-09,2.8290378e-10,4.8942718e-11,4.1423538e-11,7.246399e-12,3.3443788e-12,6.492283e-16
4FGL J1044.6+8053,161.1638,80.8941,fsrq,27.273808,2.8373265,2.996651,0.15520702,1.2292847e-11,77.32881,4.7506774e-08,2.244783e-08,4.9340256e-09,4.3839418e-10,2.870363e-11,4.2751364e-19,5.615861e-13,9.167518e-17
4FGL J1045.3+2751,161.3406,27.8515,bll,5.939741,1.9997435,2.0121667,-0.016778193,1.1088189e-12,21.960737,1.5433908e-12,1.5889052e-12,4.48738e-10,4.3792123e-11,1.9413285e-11,7.8255345e-12,3.554334e-12,1.6816243e-15
4FGL J1045.8-2928,161.4684,-29.4795,fsrq,11.69434,2.565988,2.5408762,0.05432151,4.496075e-12,180.46927,4.8063e-10,1.078208e-08,1.4127742e-09,2.4799376e-10,5.350021e-11,3.819287e-15,1.19722954e-26,1.6087633e-19
4FGL J1045.9+7538,161.4868,75.6485,bcu,4.1141367,1.9342788,1.8623165,0.09292876,6.1095367e-13,5.7898874,7.923159e-09,1.4401016e-09,3.897045e-14,4.9709493e-11,7.620744e-12,4.975912e-12,3.6099897e-12,2.688292e-16
4FGL J1045.9-2331,161.4973,-23.5291,bcu,5.523157,2.3383384,1.9818127,0.37914973,9.817943e-13,23.930449,5.6050595e-11,7.3288686e-10,2.0759375e-10,1.6757225e-10,1.8211349e-11,2.0588958e-12,2.1738258e-16,2.6587987e-15
4FGL J1046.0+5448,161.5189,54.8143,bcu,7.275987,2.485757,2.5068712,-0.027821764,1.6406415e-12,6.402994,2.2404165e-09,4.017667e-09,5.4670324e-10,8.241987e-11,1.382715e-11,8.024792e-12,2.0501664e-15,2.910495e-16
4FGL J1046.8-2534,161.7027,-25.5749,bll,12.154647,1.729476,1.4214771,0.22820704,2.4018897e-12,16.478188,1.4852674e-09,1.8106633e-11,8.342476e-11,7.78718e-11,6.843898e-11,3.2935446e-11,8.491014e-12,1.2983337e-16
4FGL J1047.2-5517,161.8002,-55.2931,bcu,10.936428,2.6002417,2.528057,0.09061718,8.836252e-12,59.760002,1.6337706e-08,9.830594e-09,2.9919274e-09,5.061868e-10,7.616814e-11,3.6262879e-12,1.5174757e-17,2.0926105e-16
4FGL J1047.4+0031,161.8516,0.5289,bcu,4.5518665,2.1022582,2.1074946,0.24183592,1.2541357e-12,7.984591,1.03292125e-10,3.1649856e-09,4.6610164e-12,8.170714e-11,3.6775572e-11,2.5315691e-12,1.3477946e-12,5.9238883e-18
4FGL J1047.7+7238,161.9388,72.642,bll,16.755781,2.2972405,2.2444472,0.079928,4.700457e-12,99.78597,7.947235e-11,2.2621038e-09,1.3125626e-09,3.2737665e-10,6.8863915e-11,1.4400948e-11,3.1134795e-12,3.2208333e-16
4FGL J1047.8-6216,161.9609,-62.2745,bcu,21.202023,2.4979694,2.4509068,0.09465489,1.617962e-11,116.93907,1.33544855e-08,1.9320611e-08,6.5136825e-09,1.0982902e-09,2.3358043e-10,2.9402175e-11,5.9713017e-16,3.7889345e-17
4FGL J1047.9+0055,161.9846,0.923,bcu,8.951821,2.5926886,2.5882735,0.07563658,4.7475223e-12,174.26785,3.4734403e-11,6.8573294e-09,1.7949081e-09,2.7362337e-10,3.9302703e-11,3.651215e-12,2.612685e-16,2.0466075e-17
4FGL J1047.9-3738,161.9882,-37.6456,bll,10.417295,1.8636556,1.7590348,0.092564546,2.244101e-12,17.4309,3.905214e-09,2.2143205e-09,4.1742765e-10,7.435505e-11,6.59735e-11,1.8479052e-11,3.926954e-12,1.9390487e-12
4FGL J1047.9-4642,161.991,-46.715,bcu,10.295006,2.6858346,2.6554048,0.07736124,5.2692447e-12,65.016914,3.5245332e-08,9.983177e-09,1.8476731e-09,2.380577e-10,3.3878778e-11,2.7448276e-12,2.1320157e-12,4.3402487e-19
4FGL J1048.0-1912,162.0042,-19.212,fsrq,6.003094,2.4735394,2.438023,0.051189438,1.929004e-12,11.306626,1.8109618e-12,2.382276e-09,7.730675e-10,9.804624e-11,1.3367684e-11,8.136323e-12,8.260185e-17,1.6815428e-15
4FGL J1048.4+7143,162.1067,71.7297,FSRQ,190.04185,2.2887928,2.21623,0.08628088,9.72922e-11,12782.341,1.6694001e-07,1.07767185e-07,3.56171e-08,7.585365e-09,1.7126565e-09,2.2581288e-10,2.3882604e-11,4.1878482e-16
4FGL J1048.5-4114,162.1456,-41.2461,fsrq,4.8290486,2.028564,1.9264226,0.1325285,1.1824608e-12,24.571983,7.433519e-13,9.988321e-13,2.5603816e-10,2.8121422e-11,4.2090487e-11,5.3224218e-12,7.6933903e-19,1.524368e-12
4FGL J1049.5+1548,162.3892,15.8086,bll,19.870935,2.2638595,2.2343857,0.0327467,5.709464e-12,18.409828,1.3370568e-08,6.953928e-09,1.5083449e-09,4.2325843e-10,9.5065796e-11,6.782829e-12,6.334828e-12,5.074236e-19
4FGL J1049.7+5011,162.4334,50.1836,bll,12.270943,2.3245184,2.1687787,0.15263532,2.1530943e-12,87.8089,4.918611e-09,2.6268534e-09,8.049598e-10,2.0346183e-10,3.651275e-11,4.410481e-12,1.7994769e-12,7.5430804e-16
4FGL J1049.8+1429,162.4675,14.4835,bcu,37.619003,2.3843806,2.275249,0.13066918,1.19960465e-11,617.61847,2.9463274e-08,1.414943e-08,4.818283e-09,1.0179543e-09,1.5967262e-10,9.288589e-12,6.652599e-18,1.0447011e-21
4FGL J1050.1+0432,162.5464,4.5377,fsrq,19.295551,2.5587053,2.4423478,0.117353484,6.5244793e-12,421.32025,3.0750666e-08,1.1159198e-08,2.4077846e-09,5.034858e-10,3.785206e-11,7.694848e-12,2.249641e-15,6.1756976e-16
4FGL J1050.6+2027,162.664,20.4617,fsrq,4.519159,2.982454,2.96775,0.03530997,2.392005e-12,25.562263,2.4070127e-08,6.710523e-09,7.836219e-10,7.527672e-11,8.468655e-12,3.294674e-16,1.8281942e-17,1.4200094e-15
4FGL J1050.6-5248,162.6699,-52.8102,bcu,7.841529,2.539276,2.5163414,0.033219066,5.7461193e-12,42.84037,3.7246338e-08,1.8966396e-08,1.8757227e-09,2.8481595e-10,6.6059005e-11,7.654536e-12,6.815002e-13,1.9659434e-15
4FGL J1051.2-6517,162.8163,-65.2997,bcu,15.512173,2.253179,2.2041166,0.08507656,6.474723e-12,14.645811,8.6705825e-09,2.281932e-09,2.3243099e-09,5.0890353e-10,1.353824e-10,3.5470318e-11,5.594219e-17,1.6106478e-12
4FGL J1051.4-3139,162.8502,-31.6507,fsrq,7.528797,2.6786284,2.6763618,0.0023608892,3.1633134e-12,29.64476,2.334458e-08,7.54533e-09,1.3108146e-09,7.953941e-11,2.2974815e-11,6.557361e-12,1.6901453e-12,1.2596889e-16
4FGL J1051.4+3942,162.8702,39.7159,bll,11.792448,1.7119576,1.4562058,0.17118752,1.987405e-12,26.42195,4.704611e-10,1.0756007e-13,1.2339169e-12,9.131052e-11,3.463875e-11,2.8614352e-11,9.5296444e-12,1.4586187e-16
4FGL J1051.6+2109,162.913,21.1651,fsrq,6.7770724,2.6423209,2.6020453,0.4184631,1.7266392e-12,57.625885,1.1191363e-08,9.38159e-14,1.1393055e-09,1.2163479e-10,2.043767e-11,2.8121977e-14,1.7950967e-16,8.3987e-16
4FGL J1051.9+0103,162.9886,1.0647,bll,11.142923,1.9998286,1.7160438,0.22500801,1.8372409e-12,18.316906,1.1905119e-08,3.6439501e-10,2.2953099e-10,1.1777954e-10,9.163735e-11,4.540321e-12,6.132189e-12,6.2733616e-16
4FGL J1052.3+0818,163.0817,8.3108,bll,4.9068923,2.36994,2.3586023,0.063300386,1.5333697e-12,21.988052,1.4060267e-09,2.5995766e-09,3.869129e-10,1.2860829e-10,1.2144998e-11,9.700539e-12,5.736651e-17,1.2179837e-12
4FGL J1052.9-3743,163.2357,-37.7234,bll,13.042036,1.9582537,1.8757161,0.08339082,3.205429e-12,18.172771,8.720666e-11,2.5348587e-10,6.3027145e-10,1.830448e-10,5.7198673e-11,3.9628727e-11,2.3628111e-12,4.446936e-17
4FGL J1053.3-1134,163.3303,-11.5726,bcu,4.9631753,2.8666759,2.8412802,-0.07080438,2.3894708e-12,17.103867,4.2033724e-11,7.3507818e-09,7.587296e-10,3.345089e-11,2.6150486e-11,4.488779e-16,1.1253488e-12,1.1636308e-18
4FGL J1053.7+4930,163.4253,49.5081,bll,21.469519,1.9010692,1.8603809,0.033536825,4.3242406e-12,43.154907,2.6180428e-11,8.0804524e-10,7.459429e-10,2.2812068e-10,1.0041787e-10,1.9382789e-11,2.462974e-11,1.3680165e-12
4FGL J1053.9+8628,163.4904,86.4725,bcu,3.6693769,2.074379,2.0860727,-0.011133159,8.5594915e-13,21.13013,3.652487e-11,5.07679e-10,4.308965e-10,2.4097075e-11,2.22977e-12,8.47878e-12,2.5237518e-12,1.5925245e-15
4FGL J1054.2+3926,163.5582,39.4352,bcu,7.96854,2.4973938,2.461039,0.098393284,2.216717e-12,15.684452,1.5974272e-10,3.395279e-09,8.1055934e-10,1.3996722e-10,2.0016981e-11,2.1626344e-14,1.4826727e-12,2.7203509e-16
4FGL J1054.5+2211,163.6279,22.1913,bll,43.42405,2.146986,2.124563,0.022645326,1.3966066e-11,35.491703,6.8622574e-09,1.3396336e-08,3.5793746e-09,9.1246066e-10,2.7168984e-10,7.213509e-11,1.2722015e-11,1.8802865e-12
4FGL J1055.5-0125,163.8895,-1.4321,bll,15.366472,1.8654504,1.7842201,0.07723143,4.024557e-12,19.810175,2.0377768e-12,7.2792894e-10,2.8615368e-10,2.4160807e-10,9.1815826e-11,2.9156996e-11,1.5508733e-11,1.8990736e-12
4FGL J1056.0+0253,164.0027,2.8935,bll,5.3645782,1.4658315,1.3714298,0.10541376,1.0107422e-12,12.11959,7.027621e-12,3.1005678e-13,6.209957e-12,1.3159928e-11,1.7406897e-11,9.88065e-12,5.294449e-12,5.5793755e-12
4FGL J1056.8+7012,164.2076,70.2019,fsrq,27.088892,2.6641715,2.681889,0.18419269,1.07093015e-11,333.21414,3.6472432e-08,1.5256372e-08,4.954549e-09,6.591708e-10,7.6292736e-11,4.9039336e-12,3.642695e-15,2.6369336e-15
4FGL J1057.2+5510,164.3183,55.1804,bll,11.898455,2.0037441,1.9404541,0.037837565,1.890948e-12,29.045223,4.942163e-11,1.9372446e-09,4.571154e-10,5.778084e-11,5.294137e-11,1.8151985e-11,1.2712014e-12,1.1856071e-16
4FGL J1057.3-2341,164.3423,-23.6889,fsrq,13.911331,2.4640317,2.2594297,0.2188616,3.7899727e-12,34.89222,7.4155637e-09,3.3150882e-09,1.5910573e-09,3.8283574e-10,3.9171073e-11,7.898135e-12,6.735694e-17,1.8644207e-15
4FGL J1057.8-2754,164.454,-27.9016,bll,22.48182,1.8555946,1.6981957,0.09037589,5.3123894e-12,40.406727,3.631874e-09,1.1968343e-09,7.044785e-10,2.7526864e-10,1.6064514e-10,4.210623e-11,2.1231655e-11,1.05067244e-16
4FGL J1057.8-0100,164.4635,-1.0054,bll,4.105639,1.8104769,1.7787931,0.053783648,8.392691e-13,6.9417276,1.9842794e-11,3.60747e-09,1.6668452e-12,7.4508004e-11,1.8635577e-11,1.8836978e-12,1.9451903e-12,2.2633226e-12
4FGL J1058.0+4305,164.5181,43.0938,bll,6.630008,2.2522237,2.2479064,0.004067933,1.2826894e-12,31.11705,1.2921775e-08,1.2660817e-14,5.177806e-10,6.979303e-11,1.7359229e-11,7.38317e-12,1.4339355e-12,3.293358e-16
4FGL J1058.4+0133,164.624,1.5641,BLL,102.241646,2.234529,2.2060068,0.03079681,5.815118e-11,672.54767,6.323216e-08,6.2944814e-08,1.82873e-08,4.0707646e-09,1.0316631e-09,2.253596e-10,3.56047e-11,4.675028e-12
4FGL J1058.5+8115,164.6255,81.2547,fsrq,17.039724,2.5140576,2.3498356,0.18405364,3.3836829e-12,156.31006,1.4417595e-08,6.459906e-09,1.4832529e-09,2.8333869e-10,5.7771694e-11,6.3880325e-12,9.968365e-16,1.5391354e-19
4FGL J1058.6+2817,164.6503,28.2866,bll,36.040447,2.0932033,2.0100236,0.051637743,9.527698e-12,564.09644,3.6993173e-09,5.979395e-09,2.494101e-09,7.086759e-10,2.059981e-10,6.2053224e-11,8.240422e-12,2.7750005e-12
4FGL J1058.6-8003,164.66,-80.064,bll,39.804134,2.2650964,2.1081145,0.16197607,1.3051741e-11,648.6948,1.9324873e-09,7.2042576e-09,4.679431e-09,1.2833985e-09,2.874851e-10,2.9342924e-11,1.378433e-12,3.2580663e-15
4FGL J1058.6+5627,164.6652,56.4634,BLL,101.08075,1.9657539,1.8790362,0.04852455,3.0141015e-11,214.7668,1.4460299e-08,1.46175285e-08,5.8658935e-09,2.1045956e-09,7.5169904e-10,2.0324856e-10,7.0237934e-11,3.4939488e-12
4FGL J1059.2-1134,164.8063,-11.572,bll,78.21619,2.1457047,2.0510201,0.06434128,3.0823986e-11,154.63309,4.3648985e-08,2.3617414e-08,8.771053e-09,2.3824311e-09,7.4871e-10,1.2769523e-10,2.8655783e-11,6.10676e-17
4FGL J1059.5+2057,164.8783,20.9524,fsrq,8.160771,2.4781432,2.4595184,0.06645566,2.6731904e-12,29.113016,2.6380008e-11,4.775589e-09,8.0023405e-10,1.6800983e-10,3.315544e-11,1.0262381e-12,2.1815442e-12,1.8819966e-16
4FGL J1100.3+4020,165.0911,40.335,bll,21.20326,1.849686,1.6319766,0.13443695,3.6259572e-12,14.572469,3.5529626e-09,1.8498156e-09,3.7189238e-10,1.9047969e-10,1.1714146e-10,3.9137922e-11,9.579641e-12,3.1156813e-15
4FGL J1101.3+7017,165.3454,70.2975,bcu,9.357112,2.719493,2.7250457,-0.0120736305,4.6399477e-12,37.60477,1.6473904e-11,1.1641074e-08,1.3712885e-09,2.4726465e-10,1.9236324e-11,6.112367e-12,1.2204979e-12,8.552376e-18
4FGL J1101.4+4108,165.3702,41.1454,bll,17.506063,1.8663725,1.7867109,0.06734517,3.305765e-12,18.578024,9.40016e-10,3.424644e-10,4.2004536e-10,1.7888063e-10,7.456429e-11,2.7260047e-11,1.0999258e-11,1.5528453e-12
4FGL J1101.5+3904,165.3781,39.0694,bcu,6.709812,2.7265105,2.7401426,0.11607092,3.5333485e-12,17.525461,3.949689e-11,5.917895e-09,1.2469366e-09,1.5940349e-10,2.2432826e-11,9.779684e-20,4.5001256e-16,2.2586494e-16
4FGL J1101.6-4358,165.4071,-43.9671,fsrq,4.86086,2.6905353,2.712309,0.25570366,2.453667e-12,21.892647,2.3692666e-11,3.824517e-09,1.0708465e-09,1.4425532e-10,1.545263e-11,2.4389592e-14,8.030266e-16,4.459882e-15
4FGL J1102.0-6054,165.5107,-60.9097,bcu,21.023537,2.5363362,2.8555593,0.26568374,3.7107168e-11,7.2921624,5.1436437e-09,2.8362011e-08,1.7028668e-08,3.4790142e-09,3.866737e-10,2.9996106e-11,1.0971344e-11,8.0144875e-14
4FGL J1102.1+2249,165.5471,22.8323,fsrq,6.7508125,2.6848357,2.5581331,0.25577363,1.8975366e-12,12.357045,1.0878975e-11,1.9897743e-09,9.885961e-10,1.0774171e-10,9.040456e-12,1.5532655e-15,1.0399314e-15,7.139533e-16
4FGL J1102.6+5251,165.673,52.8569,fsrq,9.363759,2.4678786,2.3027573,0.33967414,1.3981252e-12,84.56427,7.673881e-09,1.6237508e-09,7.626067e-10,1.3063678e-10,1.7435813e-11,4.770288e-16,1.4951691e-15,2.6823579e-15
4FGL J1102.8-0148,165.7009,-1.8108,bcu,4.9541574,1.4129047,1.4307492,0.23177882,6.6981804e-13,17.426868,1.2002858e-08,1.2048629e-12,9.173171e-17,6.9703065e-13,1.4178279e-11,8.411808e-12,5.2666105e-12,1.1822049e-12
4FGL J1102.9-5628,165.7386,-56.4774,bcu,7.4071455,2.2188454,2.1380575,0.07322216,3.3260916e-12,8.267791,9.0580946e-11,7.1458515e-09,2.1184962e-10,2.6007718e-10,5.0585293e-11,2.0642899e-11,1.0823041e-12,7.622807e-17
4FGL J1102.9+3014,165.7401,30.2439,fsrq,5.410634,2.989149,2.9725544,0.074715614,2.0066962e-12,20.630125,2.2165349e-08,5.7048686e-09,5.368152e-10,8.474732e-11,3.4588177e-12,1.39288774e-14,9.436202e-18,5.450231e-15
4FGL J1103.0+1157,165.7722,11.9654,fsrq,37.857166,2.429387,2.3278878,0.09977896,1.2288812e-11,561.7822,3.18287e-08,1.7401957e-08,5.048518e-09,8.3489365e-10,1.4942289e-10,1.1277325e-11,6.745156e-12,1.5677139e-17
4FGL J1103.2+8603,165.8184,86.0628,bcu,6.5137973,2.394792,2.3866527,0.038993116,2.465523e-12,20.240608,7.782461e-09,7.5636347e-10,7.7887463e-10,1.2743635e-10,3.281017e-11,1.0821701e-11,5.844118e-18,1.0472231e-14
4FGL J1103.6-2329,165.9091,-23.4957,bll,20.787718,1.6992149,1.6535821,0.03940886,5.547724e-12,15.694214,1.12703395e-10,8.1400053e-10,6.172049e-10,1.9759895e-10,1.2101087e-10,4.096599e-11,3.6030283e-11,7.468916e-12
4FGL J1103.9-5357,165.9757,-53.9647,bll,82.22847,2.1519477,2.0033214,0.110101566,4.0808575e-11,894.15564,5.673284e-08,2.6027388e-08,1.1276652e-08,3.5710728e-09,1.083614e-09,1.850671e-10,3.0201192e-11,2.8867316e-17
4FGL J1104.0+2611,166.007,26.1873,bcu,9.171316,1.9954334,1.8315464,0.11427714,1.7127497e-12,8.455202,3.500738e-09,1.4829128e-09,1.5248938e-10,8.290841e-11,5.784274e-11,4.3232713e-12,6.286767e-12,1.1142426e-15
4FGL J1104.0+0020,166.017,0.3352,bll,5.6019115,2.318239,2.2863483,0.034552794,1.787588e-12,13.252012,2.2617243e-08,4.2307954e-10,3.5737602e-10,1.6603031e-10,1.0000632e-11,7.507789e-12,4.432918e-15,3.6813322e-17
4FGL J1104.4+0730,166.1168,7.51,bll,16.022617,2.1653717,2.107511,0.06530932,4.5587466e-12,50.30952,2.009008e-09,3.8610892e-09,1.1338774e-09,2.897361e-10,1.0185835e-10,1.9412043e-11,2.8511698e-12,1.2824849e-17
4FGL J1104.4+3812,166.1187,38.207,BLL,363.7002,1.7846074,1.7406347,0.019651407,4.043508e-10,1694.3506,1.4515726e-07,1.0606084e-07,5.0955585e-08,1.927402e-08,9.071539e-09,3.250314e-09,1.3736864e-09,4.965082e-10
4FGL J1104.9+5748,166.2395,57.8079,bcu,8.708684,2.665754,2.662147,0.0051937927,2.099744e-12,31.010818,4.9596793e-09,1.7720098e-09,9.934996e-10,4.0980743e-11,2.601712e-11,2.9924507e-12,1.9439151e-17,3.7318676e-14
4FGL J1105.7+6037,166.4393,60.6216,fsrq,4.903369,2.4384787,2.295473,0.20368387,9.884421e-13,21.87077,1.0830525e-12,1.4395353e-09,2.963015e-10,7.2969686e-11,8.418011e-12,2.4556856e-12,7.095662e-18,7.0427886e-23
4FGL J1105.8+3944,166.4589,39.7426,bll,5.916804,2.1620383,2.1768072,-0.014534647,1.1067552e-12,24.668924,5.658537e-12,1.6404964e-09,4.1169101e-10,5.379263e-11,1.1398408e-11,1.1756004e-11,2.1888084e-12,2.0030933e-16
4FGL J1105.8-0731,166.4735,-7.5319,bcu,9.197882,2.1839464,2.179342,0.0007654032,2.3779331e-12,9.6111355,1.2658691e-10,3.4196501e-09,5.4970034e-10,1.4024938e-10,4.970895e-11,1.4179385e-11,1.2419542e-17,1.9434265e-12
4FGL J1106.0+2813,166.502,28.2254,fsrq,29.081606,2.3753974,2.2917454,0.07519551,8.001333e-12,143.29106,5.215997e-09,9.585192e-09,2.9655713e-09,5.907014e-10,1.2124597e-10,1.4245503e-11,2.332857e-12,2.179925e-15
4FGL J1106.2-1048,166.5699,-10.8093,bcu,7.6574435,2.227116,2.246314,-0.040804725,2.2320893e-12,21.324083,2.282218e-08,2.717116e-09,6.0531896e-10,1.4642051e-10,3.2647978e-11,1.10126136e-11,2.6956895e-16,1.0956606e-12
4FGL J1106.5-3646,166.6274,-36.7723,bll,24.857346,2.1027246,2.009134,0.073579,6.8906335e-12,71.68099,1.9894763e-12,5.276912e-09,1.7765687e-09,4.856965e-10,2.0487857e-10,2.6698404e-11,7.2260067e-12,1.1422195e-12
4FGL J1107.0-4449,166.7749,-44.8323,fsrq,31.032867,2.662826,2.5891397,0.22443032,1.4656675e-11,262.53894,4.655631e-08,2.5683276e-08,6.671443e-09,8.175844e-10,7.0825096e-11,1.7758228e-12,1.335165e-15,2.801303e-16
4FGL J1107.6+0222,166.9066,2.3684,bll,22.331364,1.9979584,1.9810385,0.011420807,6.5410993e-12,21.356794,1.3249705e-13,6.6639068e-09,1.3665018e-09,2.9210473e-10,1.6629681e-10,6.1865124e-11,1.04014245e-11,9.604108e-16
4FGL J1107.7-3042,166.9327,-30.7153,fsrq,6.043629,2.3694773,2.356423,0.020383758,1.8864365e-12,11.201433,1.7506057e-08,1.2665067e-09,5.9732685e-10,1.264438e-10,1.18203745e-11,1.0818072e-11,1.12043214e-14,1.05103924e-16
4FGL J1107.8+1501,166.9611,15.0276,bll,24.965721,1.9204301,1.7605528,0.087213196,5.541234e-12,9.918084,1.7368834e-11,1.620813e-09,8.324633e-10,3.5321956e-10,1.62165e-10,5.445337e-11,1.4605081e-11,6.557601e-16
4FGL J1108.7-1844,167.1912,-18.7472,bcu,7.1866016,2.3479695,2.379812,-0.051196247,2.450509e-12,11.327748,3.3811496e-09,4.7777697e-09,6.0061084e-10,1.2782381e-10,2.287618e-11,1.587039e-11,1.5904852e-12,2.221105e-16
4FGL J1108.8-6833,167.2242,-68.5646,bcu,5.3497996,2.5417538,2.5315754,0.1613176,2.6655815e-12,9.681352,2.2226202e-15,5.2194653e-09,8.2048723e-10,1.4448558e-10,3.5329607e-11,1.7308165e-15,2.4642904e-16,9.046605e-16
4FGL J1109.3+2411,167.3421,24.1921,bll,17.882582,1.877844,1.842325,0.027984967,3.9157297e-12,10.623692,1.0378941e-08,1.9379567e-09,5.766207e-10,2.1540593e-10,8.854013e-11,2.5923276e-11,1.4638775e-11,1.7311183e-12
4FGL J1109.6+3735,167.4092,37.5868,bll,11.3220415,1.9590954,1.8894739,0.07479238,2.4089344e-12,36.130424,2.042773e-12,2.5601241e-09,1.9337586e-10,1.6802137e-10,5.101169e-11,1.7130788e-11,6.701622e-12,1.0223741e-15
4FGL J1109.7-4814,167.4433,-48.2452,bcu,5.55658,2.534105,2.5639367,0.09838319,2.6859162e-12,25.931353,3.379461e-13,3.152096e-09,1.2550868e-09,9.803228e-11,3.2610584e-11,4.461557e-12,1.827728e-16,2.453988e-16
4FGL J1110.2+7135,167.5623,71.5864,bll,21.775673,1.9112722,1.7759507,0.07753543,3.4409721e-12,22.921093,1.1863585e-13,6.336755e-10,4.6170653e-10,2.2023967e-10,9.8597124e-11,2.2737558e-11,1.1430092e-11,2.1454535e-12
4FGL J1110.5-1836,167.6411,-18.6058,bll,16.916739,1.9787252,1.7236471,0.16562867,3.7709198e-12,45.324394,5.8974965e-12,9.04114e-11,7.105184e-10,2.9753222e-10,1.0785513e-10,4.0998423e-11,6.5057478e-12,2.3428293e-16
4FGL J1111.0+3542,167.7736,35.7156,bll,7.290803,2.0467994,1.8903862,0.18576717,1.3717278e-12,8.020084,1.6278605e-08,1.098147e-09,1.9353065e-10,8.541977e-11,3.7913086e-11,4.5506016e-12,3.7511023e-12,1.7203997e-18
4FGL J1111.4-4624,167.8557,-46.4119,bcu,4.6622734,2.6213453,2.6544142,0.22658339,2.5475971e-12,12.894093,1.0096116e-08,7.652008e-09,8.154691e-10,1.2684397e-10,2.3614865e-11,5.20967e-13,2.686648e-14,1.200988e-15
4FGL J1111.5+3455,167.8794,34.9289,bll,4.17192,1.8466233,1.8479841,-0.009699486,1.0082153e-12,16.913298,3.399661e-10,6.1903165e-12,1.4588596e-10,6.17038e-11,2.3964095e-11,6.4543596e-12,1.4638966e-12,1.2923729e-12
4FGL J1111.8+4858,167.9695,48.9798,bcu,5.344459,1.8217694,1.7485408,0.057623666,7.1700805e-13,23.98785,8.427781e-12,3.0001382e-10,1.3424789e-10,1.6333188e-11,1.6533372e-11,8.854828e-12,1.36958e-12,2.6643353e-16
4FGL J1112.0+2607,168.0122,26.1284,bll,5.097279,2.0893269,1.9945781,0.13615179,1.0046241e-12,15.171227,1.1753305e-10,2.9225036e-09,8.7515704e-13,1.0366274e-10,1.6242436e-11,3.687609e-12,2.3678707e-12,4.3855067e-15
4FGL J1112.4+1751,168.1132,17.8509,bll,9.205329,1.9285591,1.9690493,-0.037885465,1.689274e-12,11.029024,8.493014e-11,1.8292621e-09,3.7848205e-10,8.113159e-11,2.975036e-11,1.1861515e-11,1.2000312e-11,4.150039e-15
4FGL J1112.5+3448,168.1469,34.8022,fsrq,16.786146,2.5485308,2.414571,0.12878308,9.063953e-12,198.55687,2.177309e-08,1.4819288e-08,3.847389e-09,5.8760286e-10,7.403277e-11,5.9248444e-12,1.0323128e-15,6.096517e-14
4FGL J1113.6-1920,168.4048,-19.3359,bcu,6.0282226,2.3575628,2.0589674,0.18862665,1.9731456e-12,33.687363,3.418173e-11,2.2964457e-09,3.3136077e-10,1.3791765e-10,4.654884e-11,9.129646e-15,2.6836847e-16,1.7939261e-20
4FGL J1113.8+1528,168.4575,15.4807,bll,9.798531,2.3724046,2.4147341,-0.050832845,2.5863287e-12,8.021167,1.3119921e-12,5.838971e-09,5.577453e-10,1.4225594e-10,5.0669104e-11,7.599637e-12,1.8053862e-12,1.2057783e-16
4FGL J1113.9+5523,168.4913,55.3964,bll,16.482134,2.07157,2.0006642,0.070451096,2.8757556e-12,20.35952,9.558628e-09,2.061965e-09,6.446913e-10,1.5108038e-10,7.746118e-11,2.05518e-11,5.8756616e-16,1.3861623e-16
4FGL J1114.5-0819,168.6421,-8.3224,fsrq,12.214988,2.8227403,2.8088531,0.12299874,5.415774e-12,38.299767,8.0267615e-09,1.2145933e-08,2.0435815e-09,2.1922644e-10,1.3276568e-11,6.2057043e-16,1.3673059e-16,7.352607e-15
4FGL J1114.7-0248,168.6943,-2.8019,fsrq,6.290845,2.8456764,2.824306,0.06331429,3.0713537e-12,17.517164,1.6876648e-08,9.101796e-09,8.406496e-10,1.3746203e-10,1.4455381e-11,9.546412e-15,1.1739455e-12,1.1306766e-16
4FGL J1115.2-0703,168.8065,-7.0608,bcu,13.662539,2.265957,2.2588956,0.0055817747,4.1319097e-12,25.534859,4.1073558e-11,6.296705e-09,1.1769795e-09,2.5432176e-10,7.2249894e-11,1.5918865e-11,5.674543e-12,3.4564585e-16
4FGL J1116.3-4000,169.0942,-40.0046,bcu,6.282374,1.965743,1.9253391,0.121465944,1.5959542e-12,19.273361,3.1065737e-09,3.2917828e-14,1.1979308e-10,1.05168305e-10,4.393763e-11,8.579038e-12,4.029943e-12,3.7674093e-16
4FGL J1117.0+2013,169.2708,20.2294,bll,49.458336,1.9045134,1.8792394,0.019912375,1.6081156e-11,167.34015,9.110095e-09,9.0636245e-09,2.582722e-09,8.468217e-10,4.0057585e-10,1.1486356e-10,3.7801234e-11,1.39639645e-11
4FGL J1117.2+0008,169.3012,0.1435,bll,9.942618,1.6980373,1.5259687,0.15062627,2.2099148e-12,14.94078,2.0832192e-12,3.8996996e-13,2.1726518e-11,6.6838014e-11,6.3137294e-11,9.211771e-12,1.7055206e-11,1.8536208e-12
4FGL J1117.2-5337,169.3179,-53.6266,bcu,26.175304,2.0232089,1.8584098,0.1027904,7.624393e-12,12.518235,5.902456e-12,6.552055e-09,1.3657516e-09,5.1353705e-10,2.4600352e-10,6.682726e-11,2.2989423e-12,8.981059e-16
4FGL J1117.5-4839,169.3881,-48.6638,bcu,1.5871462,2.4,2.1978724,0.28784522,8.305141e-13,43.628384,2.585956e-12,4.1166645e-10,3.0595992e-10,9.040606e-11,2.6345237e-12,4.657421e-13,3.5122236e-15,2.6180005e-17
4FGL J1117.6+2550,169.407,25.8463,bll,15.104761,2.0905967,2.018034,0.073211245,3.4098716e-12,19.646553,6.2618986e-09,2.13951e-09,6.9926753e-10,2.5552183e-10,7.395064e-11,1.13403635e-11,1.9323473e-12,1.664474e-12
4FGL J1117.6+0217,169.408,2.295,bcu,6.113657,2.4052954,2.3764274,0.029455721,1.9928518e-12,19.677273,1.9658861e-09,2.4569244e-09,6.417291e-10,1.00042065e-10,4.0580473e-11,2.899618e-12,5.1229797e-16,3.0493328e-20
4FGL J1117.7-3650,169.4377,-36.8349,bcu,7.6002398,2.0707333,1.9751667,0.08046692,2.1236515e-12,14.122037,3.53021e-10,1.7499825e-09,1.3962395e-10,1.5805576e-10,5.7907956e-11,8.498405e-13,5.0651766e-12,1.2650791e-15
4FGL J1118.0-1620,169.5012,-16.3439,bcu,5.171094,2.8792074,2.7188034,0.3333494,2.258516e-12,20.812496,5.5055114e-12,4.7213233e-09,1.0213903e-09,8.3395346e-11,2.5151029e-14,1.02402116e-13,1.1656303e-14,4.4830345e-15
4FGL J1118.0+5356,169.509,53.9365,bll,38.53476,1.8720986,1.7312284,0.083464235,7.4485374e-12,34.267086,8.226556e-12,1.0069002e-09,1.2117558e-09,4.4377813e-10,2.2256898e-10,5.3477032e-11,2.5396263e-11,1.3006739e-12
4FGL J1118.2-4634,169.5579,-46.5795,fsrq,9.802293,2.5103586,2.704505,0.26728758,3.5818156e-12,55.083893,1.6566375e-10,2.9318799e-09,1.9351003e-09,2.1601575e-10,3.867059e-11,5.174732e-12,2.3946398e-12,3.928281e-18
4FGL J1118.6-1235,169.6533,-12.5962,fsrq,12.755002,2.7693763,2.745767,0.053871557,5.9600038e-12,30.00804,5.506048e-13,1.5873933e-08,2.0829931e-09,2.3695615e-10,1.9780904e-11,6.6059072e-12,6.98393e-15,7.0103803e-16
4FGL J1119.0+1235,169.7655,12.5866,fsrq,19.002056,2.5836062,2.5000448,0.14349724,6.3077633e-12,60.633392,2.150015e-08,9.105214e-09,2.6411926e-09,4.362702e-10,3.9089905e-11,3.0267736e-14,2.4246132e-15,7.357079e-15
4FGL J1119.6-3047,169.9245,-30.7962,bll,6.62637,1.9160689,1.9437304,-0.039735455,1.2684746e-12,16.61106,3.2440974e-13,9.086594e-13,4.8851984e-10,1.788863e-11,2.1635825e-11,8.799918e-12,8.542699e-12,2.5894585e-15
4FGL J1120.6+0713,170.1542,7.2245,bcu,27.621801,2.0706637,1.6985506,0.49471796,5.280905e-12,19.68273,1.4560122e-13,3.1820133e-13,1.1383374e-09,7.7364926e-10,2.2874991e-10,3.704471e-12,1.6791695e-12,4.3613423e-19
4FGL J1120.8+4212,170.2006,42.2039,bll,59.176388,1.6410971,1.5155357,0.05703201,1.819703e-11,26.071436,1.2454187e-08,1.7158265e-09,1.2194982e-09,6.7574374e-10,3.5416456e-10,2.1197871e-10,1.038486e-10,1.6882336e-11
4FGL J1121.3-0011,170.3496,-0.1836,bcu,6.495793,1.918265,1.7323594,0.13162504,1.5681678e-12,14.404014,9.699182e-13,1.1045989e-12,2.5174185e-10,9.453188e-11,3.713899e-11,1.3009727e-11,2.22706e-12,2.1326304e-16
4FGL J1121.4-0553,170.3641,-5.8997,fsrq,42.452316,2.4237888,2.3180952,0.14462069,1.553635e-11,510.4657,5.3998917e-08,1.8958746e-08,6.4516867e-09,1.2626399e-09,2.0985891e-10,7.96777e-12,1.6165239e-12,6.686807e-16
4FGL J1123.1-3233,170.7977,-32.5641,bll,6.377904,2.0697396,2.0563176,0.017499587,1.4218648e-12,16.342464,1.5074228e-11,1.8838967e-12,5.169918e-10,3.730047e-11,3.117953e-11,1.08685266e-11,3.5484777e-12,1.815813e-14
4FGL J1123.4-2529,170.8683,-25.488,fsrq,9.2556305,2.20442,1.9786564,0.22053829,1.7612268e-12,41.839443,2.8303162e-11,1.3953863e-15,5.3493704e-10,1.8999045e-10,5.0311477e-11,9.63733e-12,8.8536926e-17,5.2899675e-16
4FGL J1123.5-6418,170.8892,-64.3109,bcu,6.2480264,2.5216374,2.4498882,0.25254953,4.3061887e-12,73.22657,2.498054e-08,4.944531e-09,1.3054925e-09,4.6087803e-10,6.6787825e-11,4.6525553e-12,1.4977547e-12,4.7505657e-18
4FGL J1123.6+8028,170.9118,80.467,bcu,10.957293,2.3214774,2.1538167,0.17200969,1.6906217e-12,18.061378,6.5264943e-10,3.0818264e-14,6.615501e-10,1.3983109e-10,5.563024e-11,1.3392721e-12,1.6545958e-17,1.6437889e-16
4FGL J1123.8+7230,170.9588,72.5134,bll,8.485742,1.6464045,1.4625977,0.15494776,1.0631859e-12,6.6759443,1.3909527e-09,1.5782774e-10,1.5725386e-15,3.835968e-11,2.6391894e-11,1.1540357e-11,3.0198903e-12,2.233259e-12
4FGL J1124.0+2336,171.0045,23.6159,fsrq,16.303097,2.3993423,2.404237,0.026312148,5.499538e-12,18.163046,1.2197486e-09,4.3375756e-09,1.9750155e-09,3.140003e-10,7.3276676e-11,1.5762619e-11,1.7943961e-12,9.132353e-21
4FGL J1124.0+2045,171.0243,20.7554,bll,9.317219,1.9961475,1.9248848,0.0663046,1.877237e-12,11.91539,5.2091487e-12,1.2383461e-09,3.5546258e-10,1.16308844e-10,4.293663e-11,1.3396056e-11,1.8804056e-12,2.0702657e-16
4FGL J1124.4+2308,171.102,23.137,bcu,7.2010303,2.218285,2.2039487,0.031012176,1.6521522e-12,11.908048,2.2919368e-08,4.850065e-09,5.2531235e-10,7.619699e-11,3.4760573e-11,1.0118021e-11,3.8355642e-16,4.9000073e-20
4FGL J1124.6-0809,171.1625,-8.157,bcu,6.5305657,2.0964546,2.161378,-0.052902326,1.8795848e-12,11.490476,4.2248952e-10,5.1458304e-09,5.3643323e-10,8.241601e-11,4.2512743e-11,1.0644431e-11,3.680913e-12,2.3774379e-15
4FGL J1124.9+2143,171.2425,21.7309,bll,7.2478166,2.1281414,2.1043544,0.026223082,1.5383256e-12,10.314838,5.8452e-12,5.204742e-10,4.0115467e-10,8.669902e-11,3.5114016e-11,5.8777753e-12,4.4310857e-12,4.894796e-16
4FGL J1124.9+4934,171.2428,49.5674,bll,26.583076,1.7879386,1.5805253,0.13241401,4.643881e-12,37.127796,1.892204e-14,2.9157295e-11,4.778135e-10,2.5103575e-10,1.3180751e-10,5.6398275e-11,1.3355648e-11,1.4272284e-15
4FGL J1125.0-5804,171.2543,-58.0822,bcu,12.559536,1.7571664,1.456657,0.35013613,3.3203397e-12,14.978628,1.5337974e-08,2.5788647e-15,9.910331e-14,2.5340147e-11,8.948961e-11,5.3120876e-11,9.87197e-12,6.4397695e-13
4FGL J1125.1-2101,171.2884,-21.0274,bll,18.734795,1.9317272,1.721681,0.13160354,4.495754e-12,22.13652,3.728277e-09,1.1918962e-11,4.7329024e-10,3.6311007e-10,1.3798286e-10,2.6400654e-11,1.5526488e-11,1.6081994e-17
4FGL J1125.5-3557,171.3929,-35.9581,bll,16.754007,2.089544,2.1067493,-0.018397152,4.94126e-12,62.517376,4.395942e-09,7.124108e-09,1.0776835e-09,3.1857725e-10,8.6420135e-11,3.206293e-11,7.482075e-12,3.4992502e-12
4FGL J1125.9-0742,171.4853,-7.7151,bll,18.131557,1.9331036,1.8717557,0.04531141,5.0148137e-12,63.078693,1.7125906e-09,3.1263252e-12,8.273898e-10,2.9974503e-10,1.0671675e-10,3.308455e-11,2.0248955e-11,5.125733e-18
4FGL J1125.9+2005,171.4912,20.0912,fsrq,20.578156,2.223818,2.1580336,0.08131756,5.1141222e-12,95.473694,7.598999e-13,3.0584828e-09,1.8649986e-09,3.8577794e-10,1.0707115e-10,2.176348e-11,8.727903e-19,9.272813e-16
4FGL J1126.8-3829,171.7152,-38.4959,bcu,21.414045,2.2500854,2.148554,0.09912659,5.9505244e-12,32.189598,8.559314e-15,4.5980406e-09,2.0331596e-09,4.76157e-10,1.3494955e-10,2.406101e-11,1.405691e-16,1.053048e-16
4FGL J1127.0-1857,171.7634,-18.964,fsrq,106.328865,2.2158754,2.1135643,0.07761716,4.9574036e-11,5572.3354,6.873162e-08,4.6280082e-08,1.6802694e-08,4.0114374e-09,9.193577e-10,1.6438192e-10,1.8343237e-11,1.8224324e-12
4FGL J1127.3+3755,171.8378,37.9236,bcu,6.655941,2.4340017,2.3867543,0.08603271,2.8701906e-12,12.539663,8.642005e-10,5.3762967e-09,9.1205254e-10,2.0037837e-10,3.9147543e-11,1.9058394e-12,7.041872e-15,1.7163571e-17
4FGL J1127.4+5648,171.8648,56.8032,fsrq,19.6403,2.6091597,2.5146656,0.13226037,4.2276282e-12,102.73209,1.4061359e-09,8.66991e-09,1.721913e-09,2.4790023e-10,3.545907e-11,1.4071695e-12,5.0194834e-16,1.4983222e-15
4FGL J1127.6-4920,171.9007,-49.3389,bcu,9.851265,2.3886235,2.3960013,0.05142614,4.096624e-12,15.409727,2.3132501e-11,4.741114e-10,1.741411e-09,2.0458782e-10,5.226287e-11,4.972429e-12,4.346657e-12,8.8926515e-17
4FGL J1127.8+3618,171.9639,36.314,fsrq,36.4066,2.3564608,2.3066695,0.046480224,1.1695421e-11,231.46623,1.0292011e-10,1.5940854e-08,3.9105803e-09,8.0761864e-10,2.0716698e-10,2.9225317e-11,3.6760606e-13,8.2505896e-20
4FGL J1128.0+5924,172.0034,59.4015,fsrq,35.778862,2.3602366,2.2645078,0.09920352,7.6698144e-12,321.89874,2.2649678e-08,9.886027e-09,2.6486573e-09,6.5096334e-10,1.2890847e-10,9.820547e-12,1.3395732e-12,3.207459e-16
4FGL J1128.8+3757,172.2042,37.9657,bll,11.250992,2.2133732,2.0599623,0.21657927,2.4283015e-12,21.00117,8.2097324e-09,1.1159569e-09,3.208196e-10,2.4286342e-10,9.183179e-11,9.125976e-12,2.5779513e-12,1.0663821e-17
4FGL J1129.1+3703,172.2959,37.0644,bll,14.333831,2.2003546,2.144275,0.053839516,3.5672882e-12,54.169487,5.629121e-08,2.772433e-09,1.1015034e-09,2.1056766e-10,7.6352535e-11,1.2462539e-11,3.2993324e-12,2.7278306e-17
4FGL J1129.2-1014,172.3013,-10.2491,bcu,5.101572,2.2183862,2.301959,-0.048024766,1.3559414e-12,21.198547,1.0178772e-08,1.8561793e-09,2.5155845e-12,8.5430135e-11,3.5291478e-11,6.332578e-12,9.491034e-17,1.07084314e-16
4FGL J1129.2-0529,172.3115,-5.4874,bcu,17.947107,2.5243282,2.5017786,0.10613252,7.340912e-12,74.20781,1.0507596e-09,1.7568025e-08,2.6466171e-09,5.3096516e-10,8.1489544e-11,3.140949e-12,2.942243e-14,5.825836e-16
4FGL J1129.5+3034,172.3804,30.5789,bcu,8.666467,2.4235582,2.3881848,0.053579416,2.2066758e-12,24.502296,1.9890043e-08,3.200615e-09,7.129267e-10,1.270039e-10,3.697026e-11,2.0897273e-12,3.7107984e-18,9.626085e-13
4FGL J1129.8-1447,172.4652,-14.796,fsrq,37.265625,2.5972314,2.5904255,0.12245343,2.1868365e-11,1884.423,3.2579987e-08,3.6121673e-08,9.222568e-09,1.2248771e-09,1.4580509e-10,8.329875e-12,4.6359803e-15,2.3231274e-16
4FGL J1129.8-4217,172.4684,-42.2881,bll,11.47135,2.3327754,2.1035516,0.45047265,2.1943367e-12,24.422712,1.7452757e-10,1.9021664e-12,7.61229e-10,3.2971553e-10,5.159185e-11,6.2526126e-17,1.4776447e-17,7.0832584e-23
4FGL J1130.5-7801,172.6251,-78.0232,bll,23.079342,1.7087038,1.4526974,0.15289243,5.8066147e-12,23.535501,4.539549e-09,5.0149196e-10,7.261412e-14,1.9090828e-10,1.5009298e-10,6.930641e-11,2.4107999e-11,8.228733e-12
4FGL J1130.5-3137,172.6499,-31.6219,bll,6.5521092,1.5736481,1.5857275,-0.011697461,9.621495e-13,13.226001,8.125559e-09,7.2527007e-10,4.4436163e-11,4.20301e-11,1.30146215e-11,1.08468816e-11,6.0932973e-12,1.683534e-12
4FGL J1130.8+1016,172.7192,10.2728,bll,8.884717,2.7352695,2.6965287,0.07718945,3.4471527e-12,12.341608,1.8669489e-08,7.835194e-09,1.1847768e-09,1.5677003e-10,1.5157512e-11,8.3590226e-15,5.3103623e-23,1.0625794e-22
4FGL J1131.0+3815,172.7545,38.2565,fsrq,43.45363,2.4813085,2.3965073,0.13373888,1.9395211e-11,628.3567,1.5150644e-09,2.713985e-08,8.345323e-09,1.3422755e-09,2.1281672e-10,1.4756637e-11,3.8416515e-16,7.804411e-19
4FGL J1131.1-0944,172.7912,-9.7355,bcu,10.022018,2.064327,2.1280694,-0.062207483,2.3737084e-12,17.675207,3.1306948e-13,3.6139158e-09,5.721438e-10,1.2678276e-10,4.4692715e-11,2.0184668e-11,4.724961e-12,1.9406633e-12
4FGL J1131.4+5809,172.8555,58.151,bll,16.481068,2.1690695,2.1474812,0.019383337,3.1385632e-12,20.876263,5.0972046e-11,2.1525852e-12,9.514777e-10,1.7130017e-10,6.9106915e-11,1.609441e-11,2.4356211e-12,4.889193e-16
4FGL J1131.4-0504,172.8749,-5.073,bcu,10.630883,2.4529436,2.3697278,0.25018394,3.1989266e-12,34.441704,1.44414365e-08,9.432564e-15,1.6712551e-09,3.0828975e-10,5.12679e-11,9.424473e-13,3.738516e-12,4.6907594e-16
4FGL J1132.2-4736,173.0557,-47.613,bcu,13.69999,2.0993955,2.123339,-0.0346111,4.26619e-12,22.289146,6.2503683e-12,6.232214e-09,1.0926985e-09,2.335598e-10,9.083166e-11,2.0445952e-11,5.8880383e-12,4.345644e-12
4FGL J1132.3-5606,173.0826,-56.1139,bcu,4.672969,2.4005988,2.2899234,0.15258303,2.4409064e-12,12.117731,1.509759e-11,2.7587163e-10,5.8525673e-10,1.69296e-10,4.484705e-11,1.6020173e-12,3.1956614e-17,1.7500515e-16
4FGL J1132.7+0034,173.1961,0.5737,bll,62.926144,2.1247282,2.060351,0.040493235,2.3347052e-11,25.761246,2.5373431e-08,2.0037929e-08,6.1402963e-09,1.7343085e-09,5.0042187e-10,1.2460417e-10,1.5286432e-11,2.252183e-12
4FGL J1132.8-5328,173.2227,-53.4682,bcu,5.745455,2.5980964,2.5969396,0.031131394,3.1343509e-12,35.917244,5.4134435e-09,5.3976534e-09,9.49618e-10,1.7935968e-10,4.4119083e-12,6.8872148e-12,1.7945051e-12,3.864738e-17
4FGL J1133.8-2048,173.451,-20.811,bll,8.539312,1.8781209,1.5410987,0.3422741,1.4675777e-12,17.824095,5.386022e-12,2.4298537e-13,1.3888721e-10,6.148597e-11,7.970533e-11,1.0771745e-11,3.0053755e-12,1.2712689e-17
4FGL J1134.7+6612,173.6776,66.2107,bll,6.131091,2.4604895,2.2517622,0.20881784,1.1919144e-12,15.564826,6.0940613e-09,1.5491779e-09,3.8606862e-10,8.018576e-11,1.482926e-11,1.6077699e-12,1.1483574e-16,4.2787846e-16
4FGL J1134.8-1729,173.7141,-17.4981,bll,6.758034,1.6783233,1.5611422,0.16294293,1.3362099e-12,13.173631,7.154255e-11,1.5144819e-14,2.1860872e-12,7.5234145e-11,2.1703698e-11,1.6077993e-11,6.070678e-12,4.9413613e-17
4FGL J1135.1+3014,173.7884,30.2344,bll,12.437306,2.2666984,2.231096,0.040758505,2.9275805e-12,41.69466,1.9064295e-09,2.88024e-09,7.888819e-10,1.9149521e-10,4.932274e-11,1.9617412e-11,1.6967013e-18,2.3696103e-19
4FGL J1135.7-0427,173.9425,-4.4634,fsrq,6.0593762,2.6962698,2.562394,0.17561284,3.419169e-12,51.94552,3.4213618e-10,6.9204478e-09,1.0877111e-09,1.7124555e-10,1.8662308e-11,3.269489e-12,3.441464e-18,9.238481e-16
4FGL J1136.0-6824,174.0207,-68.4113,bcu,11.629091,2.450986,2.4448872,0.06409063,6.355526e-12,17.689854,2.5898504e-11,4.8698383e-09,2.4707043e-09,3.4971806e-10,6.340713e-11,2.231165e-11,6.9953725e-17,2.725741e-20
4FGL J1136.2+3407,174.075,34.129,fsrq,25.193707,2.5805871,2.5046308,0.06809639,7.338294e-12,304.57874,2.0744654e-08,1.3230492e-08,2.6921176e-09,4.4469997e-10,6.8533804e-11,5.2538082e-12,7.3555775e-16,4.413634e-18
4FGL J1136.3-0501,174.0776,-5.0295,bcu,7.259237,2.5887418,2.5562515,0.25322688,2.6725545e-12,8.178028,8.577983e-09,3.6341667e-09,1.3374135e-09,1.900662e-10,2.3463342e-11,1.0422413e-14,1.4922082e-12,8.431124e-16
4FGL J1136.4+6736,174.1179,67.6127,bll,30.157938,1.7747157,1.7290864,0.037725866,5.468106e-12,33.38288,8.893513e-12,7.3672224e-10,7.78573e-10,2.2479334e-10,1.2468834e-10,4.7794695e-11,1.8709577e-11,4.5171132e-12
4FGL J1136.4+7009,174.1219,70.1537,bll,53.82692,1.8276782,1.7993857,0.022324018,1.2512349e-11,60.812073,8.217519e-09,4.6043978e-09,1.6738712e-09,6.49953e-10,2.7500327e-10,8.986388e-11,4.4180333e-11,1.3535411e-11
4FGL J1136.8+2550,174.2171,25.8463,bll,10.744107,1.9449954,1.9637021,-0.02048803,2.139531e-12,28.056683,5.5244684e-09,8.912377e-10,2.9683625e-10,1.444869e-10,3.9187806e-11,1.1635499e-11,8.176127e-12,3.21435e-12
4FGL J1136.8-7413,174.2186,-74.2323,bcu,22.367035,2.391138,2.3236017,0.1545036,8.914782e-12,17.816582,1.616225e-13,1.0226845e-08,3.4976504e-09,7.556499e-10,1.3886182e-10,9.066806e-12,3.1007076e-12,1.7173543e-23
4FGL J1137.9-1708,174.4849,-17.1495,bll,14.67338,1.6864375,1.3570496,0.2929042,2.6783532e-12,19.827288,5.0813225e-11,9.335698e-11,8.602055e-12,8.1489e-11,8.8041636e-11,3.164371e-11,1.0900752e-11,9.4512665e-15
4FGL J1138.2+4115,174.5711,41.2562,bll,7.759013,2.1126769,2.1632538,-0.06608778,1.6823685e-12,17.86427,2.107093e-10,1.2057593e-09,6.0068783e-10,1.0006961e-10,2.6060602e-11,8.83404e-12,2.9273682e-12,2.5150671e-12
4FGL J1138.4+4857,174.6045,48.9623,fsrq,11.055208,2.586464,2.4800088,0.12922692,2.7112063e-12,47.979786,5.8083813e-09,6.0953096e-09,6.465507e-10,2.1532033e-10,1.9403404e-11,1.7821838e-15,4.6829735e-17,2.548178e-16
4FGL J1139.0+4033,174.7637,40.5617,bcu,10.422859,2.7050517,2.6931593,0.1380956,3.656339e-12,63.67243,4.588134e-08,5.428208e-09,1.4840741e-09,1.9210392e-10,2.411355e-11,1.7130243e-12,1.6887066e-16,1.218257e-14
4FGL J1139.0+5530,174.7715,55.5088,bll,5.6001835,1.5570718,1.4396157,0.17572357,5.828034e-13,17.638529,3.6299186e-11,1.0767966e-10,9.431061e-15,6.2834807e-12,1.42368044e-11,8.209434e-12,2.1696e-12,1.2620122e-12
4FGL J1139.6+1149,174.9131,11.8182,bcu,4.462909,2.7790833,2.754574,0.13765526,1.869313e-12,12.074066,1.28752676e-14,4.5630757e-09,6.991188e-10,4.740586e-11,2.0102517e-11,2.5017224e-16,2.0037623e-14,4.1946056e-18
4FGL J1140.5+1528,175.129,15.4824,bll,8.426868,1.729394,1.6374221,0.09971568,1.6340807e-12,17.873564,1.9154028e-08,1.4444726e-12,1.4438764e-10,7.386147e-11,2.5613326e-11,2.0586553e-11,4.2656967e-12,3.67001e-12
4FGL J1141.4+6805,175.3583,68.0984,bcu,15.349582,1.7660799,1.4936715,0.21647857,2.041938e-12,14.823295,3.062263e-10,2.0857047e-11,5.941312e-11,1.1912432e-10,6.667642e-11,1.7142014e-11,7.995336e-12,1.6281845e-18
4FGL J1141.5-1408,175.3866,-14.1457,bll,10.650318,1.9578433,1.8982021,0.061079603,2.7720983e-12,24.955315,1.082014e-08,7.883655e-11,5.691931e-10,1.5386642e-10,6.181879e-11,2.0686368e-11,5.2993426e-12,1.660963e-12
4FGL J1142.0+1548,175.502,15.8,bll,20.880785,2.2760997,2.2654665,0.019485917,8.308175e-12,19.84655,2.9893466e-11,9.896087e-09,2.5111024e-09,5.3026883e-10,1.4093103e-10,2.9763948e-11,4.703596e-12,5.21296e-17
4FGL J1143.1+6122,175.7881,61.3801,bll,22.595457,2.1340926,1.9180733,0.16424675,3.4319726e-12,99.58169,3.1269626e-10,1.3721972e-09,9.220901e-10,3.198649e-10,1.10723104e-10,1.7879509e-11,1.0713379e-12,7.7565913e-22
4FGL J1143.7-1014,175.9465,-10.2402,bcu,4.8038087,2.266686,2.1661947,0.4970188,7.733006e-13,9.081441,5.364186e-11,5.3766773e-13,1.2492103e-10,1.2223873e-10,3.306593e-11,5.3806565e-15,8.288931e-16,6.7876723e-15
4FGL J1143.9+1558,175.9899,15.9739,bll,3.961811,1.8375244,1.5786502,0.25437373,6.498233e-13,11.351638,2.1459645e-09,6.7351263e-10,1.0782007e-10,1.3809562e-11,1.1699112e-11,1.0117498e-11,1.8380321e-12,1.7767755e-17
4FGL J1145.5-0340,176.3941,-3.6753,bll,6.1652737,1.9580772,1.9638736,-0.0059905485,1.2567206e-12,10.847117,6.441091e-14,2.2807505e-09,1.7498894e-10,6.936021e-11,2.4772791e-11,7.084641e-12,5.7725513e-12,3.5629589e-16
4FGL J1145.5+4423,176.3974,44.3873,fsrq,6.6546535,2.195637,2.2320263,-0.060022183,1.305208e-12,15.2361355,6.719773e-09,9.1729485e-10,2.5455293e-10,1.04265534e-10,2.327979e-11,4.446702e-12,9.230761e-16,1.6393496e-12
4FGL J1145.6+5552,176.4098,55.8798,bcu,3.7670114,2.257392,2.1192908,0.14462337,6.4445275e-13,18.35618,2.2536233e-09,3.5180234e-10,6.652611e-11,6.044106e-11,7.5567e-12,4.4127826e-12,1.7128952e-16,6.363669e-16
4FGL J1145.7+0453,176.4302,4.8979,fsrq,5.6845307,2.9138327,2.8940828,0.09213256,2.3519856e-12,23.498142,2.4936664e-11,6.562796e-09,6.493346e-10,9.948123e-11,5.008319e-12,9.0136633e-13,7.7429357e-16,5.0328935e-16
4FGL J1145.7-6949,176.4382,-69.8314,fsrq,12.261848,2.7330766,2.8719547,0.23903178,7.14093e-12,132.6091,1.1055257e-09,1.661349e-08,3.4021104e-09,3.8162765e-10,2.0431094e-11,4.418007e-12,1.1799941e-17,1.5886791e-16
4FGL J1145.7-1528,176.4459,-15.4828,bcu,3.0794754,2.5613942,2.4182994,0.43092787,8.539174e-13,58.304306,1.6069205e-12,2.2914923e-09,4.920445e-10,7.631536e-11,1.2224026e-11,2.2237192e-18,5.9258743e-15,9.707708e-16
4FGL J1146.4-0926,176.6036,-9.4467,bcu,2.5593898,2.5,2.3831642,0.0055613266,1.0081844e-12,70.77135,2.7743237e-09,2.5180735e-09,2.3135177e-10,5.1592276e-11,1.3585098e-11,6.653155e-12,4.072099e-18,1.0589787e-15
4FGL J1146.4-3327,176.6059,-33.4611,bcu,5.0314136,2.4286005,2.3905582,0.2522438,1.3481817e-12,7.8115354,2.5653106e-09,1.5843312e-09,7.173285e-10,1.028788e-10,2.3808747e-11,1.6941438e-14,6.857555e-16,3.617996e-15
4FGL J1146.6-2902,176.6531,-29.0389,fsrq,6.414719,2.384485,2.3229947,0.14619172,2.1110722e-12,9.686673,1.733465e-09,3.199797e-09,6.7139283e-10,1.6750748e-10,2.002754e-11,3.991149e-12,5.1695484e-15,7.832312e-17
4FGL J1146.9+3958,176.7405,39.9775,fsrq,115.44356,2.3907108,2.325557,0.07523464,4.889581e-11,1809.0585,6.841043e-08,7.09781e-08,1.866e-08,3.3746541e-09,6.2745464e-10,8.462244e-11,9.136506e-12,3.275696e-16
4FGL J1147.0-3812,176.76,-38.2006,bll,54.319763,2.2457793,2.1837745,0.047908958,2.1460014e-11,169.34122,3.7897603e-08,2.2745967e-08,6.930401e-09,1.5336635e-09,4.384918e-10,6.507838e-11,1.6768012e-11,6.6932173e-16
4FGL J1147.2-2627,176.8114,-26.4649,bcu,12.582052,2.6032715,2.553262,0.09856197,4.76226e-12,85.67154,2.2752824e-08,7.974634e-09,1.921874e-09,2.2106073e-10,3.9618555e-11,2.0242117e-12,3.1759414e-17,3.5515297e-15
4FGL J1147.4-6758,176.8737,-67.981,fsrq,8.276233,2.5421526,2.661722,0.3287437,3.905495e-12,13.312146,2.9529357e-10,6.4257e-09,1.8347265e-09,4.3578882e-10,4.072523e-11,6.804992e-15,2.0136715e-20,3.2364226e-16
4FGL J1147.8-0724,176.9608,-7.4144,fsrq,20.716358,2.5144022,2.413973,0.101455055,7.884105e-12,216.84578,7.802608e-09,9.826779e-09,3.403119e-09,4.8671217e-10,6.672184e-11,1.3921719e-11,1.0156773e-15,2.9851665e-16
4FGL J1148.5+2629,177.1413,26.4986,fsrq,6.26143,2.9436798,2.9050288,0.08874372,2.540404e-12,50.716454,8.291223e-09,5.9821588e-09,9.056921e-10,5.7320627e-11,8.565839e-12,1.7652575e-12,4.3051597e-15,2.7029922e-15
4FGL J1148.6+1841,177.1542,18.6861,bll,10.77321,2.2636886,2.2500832,0.014124586,2.771236e-12,25.573933,4.327654e-10,6.103057e-09,7.1937367e-10,1.394167e-10,6.5512394e-11,1.3908034e-11,2.0336566e-14,1.5768956e-16
4FGL J1149.1+2819,177.277,28.3304,bcu,5.7327633,2.2346153,2.0501456,0.13899723,1.3952708e-12,19.41864,9.604376e-09,3.9829797e-09,2.431173e-10,8.976302e-11,3.232936e-11,6.6462335e-12,1.6082929e-21,1.2752702e-20
4FGL J1149.2+6246,177.3205,62.7678,bll,5.5012627,2.3143845,2.1147346,0.18953796,9.701519e-13,12.085999,1.149182e-08,2.2682928e-10,2.1751405e-10,7.634607e-11,1.4530172e-11,4.7037894e-12,4.1054717e-17,1.9799355e-20
4FGL J1149.4+2441,177.3713,24.6873,bll,6.6313977,2.0704334,1.9561069,0.10450988,1.8432402e-12,6.45072,3.228177e-08,3.6239054e-12,3.913908e-10,1.3831741e-10,3.9037256e-11,7.1235834e-12,4.058465e-12,4.1392128e-16
4FGL J1149.5-4029,177.3865,-40.491,bcu,11.507545,2.41789,2.3725107,0.08042341,4.5643433e-12,40.878525,5.8613505e-09,4.6484168e-09,1.6205163e-09,3.1083755e-10,4.2849606e-11,1.3054231e-11,5.3568825e-17,4.4465148e-18
4FGL J1150.0+1033,177.5053,10.5556,bll,4.519141,2.032582,2.074178,-0.05250304,9.913689e-13,16.612003,1.3723316e-08,2.2840758e-09,8.890805e-11,7.3108235e-11,1.7251109e-11,3.6461316e-12,3.908597e-12,3.3901672e-15
4FGL J1150.4+2418,177.6029,24.3016,bll,40.491962,2.209969,2.1621518,0.059310086,1.5435958e-11,44.810028,1.7438608e-10,1.6565872e-08,4.8713975e-09,1.1332322e-09,3.4432512e-10,5.8095542e-11,1.7759483e-12,1.6358369e-12
4FGL J1150.6+4154,177.6563,41.9096,bll,67.82402,1.7902797,1.5537331,0.13650012,1.9112219e-11,76.2203,7.481291e-09,2.210873e-09,2.0957622e-09,1.1321025e-09,5.6831295e-10,2.2582045e-10,4.7272884e-11,6.7122417e-16
4FGL J1150.6-4823,177.6627,-48.3905,bcu,16.15343,2.6540267,2.4427607,0.5813707,5.3536763e-12,17.704414,7.1614585e-09,6.065875e-09,3.1253249e-09,3.8648124e-10,3.957658e-16,1.4435806e-16,3.1543093e-12,4.1879314e-17
4FGL J1151.3+0957,177.8373,9.9612,bll,15.270688,2.3780117,2.3783598,-0.002686045,5.280787e-12,8.827415,1.5641945e-08,5.111774e-09,1.8150367e-09,2.9150599e-10,8.479913e-11,1.3006207e-11,2.113783e-12,1.3330926e-12
4FGL J1151.5-1347,177.878,-13.7895,bll,17.30912,1.8954113,1.7696284,0.08228686,3.97514e-12,26.11087,4.551618e-13,1.523576e-09,6.219888e-10,2.2781928e-10,9.3810563e-11,5.0034952e-11,1.0944836e-11,2.941349e-16
4FGL J1151.5+5859,177.88,58.9894,bll,39.58166,1.904716,1.7394896,0.100365885,7.986547e-12,28.070877,9.560591e-09,1.2432235e-09,1.1392232e-09,5.442186e-10,2.3219199e-10,7.0122096e-11,1.8987029e-11,1.336208e-12
4FGL J1151.6-2115,177.9203,-21.2515,bcu,9.15392,2.0197468,1.9322854,0.11688846,2.2522466e-12,11.9410095,2.7728193e-09,2.531137e-14,4.85871e-10,1.2989199e-10,5.7063538e-11,1.3012466e-11,2.328869e-12,1.4304889e-12
4FGL J1152.1+2837,178.0309,28.6293,bll,8.296209,1.9435661,1.8663875,0.07183195,1.5711951e-12,12.648561,2.6012473e-10,1.9028895e-11,3.1516098e-10,7.304312e-11,3.6420183e-11,1.3576399e-11,3.378004e-12,1.6660051e-12
4FGL J1152.3-0839,178.0808,-8.6663,fsrq,38.79202,2.4233136,2.2977836,0.12037179,1.4699792e-11,483.8905,3.1645996e-08,2.0050868e-08,5.7894396e-09,1.1229105e-09,2.0462795e-10,1.5139216e-11,1.9817236e-12,6.8576436e-17
4FGL J1152.8+3308,178.2123,33.1416,fsrq,7.3790097,2.9239364,2.9640548,-0.07711171,2.5445156e-12,34.889694,1.9752328e-08,8.285402e-09,5.6013477e-10,7.3578504e-11,1.6416842e-11,1.5366932e-12,2.4643798e-12,9.301483e-23
4FGL J1153.0+8056,178.2664,80.9357,fsrq,11.26473,2.7615728,2.7544243,0.035652693,3.8364433e-12,100.854576,1.2858749e-11,7.231931e-09,1.4511309e-09,1.4244296e-10,2.3274743e-11,1.8859651e-12,7.420545e-13,1.0066222e-17
4FGL J1153.3-1104,178.3423,-11.0787,bcu,38.975845,2.3279457,2.2164536,0.09340982,1.7457842e-11,1864.9631,1.926647e-08,1.9538136e-08,6.3905796e-09,1.3676925e-09,3.0411482e-10,2.9086813e-11,4.3956553e-12,2.7599512e-16
4FGL J1153.4+4931,178.3505,49.5169,FSRQ,43.25314,2.3911545,2.3296978,0.060303014,1.14364195e-11,1416.6455,4.850863e-08,1.555105e-08,4.1222408e-09,7.960554e-10,1.8262619e-10,1.3880205e-11,4.1279567e-12,3.0252778e-17
4FGL J1153.6-2553,178.4113,-25.8989,bcu,12.822162,1.9084038,1.7005166,0.18783948,2.4287464e-12,31.982159,1.7806108e-10,6.203049e-11,1.1747744e-10,2.1263989e-10,8.003422e-11,2.1285858e-11,3.5266844e-12,8.412531e-13
4FGL J1153.7-3210,178.4283,-32.1824,bcu,4.173948,2.4149175,2.293439,0.16575153,1.8144103e-12,16.592375,1.9911607e-12,4.196381e-13,2.46599e-10,1.6867084e-10,3.077449e-11,2.2190046e-13,1.0594213e-15,4.260506e-15
4FGL J1153.7+3822,178.4464,38.3684,bll,7.4982786,1.9387773,1.8938462,0.039179612,1.1820585e-12,9.754281,2.4807212e-08,4.718212e-12,2.5080757e-10,7.3110705e-11,1.2547113e-11,1.3802553e-11,2.980434e-12,7.7429856e-22
4FGL J1154.0-0010,178.5103,-0.1787,bll,17.227545,1.8445255,1.7377638,0.07407101,4.110617e-12,25.41381,1.2970938e-12,1.307768e-09,6.6365236e-10,1.6547118e-10,9.572439e-11,4.958441e-11,7.290474e-12,1.8728463e-12
4FGL J1154.0+4037,178.5145,40.632,fsrq,17.253815,2.0897038,2.0171728,0.068015754,3.7170354e-12,28.191002,6.545915e-11,2.6851166e-09,7.666821e-10,2.4492777e-10,7.9764965e-11,1.8721042e-11,4.9657023e-12,3.1066236e-16
4FGL J1154.0+6018,178.519,60.3107,fsrq,13.7696295,2.811264,2.8654563,0.18816206,4.4730773e-12,136.3424,4.542876e-10,5.557464e-09,1.9421924e-09,2.015595e-10,1.0877586e-11,2.4551667e-17,5.2874285e-13,2.897288e-15
4FGL J1154.1-3243,178.5423,-32.7189,bll,34.976906,2.0676126,1.9182042,0.14028415,1.01156375e-11,63.215214,5.261311e-09,6.603306e-09,2.631789e-09,8.267682e-10,3.4582132e-10,5.403108e-11,5.360814e-12,1.7589665e-16
4FGL J1155.2+4320,178.8135,43.3409,fsrq,4.462245,2.728165,2.730117,-0.05693093,1.4211833e-12,11.954227,4.737037e-11,3.590561e-09,4.4302315e-10,4.17338e-11,1.482683e-11,2.0773559e-12,6.4526954e-16,1.3912423e-12
4FGL J1155.5-3418,178.8781,-34.3122,bll,14.490264,1.8798723,1.8259943,0.054777034,3.3952693e-12,23.169886,7.6023714e-14,2.156447e-09,4.0590045e-10,1.6646773e-10,8.95394e-11,1.7484259e-11,1.4018554e-11,2.5083486e-12
4FGL J1155.6-6547,178.9093,-65.7945,bcu,7.240668,2.6815171,2.8170178,0.30586725,5.984084e-12,12.633297,2.8108499e-12,1.0106979e-08,2.9115523e-09,4.1594028e-10,2.9529573e-11,1.3154585e-15,3.8615725e-19,1.706632e-16
4FGL J1155.8+6137,178.9535,61.6281,bll,8.611886,2.0754151,1.9987303,0.06188338,1.3836515e-12,21.332293,6.839349e-10,2.6684865e-09,3.3614145e-10,6.6806866e-11,3.4421306e-11,9.438843e-12,1.4097985e-12,3.8045133e-16
4FGL J1155.8-1217,178.9688,-12.2848,bcu,5.367174,2.3158364,2.2114627,0.19032839,1.7479542e-12,12.677404,1.1400222e-08,1.4608928e-12,6.3609584e-10,8.476667e-11,4.2787666e-11,3.521204e-12,7.27315e-16,4.1976414e-16
4FGL J1156.6+0640,179.1636,6.6728,bcu,6.9917583,2.5156422,2.4482565,0.08533572,2.0827012e-12,34.47297,2.4141513e-09,3.0083256e-09,4.854085e-10,1.6626239e-10,2.1945739e-11,1.7516333e-15,6.7782504e-13,7.231057e-16
4FGL J1156.6-2248,179.1642,-22.8095,bll,13.037053,2.0368526,1.9449159,0.08786286,3.749212e-12,15.518967,3.695307e-09,2.3707768e-11,6.988668e-10,2.2396786e-10,7.684384e-11,3.0947547e-11,6.1095525e-12,7.8647414e-18
4FGL J1156.8-1537,179.224,-15.6181,bcu,10.783278,2.3567367,2.29172,0.08962896,3.4263306e-12,105.33111,6.198332e-11,3.0158056e-09,1.0258361e-09,2.4450392e-10,4.7753863e-11,7.385055e-12,1.7660481e-12,2.304787e-18
4FGL J1158.5+4824,179.6365,48.4161,fsrq,21.212458,2.469472,2.436003,0.063640825,5.8443935e-12,142.51791,1.1083708e-11,9.275109e-09,1.9702644e-09,3.7810302e-10,5.218596e-11,1.03764245e-11,2.3724523e-13,2.406782e-14
4FGL J1158.9+0956,179.7309,9.9487,bcu,7.950351,2.4579418,2.4318259,0.26961946,4.2399773e-12,30.72403,7.556905e-09,4.0011776e-09,1.896834e-09,4.0881903e-10,2.4999508e-11,5.939013e-12,2.0431757e-12,5.0987542e-15
4FGL J1158.9+0818,179.7482,8.3006,bcu,10.732789,2.0247657,1.9694805,0.051634595,2.4235089e-12,15.090236,5.5309125e-12,3.6699466e-09,3.8226758e-10,1.6321919e-10,5.056683e-11,1.6172166e-11,3.850612e-12,1.7993902e-16
4FGL J1159.0+0939,179.7512,9.6603,bll,13.307058,1.9757112,1.6378669,0.2316237,3.2508232e-12,19.791634,1.9997254e-13,1.2459358e-09,3.5960343e-10,1.3306006e-10,1.548103e-10,2.6403652e-11,5.3097457e-12,1.9872655e-15
4FGL J1159.2-2227,179.8107,-22.4605,bcu,35.540413,2.416589,2.284819,0.15946853,1.44824005e-11,690.9154,2.0901643e-08,1.85287e-08,6.241245e-09,1.2318806e-09,2.2773658e-10,2.4875161e-11,7.982046e-15,1.943948e-18
4FGL J1159.3-2142,179.8432,-21.7038,fsrq,35.388588,2.5178146,2.505965,0.087340504,1.7231038e-11,115.41984,4.6665903e-08,2.7759638e-08,6.4493286e-09,1.1683291e-09,1.760872e-10,1.6317593e-11,3.5479473e-16,5.4814224e-19
4FGL J1159.5+2914,179.884,29.2448,fsrq,241.15784,2.154935,2.060865,0.07044927,1.4634469e-10,15590.321,1.6169348e-07,1.2573295e-07,4.6315918e-08,1.17084245e-08,3.097807e-09,5.50821e-10,8.3053155e-11,1.980149e-12
4FGL J1159.5-0723,179.8983,-7.3906,bll,14.321377,1.9439774,1.636923,0.23261473,2.835817e-12,27.08278,3.16465e-09,1.0004224e-11,3.1095965e-10,1.893591e-10,1.1151327e-10,3.7628425e-11,1.9502629e-12,7.786557e-17
4FGL J1200.2+0201,180.0551,2.0172,bcu,21.025202,2.0325425,1.8437269,0.13218985,4.634717e-12,82.10192,5.9255054e-09,2.0657867e-09,8.613836e-10,3.7446204e-10,1.6562729e-10,2.4035293e-11,7.299478e-12,1.5006703e-20
4FGL J1200.6+1229,180.1734,12.4922,bll,11.794817,2.5084352,2.4861283,0.044595677,3.783115e-12,39.995243,1.4587102e-08,6.9162334e-09,1.1648387e-09,2.3081038e-10,3.9390328e-11,7.105687e-12,6.423279e-17,2.6703055e-16
4FGL J1200.7+2008,180.1866,20.1354,bcu,18.331991,2.4374497,2.417469,0.036361128,5.6261233e-12,59.46182,1.40786165e-08,8.089035e-09,1.9534372e-09,3.3711958e-10,8.0661845e-11,2.4082416e-12,4.4418106e-12,1.6155235e-15
4FGL J1200.8-1429,180.2095,-14.4898,bcu,8.637994,2.0042162,1.9291384,0.13345999,2.2341148e-12,15.156983,8.961579e-15,2.7718687e-09,1.294561e-10,1.6409334e-10,4.3087967e-11,1.6029997e-11,4.3134728e-12,1.10417726e-16
4FGL J1201.1-0332,180.2909,-3.5426,bcu,7.19958,2.1100042,1.9867557,0.17391188,1.8196696e-12,20.299698,2.1188312e-08,6.168821e-11,2.5678576e-10,1.3379037e-10,5.382783e-11,5.6696843e-12,2.2974253e-12,1.732512e-17
4FGL J1201.7+1429,180.4471,14.4852,bll,7.8916163,2.3235884,2.1202464,0.32581523,1.544202e-12,26.398066,2.2003886e-10,1.1526803e-09,5.286421e-10,2.020494e-10,3.081563e-11,5.070867e-18,3.545288e-12,1.0910253e-15
4FGL J1202.4+4442,180.61,44.7147,bll,4.787173,2.4660146,2.4457262,0.020685492,1.1178816e-12,15.934595,9.918886e-09,8.7906915e-10,2.7089583e-10,8.6339484e-11,8.765425e-12,3.3867702e-12,2.795202e-18,2.0020082e-19
4FGL J1202.5-0528,180.6291,-5.4709,fsrq,12.9848175,2.878966,2.7479432,0.19312118,6.1878254e-12,289.00516,7.1694695e-09,1.4586903e-08,2.3883941e-09,2.0098485e-10,3.0040543e-12,4.8589765e-15,2.4761614e-12,4.7567884e-15
4FGL J1202.5+3852,180.6462,38.8809,bll,10.218987,2.2423196,2.2316682,0.01199619,2.4316113e-12,16.22397,3.8981415e-11,1.4517326e-09,8.7340457e-10,1.2470763e-10,3.9103453e-11,9.424828e-12,5.5324256e-12,3.1333316e-18
4FGL J1202.9+5141,180.7372,51.6899,bcu,3.990103,2.4943395,2.5152721,-0.07282816,9.64979e-13,18.125416,5.472696e-13,2.8600036e-09,2.8745606e-10,3.7640183e-11,1.0416975e-11,2.733945e-12,1.5223537e-12,9.3666915e-17
4FGL J1203.1+6031,180.7881,60.518,bll,40.037365,2.119122,1.9859921,0.087235734,7.9118405e-12,38.498707,2.0161582e-10,3.731354e-09,2.0130448e-09,6.7172085e-10,2.1398408e-10,2.7510669e-11,1.0925798e-11,1.2742223e-12
4FGL J1203.3+1119,180.8327,11.3231,bcu,6.2949142,2.3470018,2.3232636,0.14014739,2.0636513e-12,27.82075,1.745056e-11,2.7947313e-09,8.111961e-10,1.06626305e-10,3.8816603e-11,1.8999015e-12,5.823039e-19,1.3172325e-15
4FGL J1203.4-3925,180.852,-39.4257,bll,19.66594,1.8428689,1.8179609,0.029233191,5.29446e-12,27.855402,3.0256322e-09,1.9031585e-10,8.7007235e-10,2.8203645e-10,1.02155465e-10,4.7224818e-11,1.4070284e-11,7.504034e-12
4FGL J1203.7+5821,180.9378,58.3638,bll,10.26104,2.4153836,2.451661,-0.05208609,2.1414853e-12,47.55705,2.7534142e-09,3.6074979e-09,7.2911044e-10,1.1617303e-10,2.238762e-11,8.191116e-12,3.5798745e-12,4.58794e-13
4FGL J1204.0+1146,181.0204,11.7761,bll,12.369127,1.7927226,1.6347841,0.13895465,2.74533e-12,22.487137,1.4749015e-11,1.6035651e-13,4.7861937e-10,1.029165e-10,6.32674e-11,3.2380394e-11,4.6589785e-12,2.5909141e-15
4FGL J1204.2-0709,181.0741,-7.1627,bll,25.16733,1.8881499,1.7179565,0.096120276,6.842454e-12,62.60399,3.5951187e-13,2.7262033e-09,9.157848e-10,3.754254e-10,2.2919511e-10,5.1468173e-11,2.4447845e-11,1.0930417e-17
4FGL J1204.4+3750,181.1076,37.8406,bcu,3.7859595,2.7746642,2.6443186,0.35733175,1.0788187e-12,10.472645,6.908014e-11,1.4860565e-09,5.13111e-10,7.0386336e-11,9.025468e-13,2.9936977e-16,4.3350244e-15,3.854944e-15
4FGL J1204.8+0407,181.2027,4.12,fsrq,5.3483896,2.7262633,2.6919124,0.048840832,2.1235323e-12,38.656883,3.4664358e-09,5.3580016e-09,4.9021376e-10,1.2436079e-10,1.05929284e-11,1.4131933e-21,8.446093e-18,1.4642909e-12
4FGL J1205.7-2635,181.4322,-26.5946,fsrq,20.105742,2.5313325,2.5113623,0.040478595,8.424174e-12,67.00856,1.1806173e-08,1.3431293e-08,3.0336347e-09,4.157987e-10,1.0084174e-10,8.925988e-12,3.299206e-12,1.739788e-16
4FGL J1205.8+3321,181.4595,33.3546,bcu,6.8987446,2.5229895,2.5138853,0.0068059736,1.8808514e-12,19.12196,9.188588e-09,4.620097e-09,5.065408e-10,9.8194154e-11,2.9658193e-11,9.219482e-14,9.133769e-19,7.0258143e-16
4FGL J1207.2-0524,181.8185,-5.4105,bcu,10.224602,1.8904881,1.6397307,0.2108749,1.6952735e-12,16.119398,2.0337347e-09,6.5062616e-10,1.9948991e-10,1.15649955e-10,4.7288996e-11,2.4952665e-11,1.9304545e-12,7.8579604e-17
4FGL J1207.7-0106,181.9276,-1.1063,fsrq,21.903534,2.2861168,2.1440268,0.12928745,5.9261645e-12,290.31345,3.7507494e-13,5.371492e-09,2.297276e-09,4.6705784e-10,1.2376945e-10,1.6681672e-11,3.7007856e-15,7.0234615e-17
4FGL J1207.7-2229,181.9449,-22.4848,bll,13.2828045,2.0420651,2.0270326,0.016794024,3.76401e-12,33.35501,3.094816e-13,7.0849887e-10,9.346864e-10,2.1303335e-10,7.538619e-11,2.6109268e-11,6.9251874e-12,1.8406533e-12
4FGL J1208.1+3017,182.0252,30.2901,bll,7.058235,1.7786406,1.5456091,0.26579878,9.223982e-13,11.976658,1.4350457e-09,1.4339602e-10,3.3607776e-12,4.2266083e-11,3.211514e-11,8.755987e-12,3.4959238e-12,1.0083044e-12
4FGL J1208.2-7810,182.0571,-78.1799,bcu,10.0214615,1.963767,1.704577,0.20194644,2.0085726e-12,5.075844,6.591009e-09,8.756023e-13,7.914332e-11,1.467045e-10,6.830331e-11,2.2005085e-11,4.394022e-12,1.5601736e-17
4FGL J1208.4+6121,182.1143,61.3559,bll,12.242869,2.1170058,2.1574676,-0.029674374,2.1084198e-12,25.372091,2.5491437e-08,3.547132e-09,5.262542e-10,1.223456e-10,3.1623187e-11,1.9458166e-11,4.2485555e-12,4.0459844e-16
4FGL J1208.8-1751,182.2093,-17.8665,bcu,6.621397,2.1018717,1.787807,0.34950608,1.2329306e-12,13.091484,1.4514439e-09,1.4179405e-09,5.7029922e-11,1.212767e-10,6.446835e-11,5.728341e-12,5.4254186e-16,1.7953115e-15
4FGL J1208.8-2754,182.2199,-27.9097,bcu,11.240067,2.1294165,1.7630167,0.35758692,2.0098667e-12,15.776411,1.5374864e-08,7.131942e-15,2.565097e-10,1.9392105e-10,1.02937624e-10,1.5106555e-11,7.607867e-16,7.7444286e-16
4FGL J1208.9+5441,182.2261,54.6995,fsrq,49.156372,2.5701373,2.4954572,0.093666404,1.3897083e-11,611.13824,5.318188e-08,2.483508e-08,5.533672e-09,7.881624e-10,1.2728567e-10,1.522152e-12,3.6000277e-16,2.213077e-16
4FGL J1209.0-4630,182.2689,-46.502,bcu,6.526726,2.079687,1.9583,0.059303887,1.7137913e-12,13.975361,1.6676589e-08,2.3076199e-09,4.8035076e-10,6.127512e-11,3.7544707e-11,1.6674129e-11,1.3095553e-15,9.474375e-16
4FGL J1209.4+4118,182.358,41.3111,bll,30.014484,1.9445665,1.9021511,0.032034896,6.6735775e-12,18.05257,1.1731341e-08,4.4702744e-09,1.1242378e-09,3.3035097e-10,1.806744e-10,5.3972563e-11,9.387534e-12,2.4174855e-19
4FGL J1209.4+7608,182.3625,76.137,bcu,12.232235,2.1350303,1.9122171,0.19154577,1.565748e-12,59.30806,4.5670703e-09,1.0856173e-12,3.4895106e-10,1.318901e-10,6.515295e-11,5.90028e-12,1.2910894e-12,1.8461013e-16
4FGL J1209.7+2548,182.4444,25.8007,fsrq,5.331422,2.1016202,1.9812222,0.14621013,1.0928553e-12,11.845188,1.3620566e-11,1.2349564e-10,1.8904811e-10,5.7128306e-11,3.3861386e-11,6.0801906e-12,2.2129604e-18,1.5792871e-17
4FGL J1209.8+1810,182.4664,18.1776,fsrq,20.487,2.4480615,2.4338775,0.028437123,6.492124e-12,172.03062,3.0298388e-09,1.2274633e-08,2.1066011e-09,3.9811196e-10,6.7541785e-11,7.869819e-12,5.0938125e-12,1.332584e-12
4FGL J1210.3+3928,182.5993,39.4798,bll,6.046887,2.1054676,2.1399658,-0.05243958,1.0853075e-12,14.422933,3.567652e-11,1.9791464e-09,3.029838e-10,5.090016e-11,2.4277419e-11,2.5513454e-12,3.069591e-12,1.5566428e-12
4FGL J1211.0-3800,182.7621,-38.0156,bcu,7.92956,2.2299569,2.1616654,0.095783755,2.4419535e-12,38.884365,8.826391e-10,2.1814972e-09,6.9526734e-10,1.4420587e-10,6.00019e-11,9.239346e-12,3.7290738e-17,4.812823e-16
4FGL J1211.6-2735,182.9011,-27.5877,bcu,14.4100275,2.613899,2.5497339,0.100649,6.8734354e-12,229.43678,2.3190266e-08,1.7511223e-08,2.7643494e-09,3.7525033e-10,6.047913e-11,2.5784344e-12,8.8454354e-16,3.3411496e-15
4FGL J1211.6+3901,182.9048,39.0268,bll,5.3741245,1.7562582,1.610197,0.13652113,9.020759e-13,15.5183,4.1306278e-11,8.179882e-10,1.08940024e-10,1.5094787e-11,2.1859002e-11,1.0369686e-11,2.9786351e-12,1.3345533e-12
4FGL J1211.8-4817,182.9577,-48.2948,bcu,4.305691,2.3345652,2.3474452,-0.060571168,1.5648659e-12,7.7246556,4.619448e-09,3.3291365e-09,6.013429e-10,5.91731e-11,1.778179e-11,1.1324362e-11,7.5218903e-16,1.2271526e-12
4FGL J1212.0-2326,183.0009,-23.4494,bll,15.227713,2.0161445,1.9438643,0.08922105,4.6017014e-12,42.545258,3.775481e-12,1.9909852e-09,9.0967006e-10,2.6563715e-10,1.07903644e-10,3.3730387e-11,8.0455425e-12,1.7256266e-15
4FGL J1212.0+2242,183.0146,22.709,bll,9.84071,1.9675776,1.8461177,0.11202399,1.9412497e-12,7.4427724,5.5692566e-09,2.0948757e-12,3.6649064e-10,8.8326756e-11,6.202662e-11,1.340678e-11,1.457568e-15,1.7098718e-12
4FGL J1212.1+6412,183.0372,64.2019,bcu,6.76547,2.3018641,2.290146,0.056390762,1.6907114e-12,22.309937,3.397502e-12,1.01036006e-10,6.9969475e-10,8.8366835e-11,3.230813e-11,3.4755237e-12,1.0031559e-12,7.4130076e-19
4FGL J1212.2+2442,183.0526,24.7128,bcu,8.998054,2.0844858,1.9924777,0.12725468,2.04392e-12,11.1627245,2.6504463e-12,2.1713482e-09,5.116456e-10,1.6503805e-10,1.512561e-11,2.183185e-11,1.4681124e-18,1.2713642e-17
4FGL J1212.7-1402,183.1881,-14.0398,bcu,4.8684034,1.9695894,1.5762714,0.2151192,9.459553e-13,12.30569,1.4277796e-10,2.5048714e-09,3.4025036e-10,2.67178e-14,2.9965114e-11,6.7660252e-12,2.0440418e-12,3.4617988e-18
4FGL J1213.0+5129,183.2596,51.484,bll,16.837374,2.1007702,2.0499883,0.03991854,3.2077169e-12,20.627022,1.182608e-09,2.6010278e-09,6.657129e-10,1.8000583e-10,8.570045e-11,1.31766004e-11,5.5854054e-12,8.495429e-18
4FGL J1213.3-2618,183.3362,-26.314,bll,14.448824,1.778886,1.6669025,0.10538801,3.526577e-12,21.912416,5.9714356e-12,2.12158e-11,3.164031e-10,1.1625395e-10,9.619439e-11,2.9098635e-11,1.7663641e-11,1.7874806e-12
4FGL J1213.6+1306,183.41,13.1154,fsrq,19.206123,2.4511592,2.3481967,0.1692404,6.6700803e-12,8.467439,1.10524505e-08,9.30798e-09,2.9533862e-09,5.901002e-10,7.0369134e-11,6.1286865e-12,1.1403499e-16,2.0632651e-15
4FGL J1213.7+6423,183.4374,64.3961,bll,3.76753,2.035586,1.9343901,0.14228651,7.6842325e-13,12.993971,4.806383e-13,2.8319103e-09,1.8930164e-15,6.097991e-11,1.6805704e-11,2.5566181e-12,2.8045053e-12,5.2214986e-16
4FGL J1213.8-4345,183.466,-43.7566,bll,9.2392235,2.2926927,2.2605996,0.034583457,3.3811866e-12,15.031833,9.397539e-12,8.033987e-09,1.0457012e-09,2.0902295e-10,4.7107724e-11,1.6734988e-11,1.2170766e-16,1.0231071e-12
4FGL J1214.6-1926,183.6702,-19.4481,bcu,4.5096135,2.5254903,2.3508635,0.50414056,1.133503e-12,16.295034,1.6660467e-08,9.733088e-11,4.1815e-10,1.8070852e-10,4.355762e-14,6.7813026e-15,1.09483e-15,3.055251e-16
4FGL J1215.0+5351,183.7663,53.8528,bll,5.6513495,2.1751292,2.1891737,-0.02049052,9.244591e-13,22.486456,2.637368e-10,1.5143761e-09,2.2326543e-10,7.6692416e-11,2.9169056e-12,1.3581528e-11,2.5604241e-15,1.6494771e-15
4FGL J1215.0+1656,183.7742,16.9372,fsrq,23.351831,2.4061453,2.374026,0.0586372,7.697897e-12,241.98328,3.4195274e-08,9.340022e-09,2.585364e-09,5.211523e-10,8.2050665e-11,8.500918e-12,3.7039083e-12,5.1785037e-19
4FGL J1215.1+5002,183.7817,50.0438,bll,20.27409,1.943367,1.8763951,0.049906626,3.8055835e-12,25.717789,2.213653e-08,2.6752787e-09,7.232093e-10,1.9032144e-10,9.027992e-11,3.5030496e-11,5.5691445e-12,1.2207651e-15
4FGL J1215.1+0731,183.7895,7.5222,bll,15.600673,1.8611976,1.8277581,0.029733136,3.6367242e-12,31.261929,1.2933433e-10,1.378081e-09,4.0670775e-10,2.1085235e-10,8.336057e-11,2.5918169e-11,9.891395e-12,1.9083025e-12
4FGL J1215.1+3513,183.7957,35.2217,bll,14.100859,2.337023,2.315495,0.034449507,3.5009543e-12,63.151627,8.7322665e-09,3.4320053e-09,1.1078719e-09,2.1456228e-10,5.2568453e-11,1.1635821e-11,4.0791657e-13,2.9216496e-16
4FGL J1215.8-3732,183.9696,-37.5404,bcu,6.6569552,2.2888455,2.25225,0.06144135,2.2889197e-12,8.455835,6.172941e-10,2.2444036e-09,7.357266e-10,9.5973916e-11,4.8854535e-11,1.3263579e-11,6.6241934e-17,3.38048e-17
4FGL J1215.8-1733,183.9741,-17.5657,bcu,10.415217,2.6076102,2.5760124,0.047994696,4.267631e-12,18.654465,3.0092254e-10,7.4054896e-09,1.4070517e-09,2.3367078e-10,4.540237e-11,3.5953978e-15,1.6165759e-16,3.856616e-19
4FGL J1216.1-0242,184.0293,-2.7144,bll,7.7341638,2.0150528,1.9791873,0.07710286,1.6287157e-12,15.969244,6.2636643e-09,2.073074e-13,3.0435324e-10,1.002399e-10,2.9721014e-11,1.3843646e-11,4.0502337e-12,1.5892624e-15
4FGL J1216.1+0930,184.0415,9.5096,bll,15.123641,2.0489445,2.0433362,0.006700411,3.7818086e-12,19.019506,1.26917685e-08,1.8297883e-09,9.827289e-10,2.2719449e-10,6.725695e-11,2.1047046e-11,1.2457095e-11,5.203979e-16
4FGL J1216.2-6121,184.0505,-61.3587,bcu,5.0374403,2.5877085,2.7117918,0.37300807,4.3686335e-12,12.103719,6.964899e-11,1.6922193e-09,1.8348032e-09,5.811093e-10,1.2135522e-11,3.7512844e-12,2.1802482e-15,3.0798825e-15
4FGL J1216.3-1032,184.0787,-10.5338,fsrq,8.677343,2.6750386,2.555852,0.3047054,3.3106393e-12,24.509617,3.2701197e-10,4.1296007e-09,1.5378361e-09,2.4583874e-10,7.2712374e-12,3.1696645e-13,1.6175043e-18,5.825174e-15
4FGL J1217.9+3007,184.4762,30.1177,BLL,150.38737,1.9355043,1.867241,0.04395218,9.252061e-11,780.5143,3.748348e-08,3.8699188e-08,1.7142357e-08,6.155745e-09,2.299372e-09,6.6853517e-10,2.2497139e-10,2.3023028e-11
4FGL J1218.0-0028,184.5136,-0.4832,bll,13.355201,2.3444438,2.310227,0.07092398,4.6555203e-12,38.094395,1.0093786e-08,3.6216538e-10,1.6140126e-09,3.136948e-10,4.828618e-11,1.9074232e-11,1.7545183e-12,1.1196195e-16
4FGL J1218.5-0119,184.6388,-1.327,bll,45.294125,2.1193068,2.0042474,0.10300713,1.5463466e-11,211.07544,5.0123403e-09,1.2582933e-08,4.431961e-09,1.292566e-09,3.864632e-10,7.974252e-11,9.770542e-12,1.8542082e-12
4FGL J1219.0+4827,184.7664,48.451,fsrq,6.335936,2.2451427,2.3108091,-0.05999969,1.2477392e-12,16.033056,4.655766e-13,2.8987772e-09,2.723039e-10,3.8984604e-11,3.276922e-11,5.4827492e-12,1.7478674e-12,8.985853e-17
4FGL J1219.0+3653,184.7684,36.8883,bll,7.068312,2.2527142,2.0817344,0.27801698,1.0277387e-12,12.926678,1.0690123e-11,1.7877615e-10,3.1903016e-10,1.2001729e-10,3.1998026e-11,2.0690554e-12,7.5495327e-16,7.609556e-15
4FGL J1219.0-4827,184.7741,-48.4546,bll,14.030116,2.2571003,2.0528476,0.21010932,3.607708e-12,29.447182,6.81293e-09,3.1241855e-13,1.0860509e-09,4.0056022e-10,1.0259219e-10,9.1492e-12,1.558836e-12,3.0232866e-17
4FGL J1219.7-0313,184.9334,-3.2217,bll,17.006443,1.9522283,1.9075779,0.042183746,4.688234e-12,23.24956,9.797795e-09,2.2493425e-09,8.578921e-10,2.621141e-10,1.1102258e-10,2.8162648e-11,1.3194377e-11,1.9831133e-12
4FGL J1219.7+0444,184.9391,4.7468,bll,11.113333,2.085265,2.0358312,0.06772828,2.95554e-12,14.022194,4.263981e-09,2.9029458e-11,4.3186635e-10,2.233117e-10,5.583491e-11,1.0247515e-11,8.9020995e-12,2.806756e-18
4FGL J1219.8+6600,184.9702,66.0037,fsrq,5.1906567,2.660622,2.6217723,0.14423226,1.2386184e-12,19.148632,1.1947032e-10,1.5260222e-09,4.699209e-10,6.26068e-11,3.0241105e-12,1.1579995e-12,9.295329e-13,2.1078817e-17
4FGL J1219.9+6056,184.9837,60.935,bcu,10.786518,2.216855,2.1988108,0.0109528415,1.8914974e-12,20.217915,8.083161e-09,3.0669371e-09,5.187418e-10,9.4845666e-11,3.8017558e-11,1.3249503e-11,2.3204052e-17,4.063161e-19
4FGL J1220.1+7105,185.0438,71.092,fsrq,77.17368,2.332473,2.2400203,0.11068971,1.9701041e-11,1357.9248,4.1915236e-08,2.3310088e-08,7.50526e-09,1.6396526e-09,3.0139372e-10,3.1736537e-11,2.1077432e-12,1.3251528e-15
4FGL J1220.1+3432,185.0462,34.5383,bll,21.226305,2.0748487,1.9147959,0.11496793,3.9066506e-12,53.017303,1.7842467e-12,2.6763425e-09,8.667725e-10,3.6280134e-10,9.467208e-11,2.3476018e-11,4.185197e-12,2.2851723e-16
4FGL J1220.2-3713,185.0693,-37.2235,bcu,15.968225,1.9153466,1.7586756,0.112204306,3.4175095e-12,12.830688,3.7842665e-10,1.5229477e-09,5.145436e-10,2.1486429e-10,9.656995e-11,3.6336094e-11,7.81474e-12,3.5789898e-17
4FGL J1221.1+4742,185.291,47.7149,bll,5.08265,1.5293053,1.2196509,0.22387086,5.7947755e-13,13.116111,1.4721491e-12,1.25145345e-11,2.5093336e-10,1.194387e-11,1.9738562e-12,6.807478e-12,5.1740227e-12,1.4158179e-12
4FGL J1221.2+6910,185.304,69.1681,bcu,4.1931534,2.1310291,2.2740788,-0.09014102,6.6257205e-13,14.192808,2.4196698e-09,3.923743e-09,2.0992971e-10,3.548059e-11,8.759913e-12,4.3265114e-12,1.7060254e-12,2.1648926e-16
4FGL J1221.3+3010,185.3449,30.1677,bll,90.58414,1.7367468,1.6761506,0.02557991,4.7503612e-11,128.63374,8.3618656e-10,8.7276195e-09,4.985273e-09,2.0353033e-09,1.0722285e-09,3.9062487e-10,2.3931507e-10,5.630147e-11
4FGL J1221.5+2814,185.3784,28.2382,bll,85.730865,2.1558979,2.1121728,0.027297152,3.3106292e-11,352.42126,6.7469045e-08,2.78908e-08,9.040067e-09,2.3395441e-09,7.290323e-10,1.3075598e-10,3.3347533e-11,5.721327e-12
4FGL J1221.9+3543,185.4895,35.7262,bll,4.6235437,2.1113539,2.0813143,0.035620287,9.378406e-13,12.684429,5.6683935e-11,7.3316326e-14,4.0635084e-10,3.1574514e-11,1.7407726e-11,8.989297e-12,1.2817904e-12,1.19640715e-17
4FGL J1222.0-4121,185.5146,-41.3631,bcu,5.64663,2.0988996,1.9612834,0.39711228,8.8513143e-13,12.794803,4.6388813e-09,1.7660134e-10,6.59239e-11,1.2182211e-10,3.5721173e-11,5.4438407e-12,8.374088e-23,3.3730523e-21
4FGL J1222.5+0414,185.6271,4.2389,fsrq,31.54034,2.735171,2.610668,0.18216652,1.5917608e-11,187.79364,2.5501395e-08,3.0643633e-08,7.015871e-09,8.1493395e-10,6.561711e-11,3.75998e-12,9.985953e-13,4.9944064e-16
4FGL J1223.0+1100,185.774,11.007,bcu,10.654521,1.8709158,1.4939028,0.30225757,1.9058418e-12,16.862743,2.0764506e-09,1.1234477e-09,2.5243724e-10,8.04009e-11,7.35235e-11,2.94654e-11,6.8797276e-16,2.0397673e-16
4FGL J1223.3+1213,185.8415,12.2312,bll,7.099082,2.709352,2.6818495,0.061375763,2.8279215e-12,12.6537285,1.4766145e-08,4.543695e-09,1.0450426e-09,8.502539e-11,2.8060162e-11,1.3605919e-12,1.499866e-13,1.8674755e-17
4FGL J1223.5+0818,185.8835,8.3017,bll,10.0463085,2.0042467,1.9691505,0.04041368,2.440165e-12,23.473925,7.380904e-10,1.8260376e-13,5.0986315e-10,1.6973363e-10,4.972129e-11,8.7141605e-12,8.468803e-12,4.39561e-16
4FGL J1223.6-3032,185.9147,-30.5437,bll,11.107328,1.8102902,1.6275615,0.11051752,2.5914377e-12,6.267301,1.659061e-09,2.8579643e-09,4.908284e-10,6.75432e-11,6.596329e-11,2.9531398e-11,6.80325e-12,1.6773983e-12
4FGL J1223.8+4649,185.9647,46.8243,bll,4.9382033,2.302821,2.3235445,-0.022833474,1.03273e-12,9.3083,1.083927e-10,1.2630706e-09,1.9484271e-10,6.5883576e-11,1.8619604e-11,3.762294e-12,9.03128e-18,6.619047e-15
4FGL J1223.8+8039,185.9707,80.6598,bll,42.26156,2.296986,2.1645517,0.11511719,1.0754703e-11,95.50405,2.7883551e-08,9.544134e-09,3.898515e-09,9.113304e-10,2.131802e-10,2.8867e-11,2.7513788e-12,4.9716032e-18
4FGL J1223.9+7954,185.9854,79.9025,bll,8.68968,1.8265591,1.6964142,0.13226186,1.2907407e-12,12.967486,1.9768644e-12,1.8424716e-09,1.07687366e-10,5.5366222e-11,2.3670697e-11,1.7174373e-11,2.432418e-12,2.392681e-17
4FGL J1223.9+5000,185.988,50.0089,fsrq,28.353697,2.5420117,2.447127,0.2157133,7.1631585e-12,204.45161,1.5779538e-08,8.959341e-09,3.3560454e-09,5.2294735e-10,7.5160295e-11,1.9388952e-12,2.41739e-15,3.0423798e-16
4FGL J1223.9-0545,185.9965,-5.7548,bcu,4.4182634,2.5991974,2.5219238,0.13563721,2.1194869e-12,23.572168,8.047291e-09,1.9869502e-09,8.831737e-10,9.3696655e-11,2.3814343e-11,2.140197e-12,1.058509e-15,8.436985e-15
4FGL J1224.1+2239,186.0348,22.6547,bll,7.7095265,1.9922575,2.0802078,-0.08715974,1.6202421e-12,13.11513,1.5298783e-10,7.116093e-09,2.8808939e-10,1.081121e-10,2.2298795e-11,1.25319755e-11,3.5402078e-12,1.7968918e-12
4FGL J1224.4+2436,186.1161,24.6142,bll,37.964783,1.9365667,1.8272492,0.058709886,1.0107062e-11,274.81433,3.9191364e-10,1.0570472e-09,1.856296e-09,6.8332223e-10,2.6299862e-10,5.78987e-11,2.9154148e-11,7.8565045e-12
4FGL J1224.7-8313,186.199,-83.2259,bcu,19.842422,2.5907762,2.5431056,0.07374638,8.871799e-12,71.22594,3.258626e-08,1.653047e-08,3.4160494e-09,5.035802e-10,6.3370066e-11,1.3040387e-11,4.766726e-17,2.8297147e-16
4FGL J1224.9+2122,186.2277,21.3814,FSRQ,205.53326,2.3341978,2.2703955,0.049738128,1.410096e-10,28289.098,3.0438844e-07,1.8277997e-07,5.0345243e-08,9.7714645e-09,2.0096484e-09,3.007741e-10,5.534166e-11,7.12184e-12
4FGL J1224.9+4334,186.2371,43.5691,bll,23.599022,2.3430388,2.2516906,0.07225171,5.1145043e-12,15.298928,1.1850439e-08,5.3400164e-09,1.9675948e-09,3.3106942e-10,9.2117064e-11,1.600268e-11,5.0103974e-21,3.599631e-16
4FGL J1225.0+0330,186.2519,3.5098,fsrq,15.313387,2.6255875,2.4772286,0.18254074,7.568229e-12,236.33784,8.620038e-08,1.0942588e-08,2.1243234e-09,5.1171756e-10,3.8492758e-11,4.0310984e-12,2.2417678e-12,2.480764e-16
4FGL J1225.3-3446,186.3491,-34.7813,bcu,7.214743,2.0739725,2.069601,-0.00048052988,1.698991e-12,18.8997,7.119454e-09,8.0926255e-12,5.259524e-10,8.607624e-11,2.9652888e-11,1.327263e-11,3.3540187e-12,1.0545146e-17
4FGL J1225.4-1550,186.3699,-15.847,bcu,2.8586173,1.6991763,1.4204427,0.38063055,5.260286e-13,16.83617,1.3817345e-14,7.4052404e-14,1.6995745e-11,5.025945e-14,1.0855434e-11,1.0569167e-11,1.6857951e-12,2.2840235e-18
4FGL J1225.5-2851,186.3922,-28.8625,bcu,6.5005455,2.4358857,2.267237,0.28322196,1.6755419e-12,31.82899,1.0705639e-08,2.3788829e-09,6.309357e-10,2.160571e-10,1.712147e-11,4.050164e-12,2.635531e-20,5.083281e-18
4FGL J1225.6-7313,186.408,-73.2323,bcu,11.462386,2.231963,2.2237155,0.02335293,4.5142887e-12,31.056759,7.3335744e-13,5.415868e-09,1.5985242e-09,2.2611982e-10,7.948473e-11,1.7953519e-11,6.111281e-12,7.1765264e-22
4FGL J1225.6-4937,186.414,-49.6176,bcu,10.728079,2.6819024,2.629393,0.246233,5.289137e-12,65.496506,2.6883344e-08,7.998717e-09,2.3996103e-09,3.6511463e-10,3.6589946e-11,1.1050172e-13,1.5465622e-14,3.8284627e-15
4FGL J1225.8-2941,186.465,-29.6971,bcu,4.497316,2.422546,2.3649068,0.078557655,1.835776e-12,24.44256,3.1395524e-12,1.3724135e-11,4.914523e-10,1.3283064e-10,2.3776488e-11,2.5600314e-12,3.6921686e-18,2.948964e-17
4FGL J1226.0+5622,186.5197,56.3669,bll,4.8992953,2.3702016,2.099185,0.19793299,1.000884e-12,25.579342,6.189791e-09,2.574311e-09,2.1473516e-10,6.597874e-11,1.7660212e-11,2.598501e-12,1.7525515e-15,1.0731122e-15
4FGL J1226.7+0637,186.6857,6.628,bll,10.099056,1.7214375,1.4935473,0.18299071,1.8478576e-12,27.96056,2.6024079e-11,3.5560409e-12,3.215089e-11,6.114536e-11,5.889377e-11,1.8732495e-11,7.479749e-12,1.8307484e-12
4FGL J1226.8-1329,186.7188,-13.494,bll,19.967072,2.0352788,1.9563596,0.079032734,6.7902203e-12,52.61299,1.6667661e-08,6.3353367e-09,8.523719e-10,5.07954e-10,1.4594814e-10,3.145402e-11,1.5413067e-11,3.3661116e-16
4FGL J1227.1-4437,186.7859,-44.6274,bll,6.9158916,1.9343784,1.8607019,0.06102041,1.4545718e-12,26.177143,3.8813246e-09,1.1137398e-09,2.0724689e-10,3.7137744e-11,4.419456e-11,9.304276e-12,7.52535e-12,2.947737e-17
4FGL J1227.8+6053,186.9749,60.8841,bcu,4.278662,2.1618044,2.2391372,-0.07495675,7.110415e-13,10.769219,9.177729e-11,3.2930776e-12,3.3134756e-10,2.973648e-11,1.4201992e-11,4.721584e-13,2.3293281e-12,1.021675e-15
4FGL J1228.3+7521,187.0827,75.3527,bcu,7.8933105,2.2100272,2.177297,0.031162715,1.3050503e-12,8.994577,5.2028626e-09,1.1915449e-09,2.671386e-10,9.2174934e-11,2.5519035e-11,4.2348286e-12,1.7228597e-12,5.4557986e-13
4FGL J1228.7+4858,187.1792,48.9827,fsrq,17.616346,2.5412245,2.4941368,0.14184977,4.4220725e-12,104.758415,1.7931624e-10,7.906375e-09,1.952943e-09,3.1072436e-10,3.2219956e-11,5.7165063e-12,5.0255606e-17,2.7278014e-15
4FGL J1228.7-0318,187.1926,-3.3148,bcu,12.866138,2.0561466,1.9922581,0.069372766,4.0451128e-12,24.630423,5.473461e-12,6.246017e-10,8.6784274e-10,2.5571564e-10,9.4467885e-11,2.4691122e-11,3.4636862e-12,8.0108436e-21
4FGL J1229.0+0202,187.2675,2.0454,FSRQ,135.40009,2.6942294,2.627619,0.100306995,9.756306e-11,8013.171,4.1052596e-07,2.0601978e-07,3.9294218e-08,4.4619437e-09,4.5107118e-10,3.487283e-11,1.8673962e-12,4.8718167e-18
4FGL J1229.1+5521,187.2977,55.352,bcu,6.159335,2.7239575,2.693356,0.048449986,1.6118596e-12,26.081636,8.613538e-10,1.6921144e-09,6.4569056e-10,6.3733095e-11,1.2738317e-11,2.8309076e-15,5.9462536e-18,8.691341e-18
4FGL J1229.7-5304,187.4442,-53.0704,bll,15.120987,2.1950264,2.2087178,-0.018765746,5.592749e-12,22.69214,1.4648423e-08,4.679258e-09,1.7211195e-09,3.3571346e-10,8.441154e-11,3.143973e-11,4.4771235e-12,2.915539e-12
4FGL J1230.2+2517,187.5599,25.2983,bll,110.65716,2.096061,2.0227857,0.046244703,4.472428e-11,2175.5264,5.2863047e-08,3.3732583e-08,1.1656048e-08,3.3005703e-09,1.0555069e-09,2.2696048e-10,3.6005973e-11,4.9272153e-12
4FGL J1230.9+3711,187.7401,37.187,bll,4.4562607,2.4275348,2.4698222,-0.091480345,1.0689695e-12,20.657162,1.3653392e-08,3.1250071e-09,4.223753e-10,2.677834e-11,2.5843973e-11,2.9514114e-16,2.9679033e-15,1.322244e-12
4FGL J1231.5+1421,187.8771,14.3532,bll,13.815763,1.8748127,1.8426987,0.021210494,3.2128987e-12,16.57148,5.272804e-13,3.5320589e-09,5.5619553e-10,1.272652e-10,7.6545985e-11,2.592166e-11,1.4908602e-11,1.9506014e-19
4FGL J1231.6+6415,187.9012,64.2535,bll,17.027428,1.8028169,1.6192435,0.10963898,2.3526185e-12,23.51247,5.186009e-12,4.855751e-10,1.653495e-10,1.2204956e-10,5.823898e-11,2.2373851e-11,1.34003e-11,5.504863e-16
4FGL J1231.7+2847,187.9349,28.7917,bll,53.16975,1.9674125,1.9061363,0.034673043,1.6478208e-11,324.8126,7.2668836e-11,8.2140375e-09,3.0055187e-09,1.0868682e-09,3.7143777e-10,1.4381649e-10,3.115743e-11,3.1351362e-12
4FGL J1232.5+4821,188.1309,48.3521,fsrq,18.081593,2.3497221,2.3184106,0.042622175,4.302773e-12,22.24418,8.197044e-09,5.8148886e-09,1.2676773e-09,2.7715819e-10,6.421183e-11,1.6585093e-11,1.2928956e-18,5.326226e-18
4FGL J1232.5-3720,188.1454,-37.3412,bcu,19.84554,1.9145088,1.8900765,0.021376375,5.2621466e-12,19.180946,9.870025e-09,2.1990034e-09,7.7778545e-10,2.920315e-10,1.1066865e-10,4.8243347e-11,1.2241354e-11,3.3878336e-12
4FGL J1233.1+1703,188.2816,17.0579,bll,8.988728,1.8394333,1.5234419,0.31489262,1.3961446e-12,22.861288,1.2097011e-11,3.610766e-14,1.667893e-10,6.653089e-11,5.923409e-11,1.6181027e-11,2.3105144e-12,8.2962684e-16
4FGL J1233.6+5027,188.4105,50.4606,bll,12.506087,2.202954,2.0294197,0.17651625,1.8811099e-12,16.7304,8.689809e-09,9.3830597e-14,5.8224614e-10,1.9255403e-10,4.8814768e-11,6.696453e-12,2.3382663e-12,1.4655918e-17
4FGL J1233.7-0144,188.4339,-1.7428,bll,27.82517,2.120001,2.1206126,-0.0004987871,1.0051756e-11,41.40534,2.9404678e-08,9.980047e-09,2.2763218e-09,6.634799e-10,1.883782e-10,5.4996303e-11,1.9306678e-11,7.8007255e-20
4FGL J1234.0-5735,188.5194,-57.5961,bcu,32.303253,2.009879,1.8643433,0.10828485,1.3597682e-11,29.506721,8.469912e-09,9.267889e-12,2.1528759e-09,1.0610643e-09,3.6960054e-10,1.2209642e-10,2.319079e-11,1.3337185e-12
4FGL J1234.2+2813,188.5695,28.2326,bll,4.758938,1.9165139,0.8508251,0.36595067,8.89125e-13,9.451197,2.2003845e-09,7.895071e-10,3.6700284e-10,4.3744963e-11,7.953175e-12,1.16450235e-11,3.6127913e-12,2.2129325e-17
4FGL J1234.7-0434,188.6886,-4.5669,bcu,6.440498,2.0600667,2.0575805,0.0035075916,1.7487625e-12,21.489452,5.0228165e-11,5.437135e-14,3.6854314e-10,1.2238627e-10,2.3698234e-11,1.3399742e-11,2.1408574e-12,1.8489116e-12
4FGL J1235.1-1405,188.7953,-14.0893,bll,7.343733,1.6425589,1.4196293,0.3338931,1.3195275e-12,23.192055,2.7885896e-09,1.2563764e-14,3.3304956e-15,1.0061778e-12,4.2351237e-11,1.443614e-11,7.533571e-12,8.02605e-18
4FGL J1236.3+3858,189.0894,38.9814,bll,13.174219,1.9755652,1.9612348,0.0134228915,2.5013177e-12,21.554848,1.1117602e-09,1.8281089e-15,5.503031e-10,1.5056376e-10,5.1141782e-11,1.6079662e-11,8.969077e-12,1.5122155e-12
4FGL J1237.0+3019,189.2534,30.319,bll,5.023595,1.5678886,1.0861179,0.3696907,6.7863445e-13,9.121277,1.734874e-13,3.000334e-11,1.5304675e-12,2.1852856e-11,1.6870368e-12,1.5359687e-11,5.597274e-12,1.0976645e-15
4FGL J1237.8+6256,189.457,62.9342,bll,7.5324726,1.9179682,1.8923409,0.019680414,1.0831356e-12,21.784407,3.0692358e-09,1.4709618e-09,1.3902011e-10,6.037149e-11,2.0193642e-11,8.649891e-12,4.7109595e-12,6.657797e-16
4FGL J1238.1-4541,189.5453,-45.6861,bll,13.902496,2.2802649,2.257231,0.05259751,4.9452174e-12,32.769787,1.3629541e-08,3.6078434e-09,1.7072109e-09,3.2090847e-10,7.6242554e-11,2.0012256e-11,1.125813e-16,8.1847897e-13
4FGL J1238.3-1959,189.5936,-19.9945,bll,23.37387,2.1388242,2.0168703,0.09334754,6.48807e-12,42.907066,5.4247216e-09,4.503657e-09,1.8170354e-09,5.4048654e-10,1.6413808e-10,1.549742e-11,1.3245769e-11,5.7491313e-16
4FGL J1238.5-1201,189.6253,-12.028,fsrq,20.269619,2.6443615,2.5426,0.09912764,8.417994e-12,171.66544,3.0844877e-08,1.4153297e-08,3.1449212e-09,5.1443166e-10,5.3452364e-11,2.785767e-12,2.5488437e-15,1.6716823e-15
4FGL J1239.4+0728,189.862,7.4709,bll,12.345967,2.2550757,2.0183456,0.20284094,2.5094584e-12,17.459507,1.2715401e-08,5.677853e-10,7.0216e-10,2.9828087e-10,5.3520546e-11,6.5977315e-12,4.8573532e-12,2.3013734e-18
4FGL J1239.5+0443,189.8854,4.7284,fsrq,106.846344,2.3719306,2.2308283,0.124266826,5.1132515e-11,2879.9973,5.384016e-08,6.496621e-08,2.030092e-08,4.0714605e-09,7.156725e-10,5.071897e-11,2.6742478e-12,6.320447e-16
4FGL J1239.5+4134,189.8934,41.5683,bll,5.293075,1.6924202,1.4154072,0.23830628,6.358003e-13,11.378216,6.4152426e-09,1.8643661e-13,6.360778e-11,1.272343e-11,1.5489278e-11,7.197583e-12,3.6577833e-12,2.4673736e-17
4FGL J1240.1-6846,190.0475,-68.7734,bcu,12.864968,2.3044486,2.2312093,0.12030513,4.680364e-12,13.36827,8.866094e-12,2.0773039e-09,1.6875505e-09,3.6579173e-10,1.1120065e-10,2.0440327e-11,1.5320844e-12,6.907261e-17
4FGL J1240.4-2606,190.111,-26.1155,bcu,7.3833475,2.2438338,2.0846584,0.1554037,2.4295555e-12,13.916736,7.4302746e-09,2.0249749e-09,5.189534e-10,1.5023317e-10,6.0308473e-11,6.8614723e-12,9.355643e-16,1.9940903e-16
4FGL J1240.4-7148,190.116,-71.8156,bcu,20.939856,1.858923,1.7915698,0.05588153,6.6085284e-12,42.294502,1.834274e-10,4.6092888e-10,1.254237e-09,2.721009e-10,1.3896545e-10,7.182499e-11,1.4836634e-11,3.783284e-12
4FGL J1241.3+4236,190.3411,42.606,bcu,7.362305,2.449092,2.4293904,0.028429046,1.7611552e-12,7.7959523,4.1642102e-13,3.170252e-09,6.6340006e-10,8.3779254e-11,2.2036177e-11,5.1975815e-12,1.0630296e-24,3.3750002e-13
4FGL J1241.5+3439,190.3993,34.6501,bll,9.127227,1.9068564,1.9060992,-0.002291757,1.6187245e-12,25.597736,9.64574e-10,1.290827e-09,3.3278133e-10,7.041192e-11,4.139879e-11,6.4526943e-12,5.8619264e-12,1.5686743e-12
4FGL J1241.6+3844,190.423,38.7469,bcu,4.272422,2.263842,1.9915695,0.22499536,9.75254e-13,15.3089075,9.272103e-09,2.5551996e-09,1.9066439e-10,5.892092e-11,2.9498713e-11,3.3426498e-16,2.866327e-14,9.529425e-16
4FGL J1241.8-1456,190.4502,-14.9376,bll,16.012419,1.8972638,1.6532282,0.20122613,3.197604e-12,22.259287,1.4085258e-13,2.9198373e-11,7.332758e-11,2.289983e-10,1.3351634e-10,2.2234204e-11,1.0159056e-11,9.601737e-16
4FGL J1241.9+0636,190.4906,6.6031,bll,6.27151,2.05043,1.8959471,0.09063313,1.3916932e-12,19.446077,4.079307e-08,9.186641e-10,5.4130367e-10,4.1783448e-11,3.5048926e-11,1.229089e-11,3.065071e-16,2.5945676e-18
4FGL J1242.6+7635,190.666,76.5856,bll,4.749827,1.8283241,1.815083,0.1359775,6.5911095e-13,11.773239,2.7887297e-11,1.9196487e-14,1.9692828e-13,5.4330363e-11,1.5102029e-11,1.8991137e-12,3.7071886e-12,1.8018371e-12
4FGL J1242.9+7315,190.7454,73.2609,bll,12.310832,1.9046837,1.8708569,0.0253918,1.7980754e-12,13.82131,1.5053991e-12,2.4972808e-09,1.56988e-10,1.16242946e-10,4.3522904e-11,9.039907e-12,6.7239595e-12,1.0665588e-12
4FGL J1243.0+3950,190.7656,39.8337,bcu,6.1970167,2.5981665,2.5322013,0.16055048,1.7781425e-12,25.645285,2.5941913e-10,2.0888347e-09,8.64891e-10,1.0071612e-10,1.9217902e-11,1.1882558e-16,2.7327121e-17,7.6924497e-13
4FGL J1243.2+3627,190.8116,36.4585,bll,78.55666,1.7799168,1.65427,0.062483083,2.6008664e-11,23.957422,4.7471893e-10,5.6447145e-09,2.9552947e-09,1.2874569e-09,7.2065837e-10,2.5269567e-10,9.425661e-11,7.39067e-12
4FGL J1243.9-0218,190.9845,-2.3082,bcu,17.922335,2.2606888,2.0505064,0.16828452,4.262303e-12,167.92624,2.136727e-08,4.2059547e-09,1.3048536e-09,4.1072262e-10,1.1869791e-10,1.063803e-11,2.337305e-19,1.4078573e-17
4FGL J1244.2-4956,191.0558,-49.9437,bcu,11.02473,2.4168427,2.415387,-0.0027012916,4.774526e-12,27.187515,2.1688061e-08,7.2742674e-09,1.6115975e-09,2.420993e-10,6.5428093e-11,1.0392874e-11,4.1399943e-12,8.0681153e-16
4FGL J1244.5+1616,191.1361,16.2803,bll,10.054165,2.096197,2.0988572,-0.0017729469,2.3797344e-12,19.55555,6.558791e-11,6.7919205e-13,7.4857287e-10,1.5551556e-10,3.942866e-11,1.8434391e-11,2.2483456e-12,1.716167e-12
4FGL J1245.1+5709,191.2883,57.158,bll,21.628801,2.0589812,1.8975381,0.092477866,3.1883003e-12,27.324976,4.489596e-09,9.848163e-10,7.56471e-10,2.1220742e-10,9.8340155e-11,2.6376493e-11,2.500107e-12,7.971493e-18
4FGL J1245.8+0232,191.4748,2.5422,bll,12.347789,2.313153,2.052399,0.36004925,2.6239941e-12,23.000277,3.37051e-09,4.8605553e-10,9.0176094e-10,3.5892958e-10,6.724835e-11,3.6201762e-12,4.0097558e-16,3.823044e-15
4FGL J1246.3+0112,191.5786,1.2166,bll,5.0016165,2.230859,1.9952226,0.19530259,1.4146014e-12,25.221634,1.335052e-08,1.9197564e-09,2.6397065e-10,9.037285e-11,3.2571387e-11,5.7554317e-12,2.9630597e-16,1.6885165e-16
4FGL J1246.7-2548,191.6887,-25.8018,fsrq,124.39673,2.308917,2.2163336,0.114164606,7.2088904e-11,2025.3252,1.1808667e-07,8.286716e-08,2.7758166e-08,5.8927974e-09,1.1178187e-09,1.6000137e-10,3.90453e-12,1.7928049e-16
4FGL J1247.0+4421,191.7715,44.3554,bll,16.277449,1.8012052,1.5687233,0.14369173,2.7248978e-12,20.088968,1.9461637e-09,2.174996e-12,1.841018e-10,1.4431975e-10,8.1636635e-11,2.7215785e-11,1.2340574e-11,5.620515e-17
4FGL J1248.3+5820,192.0844,58.3432,bll,145.04639,1.9210632,1.8510432,0.039807443,5.3393647e-11,192.85674,2.8055265e-08,2.4590355e-08,9.678315e-09,3.2723488e-09,1.4090106e-09,3.9865314e-10,1.27202e-10,7.6657795e-12
4FGL J1248.7+5127,192.1805,51.463,bll,9.930592,2.1182399,2.096263,0.023233835,1.6939024e-12,16.95681,1.0303509e-10,1.6965701e-09,3.643091e-10,1.0374249e-10,4.0083045e-11,6.480158e-12,2.4976245e-12,1.5352532e-12
4FGL J1248.9+4840,192.2443,48.67,bcu,9.200367,2.5117319,2.509633,0.0022657386,2.1110847e-12,54.64855,1.7353674e-08,3.2068133e-09,6.5860756e-10,1.1101402e-10,2.7519119e-11,2.732091e-12,1.7379627e-17,3.831797e-16
4FGL J1249.2-2809,192.3186,-28.1501,bcu,18.893606,2.0469732,2.0384521,0.0075286156,5.4191946e-12,25.781391,1.9752692e-08,3.6785324e-09,1.3555518e-09,2.4070265e-10,1.2752442e-10,4.3442163e-11,1.0509854e-11,1.9230188e-16
4FGL J1249.3-0545,192.3264,-5.7621,bcu,21.050684,1.997897,1.8327171,0.1044046,5.526911e-12,57.74905,1.6834338e-10,6.9929806e-10,1.1915879e-09,3.591148e-10,1.761152e-10,3.9015506e-11,8.704162e-12,1.9537065e-12
4FGL J1249.8+3707,192.4598,37.1306,bll,18.050306,1.8074852,1.5587435,0.12944928,3.19249e-12,43.341057,6.542865e-10,7.662824e-12,2.64375e-10,1.4972476e-10,1.0744357e-10,3.122037e-11,1.08251585e-11,4.811558e-13
4FGL J1250.2+3157,192.5535,31.9582,bll,5.1411114,1.7169174,1.5324033,0.28827503,6.9943725e-13,9.455412,7.9567304e-13,5.4644084e-10,6.446411e-13,1.8344217e-11,2.993363e-11,2.9092835e-12,5.1865573e-12,2.198809e-16
4FGL J1250.6+0217,192.6513,2.2876,bll,15.851638,2.0191512,1.9828267,0.03963688,4.5512366e-12,15.48685,7.9268425e-11,2.6720546e-09,1.125133e-09,2.4547664e-10,1.05355176e-10,2.5987984e-11,9.9032145e-12,5.1467034e-13
4FGL J1250.8+3117,192.7218,31.2858,bcu,14.48303,2.1780298,1.9721781,0.18497692,2.3509714e-12,34.477665,9.6923846e-14,5.192656e-12,7.3389295e-10,2.4615457e-10,6.009402e-11,1.1023687e-11,3.249197e-17,1.1930595e-16
4FGL J1251.2+1039,192.821,10.6536,bll,8.149824,2.1138248,1.953925,0.1706316,1.9618708e-12,24.911856,8.245249e-10,1.9197702e-10,3.6351475e-10,1.4726317e-10,4.6903675e-11,4.4118455e-12,1.7764366e-12,1.1593894e-19
4FGL J1251.3-0201,192.836,-2.0271,bcu,21.211464,2.1664708,1.9880744,0.15313774,4.961795e-12,124.44089,6.1003785e-11,1.2469639e-09,1.5685558e-09,4.916862e-10,1.15528406e-10,1.7908747e-11,3.723326e-12,1.1264904e-16
4FGL J1251.3-1719,192.837,-17.321,fsrq,4.5222645,3.1042466,3.069409,0.056577943,2.5915038e-12,21.241653,2.7218832e-08,7.242912e-09,8.763724e-10,6.599854e-11,1.5164404e-17,6.7989223e-13,3.81575e-17,4.2811103e-17
4FGL J1252.8-3321,193.2202,-33.3564,fsrq,5.2463613,2.2061536,2.1600366,0.12093198,1.7057298e-12,20.205025,4.086044e-10,7.907886e-12,2.7684918e-10,1.8138581e-10,2.5974292e-11,1.5691292e-12,3.0123631e-12,3.3484052e-18
4FGL J1253.2+5301,193.3067,53.0173,bll,101.98539,2.0503438,1.9510546,0.08830943,3.2326603e-11,137.72334,2.0930555e-08,1.8432196e-08,8.216898e-09,2.6813847e-09,8.337249e-10,1.7418376e-10,3.872399e-11,3.0118505e-12
4FGL J1253.5-3934,193.3983,-39.567,bll,7.5306134,1.6766874,1.5408473,0.32431144,1.1730592e-12,20.469414,1.3643526e-08,2.277096e-09,5.3010164e-19,1.8600448e-11,1.8900147e-11,2.1489439e-11,4.842021e-12,4.729072e-21
4FGL J1253.8+0327,193.4531,3.4507,bll,25.450785,2.0198915,1.9697278,0.050002165,8.2121514e-12,21.453985,2.7421334e-11,3.4553729e-09,1.596168e-09,5.7277905e-10,1.6357375e-10,4.740836e-11,1.3277118e-11,6.1793046e-13
4FGL J1253.8+6242,193.4666,62.7052,bll,28.29541,1.9281639,1.7933387,0.0834586,4.605816e-12,58.028778,5.5169503e-13,1.1645994e-09,7.9915463e-10,3.08693e-10,1.3295182e-10,3.3671836e-11,1.0231077e-11,1.1100774e-12
4FGL J1253.8+2929,193.468,29.4977,bcu,4.5077133,2.0253997,1.9727987,0.027823023,9.112267e-13,16.51236,1.5263928e-12,1.8326153e-09,2.0303005e-10,3.7868788e-11,2.23114e-11,6.397794e-12,1.4531809e-12,7.0491375e-20
4FGL J1254.2-2205,193.5521,-22.0872,bcu,11.7275715,2.2217875,2.1756494,0.079425186,4.129839e-12,46.467136,5.5453184e-09,4.584064e-09,1.1423542e-09,2.7820388e-10,7.311119e-11,1.7710606e-11,1.1314566e-12,6.990141e-13
4FGL J1254.5+2210,193.637,22.1808,bll,22.536194,2.0297465,1.9734266,0.042055413,5.605369e-12,40.62872,2.1455786e-08,4.7281654e-09,8.7120755e-10,3.2935654e-10,1.6088761e-10,2.807096e-11,9.84543e-12,5.2628382e-18
4FGL J1254.9-7141,193.7267,-71.6931,bcu,8.375783,2.5185843,2.4975827,0.12083954,4.2431735e-12,166.6429,2.3244842e-08,9.021741e-09,1.4600992e-09,2.3783484e-10,4.6905056e-11,3.7342256e-12,1.48123e-12,2.604276e-17
4FGL J1254.9-4426,193.728,-44.4441,bll,10.329673,2.4482226,2.4208887,0.035712402,3.990924e-12,12.963315,7.750085e-09,5.0645332e-09,1.1977993e-09,2.5959693e-10,3.5513863e-11,1.3777604e-11,1.8721039e-16,3.5398136e-17
4FGL J1254.9+1138,193.7334,11.6495,fsrq,9.8728,2.7645328,2.739444,0.09931463,4.0788605e-12,48.628914,5.0906506e-09,8.389299e-09,1.7336778e-09,1.4407817e-10,1.4187612e-11,5.153617e-12,6.8988526e-18,1.5667984e-12
4FGL J1256.1-5919,194.0333,-59.3198,bcu,14.725992,2.1035404,2.0842009,0.0200043,6.995856e-12,17.750338,1.6829904e-09,3.990968e-09,1.94827e-09,3.9988052e-10,1.2474458e-10,4.547311e-11,1.4084064e-11,2.8242805e-16
4FGL J1256.1-0547,194.0415,-5.7887,FSRQ,319.28165,2.2933886,2.305319,0.07806632,4.2302525e-10,33299.414,7.2142427e-07,5.0543736e-07,1.5557958e-07,3.1948616e-08,7.065787e-09,8.5218105e-10,1.0149242e-10,8.413892e-12
4FGL J1256.2-1146,194.0632,-11.7755,bll,26.823055,1.9677166,1.9551036,0.012612161,8.307174e-12,18.407162,1.3510566e-08,4.2887898e-09,1.3661235e-09,5.6689103e-10,1.5285767e-10,6.1711435e-11,1.8015336e-11,6.5670425e-12
4FGL J1257.2+3646,194.3103,36.7706,bll,25.64081,2.0025105,1.8063506,0.12929694,4.749065e-12,40.85648,4.6900395e-09,1.9293847e-09,9.235316e-10,3.7584055e-10,1.6554697e-10,2.5683825e-11,5.480407e-12,2.1929398e-12
4FGL J1257.6+2413,194.4191,24.2199,bll,6.095923,1.8552307,1.84606,0.035465684,1.0214735e-12,8.019527,1.4794648e-09,7.758356e-10,5.570614e-12,8.2482694e-11,1.193242e-11,9.357032e-12,5.7933606e-12,1.0638958e-12
4FGL J1257.8+3228,194.4728,32.4721,fsrq,48.383648,2.3221056,2.2131612,0.107726924,1.2718755e-11,487.68988,1.1736172e-09,1.521928e-08,4.576278e-09,1.0812823e-09,2.1238632e-10,2.2212048e-11,1.6166935e-12,3.6640144e-16
4FGL J1258.3+6121,194.5879,61.3622,bll,10.52666,1.9302814,1.7490416,0.1747315,1.1981484e-12,15.450371,1.3682123e-12,3.6587906e-15,8.53884e-11,1.0676994e-10,3.9236548e-11,9.618209e-12,2.3124105e-12,6.156244e-17
4FGL J1258.6-1759,194.6635,-17.9958,fsrq,28.150171,2.3816195,2.2165205,0.15104489,9.478634e-12,300.6071,1.2174838e-09,8.776499e-09,3.991592e-09,7.4386003e-10,1.6842787e-10,1.2655018e-11,8.2589584e-17,2.0610456e-16
4FGL J1258.7-0452,194.6847,-4.8675,bll,8.093704,1.7971176,1.5626706,0.2028679,1.833274e-12,20.428722,2.4010296e-08,1.7159667e-10,9.872842e-14,7.219647e-11,5.975318e-11,2.4848613e-11,3.7133413e-12,1.9151224e-12
4FGL J1258.7+5143,194.6946,51.7182,bcu,8.045225,2.3140087,2.3371105,-0.06561417,1.66268e-12,12.497134,1.1382559e-09,5.2022386e-09,5.600387e-10,9.3582746e-11,2.194243e-11,2.0011159e-12,9.0687565e-13,2.0035859e-12
4FGL J1258.8-2219,194.7172,-22.3257,fsrq,40.925606,2.3889074,2.3415835,0.09030005,1.9457264e-11,597.97644,5.0308477e-09,2.358698e-08,7.386737e-09,1.4846532e-09,2.7053274e-10,3.6052907e-11,5.170051e-12,6.9986335e-17
4FGL J1259.1-2311,194.7798,-23.1925,bll,24.28387,2.0484798,2.027035,0.01980216,9.1562894e-12,107.45541,3.523194e-08,6.5265024e-09,2.190511e-09,5.1137516e-10,1.9692535e-10,5.4717713e-11,2.0138786e-11,3.3849555e-12
4FGL J1259.5+2332,194.8872,23.5491,bcu,4.464665,2.806695,2.82785,-0.040004067,1.8532886e-12,11.070178,9.382232e-09,3.7393315e-09,5.1353843e-10,8.772818e-11,1.2102008e-11,5.384694e-13,3.9729307e-16,1.6242349e-16
4FGL J1259.7-3223,194.9449,-32.3898,bll,24.284006,2.377465,2.243978,0.1768276,8.652716e-12,206.69276,1.2201189e-08,8.281693e-09,3.5759022e-09,7.8787704e-10,1.368704e-10,1.6536232e-11,9.845169e-16,1.7871029e-17
4FGL J1259.8-3749,194.9646,-37.8234,bll,20.795622,2.1047919,2.0903056,0.0134336995,6.7158423e-12,33.74701,5.4618994e-09,4.210101e-09,1.4511629e-09,4.6480886e-10,1.2016207e-10,3.5096773e-11,1.0805434e-11,1.2109382e-21
4FGL J1300.0+1753,195.0153,17.8988,bll,6.929888,2.4936497,2.4812796,0.01218655,2.2135768e-12,15.895531,1.3340625e-08,2.0409998e-09,7.08721e-10,1.4593474e-10,2.3406211e-11,2.8827006e-13,1.6439624e-12,1.5885397e-15
4FGL J1300.3+5353,195.0868,53.899,bll,4.088537,2.5034962,2.3088162,0.3515113,1.1094835e-12,13.152541,3.7809604e-12,2.7634302e-09,3.391623e-10,8.710704e-11,9.552616e-12,1.0826144e-17,1.2597848e-14,1.5065227e-17
4FGL J1300.4+1416,195.1195,14.2701,fsrq,19.57476,2.6671178,2.5452955,0.13122983,6.8424537e-12,57.543976,3.5946513e-08,1.5355818e-08,2.870964e-09,2.9606573e-10,4.9849576e-11,6.5454794e-12,5.415837e-18,5.100617e-15
4FGL J1301.5+4413,195.3982,44.2279,bll,9.361639,2.1003387,2.118571,-0.016301926,1.723536e-12,35.06902,7.5479205e-09,1.0126745e-09,4.9971005e-10,7.57013e-11,4.1972908e-11,7.189634e-12,5.2255925e-12,3.8030686e-16
4FGL J1301.6+4056,195.4014,40.9484,bll,10.097314,1.9320467,1.7739582,0.15645401,1.4274879e-12,24.08216,1.4428466e-11,2.7106922e-15,1.2861538e-10,1.3440123e-10,3.817165e-11,9.7874165e-12,5.9202725e-12,1.3106069e-15
4FGL J1301.6+3336,195.4176,33.6097,fsrq,10.918812,2.550726,2.4917529,0.103808105,2.950408e-12,48.139313,2.993093e-08,4.2860773e-09,1.0292845e-09,1.6787077e-10,3.4126143e-11,1.0919875e-15,1.0379388e-12,1.2368433e-16
4FGL J1302.3+6901,195.5882,69.033,bcu,7.7903104,2.6750576,2.629216,0.14360738,1.7954164e-12,32.038548,3.0727645e-12,5.475169e-09,6.250785e-10,9.052185e-11,8.899853e-12,1.4538816e-12,4.176258e-13,1.2063687e-16
4FGL J1302.7+4750,195.687,47.8495,bll,3.953756,2.563531,2.6156533,-0.04136676,1.0607525e-12,14.8452,3.7208678e-09,3.8240433e-09,2.1091867e-10,5.408523e-11,1.4048953e-11,3.4360368e-12,3.3708155e-16,4.9359315e-16
4FGL J1302.8+5748,195.7209,57.8146,bll,18.177162,2.2562432,2.2600534,-0.0033690496,3.459073e-12,48.862644,3.519065e-09,4.228228e-09,8.0582596e-10,2.3831206e-10,6.134122e-11,1.6556406e-11,4.2696347e-17,2.5024053e-16
4FGL J1303.0+2434,195.7571,24.5821,bll,53.966095,2.1823254,2.0875568,0.06831212,1.5476682e-11,308.94333,2.6956425e-11,1.2085992e-08,4.771917e-09,1.2215582e-09,3.4197858e-10,6.468041e-11,5.1788665e-12,1.6917401e-12
4FGL J1303.6-4622,195.9238,-46.3675,fsrq,13.270989,2.174991,2.0229158,0.17214769,3.2682166e-12,71.445465,4.757614e-12,7.8203743e-10,8.3596124e-10,3.6140863e-10,8.4588385e-11,1.3773389e-11,1.3373658e-12,2.211634e-18
4FGL J1304.0-5539,196.0049,-55.6515,bcu,7.399993,2.7341459,2.8084462,0.17852955,6.2712405e-12,29.521414,2.6723672e-08,7.62352e-09,2.691246e-09,1.9941654e-10,3.855245e-11,1.0325342e-12,5.4217404e-16,3.340715e-12
4FGL J1304.0+3704,196.0075,37.071,bll,9.489102,2.4602015,2.4186587,0.08797043,2.5545679e-12,24.829752,1.1197994e-10,3.7972e-09,8.4539786e-10,1.4909109e-10,4.4148726e-11,1.6197902e-12,2.1890487e-15,7.1105003e-13
4FGL J1304.2-2412,196.0517,-24.2103,bll,22.684422,2.02378,1.8981978,0.07733805,6.675468e-12,45.85022,9.447152e-11,3.2147616e-09,1.2627466e-09,4.4770535e-10,1.9774567e-10,4.7142408e-11,1.3828931e-11,2.7559847e-16
4FGL J1304.3-4353,196.0883,-43.8957,bll,56.070625,1.8875777,1.7592171,0.07349358,2.3027578e-11,123.69128,6.5396334e-11,8.613872e-09,3.306356e-09,1.4688754e-09,6.000381e-10,2.0174591e-10,8.0005794e-11,4.555202e-12
4FGL J1304.6-0348,196.1718,-3.8139,fsrq,2.8616226,2.203844,2.0898309,0.32106078,9.596444e-13,23.625904,4.0318318e-09,3.3121502e-14,1.1595402e-10,9.8859046e-11,1.4526844e-11,2.7176477e-12,1.2530579e-16,6.587391e-16
4FGL J1304.9-2107,196.2262,-21.1311,bcu,10.60228,2.2908502,2.2772427,0.026176998,3.860144e-12,5.69166,4.1571327e-15,3.5344354e-09,1.3493245e-09,2.2239528e-10,6.115828e-11,2.0339504e-11,3.611131e-16,1.9447779e-16
4FGL J1305.6+7853,196.4126,78.8923,bll,18.139769,2.2182148,2.1606193,0.06664238,3.668861e-12,18.599182,4.3175437e-12,2.901843e-09,1.0016601e-09,2.430046e-10,6.8365036e-11,1.3430472e-11,1.0582002e-12,1.33621e-13
4FGL J1305.9+3858,196.4776,38.9759,bll,4.721614,2.2032075,2.1812608,0.14076215,1.012921e-12,14.784183,7.258129e-13,2.7985255e-15,2.73931e-10,9.29394e-11,1.342184e-11,2.8305784e-16,2.8992507e-12,2.850441e-17
4FGL J1306.5+1926,196.6291,19.4391,bcu,4.2804785,2.8327515,2.8962488,-0.1281249,1.6844805e-12,6.388157,1.0413698e-11,4.3722266e-09,6.057596e-10,6.3403844e-12,8.447008e-12,3.562922e-12,2.4541035e-12,1.1571542e-16
4FGL J1307.1-0344,196.7818,-3.7498,bcu,5.6448727,1.9302909,1.730679,0.22500929,1.3102334e-12,20.179787,6.742918e-10,9.0368085e-10,2.5707025e-10,4.7321782e-11,3.407138e-11,1.5683281e-11,2.0696123e-17,3.7238684e-16
4FGL J1307.6-4259,196.9096,-42.995,bll,46.387486,1.9173187,1.8862579,0.027250787,1.887992e-11,33.33905,1.9419879e-08,3.4120393e-09,3.1526164e-09,1.0500261e-09,4.249972e-10,1.3413459e-10,6.296495e-11,7.486462e-12
4FGL J1308.1-3801,197.0294,-38.0178,bcu,5.0450897,1.8127,1.7267324,0.058582265,1.0554601e-12,10.24524,1.0353634e-10,1.1296464e-09,2.3432262e-10,8.944157e-12,3.6823437e-11,4.692511e-12,3.2609063e-12,1.5862328e-12
4FGL J1308.4-6706,197.1104,-67.1081,bcu,17.820942,2.360241,2.2649999,0.12956095,8.607359e-12,146.371,3.1967186e-11,6.6572534e-09,2.8934486e-09,8.29526e-10,1.4423872e-10,3.0133895e-11,1.2046299e-12,2.5191297e-16
4FGL J1308.5+3547,197.1286,35.7918,fsrq,43.740093,2.326867,2.191435,0.143892,1.0496531e-11,428.00034,1.8336113e-08,1.0471794e-08,4.2186907e-09,9.190806e-10,1.5849866e-10,1.7619727e-11,3.769037e-12,3.5230133e-16
4FGL J1309.4+4305,197.3626,43.085,bll,57.85807,1.903544,1.761471,0.0843765,1.4408864e-11,37.51726,1.9832995e-09,4.265914e-09,2.2685378e-09,1.0532316e-09,4.0567816e-10,1.1865783e-10,2.3146828e-11,2.9645798e-12
4FGL J1309.6+3718,197.4205,37.3098,bcu,6.4002914,1.8704851,1.8755548,-0.023935087,9.381718e-13,10.569662,8.3303026e-13,1.5728948e-13,1.2783698e-10,7.525257e-11,1.2529335e-11,4.6760282e-12,4.815911e-12,1.3956862e-12
4FGL J1309.7+1153,197.4377,11.8969,bll,19.134396,2.2007716,2.1426935,0.06889599,5.91113e-12,13.151998,1.3056325e-10,4.04333e-09,1.467527e-09,4.2453924e-10,1.2099388e-10,2.0207069e-11,8.487919e-13,2.9497683e-13
4FGL J1310.1-0450,197.5428,-4.8433,bcu,4.4267797,2.5081215,2.4936721,0.023203058,1.8270557e-12,24.962225,2.1187086e-12,7.608577e-09,5.4229243e-10,6.2825634e-11,2.8909344e-11,6.3239388e-12,3.203256e-16,1.1094424e-15
4FGL J1310.2-1158,197.5732,-11.9734,bll,15.775237,2.0147722,1.9841458,0.03196818,4.219761e-12,15.346813,1.7343854e-08,2.855558e-10,8.801026e-10,2.876822e-10,7.7002814e-11,2.5236195e-11,1.0631005e-11,1.7788436e-12
4FGL J1310.5+3221,197.6324,32.3547,fsrq,53.728268,2.2304716,2.2534835,0.12462923,4.1071056e-11,1684.0481,6.552587e-08,4.0245144e-08,1.3599935e-08,3.7163985e-09,8.686958e-10,1.1767838e-10,7.300677e-12,4.8736034e-19
4FGL J1310.6+2449,197.6525,24.8323,bll,13.469993,2.0045798,2.010354,-0.006729235,2.7295976e-12,14.9176,1.7127952e-08,3.2727765e-09,3.8086326e-10,1.7060175e-10,7.737701e-11,3.1822893e-12,3.121701e-12,4.9807177e-12
4FGL J1310.7-5553,197.6837,-55.8867,bcu,6.110724,2.7290182,2.643635,0.38133675,3.5073559e-12,87.43603,3.1328578e-09,8.903759e-09,1.4172515e-09,3.1478076e-10,2.3530034e-11,1.8997831e-13,1.2954419e-16,1.2694239e-16
4FGL J1310.9+5514,197.7291,55.2497,fsrq,12.800064,2.4974372,2.4842212,0.014525969,2.8557172e-12,23.936155,8.368056e-09,5.581551e-09,8.453375e-10,1.677915e-10,3.6648098e-11,4.9485043e-12,1.2374386e-15,2.6132422e-16
4FGL J1311.0+0034,197.751,0.5675,bll,13.438408,2.1036727,2.1098492,-0.012192135,4.479067e-12,15.595428,2.5557756e-09,2.5381037e-09,1.0358585e-09,2.7460648e-10,8.300716e-11,2.7135228e-11,1.1373466e-11,9.543005e-18
4FGL J1311.0+3233,197.7598,32.5565,fsrq,11.452998,2.474828,2.4620721,0.042901136,1.1247728e-11,100.71825,2.5116837e-11,1.0484847e-08,4.403662e-09,6.708213e-10,1.460933e-10,1.8225175e-11,1.8265478e-12,5.9658163e-19
4FGL J1311.8+3954,197.9598,39.901,bll,6.534822,1.9473654,1.9125823,0.0361689,1.0230597e-12,7.67999,1.1087474e-11,5.603426e-10,3.126024e-10,3.6278675e-11,1.7810465e-11,1.0436194e-11,3.6625026e-12,1.8625576e-17
4FGL J1311.8+2057,197.9666,20.9585,bcu,1.2873206,2.8391178,2.9015985,-0.102323204,8.655459e-13,18.161648,1.1426113e-08,1.8210152e-09,6.4957345e-11,6.708821e-13,1.8156627e-11,8.876597e-15,1.1122554e-16,3.4691878e-16
4FGL J1312.4-2156,198.1108,-21.938,bll,48.61807,2.0475585,1.8848132,0.112670496,1.716672e-11,296.28748,2.100837e-10,8.28216e-09,3.8571337e-09,1.4103798e-09,5.355022e-10,1.04356e-10,1.4066234e-11,1.5431158e-14
4FGL J1312.6-1900,198.1587,-19.0164,bcu,6.5185122,1.9670595,1.9630045,0.013119773,1.7961397e-12,14.796287,4.8445547e-13,4.9565757e-10,1.8287806e-10,1.4588182e-10,2.9548804e-11,8.143553e-12,5.669987e-12,2.1094656e-12
4FGL J1312.6+4828,198.1694,48.4701,bcu,64.32451,2.1656723,2.0883598,0.05487099,1.6713034e-11,4167.9434,2.211984e-08,1.345389e-08,4.9403033e-09,1.2808447e-09,3.653415e-10,5.876361e-11,2.0325623e-11,8.1831324e-17
4FGL J1312.8-2350,198.2043,-23.8456,bll,22.006552,1.8617494,1.7952954,0.054370943,7.2393927e-12,13.384459,6.9253203e-09,3.229851e-09,7.755395e-10,3.6242526e-10,1.5706483e-10,7.405762e-11,2.0578919e-11,3.309058e-12
4FGL J1312.8-0425,198.217,-4.4196,fsrq,49.87276,2.3714254,2.2811348,0.16286384,1.882122e-11,714.39404,1.5808416e-08,1.6723238e-08,8.0255225e-09,1.6065124e-09,2.5645258e-10,3.124347e-11,1.7121787e-12,4.1565925e-17
4FGL J1313.6+0159,198.4232,1.9936,bll,4.689617,2.5687497,2.5196407,0.058032032,1.9301342e-12,14.993507,8.38076e-11,3.0844975e-09,6.0682015e-10,8.2274645e-11,3.1700885e-11,7.499922e-15,5.302309e-16,4.0504886e-20
4FGL J1314.7-0901,198.6865,-9.0322,bcu,5.8188605,1.9099958,1.8107337,0.08529013,1.3034287e-12,23.91477,3.1997825e-12,8.640304e-15,2.7526104e-10,6.1669427e-11,2.7480363e-11,1.3071469e-11,2.5068311e-12,1.2097057e-15
4FGL J1314.7+2348,198.6879,23.8124,bll,46.23556,2.0288045,1.8811011,0.089806095,1.1427092e-11,45.948143,1.9155165e-11,5.8196243e-09,2.506757e-09,9.191365e-10,3.1068817e-10,8.202672e-11,8.5492655e-12,1.3185162e-12
4FGL J1315.0-4236,198.7678,-42.6113,bll,18.640816,1.79355,1.7529926,0.035261706,5.3552245e-12,24.56916,2.9231904e-08,3.029785e-09,7.88001e-10,2.6674776e-10,8.841957e-11,5.6585136e-11,1.861179e-11,6.021799e-12
4FGL J1315.1-5333,198.7978,-53.5649,bll,31.434862,2.4331331,2.4026637,0.098746695,1.9668704e-11,388.41278,2.4356787e-08,2.0791196e-08,6.8317916e-09,1.5574793e-09,2.8363945e-10,3.9099227e-11,5.149645e-12,5.319194e-16
4FGL J1315.4+8453,198.8673,84.8871,bcu,6.4256916,2.5491796,2.548966,0.0007451258,2.065031e-12,13.803203,5.2508067e-11,5.005115e-09,6.0489724e-10,9.992404e-11,2.3318158e-11,3.440429e-12,4.1677446e-17,7.393229e-16
4FGL J1315.5+1135,198.891,11.593,bll,11.936917,1.8230778,1.5930575,0.16906162,2.3003869e-12,16.355095,8.3506125e-14,1.4465202e-09,9.4803596e-11,1.1123017e-10,6.94797e-11,3.073111e-11,6.3891804e-12,8.6336125e-13
4FGL J1315.9-0732,198.9866,-7.546,bll,19.536144,1.9595366,1.7747338,0.13736954,4.4760406e-12,76.69957,4.5825546e-10,5.9846456e-10,5.4943716e-10,3.9336404e-10,1.2819074e-10,4.032281e-11,8.481772e-12,1.6050313e-16
4FGL J1315.9-6349c,198.9926,-63.8294,bcu,6.3556333,2.401291,2.3972192,-0.017103685,8.693127e-12,19.689184,1.3833102e-09,1.0077231e-08,1.5261108e-09,5.1824783e-10,1.2950156e-10,1.2631794e-11,9.339543e-16,2.2977052e-12
4FGL J1316.1-3338,199.0252,-33.6365,fsrq,58.689003,2.2830305,2.209505,0.05941992,2.6933643e-11,926.08124,3.898693e-08,2.5230761e-08,9.44933e-09,2.0174464e-09,4.610455e-10,8.069801e-11,2.3025052e-11,1.0340226e-15
4FGL J1316.5+3013,199.1447,30.2261,bcu,4.755066,2.0964923,1.6995912,0.2714451,8.920282e-13,6.2097955,5.8298726e-09,1.6648403e-09,1.450043e-10,2.6536794e-11,3.078139e-11,6.781418e-12,3.446573e-16,4.99596e-17
4FGL J1316.7+2054,199.1905,20.9098,bcu,4.502608,2.1990342,2.3139253,-0.07640146,1.0162926e-12,17.627243,1.5339682e-10,2.1511248e-09,2.8219685e-10,3.132746e-11,1.8819673e-11,7.637447e-12,1.4952427e-12,2.192148e-17
4FGL J1317.1+6613,199.2822,66.222,bcu,6.0205,2.5474372,2.5475152,-0.006436759,1.3924018e-12,11.802333,1.3008988e-10,1.4193e-09,5.880558e-10,6.53443e-11,7.506605e-12,1.2910867e-12,1.7741983e-12,1.8390834e-15
4FGL J1317.6+3428,199.4008,34.4676,fsrq,18.09879,2.5097764,2.4687886,0.08331982,4.8597545e-12,168.92148,2.1722884e-11,7.823788e-09,1.7087405e-09,2.7653727e-10,5.6672878e-11,1.439007e-12,2.4162015e-15,1.9259227e-15
4FGL J1317.6+7450,199.4106,74.8383,bcu,7.148808,2.2865133,2.1789074,0.12456448,1.2504171e-12,12.307836,7.5799744e-10,1.3438206e-09,3.0545455e-10,1.0233154e-10,1.7189389e-11,2.8819644e-12,1.1475494e-12,3.8720382e-18
4FGL J1318.1-1740,199.5372,-17.6777,bcu,7.1221895,2.28816,2.2201009,0.12311133,2.4502603e-12,13.974768,1.4968986e-08,1.2446216e-10,9.789185e-10,1.3509306e-10,4.2848787e-11,7.89254e-12,8.225664e-17,2.2327642e-15
4FGL J1318.2+6754,199.5558,67.9152,bcu,10.682149,2.2264342,2.1231987,0.12869853,1.7232669e-12,109.70626,8.893916e-14,1.6633519e-09,5.09726e-10,8.651855e-11,4.9062605e-11,1.8817194e-12,3.893828e-15,8.679291e-17
4FGL J1318.7-1234,199.6936,-12.581,bcu,20.69414,2.114072,2.016238,0.07741153,5.7250407e-12,23.585546,8.067777e-12,4.117711e-09,1.5091132e-09,4.5865306e-10,1.3776082e-10,3.355144e-11,3.1821557e-12,9.59894e-18
4FGL J1319.5-0045,199.8773,-0.7613,bcu,11.467649,2.451514,2.2789075,0.3134977,2.8769647e-12,52.37973,4.0353604e-13,4.2516684e-09,1.4292473e-09,2.3728125e-10,4.614465e-11,1.1397124e-15,6.5619374e-18,1.4803161e-16
4FGL J1319.5+1404,199.8979,14.0708,bll,11.62936,2.043677,2.009425,0.023518454,2.6846086e-12,23.944456,4.2896495e-09,3.9803054e-09,2.4051977e-10,1.5820344e-10,6.08844e-11,2.4234096e-11,1.7221739e-12,1.5127188e-12
4FGL J1319.8+7759,199.9658,77.9882,bll,20.716648,2.048988,2.0547194,-0.006413752,3.787932e-12,37.78152,1.582277e-08,2.3459514e-09,1.0317802e-09,2.066603e-10,6.5819336e-11,2.6936484e-11,1.0466286e-11,1.5194904e-17
4FGL J1320.7+3314,200.1854,33.2378,fsrq,7.2356906,2.5721748,2.5288827,0.13028865,2.1546343e-12,43.93731,3.287345e-08,7.3354394e-09,6.920567e-10,1.3153216e-10,7.849781e-12,4.571301e-12,3.3423425e-16,6.756899e-13
4FGL J1321.1+2216,200.2958,22.2808,fsrq,57.50342,2.3549514,2.2779803,0.07148285,1.968002e-11,401.66907,3.2655745e-08,2.5018142e-08,7.001236e-09,1.4885683e-09,2.979054e-10,4.652544e-11,1.6821784e-12,3.617999e-16
4FGL J1321.3-2641,200.3318,-26.6996,fsrq,6.6907496,2.6511555,2.6780047,-0.109575756,2.795611e-12,13.216164,2.0832726e-08,5.423318e-09,9.459316e-10,6.034819e-11,3.0939237e-11,3.7504427e-12,3.9899794e-12,9.43749e-15
4FGL J1321.9+3219,200.4801,32.3313,bll,9.452888,2.293594,2.2750103,0.027667642,2.464778e-12,39.930077,4.0224557e-10,8.467639e-10,7.8702833e-10,1.5276097e-10,3.7402217e-11,3.0980012e-12,5.1064066e-12,3.3658207e-16
4FGL J1322.0+8317,200.5015,83.2845,fsrq,10.235977,2.4277453,2.2658954,0.14266083,2.1015854e-12,122.159485,8.10236e-09,3.1342309e-09,7.791673e-10,1.6654077e-10,4.2503348e-11,3.2478148e-12,1.3345774e-16,4.8714225e-17
4FGL J1322.0-5921,200.5183,-59.3571,bcu,4.2692966,2.2635038,2.0073156,0.18402113,2.7633245e-12,9.098207,1.1635857e-10,1.9312699e-11,6.773553e-10,1.4136396e-10,5.403718e-11,1.3729864e-11,4.1425817e-17,6.4309484e-13
4FGL J1322.2+0842,200.551,8.7036,fsrq,11.242344,2.2338274,2.1994722,0.029802943,3.1400336e-12,43.295536,1.149929e-08,3.5651682e-09,7.3380785e-10,1.8743071e-10,7.7805554e-11,4.8083837e-12,1.4925928e-17,1.861363e-12
4FGL J1322.3-0606,200.5867,-6.1057,bcu,13.016311,2.0566282,1.8133497,0.23140243,2.3714958e-12,16.45992,3.3127727e-09,4.1253487e-11,4.708979e-10,2.338647e-10,8.244468e-11,2.2247383e-11,5.0646146e-15,2.9981303e-16
4FGL J1322.6-0936,200.6637,-9.6075,fsrq,22.635855,2.6313777,2.4964445,0.11613491,8.465895e-12,480.37164,2.0343283e-08,1.4400711e-08,3.6392018e-09,4.498224e-10,5.4220628e-11,5.990229e-12,1.4389149e-12,2.7153998e-15
4FGL J1322.6-1418,200.6681,-14.3078,bcu,5.4171233,1.9818671,1.8720084,0.19716115,1.3014276e-12,5.7163053,8.324584e-12,1.6332488e-14,1.5373866e-10,7.6445524e-11,3.766313e-11,8.23947e-12,1.2576154e-12,1.6398461e-16
4FGL J1322.6-1617,200.6738,-16.2904,bcu,7.7267118,2.072732,1.9359384,0.17094816,1.9480676e-12,19.354538,1.599308e-10,3.0348957e-09,2.7857408e-10,1.2240253e-10,5.319984e-11,1.0226594e-11,1.7717695e-14,1.2966012e-15
4FGL J1322.9+0437,200.7372,4.6308,bll,8.754776,1.8923378,1.6566639,0.389271,1.2366882e-12,17.127642,5.552938e-09,2.7036241e-11,1.0511084e-12,8.250235e-11,6.9962446e-11,9.8485395e-12,5.3687344e-13,8.798924e-17
4FGL J1323.0+2941,200.7616,29.6871,bcu,45.2201,2.180966,2.1189375,0.05088302,1.3226118e-11,24.33059,6.295191e-09,1.2479976e-08,3.972789e-09,9.886802e-10,2.707589e-10,5.957454e-11,8.091991e-12,4.3685317e-17
4FGL J1323.9+1405,200.9762,14.0871,bll,20.233543,1.8851346,1.6576797,0.1420295,4.5140814e-12,28.378096,2.1568337e-12,9.217419e-10,5.2307314e-10,2.5571098e-10,1.5988612e-10,4.3836917e-11,1.2538373e-11,7.932461e-17
4FGL J1324.9+4748,201.2398,47.8086,fsrq,13.004804,2.6717002,2.640257,0.062901415,3.9659153e-12,104.331505,2.136258e-08,5.384686e-09,1.3782434e-09,1.9268241e-10,2.6342829e-11,6.1372944e-13,5.4457797e-16,1.779576e-16
4FGL J1325.3+6621,201.3416,66.3574,bll,4.6056347,1.9860713,1.9362085,0.05428566,6.256714e-13,9.870865,6.0187085e-12,4.940878e-10,1.9126026e-10,2.657639e-11,1.165671e-11,4.589915e-12,2.9739698e-12,6.9371194e-16
4FGL J1325.6-0227,201.4144,-2.4552,bll,6.43094,1.8969495,1.8016742,0.300829,1.0191766e-12,16.915752,3.4673795e-14,3.475594e-14,3.30899e-11,7.701512e-11,5.0318905e-11,6.946666e-12,1.08712325e-16,4.0165952e-20
4FGL J1326.1-6800,201.5352,-68.0014,bcu,6.334782,2.7149239,2.8827496,0.4654617,4.30316e-12,8.0625725,6.220308e-10,3.125344e-09,2.1774125e-09,2.913323e-10,3.5729013e-12,3.6124647e-12,2.3308405e-15,2.581983e-15
4FGL J1326.1+2933,201.538,29.5529,bll,8.781392,2.014101,1.9234512,0.09151863,1.775749e-12,22.273104,5.5191676e-12,1.3499638e-11,3.9516018e-10,9.774294e-11,4.5604277e-11,1.1460759e-11,1.6828493e-12,1.0546045e-16
4FGL J1326.1+1232,201.5493,12.5348,bll,5.3083944,2.000544,1.6542354,0.26147312,1.1213288e-12,13.281428,7.888395e-15,9.870145e-13,1.5375151e-10,4.9212075e-11,2.8880327e-11,1.1718834e-11,1.9368174e-17,1.7769457e-18
4FGL J1326.2+4115,201.559,41.2593,bll,9.986667,2.452916,2.4363234,0.030774849,2.185851e-12,29.963697,3.4574241e-09,3.6907788e-09,5.5871896e-10,1.5130505e-10,2.864665e-11,6.910878e-16,8.087032e-17,1.3977971e-12
4FGL J1326.6+0152,201.6598,1.8798,bcu,4.923274,1.8999202,1.8429233,0.06461848,1.0403494e-12,26.455376,3.0542526e-12,1.0046155e-09,2.4271715e-10,2.6712951e-11,3.3686675e-11,6.395141e-12,2.8333993e-12,1.786726e-19
4FGL J1326.7-0503,201.6993,-5.0629,fsrq,4.611136,1.7616585,1.7057935,0.040181402,7.724844e-13,10.151956,1.14140225e-10,5.0432634e-13,1.8009824e-10,2.5816795e-11,1.4938365e-11,7.1245657e-12,2.2243203e-12,1.7798845e-12
4FGL J1326.8-5256,201.7201,-52.9376,bll,46.341568,2.3238049,2.1979156,0.11721762,2.4011584e-11,483.15335,2.5047498e-08,2.3744088e-08,8.037487e-09,2.1400366e-09,4.7346493e-10,5.3905765e-11,5.4083634e-12,9.94871e-13
4FGL J1326.9+2210,201.7295,22.1732,fsrq,32.574963,2.4758856,2.4001272,0.14282298,1.1469991e-11,304.1554,2.1199394e-08,1.7488846e-08,5.233505e-09,8.957783e-10,1.3648538e-10,1.2774245e-11,1.6477926e-12,1.2439093e-15
4FGL J1327.0+3154,201.7683,31.9013,bcu,4.4791355,2.2047007,2.2073057,-0.03083931,9.999613e-13,17.909376,2.4546414e-09,2.7894398e-09,3.5180375e-10,5.3705373e-11,1.20763035e-11,8.685011e-12,9.776131e-13,2.0997384e-17
4FGL J1327.8+2522,201.9546,25.3822,bll,4.562377,1.9032706,1.7341783,0.09790167,9.042747e-13,14.659719,8.8395895e-09,6.7935146e-10,1.01362904e-10,4.8368864e-11,1.6217385e-11,1.1760017e-11,3.0397698e-12,1.2517945e-20
4FGL J1328.5-4727,202.1342,-47.4613,bll,19.904634,1.971746,1.929226,0.056207787,8.1177e-12,20.464535,8.6656565e-10,5.947487e-09,1.473353e-09,4.9529975e-10,1.6420128e-10,5.830148e-11,2.5534207e-11,4.40641e-16
4FGL J1328.6+1145,202.1667,11.7627,bll,8.40855,1.7424585,1.5068398,0.18945856,1.5751096e-12,17.230825,1.6757613e-13,2.8155795e-13,2.0501993e-10,6.617308e-11,1.9716895e-11,1.9070969e-11,1.0365207e-11,5.525282e-16
4FGL J1329.0-5607,202.2672,-56.1186,bll,54.115337,2.4575326,2.3555543,0.13574462,3.65115e-11,1163.9688,3.3681054e-08,4.7096865e-08,1.43991725e-08,2.951303e-09,4.9268706e-10,4.2733234e-11,5.7020846e-12,3.0187198e-16
4FGL J1329.4-0530,202.3738,-5.506,bcu,12.335046,2.4270368,2.1864161,0.351458,2.8249746e-12,12.425121,3.6411017e-12,3.862659e-12,9.0238295e-10,3.6742298e-10,7.434507e-11,4.9535796e-12,2.046688e-15,6.5155484e-16
4FGL J1330.2-7003,202.5616,-70.0586,bcu,37.442696,2.4710271,2.3646946,0.1379386,1.8194071e-11,1070.7053,3.733869e-08,2.5189212e-08,7.587281e-09,1.3593752e-09,2.3289548e-10,2.8998132e-11,1.8271315e-16,3.9780423e-18
4FGL J1330.2+7002,202.5727,70.0406,bll,20.73729,1.9038603,1.7444268,0.09906639,2.9748248e-12,35.76321,1.2368997e-08,2.570374e-10,4.0587322e-10,1.9229325e-10,8.6845496e-11,2.6161035e-11,9.517735e-12,4.1638782e-16
4FGL J1330.3+4441,202.5793,44.6877,bll,16.878498,2.0356743,1.7382019,0.21658932,2.3060293e-12,15.756438,7.970125e-09,5.59164e-10,3.564482e-10,2.369689e-10,8.148554e-11,1.5167968e-11,2.5587865e-12,1.09280935e-16
4FGL J1330.4+3157,202.6002,31.963,bll,4.536393,2.51879,2.5097158,0.11751001,1.3180547e-12,17.529263,4.8536664e-11,2.0911042e-10,5.20072e-10,3.8752383e-11,2.7690432e-11,6.1555033e-16,3.8387634e-16,2.5540009e-17
4FGL J1330.4+2416,202.612,24.2727,bll,4.9916368,2.390276,2.438783,-0.052595105,1.2220496e-12,9.5393305,8.998951e-11,1.9923512e-09,2.3864946e-10,7.560783e-11,2.1194794e-11,4.2318447e-14,2.291444e-12,1.3381873e-18
4FGL J1330.7+5200,202.6823,52.0136,bcu,18.962942,2.3624585,2.3211696,0.06442965,4.2932914e-12,34.23989,2.255265e-08,5.343365e-09,1.3588602e-09,2.8584116e-10,6.223792e-11,9.941732e-12,1.3002504e-17,2.6234618e-18
4FGL J1330.7+2933,202.6935,29.5536,bcu,10.825977,2.4746165,2.5281954,0.2770365,2.3423906e-12,92.45223,9.3110615e-12,1.0624626e-09,1.1870892e-09,2.0918324e-10,2.1267035e-11,3.0899415e-12,1.5391536e-12,3.0085147e-16
4FGL J1331.0+5653,202.7577,56.894,bll,9.951668,1.9511815,1.8768011,0.035877816,1.4912687e-12,16.50634,1.1186663e-08,2.6086533e-09,2.39995e-10,5.5877896e-11,4.1524e-11,1.1243876e-11,6.555061e-12,7.3768265e-17
4FGL J1331.2-1325,202.8192,-13.4282,bll,12.031047,2.499354,2.4727714,0.1737565,4.85492e-12,64.76431,1.2980645e-12,2.6789746e-09,2.1053361e-09,4.5929877e-10,5.5032586e-11,8.452086e-12,4.0421614e-16,1.2320176e-15
4FGL J1331.6+1711,202.9052,17.1837,bll,13.401303,2.3085186,2.2996936,0.014493874,3.740547e-12,25.932312,1.123284e-08,5.4984186e-09,8.960958e-10,2.2992865e-10,7.551737e-11,8.89594e-12,3.7401826e-12,4.7068615e-16
4FGL J1331.7-0343,202.9373,-3.7244,fsrq,8.266056,2.8274927,2.4630651,0.41587326,2.579592e-12,54.47987,1.7669143e-08,3.241898e-09,1.2565143e-09,2.490668e-10,2.9694322e-14,1.2479324e-15,6.5874636e-16,1.6977118e-17
4FGL J1331.7-0647,202.945,-6.7948,bcu,8.852115,1.9532138,1.7053256,0.27722687,1.5294036e-12,31.002314,8.236299e-13,3.932445e-15,8.561227e-11,1.4597336e-10,5.7543383e-11,1.2914379e-11,1.6196845e-12,3.4053553e-17
4FGL J1332.0-0509,203.0196,-5.1611,fsrq,55.11693,2.5386086,2.4946508,0.14647071,3.137322e-11,2504.6572,6.7213335e-08,4.9913904e-08,1.3799318e-08,2.080974e-09,1.8929745e-10,2.3486517e-11,5.2849976e-18,9.472098e-19
4FGL J1332.2+4722,203.0595,47.3728,fsrq,7.4884744,2.6459036,2.5799856,0.11696064,2.6495947e-12,47.627502,1.3950319e-12,2.0301822e-09,9.618273e-10,1.4592574e-10,1.9227238e-11,1.1393734e-12,4.3821514e-16,1.7520319e-16
4FGL J1332.6-1256,203.1543,-12.9436,fsrq,54.645515,2.42967,2.4356601,0.11015692,3.2256996e-11,983.5234,1.05182764e-07,4.8754945e-08,1.278826e-08,2.4036462e-09,4.0893006e-10,4.581238e-11,1.4547879e-12,1.06063025e-17
4FGL J1333.0-6626,203.2648,-66.4387,bcu,5.7090526,2.7035794,2.6489875,0.24942291,4.2664067e-12,27.960173,1.2394536e-12,3.4839744e-09,2.044025e-09,2.9413513e-10,4.3347922e-11,2.2704204e-17,3.4747366e-17,7.559543e-18
4FGL J1333.2+2725,203.3227,27.4221,fsrq,19.957851,2.3859675,2.3605087,0.03652107,5.220673e-12,62.782467,8.83382e-09,8.080381e-09,1.5982997e-09,3.4521053e-10,7.589881e-11,9.921053e-12,1.8012589e-12,9.002245e-23
4FGL J1333.7+5056,203.4395,50.9366,fsrq,36.61208,2.3209982,2.213317,0.12738268,7.9683595e-12,338.2986,8.36686e-09,7.369408e-09,3.103803e-09,6.6880673e-10,1.4903069e-10,1.6923461e-11,1.9348758e-16,3.1816008e-19
4FGL J1334.1-3521,203.5496,-35.354,bcu,5.368637,1.7628108,1.7355579,0.03258546,1.1106342e-12,11.59914,1.4641377e-12,2.5709473e-17,5.395774e-11,4.4972057e-11,3.0006695e-11,8.0666454e-12,4.1998714e-12,1.2157739e-12
4FGL J1334.5+5634,203.6377,56.5723,fsrq,6.199592,2.351099,2.3486438,-0.033495694,1.2267534e-12,21.232367,2.8298502e-10,3.504611e-13,4.4285056e-10,7.704867e-11,1.476298e-11,2.3415258e-12,2.7695361e-12,1.5735675e-17
4FGL J1335.3-2949,203.8475,-29.8295,bll,16.854095,1.8989221,1.8606261,0.043020606,4.8143173e-12,46.837624,1.7843922e-09,1.8269418e-13,8.2859086e-10,2.4462612e-10,1.2826341e-10,3.2474495e-11,1.0369814e-11,9.712311e-15
4FGL J1336.2+2107,204.0507,21.1204,bll,6.4126706,1.981005,1.7651709,0.16662979,1.4648378e-12,9.279198,5.7326856e-12,4.862497e-10,9.920553e-14,5.4388157e-11,5.6036422e-11,5.5368206e-12,3.5922944e-12,1.54001e-16
4FGL J1336.2+2320,204.051,23.3349,bll,9.387276,2.0459697,1.673732,0.3131314,1.230755e-12,21.53434,7.834177e-09,7.817635e-10,1.3735638e-10,1.03201815e-10,6.517053e-11,7.757557e-12,7.768443e-18,1.237026e-18
4FGL J1336.2+2053,204.0663,20.8834,bcu,4.0252934,2.0490537,1.5403887,0.33718625,9.931979e-13,10.515319,1.4867541e-11,2.1826638e-09,4.3505197e-10,2.2343474e-11,2.6608764e-11,1.1771457e-11,4.2515442e-16,1.0446016e-17
4FGL J1336.5-1529,204.1488,-15.4921,bcu,15.001639,2.249832,2.2223895,0.051224723,4.978991e-12,281.48257,2.3953459e-12,3.5949632e-09,1.4226976e-09,3.5689907e-10,7.740231e-11,1.7688786e-11,8.103152e-13,1.6021531e-12
4FGL J1337.4+5502,204.3668,55.0418,fsrq,5.857494,2.6500027,2.6402326,-0.036515575,1.6572391e-12,31.327307,8.677699e-09,4.1976373e-09,7.60186e-10,4.117441e-11,1.3400455e-11,5.3298125e-12,5.1972207e-13,2.6580446e-19
4FGL J1337.5-7802,204.3858,-78.045,bcu,10.250198,2.1507654,2.0638344,0.10492193,3.0349666e-12,6.14318,1.2391984e-08,3.4018774e-09,6.2639466e-10,1.5438338e-10,8.817667e-11,1.0653474e-11,5.510631e-13,3.8701038e-13
4FGL J1337.6-1257,204.424,-12.9517,fsrq,54.45285,2.3685026,2.2678459,0.09776237,2.4877574e-11,478.15622,1.06757545e-08,2.829231e-08,9.578174e-09,1.927774e-09,3.6179304e-10,5.279823e-11,6.9369787e-13,3.415514e-12
4FGL J1337.9-1956,204.4883,-19.945,bcu,5.7048717,2.5245368,2.5063877,0.07202178,2.4001187e-12,31.961351,2.749162e-09,6.2657484e-09,6.47122e-10,1.3344896e-10,2.8737374e-11,3.6064344e-12,8.737253e-16,1.3338902e-15
4FGL J1338.0+6534,204.5156,65.5696,fsrq,7.9063706,2.6539972,2.5758173,0.23527405,1.6454503e-12,59.500298,1.722658e-08,1.4490044e-09,6.488784e-10,1.3278889e-10,1.5513786e-11,9.894844e-20,5.3637633e-15,3.0009649e-15
4FGL J1338.1-0931,204.5312,-9.5174,bcu,4.4087186,1.87968,1.9283876,0.13107729,9.215635e-13,12.228985,7.822631e-14,1.2402568e-15,7.994226e-15,1.1165972e-10,1.2355068e-11,5.9978307e-12,3.6004305e-12,3.3241768e-17
4FGL J1338.9+1153,204.7323,11.8956,bll,16.886013,1.950942,1.9077556,0.037826423,4.4899384e-12,36.885937,1.0228596e-08,1.4287157e-09,9.127415e-10,2.2367976e-10,9.874062e-11,4.3550774e-11,4.916238e-12,1.5617778e-12
4FGL J1339.0-2400,204.7563,-24.0085,bcu,23.49335,2.3052566,2.2203522,0.070096985,7.8915485e-12,67.34149,1.7459811e-08,7.1219173e-09,2.6065758e-09,6.1311883e-10,1.562543e-10,1.5033317e-11,1.7379271e-12,1.8049366e-12
4FGL J1339.1-2620,204.7991,-26.3351,fsrq,14.435664,2.3242745,2.3046796,0.027703594,4.7873025e-12,157.6319,1.4366495e-15,7.176428e-09,1.3744875e-09,2.9885025e-10,7.617442e-11,1.498251e-11,3.382684e-12,4.3846001e-16
4FGL J1339.9-0138,204.9756,-1.6378,fsrq,11.31873,2.3958144,2.162987,0.4918398,2.2047355e-12,61.953583,1.0469418e-09,4.769891e-10,1.1026413e-09,2.5655014e-10,4.8843565e-11,1.5164906e-22,2.6991002e-23,5.2942866e-22
4FGL J1340.0-1501,205.0211,-15.0265,bcu,5.9254527,1.9238455,1.8327975,0.1449049,1.2047559e-12,12.019589,6.9325834e-12,7.9247904e-13,2.0029428e-10,6.041098e-11,2.4098171e-11,1.2362115e-11,2.8466676e-12,3.0449882e-16
4FGL J1340.1+3857,205.0427,38.9623,bcu,7.068578,2.5364563,2.443775,0.16361855,1.7763285e-12,41.102886,4.08343e-12,3.3704122e-09,5.853272e-10,9.083098e-11,2.3430617e-11,2.5906254e-14,7.023577e-17,2.4177993e-18
4FGL J1340.4+6926,205.1099,69.4446,bcu,12.294093,2.5586634,2.5477068,0.079879336,2.7896687e-12,162.74739,4.0707764e-15,4.3062203e-09,1.2159939e-09,1.13268485e-10,3.406046e-11,1.2305052e-12,2.162786e-15,1.4033428e-12
4FGL J1340.5+4409,205.1468,44.161,bll,12.710141,1.7391205,1.6546733,0.08265921,2.088838e-12,17.650894,1.357219e-08,1.2382221e-09,1.3200657e-10,8.394708e-11,4.560781e-11,1.910422e-11,7.673427e-12,4.9995715e-12
4FGL J1340.8-0409,205.2171,-4.1612,bll,13.167476,2.018339,1.9678901,0.060495436,3.7008673e-12,23.165783,1.2565439e-09,2.6051468e-12,7.553486e-10,2.578737e-10,8.10221e-11,1.8224602e-11,6.3105736e-12,1.645436e-17
4FGL J1341.1+7433,205.2751,74.5637,bcu,5.1629777,2.0165415,2.0104113,0.055321146,6.289182e-13,16.963163,8.573605e-09,9.476128e-14,1.06501745e-10,5.3656097e-11,1.2449294e-11,1.1215477e-12,3.677126e-12,4.1176116e-18
4FGL J1341.2+3958,205.3209,39.9738,bll,14.4230795,1.7908467,1.7969304,-0.0030053102,2.7475073e-12,13.797968,5.118472e-11,5.6872446e-10,4.7164384e-10,1.1227758e-10,4.9189194e-11,2.6637838e-11,1.1822649e-11,5.7164442e-12
4FGL J1341.6+5515,205.4087,55.254,bll,3.7734776,2.1235821,2.019295,0.20256141,6.8622863e-13,17.675142,3.9890635e-10,1.8902112e-13,1.488944e-11,6.5840375e-11,1.7348529e-11,1.0258246e-12,1.2692316e-12,1.3336036e-19
4FGL J1341.7-3907,205.4326,-39.1223,bcu,7.66099,1.9897165,1.933049,0.04664892,1.9206362e-12,28.426208,6.1041866e-11,4.2124013e-10,3.6039044e-10,7.170029e-11,5.2082644e-11,1.2151028e-11,4.203284e-12,5.5339055e-16
4FGL J1341.8-2053,205.461,-20.8901,fsrq,9.400273,2.6786008,2.6492808,0.11903191,4.6640296e-12,143.22412,1.7844792e-08,8.458264e-09,1.7054524e-09,2.4007232e-10,2.5966153e-11,2.4165732e-12,9.499054e-15,5.5460123e-16
4FGL J1342.6+0944,205.6712,9.735,fsrq,12.902141,2.027239,1.9831657,0.03711533,3.2468973e-12,24.682428,4.8942465e-12,2.4339843e-09,6.5141786e-10,1.9479121e-10,7.335854e-11,2.3993085e-11,5.2035494e-12,1.3752001e-16
4FGL J1342.7+0505,205.6851,5.0904,bll,11.729274,2.2018874,2.2163947,-0.019453013,3.2869276e-12,8.24763,8.909439e-09,4.215025e-09,1.0066474e-09,1.793047e-10,6.468554e-11,2.271888e-12,1.0183168e-11,1.4485746e-12
4FGL J1343.6+5755,205.9118,57.9178,fsrq,4.6248903,2.5514631,2.5270395,0.047195673,1.0639368e-12,20.54349,3.2668919e-09,2.2743005e-09,2.8808378e-10,7.49445e-11,8.943625e-12,5.676412e-13,6.7976904e-22,4.4240693e-17
4FGL J1344.0+6605,206.0145,66.0974,fsrq,16.000544,2.4733422,2.4620562,0.032424178,3.6833874e-12,49.707504,4.844412e-09,6.9556645e-09,1.3306182e-09,2.0602688e-10,4.007692e-11,5.9232844e-12,1.1463259e-12,9.716863e-13
4FGL J1344.1-7700,206.0362,-77.0136,bcu,7.519431,2.5687869,2.5766273,0.12715256,3.6932597e-12,6.638344,7.718926e-12,1.7399022e-09,1.4800557e-09,2.3071e-10,1.7512287e-11,7.7262285e-12,7.207313e-13,2.0387876e-15
4FGL J1344.2-1723,206.0601,-17.3978,fsrq,44.361946,2.2025344,2.0659602,0.12918459,1.5870322e-11,539.0701,1.5252036e-08,1.2967562e-08,5.1629043e-09,1.3992542e-09,3.9254214e-10,6.443037e-11,1.7887119e-15,1.2729995e-16
4FGL J1344.4-3656,206.1246,-36.9335,bcu,12.260479,2.1554904,2.1375191,0.019465236,3.720007e-12,23.9227,2.3555174e-08,4.8643978e-09,9.765253e-10,2.7179844e-10,6.5987486e-11,1.3234992e-11,6.810276e-12,1.4928745e-12
4FGL J1345.5+4453,206.394,44.8844,fsrq,170.95378,2.2773924,2.1688616,0.091188245,7.9896166e-11,7749.624,1.2006268e-07,8.9736346e-08,2.9533227e-08,6.313982e-09,1.3616193e-09,1.5870388e-10,9.2266975e-12,3.66945e-15
4FGL J1345.6-3356,206.4085,-33.9453,bll,15.104293,2.1317616,2.1411877,-0.010649362,4.566504e-12,74.446144,2.5865025e-16,4.6758095e-09,1.157242e-09,2.9987954e-10,6.707423e-11,2.9630964e-11,5.159082e-12,1.676512e-12
4FGL J1345.8+0706,206.4648,7.1072,fsrq,23.825872,2.4643939,2.4450037,0.03778861,8.957042e-12,234.32568,2.8482944e-08,1.1706846e-08,3.0030636e-09,5.5410104e-10,9.633602e-11,8.466208e-12,4.0061995e-12,1.4592811e-15
4FGL J1346.3+7227,206.5988,72.4612,bcu,5.174455,2.322686,2.2280574,0.1293787,9.513122e-13,21.46786,2.144792e-11,2.5149047e-09,2.4516703e-10,5.765935e-11,1.8976555e-11,5.8638007e-13,8.044862e-13,3.9949786e-17
4FGL J1347.1-2959,206.7789,-29.984,bll,16.374716,1.945641,1.8805755,0.07910074,4.420088e-12,22.360785,4.49565e-11,1.7806892e-09,6.8874295e-10,2.5279603e-10,1.14238924e-10,2.521409e-11,1.1928571e-11,8.999345e-16
4FGL J1347.4+7309,206.8557,73.1545,bcu,4.9962883,2.8718674,2.8639865,0.09926729,1.6925608e-12,12.952372,2.9553437e-09,2.492281e-09,7.008233e-10,4.1622573e-11,1.1309224e-11,9.5933926e-17,9.978285e-18,1.2658706e-16
4FGL J1347.6-3751,206.9135,-37.8633,fsrq,19.268732,2.3520925,2.2131133,0.15295866,5.880155e-12,67.81818,1.6021168e-09,2.7571094e-09,2.351997e-09,5.3026666e-10,1.074568e-10,9.8164185e-12,3.1186774e-20,4.4003173e-17
4FGL J1347.9-0618,206.9929,-6.3013,bcu,4.372519,2.1370764,2.2028642,0.5349373,6.7869885e-13,16.512922,4.5623448e-14,8.47148e-15,5.8390126e-11,1.4358578e-10,1.6581412e-11,7.813576e-16,9.506491e-20,1.9357631e-17
4FGL J1348.9+0756,207.2452,7.9449,bll,9.638933,1.971622,1.9878886,-0.021199178,2.010579e-12,16.79524,4.4907637e-12,2.7750704e-09,3.974447e-10,1.3756044e-10,2.4734997e-11,1.3006009e-11,9.265314e-12,1.8524405e-12
4FGL J1349.5-7153,207.3767,-71.8837,bcu,8.59216,2.5238273,2.521791,-0.03555776,4.4236633e-12,4.3044434,3.299558e-08,6.456131e-09,2.0785278e-09,1.4786077e-10,3.6919454e-11,1.245764e-11,2.3481312e-12,1.3543613e-12
4FGL J1349.5-1131,207.3869,-11.5188,fsrq,25.732422,2.5055227,2.3823583,0.12768255,1.0098175e-11,547.86163,4.078478e-08,1.40580685e-08,4.188795e-09,7.2237333e-10,9.375856e-11,7.535979e-12,2.5487901e-17,1.7786564e-17
4FGL J1350.8+3033,207.7148,30.5588,fsrq,29.236506,2.3838456,2.3025708,0.105008595,7.2587526e-12,364.19058,1.1874656e-08,8.205078e-09,2.8437823e-09,5.373308e-10,1.1547491e-10,1.0109661e-11,1.6326792e-12,5.8058298e-18
4FGL J1351.0+0029,207.757,0.4873,fsrq,7.10505,2.380818,2.2289612,0.18090549,2.2453458e-12,120.49198,1.3791502e-08,2.6333546e-09,7.286956e-10,1.320027e-10,4.2460084e-11,7.962663e-16,1.3353135e-17,5.4083387e-16
4FGL J1351.3+1115,207.8434,11.2502,bll,30.810917,1.8791645,1.7375745,0.08154488,8.2325076e-12,28.785751,6.519761e-09,1.3685161e-09,1.1946224e-09,5.143985e-10,2.142749e-10,8.007127e-11,2.3005568e-11,1.3856904e-16
4FGL J1351.4-1529,207.8542,-15.4836,bll,12.641013,2.1597335,2.1657481,-0.008325557,4.1295504e-12,24.489243,2.191455e-09,4.9543285e-09,1.1459732e-09,2.1537777e-10,8.625702e-11,2.1136513e-11,4.2371367e-12,7.8571445e-17
4FGL J1351.7-2912,207.9425,-29.2106,bcu,13.734294,2.435885,2.4109123,0.092220366,5.305266e-12,76.54916,1.19768915e-08,6.0446625e-09,1.8683546e-09,3.281454e-10,5.6575356e-11,3.0808492e-12,4.7107474e-12,2.1314038e-12
4FGL J1351.7+5542,207.9483,55.7108,bll,9.3787775,2.1724145,1.7966157,0.40534586,9.561567e-13,29.07174,2.9718907e-09,8.925711e-10,7.776529e-14,1.196645e-10,4.4160564e-11,6.596723e-12,6.2636726e-16,5.64561e-18
4FGL J1351.9+2847,207.9959,28.7964,bll,6.695766,2.0477338,1.9629679,0.084560096,1.183909e-12,19.372,7.93454e-09,3.1342848e-14,2.5154082e-10,6.412238e-11,3.5940154e-11,4.8412554e-12,1.7067151e-12,4.853735e-16
4FGL J1352.7-2742,208.1904,-27.7052,bcu,9.570908,2.6677933,2.8059208,0.13149518,5.4458356e-12,67.99654,1.20113155e-08,1.2672317e-08,1.9484578e-09,3.0586278e-10,3.1757725e-11,3.1562279e-12,6.845413e-14,7.122749e-16
4FGL J1353.0-4413,208.2566,-44.226,bll,21.324442,2.2474163,2.2024145,0.060637232,7.98634e-12,35.94305,4.340383e-08,4.777464e-09,2.4241684e-09,5.2655447e-10,1.4282893e-10,3.103062e-11,2.0045283e-12,4.828408e-17
4FGL J1353.2+3740,208.3049,37.682,bll,9.849373,2.0250642,1.9191028,0.09135809,1.8923788e-12,17.864151,6.637636e-12,6.445851e-10,3.4719705e-10,1.06051244e-10,4.649166e-11,1.7804251e-11,1.3188189e-15,1.3245772e-12
4FGL J1353.3+1434,208.3355,14.5755,bll,17.463886,2.1976194,2.174082,0.028562084,4.717814e-12,56.514,4.8863935e-13,5.661231e-09,1.1832667e-09,3.213981e-10,8.877729e-11,1.849623e-11,1.7121776e-12,1.06466006e-16
4FGL J1353.4+5600,208.3602,56.0024,bll,9.237555,2.0944316,2.1179368,-0.053188574,1.5776156e-12,18.421104,7.290172e-10,4.449144e-13,6.729577e-10,1.012575e-10,2.0678664e-11,4.6499996e-12,6.6833943e-12,1.2310845e-12
4FGL J1353.6-6640,208.4055,-66.6719,bll,34.061646,1.9488754,1.9301,0.019352552,1.4947278e-11,61.13835,2.8111296e-11,4.3379695e-09,2.6889186e-09,8.708134e-10,3.030145e-10,9.9832975e-11,5.0554304e-11,6.9757256e-12
4FGL J1353.7-3936,208.4386,-39.6157,bll,4.825486,1.700771,1.5520318,0.16919574,8.1428375e-13,13.641133,3.8349857e-12,8.06995e-10,3.349877e-14,6.223117e-11,1.1499214e-11,8.923565e-12,4.926733e-12,3.0591298e-18
4FGL J1354.1-8750,208.5448,-87.8397,bcu,4.590312,2.5227387,2.526241,0.032806743,1.965535e-12,8.37815,1.7502439e-08,2.9503715e-12,6.753251e-10,1.1831028e-10,1.4579055e-11,1.89895e-12,1.3815989e-12,1.8367385e-16
4FGL J1354.2+6934,208.5728,69.5676,bcu,7.7977657,2.245469,2.2347832,0.008266272,1.3664393e-12,7.7435756,5.9651303e-12,1.8212939e-09,3.044654e-10,1.04531085e-10,2.186328e-11,1.6485853e-18,4.9874497e-12,1.5517117e-16
4FGL J1354.3-0206,208.5972,-2.1099,fsrq,8.458298,2.7165465,2.4498794,0.3560616,2.917984e-12,29.217628,3.590273e-09,5.262367e-09,1.410642e-09,1.8394598e-10,8.1692585e-13,1.6769494e-12,3.342149e-15,1.2218176e-15
4FGL J1354.4+3707,208.6146,37.13,bll,16.490726,2.0032732,1.932589,0.07135319,3.3283263e-12,8.420758,6.7538414e-10,1.3128274e-09,6.850756e-10,2.3303903e-10,6.4135704e-11,2.2353336e-11,6.097705e-12,6.732261e-17
4FGL J1354.7+0623,208.6951,6.3899,bll,6.413306,2.020668,1.8205373,0.18647563,1.4785358e-12,13.550798,1.9976334e-10,7.774737e-10,1.6371006e-10,7.590838e-11,4.4045476e-11,9.427259e-12,3.0499972e-17,2.0117142e-16
4FGL J1354.8-1041,208.718,-10.6932,fsrq,25.972578,2.4662468,2.3187807,0.13986854,9.085844e-12,198.66457,4.4072433e-11,1.3238367e-08,3.636728e-09,7.307837e-10,8.581461e-11,1.4761128e-11,4.4335052e-13,7.85471e-17
4FGL J1356.2-2454,209.0635,-24.9101,bcu,5.509272,2.6059716,2.4842777,0.16661611,2.4008618e-12,17.897,3.7423373e-11,5.799133e-09,5.744537e-10,1.7531836e-10,1.6292372e-11,1.1022073e-12,3.4745793e-15,7.357113e-16
4FGL J1357.1+1921,209.2902,19.3608,fsrq,10.312753,2.726903,2.713545,0.04276527,4.1161024e-12,49.91866,3.2905728e-08,8.337964e-09,1.5550117e-09,1.9055993e-10,1.7836359e-11,3.123889e-16,2.99765e-12,1.07620076e-16
4FGL J1357.5+0127,209.3951,1.459,bll,16.582117,2.1493003,2.0366814,0.094591945,4.1385064e-12,26.681986,5.1160546e-18,3.0743217e-09,1.1627965e-09,3.2081882e-10,1.10579164e-10,2.309194e-11,2.6804082e-12,7.2348345e-16
4FGL J1358.1+7642,209.5283,76.7064,fsrq,18.990015,2.3999078,2.3340495,0.083840884,3.98856e-12,137.74776,8.380528e-13,5.1538436e-09,1.2666532e-09,2.621637e-10,6.151925e-11,3.3982164e-12,3.992997e-15,1.98156e-17
4FGL J1358.9-0703,209.7392,-7.0621,bcu,7.4196258,2.1981008,1.941465,0.30971354,1.3973551e-12,17.852621,7.819021e-17,1.4590307e-09,3.7270848e-10,1.4250923e-10,6.4363764e-11,2.3689531e-12,4.168125e-15,2.110522e-15
4FGL J1359.1+5544,209.7845,55.7479,fsrq,31.092659,2.4026458,2.3471506,0.078061,7.2059195e-12,107.42354,1.3888118e-08,1.0023211e-08,2.5475728e-09,5.452561e-10,9.550959e-11,1.0847912e-11,2.4302873e-12,1.5805083e-16
4FGL J1359.1-1152,209.7944,-11.8828,bcu,3.811021,1.5718025,1.3409668,0.25612798,6.256085e-13,19.717672,3.913447e-11,6.9313244e-10,2.841851e-12,2.4421255e-11,7.1510957e-12,4.7977048e-12,5.9227406e-12,2.4928233e-16
4FGL J1359.4+0202,209.8588,2.0424,fsrq,6.619407,2.4601905,2.3943675,0.23941287,1.8585114e-12,63.511852,3.502344e-11,6.4718294e-13,8.685132e-10,1.5286669e-10,3.9946144e-11,1.3548135e-14,3.59116e-18,1.0311443e-15
4FGL J1359.4+1809,209.8631,18.1611,bcu,4.3402734,2.0577512,2.0582223,-0.020916814,1.1363036e-12,4.236891,1.3568266e-15,3.483669e-10,2.6225117e-10,6.01849e-11,2.692433e-11,4.749298e-12,1.2799808e-12,2.2504977e-12
4FGL J1359.7+4012,209.9276,40.2153,fsrq,15.508006,2.6115234,2.4309616,0.1813952,3.4870622e-12,56.501408,8.9915675e-09,4.8349236e-09,1.5602154e-09,2.2602376e-10,2.7645742e-11,1.3518338e-12,2.6133324e-18,7.46648e-23
4FGL J1359.8-3746,209.9668,-37.7681,bll,21.810392,2.0568671,2.068365,-0.013268568,7.7224295e-12,56.39107,3.8828604e-11,7.457745e-09,1.865261e-09,4.1969792e-10,1.6251507e-10,5.8026767e-11,1.0038098e-11,5.084136e-12
4FGL J1400.2-4010,210.0542,-40.1806,bll,8.296353,1.9468191,1.9127194,0.057379458,2.090998e-12,4.806985,4.7531033e-12,2.772871e-14,1.971692e-10,1.545725e-10,3.2287124e-11,1.990298e-11,4.4984043e-12,1.6064761e-12
4FGL J1400.6-5605,210.1567,-56.0879,bcu,15.459061,2.5204124,2.4895024,0.08787136,9.5221305e-12,99.6863,2.1827386e-08,1.1541781e-08,4.09679e-09,5.896263e-10,1.1446285e-10,1.9568349e-11,1.6521902e-16,4.1972442e-19
4FGL J1401.1-3717,210.2971,-37.2975,bcu,11.377099,1.9375532,1.757098,0.15477692,2.982904e-12,16.931684,4.6981613e-10,1.1528034e-09,4.498774e-10,1.3222602e-10,7.873437e-11,2.4791346e-11,7.768551e-12,2.871504e-17
4FGL J1401.2-0915,210.3061,-9.2577,fsrq,11.348547,2.1032274,1.8761966,0.232496,2.2027566e-12,18.420542,2.0030287e-08,2.6071474e-12,5.6302457e-10,2.1816975e-10,8.249499e-11,7.8670985e-12,4.015717e-12,3.15983e-17
4FGL J1402.5-1827,210.6398,-18.4626,bcu,8.125182,2.6566133,2.6330173,0.04861334,3.896915e-12,19.332184,8.1986573e-10,5.2448725e-09,1.25882e-09,2.260383e-10,2.9407386e-11,4.053637e-17,1.5854914e-12,1.1604064e-17
4FGL J1402.6+1600,210.6584,16.0016,bll,8.917055,2.1871011,2.20203,-0.024229575,2.0966007e-12,23.026367,1.0555173e-08,8.2017955e-11,7.9635326e-10,8.859346e-11,3.66883e-11,1.625218e-11,3.5494685e-15,1.744729e-12
4FGL J1402.6-3330,210.6652,-33.5045,fsrq,9.481206,2.7984452,3.0594409,0.32050648,4.380009e-12,22.990564,1.8944048e-08,4.924575e-09,2.4741251e-09,8.147508e-11,2.5958817e-11,1.3166332e-12,2.2156504e-15,3.5958793e-16
4FGL J1403.4+4319,210.8684,43.3225,bll,5.3658915,1.4351474,1.3407004,0.20405345,5.193867e-13,16.410711,5.8306904e-10,1.5641607e-13,1.1878042e-14,1.8789097e-11,6.6311557e-12,4.9352085e-12,6.9673165e-12,3.2945576e-21
4FGL J1403.6+3606,210.9023,36.1117,bcu,5.1318617,1.9760827,1.9290954,0.03210699,7.0849874e-13,8.641778,2.0887658e-11,1.491242e-11,8.983682e-11,3.9327003e-11,1.8270973e-11,2.8371613e-12,3.763247e-12,7.2262144e-16
4FGL J1404.8+6554,211.2158,65.9048,bll,25.61365,1.9975728,1.9416206,0.057092033,4.5496606e-12,52.24994,4.1121395e-09,2.6802103e-09,8.056971e-10,2.964687e-10,1.0317437e-10,2.4008648e-11,9.211084e-12,2.3913913e-12
4FGL J1404.8+0402,211.2244,4.0352,bll,24.696606,1.968558,1.9379373,0.027501116,7.2753847e-12,53.626205,8.223036e-09,2.2972717e-09,1.5506042e-09,3.6588368e-10,1.825942e-10,4.853747e-11,1.6405422e-11,1.1682939e-17
4FGL J1405.3-0640,211.3291,-6.683,bcu,7.982045,2.150593,2.0625134,0.0883409,2.2929913e-12,11.925413,1.2393516e-13,5.4482223e-14,6.589577e-10,1.325061e-10,5.3724202e-11,1.05945894e-11,1.6866715e-12,5.3710714e-16
4FGL J1406.1-2508,211.5445,-25.1386,bll,14.341498,2.042341,1.9722576,0.088015,3.9289912e-12,43.877716,2.0296036e-09,5.981409e-13,6.0447086e-10,2.7463426e-10,9.962915e-11,1.987559e-11,9.4430045e-12,1.8362961e-16
4FGL J1406.4-1654,211.6216,-16.9073,bcu,5.6510153,2.214797,2.107425,0.17461227,1.9263627e-12,14.158156,2.440531e-13,1.4688046e-12,2.778448e-10,1.8394496e-10,3.4383107e-11,3.0035059e-12,2.3518255e-12,5.454465e-18
4FGL J1406.5-0054,211.6411,-0.9007,bll,5.0159683,2.6207247,2.6355743,-0.035758916,1.9480637e-12,9.975566,6.326653e-09,3.6629126e-09,6.1546135e-10,5.0281262e-11,1.9461065e-11,5.360644e-12,8.4174974e-19,4.5491195e-17
4FGL J1406.6-3934,211.6655,-39.5727,bll,8.02595,1.573285,1.3072704,0.41705948,1.4002371e-12,27.838066,3.0948175e-09,3.1871783e-15,4.3318695e-14,2.4361763e-11,1.1688208e-11,2.3450759e-11,9.307585e-12,7.6906846e-17
4FGL J1406.9+1643,211.742,16.7206,bll,12.208826,1.8168191,1.5900743,0.15626085,2.1247268e-12,19.4769,2.6757122e-14,1.06443e-09,2.5415342e-10,9.496322e-11,5.3371224e-11,3.0747724e-11,8.4678506e-12,2.241373e-23
4FGL J1407.1+5312,211.7921,53.2083,bll,4.3677564,2.2395194,2.109554,0.13335593,8.608758e-13,18.013542,1.4676285e-10,3.0107203e-09,2.533328e-10,4.5848617e-11,1.948615e-11,2.4471681e-12,8.5132926e-17,2.0955174e-15
4FGL J1407.5-2706,211.8913,-27.1041,bll,7.698543,1.9180939,1.9978954,-0.062390115,1.805623e-12,19.646753,3.108675e-11,4.991454e-09,2.3317345e-10,7.736541e-11,3.596716e-11,1.3735509e-11,6.610246e-12,3.0403033e-12
4FGL J1407.6-4301,211.9194,-43.0234,bll,15.368939,2.1363726,2.0897636,0.056768212,5.118109e-12,64.84662,5.516304e-11,3.21622e-09,1.1064765e-09,3.6065353e-10,1.0012415e-10,2.8046954e-11,3.0616189e-12,8.0427505e-17
4FGL J1408.7+3617,212.1754,36.2885,bcu,5.6088653,2.406206,2.4225857,-0.037028573,1.2470687e-12,15.506968,8.060902e-12,2.4567217e-09,4.1569542e-10,5.985215e-11,1.6194518e-11,7.0131097e-12,7.915121e-16,2.156384e-16
4FGL J1408.9-0751,212.2356,-7.8575,fsrq,85.93299,2.2308662,2.154208,0.11969383,4.8844123e-11,4162.6265,4.7114018e-08,3.623876e-08,1.7374944e-08,4.463668e-09,9.039463e-10,1.6124241e-10,1.37224e-11,1.4790365e-12
4FGL J1409.7+5940,212.4382,59.672,bll,6.834245,2.306121,2.2423248,0.06299987,1.1885458e-12,17.887695,7.636659e-10,1.0278792e-09,3.641317e-10,6.980275e-11,2.5646417e-11,1.392701e-12,5.1955976e-13,1.5075834e-20
4FGL J1410.1+0202,212.5287,2.0354,bll,19.673021,2.302078,2.1891322,0.096368425,5.482711e-12,51.96305,1.4554097e-09,6.912973e-09,1.7438784e-09,4.3498954e-10,1.1909528e-10,1.3493778e-11,1.404241e-14,2.5321703e-18
4FGL J1410.3+1438,212.5908,14.6434,bll,14.22145,2.1660368,2.081889,0.08865908,3.83737e-12,16.52711,7.1536226e-09,2.837118e-09,9.101424e-10,2.7945046e-10,7.492584e-11,1.8085634e-11,2.249568e-12,1.3418457e-20
4FGL J1410.3+6058,212.5967,60.977,bll,6.350613,1.6144496,1.4919845,0.12342759,6.698734e-13,19.997292,3.540345e-09,7.75213e-10,1.2223548e-11,1.6930936e-11,1.3703952e-11,6.074746e-12,5.0514575e-12,1.0393217e-12
4FGL J1410.4+2820,212.6229,28.342,bll,12.743696,2.058606,2.0101802,0.057058595,2.8099448e-12,27.074034,4.3487667e-09,2.5792544e-09,4.6115936e-10,2.0021583e-10,5.8490844e-11,1.7027787e-11,3.2494571e-12,6.019902e-16
4FGL J1410.5+6215,212.6283,62.2662,bcu,4.0575576,2.0372608,2.103804,-0.07570859,5.145968e-13,17.886286,6.394775e-11,1.1657235e-09,7.5894596e-11,3.579828e-11,8.904827e-12,2.1186893e-12,1.3648105e-12,1.1478346e-12
4FGL J1411.5-0723,212.886,-7.3984,bll,8.385197,1.8547502,1.8300295,0.024896376,1.983493e-12,9.902091,1.295083e-08,3.8962322e-09,3.0146863e-10,7.874453e-11,5.0148243e-11,1.21639565e-11,9.2642985e-12,5.2866007e-15
4FGL J1411.8+5249,212.9692,52.8278,bll,15.295132,2.225083,2.198049,0.049495377,3.1253407e-12,59.951485,1.6173697e-08,1.6923832e-09,7.511454e-10,2.7007038e-10,3.1534237e-11,1.3581109e-11,2.8455274e-12,7.669887e-16
4FGL J1412.0+3836,213.013,38.6102,bcu,8.85889,1.8757144,1.7453016,0.17595991,1.1458375e-12,28.410936,7.3551853e-09,1.7207987e-17,1.2584596e-10,9.0880664e-11,3.1159214e-11,1.3540002e-11,2.3147092e-12,6.599263e-16
4FGL J1412.1+7427,213.0383,74.45,bll,13.961295,2.1408086,2.133005,0.011409492,2.959712e-12,22.183043,1.3451769e-10,3.9069863e-09,7.083851e-10,1.7246293e-10,6.163667e-11,1.4711782e-11,3.660553e-12,2.3668634e-16
4FGL J1412.2+2132,213.0705,21.5425,bcu,4.2737637,2.3558936,2.2410989,0.17071763,1.3283642e-12,27.9904,2.5616887e-15,4.2237797e-10,3.299304e-10,1.182513e-10,1.5679529e-11,1.7417556e-16,2.3773485e-12,1.0753875e-15
4FGL J1412.9+5018,213.2409,50.301,bcu,4.2278085,2.5279744,2.4649527,0.07081468,1.0871607e-12,35.779396,2.3393958e-09,1.9503943e-09,2.5192812e-10,8.809848e-11,6.895636e-12,2.738417e-12,4.4440354e-15,2.3722354e-16
4FGL J1414.5+0826,213.6421,8.4372,bcu,4.74736,2.864585,2.7326455,0.12670709,2.1198943e-12,14.926022,1.1580288e-08,5.851743e-09,5.4092675e-10,1.1002991e-10,4.1351913e-12,8.412343e-16,4.841814e-13,8.6213594e-18
4FGL J1415.5+4830,213.8992,48.5142,bll,32.123596,1.9582664,1.8487731,0.06430162,6.4572805e-12,179.63866,1.632467e-08,2.1099127e-09,1.2792393e-09,4.3898699e-10,1.6137933e-10,5.1277226e-11,1.5825306e-11,7.153128e-15
4FGL J1415.9-1002,213.976,-10.0483,fsrq,5.535283,2.796215,2.4939873,0.39692798,2.1012744e-12,15.280668,4.4662016e-10,1.4072105e-09,1.1771737e-09,1.4962535e-10,8.0479595e-14,8.569677e-16,1.2199146e-13,7.475791e-15
4FGL J1416.0+1320,214.0034,13.3386,bcu,63.183285,2.0689065,1.9917266,0.047497556,2.2729726e-11,2138.6946,5.7896665e-09,1.6336589e-08,5.5834795e-09,1.7619396e-09,4.722091e-10,1.3007496e-10,2.865233e-11,5.2003723e-12
4FGL J1416.0+3443,214.0143,34.7202,bcu,9.191514,2.6816428,2.5830393,0.26465568,2.4277737e-12,183.20078,1.8091509e-12,2.5959859e-09,1.0319081e-09,1.876466e-10,6.2140336e-12,1.9785394e-15,6.0996185e-15,7.108019e-16
4FGL J1416.1-2417,214.0334,-24.2982,bll,10.384184,1.9019908,1.8425224,0.050043944,2.6114024e-12,30.95315,1.3738093e-10,2.4284272e-09,9.135956e-11,1.5592018e-10,6.586375e-11,2.0523614e-11,6.0760364e-12,1.7773e-12
4FGL J1417.9+4613,214.4818,46.2327,fsrq,3.5222347,2.9572616,2.9091017,0.081037,1.2328994e-12,37.11335,6.1888645e-12,2.5713531e-09,5.496335e-10,2.7151614e-11,3.0139862e-16,6.5957537e-15,2.028881e-16,6.804692e-15
4FGL J1417.9+2543,214.494,25.7238,bll,19.420504,1.4726938,1.226658,0.14693983,4.210566e-12,22.595875,3.5893435e-10,3.861344e-14,3.213815e-14,9.227941e-11,5.281709e-11,4.577472e-11,2.8818836e-11,9.080728e-12
4FGL J1418.4-0233,214.6058,-2.5594,bll,72.30116,1.7935605,1.6471246,0.076605834,3.131037e-11,92.74025,1.4652264e-08,8.247976e-09,3.4729715e-09,1.5978545e-09,9.016067e-10,3.2530711e-10,9.0410214e-11,3.663019e-12
4FGL J1418.4+3543,214.6229,35.7192,FSRQ,60.889545,2.144825,2.056961,0.062985756,1.70324e-11,1775.4971,3.1020125e-08,1.4738493e-08,4.9888174e-09,1.2905779e-09,3.802151e-10,8.947615e-11,9.049791e-12,3.7932428e-16
4FGL J1418.7-3504,214.6792,-35.0721,fsrq,10.5338745,2.809737,2.6651413,0.175655,4.7986727e-12,23.527039,2.756463e-09,1.08833325e-08,1.8967967e-09,1.9700618e-10,1.7967263e-11,6.8893655e-14,7.0637354e-13,6.213385e-16
4FGL J1418.9+7731,214.7364,77.5318,bll,21.189342,1.8317852,1.5636472,0.18153457,2.8275219e-12,38.35159,1.3556468e-10,1.5102288e-13,2.3742128e-10,1.5752821e-10,1.01394615e-10,2.905237e-11,7.836136e-12,1.1198262e-12
4FGL J1419.3+0444,214.8371,4.7428,bll,11.500405,1.9363734,1.7270298,0.15597676,2.5946831e-12,7.58597,1.5011178e-08,2.8211374e-12,4.108301e-10,1.2387721e-10,4.855642e-11,4.0386958e-11,2.232453e-15,1.5000125e-17
4FGL J1419.4-0838,214.86,-8.6417,fsrq,60.47023,2.248083,2.1310062,0.09862301,2.3358754e-11,761.1467,3.632464e-08,2.4597409e-08,7.710322e-09,2.0513093e-09,4.6369936e-10,6.3122195e-11,5.2429545e-12,1.6913272e-18
4FGL J1419.5+3821,214.8944,38.3657,fsrq,19.190931,2.4155,2.392503,0.06016299,5.4046468e-12,45.04522,4.437884e-10,6.7717894e-09,2.0158746e-09,3.4084577e-10,5.968899e-11,8.235976e-12,1.5585504e-12,4.235478e-16
4FGL J1419.6-5153,214.9222,-51.8901,bcu,14.867191,2.461779,2.4480941,0.05456993,9.283e-12,4.85104,7.5406476e-10,9.653787e-09,3.0016416e-09,5.719252e-10,8.686348e-11,2.117916e-11,1.379794e-12,1.6485865e-12
4FGL J1419.8+5423,214.955,54.3937,bll,49.44118,2.313462,2.238918,0.06454704,1.1814911e-11,392.66458,2.7816718e-09,1.4376016e-08,4.09477e-09,8.974896e-10,2.02579e-10,2.499646e-11,2.4196372e-12,1.5143583e-12
4FGL J1420.3+0612,215.0892,6.2004,bll,6.816647,2.4924192,2.508787,-0.031254504,2.2867663e-12,15.310213,7.0053334e-12,3.96976e-09,1.0269721e-09,6.505204e-11,2.9822242e-11,3.6946422e-12,5.1630058e-18,1.7797937e-12
4FGL J1420.9-7920,215.2366,-79.3494,bcu,14.564132,2.481095,2.4090698,0.123533145,5.0098987e-12,22.464363,4.760485e-13,5.3741807e-09,2.1641746e-09,3.4879966e-10,7.4476605e-11,6.2820443e-12,3.3716234e-16,9.663454e-17
4FGL J1421.1-4614,215.2851,-46.2445,bcu,11.444863,2.5280156,2.407316,0.14711903,4.522746e-12,16.603958,7.2864683e-09,2.588151e-09,1.6396848e-09,3.8354403e-10,5.3655858e-11,4.508633e-12,1.7230645e-15,4.202717e-15
4FGL J1421.1-1120,215.2872,-11.3393,bcu,13.333469,2.3681784,2.2332475,0.12148315,4.1310627e-12,39.75145,8.563495e-09,3.2766274e-09,1.6489375e-09,3.129186e-10,8.2857235e-11,8.994783e-12,3.8595255e-16,9.1157454e-17
4FGL J1421.1+3859,215.2922,38.9966,fsrq,7.1576853,2.6130855,2.5305753,0.1587976,2.1350478e-12,38.773148,1.15343e-08,6.3244157e-09,4.8969323e-10,1.431355e-10,1.6855635e-11,9.176991e-15,2.185174e-15,8.140738e-16
4FGL J1421.6-4819,215.4125,-48.3317,bcu,5.355583,2.861421,2.8795438,0.31610146,3.5800672e-12,17.797503,7.632232e-10,5.4625713e-09,1.5746358e-09,1.325693e-10,1.4464283e-11,3.3177877e-17,4.9517813e-15,5.8565844e-15
4FGL J1422.5+3223,215.6371,32.385,fsrq,130.02838,2.2391915,2.168116,0.05219629,4.9980315e-11,9982.744,6.739613e-08,5.2924726e-08,1.6832763e-08,3.6658e-09,8.4918683e-10,1.8705626e-10,2.144242e-11,1.5134207e-12
4FGL J1422.6+5801,215.6625,58.0245,bll,16.095495,1.6987232,1.4815152,0.13772915,2.2047282e-12,10.761658,6.5612094e-09,7.2266576e-10,1.6847773e-11,8.6428455e-11,5.6104125e-11,2.6237325e-11,9.950718e-12,1.2224434e-12
4FGL J1422.6+8150,215.668,81.8435,bcu,6.0829444,2.2523537,1.9316577,0.25628155,1.1002203e-12,5.286754,5.3170486e-09,1.0732918e-09,1.7004759e-10,8.84223e-11,2.502948e-11,1.7012978e-12,1.8711795e-17,1.7717657e-18
4FGL J1423.1+3738,215.7921,37.6452,bll,23.15953,2.1296606,1.9950867,0.11376859,4.2911725e-12,248.41806,6.844922e-13,1.5974272e-09,1.2139568e-09,3.6228612e-10,1.2876526e-10,1.8488372e-11,2.3351592e-12,1.5212771e-12
4FGL J1423.5+4524,215.8762,45.4034,bcu,8.159619,2.1159995,2.0286694,0.12619078,1.3608073e-12,16.488085,2.4804234e-13,3.482497e-13,3.3457737e-10,8.8339176e-11,3.1798234e-11,5.014512e-12,1.3996751e-12,2.956595e-17
4FGL J1423.6-7829,215.9156,-78.485,fsrq,24.106903,2.4116025,2.312049,0.11924715,7.86074e-12,270.6631,4.901167e-13,9.918532e-09,2.81603e-09,6.1677474e-10,1.4785327e-10,1.29794136e-11,7.246909e-15,1.0072983e-14
4FGL J1424.1-1750,216.0294,-17.8447,bll,9.275752,1.9469091,1.89439,0.07042679,2.6152214e-12,36.39902,1.4612e-09,3.4836248e-15,3.7316425e-10,1.7852479e-10,5.1901955e-11,2.05806e-11,7.335956e-12,1.6908945e-17
4FGL J1424.1+2917,216.0295,29.2917,bll,4.6603556,2.1491694,2.2028902,-0.05231267,7.7051234e-13,16.372757,1.9056699e-11,1.7148737e-09,1.357444e-10,4.093055e-11,1.6127986e-11,2.820879e-12,8.3752756e-23,1.5688823e-12
4FGL J1424.2+0433,216.0508,4.5628,bll,26.70667,2.1203806,1.9594288,0.13101837,6.7581726e-12,231.55832,9.571492e-10,3.8086228e-09,1.9895388e-09,5.955822e-10,1.819525e-10,3.485101e-11,1.5286912e-12,2.3325488e-18
4FGL J1424.5+3433,216.1304,34.5555,bll,5.430914,1.7579281,1.4342028,0.328022,6.9887694e-13,10.070165,1.3513065e-11,9.959283e-10,4.9166885e-14,8.210643e-14,2.8748708e-11,6.405449e-12,3.2806945e-12,5.3024824e-16
4FGL J1424.5+3705,216.1447,37.0954,bll,5.659997,1.6761582,1.5287865,0.15057267,8.070363e-13,9.13761,2.4614252e-12,1.2034294e-09,1.9948247e-13,4.3616634e-12,2.0924727e-11,9.42936e-12,3.3881739e-12,1.350401e-12
4FGL J1424.6+1447,216.1695,14.784,bll,12.433289,2.03301,1.9521784,0.09408936,3.5404164e-12,51.98677,3.85105e-11,7.671635e-12,8.9499214e-10,2.0274415e-10,8.618072e-11,1.4743923e-11,7.874111e-12,7.960225e-19
4FGL J1424.8-6808,216.2169,-68.1489,bcu,31.631945,2.4969108,2.413627,0.15631224,1.7618436e-11,146.95398,3.9551593e-09,2.2800371e-08,7.4364346e-09,1.3914574e-09,1.7977751e-10,2.8814446e-11,4.0401473e-16,1.6783929e-15
4FGL J1425.0+3615,216.252,36.257,bll,28.499517,1.8913093,1.7380587,0.11087415,6.292948e-12,9.158878,5.9281855e-13,7.386487e-12,8.3171403e-10,3.903374e-10,1.9571089e-10,5.1865914e-11,2.0495092e-11,3.0018842e-16
4FGL J1425.4-0119,216.3593,-1.3333,bll,5.9684386,1.9139488,1.6621039,0.33462447,8.765048e-13,27.036263,6.287866e-11,1.2527224e-09,1.0047945e-14,5.007743e-11,4.3255764e-11,5.203501e-12,1.8118216e-12,4.9346768e-24
4FGL J1425.8+1423,216.4644,14.3863,fsrq,4.0130987,2.420201,2.2880833,0.18673077,1.658082e-12,22.123413,1.2560893e-08,3.5124992e-09,4.9535653e-10,1.09012174e-10,3.2773284e-11,4.864716e-18,1.9272354e-15,2.2511528e-16
4FGL J1426.1+3403,216.5394,34.0627,bll,21.804195,2.1391485,2.030244,0.0800159,4.1726917e-12,30.670038,1.3548085e-08,1.2663678e-09,1.2010103e-09,3.5282838e-10,8.378419e-11,2.3666319e-11,3.4407384e-12,9.796575e-18
4FGL J1426.4+3625,216.6189,36.4327,fsrq,4.7126436,2.5358162,2.5165803,0.13496606,2.0780552e-12,15.673125,1.1497336e-11,3.1703675e-09,6.865717e-10,1.0374138e-10,2.3486837e-11,4.546858e-12,3.8888335e-17,4.4034694e-16
4FGL J1427.0+2348,216.7558,23.8013,BLL,171.1042,1.8156437,1.7043022,0.05698009,1.0741619e-10,689.50824,3.8732743e-08,2.5636812e-08,1.5102522e-08,6.1089085e-09,2.7840876e-09,9.886637e-10,2.9634345e-10,5.5246512e-11
4FGL J1427.4-1823,216.8669,-18.3955,bcu,12.352442,1.9893681,1.9130776,0.082070544,3.4989975e-12,12.439537,5.8221596e-09,2.6587246e-09,4.5572562e-10,2.3932528e-10,6.2893905e-11,3.522139e-11,4.932322e-12,2.6700444e-17
4FGL J1427.6-3305,216.913,-33.094,bll,41.319557,2.2996004,2.1954355,0.12138101,1.5033173e-11,347.88232,2.795663e-08,1.10702425e-08,5.7280793e-09,1.3233522e-09,2.3082923e-10,4.0355927e-11,6.6068383e-12,3.0625906e-16
4FGL J1427.7-3215,216.9461,-32.2537,bll,16.260546,2.0705488,2.0504687,0.022033699,5.005807e-12,57.46209,3.61265e-09,7.298323e-09,1.1275797e-09,3.1711095e-10,1.0481965e-10,2.0830478e-11,1.2586402e-11,1.333269e-15
4FGL J1427.9-4206,216.9866,-42.106,FSRQ,305.41434,2.207061,2.2400746,0.08819694,3.3463154e-10,17461.422,4.10722e-07,3.137711e-07,1.1286815e-07,2.7260276e-08,7.051535e-09,1.0698691e-09,8.2283486e-11,2.0750602e-12
4FGL J1428.1+1629,217.0469,16.4908,bcu,12.096032,2.5226583,2.4826498,0.0740595,4.2234267e-12,28.742859,3.802508e-12,8.002408e-09,1.3041483e-09,2.8703326e-10,4.192742e-11,4.7093852e-12,4.2717709e-16,3.910044e-16
4FGL J1428.3+5635,217.0828,56.5947,fsrq,6.0273046,2.5607958,2.514874,0.08428814,1.5189578e-12,17.914743,4.7597766e-09,9.751863e-10,5.1404386e-10,8.488334e-11,2.0036839e-11,1.1114406e-15,9.1462346e-17,2.4409065e-15
4FGL J1428.5+4240,217.1286,42.6776,bll,35.55487,1.6587297,1.6325772,0.021445991,8.165494e-12,23.03783,1.8407493e-09,1.7121256e-09,6.532807e-10,3.1454947e-10,1.4801575e-10,8.1775364e-11,4.654077e-11,1.1413237e-11
4FGL J1428.7-1017,217.1991,-10.2964,bcu,8.360599,1.6287905,1.3483728,0.25939298,1.6211983e-12,11.490404,9.1556146e-10,1.7887337e-15,7.264937e-12,2.1766016e-11,3.77094e-11,1.6226562e-11,1.0188432e-11,4.827292e-17
4FGL J1428.8+7429,217.2026,74.485,bcu,7.022123,2.0556545,2.1079116,-0.07932795,1.1301449e-12,18.803137,2.4576716e-10,1.3301227e-10,4.2873874e-10,6.8629914e-11,1.4497614e-11,5.0949965e-12,1.7855512e-12,2.0344772e-12
4FGL J1428.9+5406,217.2289,54.1114,fsrq,7.69385,2.5382905,2.4387121,0.17097355,2.035041e-12,30.626823,1.9113475e-08,4.902907e-09,4.5081344e-10,1.5748518e-10,1.058106e-11,2.7097196e-12,3.845789e-15,5.403616e-13
4FGL J1429.8-3058,217.4507,-30.9712,bcu,5.0859094,1.9516304,1.8873981,0.075651065,1.3543309e-12,12.358839,1.2420807e-11,4.13254e-12,4.1256765e-10,7.21628e-11,3.0876957e-11,7.0290353e-12,5.7906323e-12,1.8138484e-15
4FGL J1430.5+3647,217.6397,36.7963,fsrq,7.9208937,2.5630412,2.5531561,0.025407165,2.2395287e-12,26.850996,1.28844775e-08,4.4358384e-09,9.058033e-10,8.60375e-11,2.4732619e-11,1.742958e-12,2.3237487e-15,1.1404578e-12
4FGL J1431.0-4458,217.7661,-44.98,bll,5.6162558,2.5389354,2.5042236,0.10628847,3.343067e-12,32.140697,5.737548e-11,6.817036e-10,8.9032326e-10,2.2279208e-10,3.1321674e-11,2.5769794e-12,1.3148997e-12,9.364851e-16
4FGL J1431.1-3120,217.7962,-31.3468,bll,18.592617,2.009,1.9745157,0.041642774,5.9549614e-12,92.715546,2.7751067e-11,3.0752902e-09,1.0144655e-09,3.7465475e-10,1.2222617e-10,4.060585e-11,1.31971135e-11,1.7144423e-12
4FGL J1432.2+5051,218.0682,50.8596,bcu,6.405074,2.1610703,2.119276,0.058051873,1.2315859e-12,28.627247,8.031663e-09,9.625456e-10,3.0786995e-10,6.549806e-11,3.188703e-11,4.7847334e-12,1.1861418e-12,2.9595718e-16
4FGL J1432.8+7648,218.2073,76.805,bcu,8.8397255,2.2647145,2.2465987,0.01366868,1.7525112e-12,13.674779,6.4540675e-09,1.6508109e-09,5.8136673e-10,1.04916555e-10,2.6327718e-11,1.0226162e-11,2.922948e-14,2.0285668e-17
4FGL J1433.0-1801,218.2535,-18.0196,fsrq,9.304724,2.6137962,2.506081,0.27846593,3.412333e-12,139.32727,1.3568413e-11,4.3417385e-09,1.7888065e-09,2.0470116e-10,2.4951612e-11,1.5594549e-12,1.668197e-17,4.4165962e-15
4FGL J1433.7-7304,218.4321,-73.0795,bll,6.377969,1.6464454,1.127758,0.33808953,1.0290219e-12,16.85725,1.6085265e-08,3.5764918e-09,2.2543381e-13,2.8466937e-11,1.6479268e-11,7.122218e-12,1.0935862e-11,8.5213484e-20
4FGL J1434.2+4204,218.5574,42.0689,fsrq,19.420858,2.4750514,2.4789298,-0.0051981127,4.8795317e-12,79.48765,2.763058e-08,8.270148e-09,1.6383744e-09,2.5034802e-10,6.501734e-11,6.9102176e-12,1.780008e-12,2.3010916e-20
4FGL J1434.5+5428,218.6252,54.4833,bcu,6.6472363,2.8838718,2.8774886,-0.016036583,2.2360072e-12,92.44337,1.0984205e-08,5.640716e-09,9.234375e-10,5.5023253e-11,2.4680939e-12,1.2682835e-12,3.2220199e-12,2.7869054e-16
4FGL J1434.7+1950,218.675,19.8478,fsrq,46.97675,2.323901,2.3019426,0.15114222,1.852644e-11,635.58405,2.8372511e-08,2.0599682e-08,7.736106e-09,1.604024e-09,2.9734443e-10,3.4763303e-11,2.5467553e-12,2.4922199e-17
4FGL J1434.8+6640,218.7093,66.6767,bll,9.95163,1.7167549,1.6276559,0.13591869,1.1587231e-12,20.329798,1.2902479e-09,7.2082553e-12,5.6281358e-14,5.015679e-11,3.1891212e-11,9.751945e-12,4.0852196e-12,1.2982128e-12
4FGL J1435.3+7120,218.8465,71.3354,bcu,3.8903291,2.2372634,2.199453,0.36609912,4.6372265e-13,21.370577,2.3570021e-09,1.4486856e-15,1.9247838e-10,5.5302596e-11,1.5091999e-11,5.261561e-14,7.7879703e-16,1.1866896e-16
4FGL J1435.7+6148,218.9474,61.8054,bcu,4.5239754,2.3547614,2.3225136,0.030884936,8.3022424e-13,12.312018,1.5294429e-09,1.385648e-09,1.5993565e-10,3.3739102e-11,2.2173059e-11,3.0596955e-12,9.1411015e-17,2.769208e-17
4FGL J1435.9-8348,218.9778,-83.8017,bcu,21.600164,2.446974,2.3621082,0.091895625,7.800487e-12,222.1648,1.0875611e-08,1.2631493e-08,2.9440816e-09,5.1235e-10,1.232348e-10,1.1879429e-11,3.6574633e-13,1.1555924e-18
4FGL J1436.9+2321,219.2266,23.3611,fsrq,13.457529,2.35456,2.126408,0.17462547,2.8636366e-12,25.9236,3.2151888e-09,1.8317002e-09,9.800033e-10,3.0932557e-10,4.726516e-11,9.111135e-12,1.6720025e-16,2.1500044e-19
4FGL J1436.9+5638,219.229,56.649,bll,30.289341,1.9111494,1.875531,0.028914813,6.0817206e-12,29.114233,4.4540426e-12,4.1511092e-09,1.014813e-09,3.2000716e-10,1.3801607e-10,4.791001e-11,1.8760913e-11,7.6515975e-13
4FGL J1437.3-3239,219.3259,-32.6569,bcu,4.221713,2.8488336,2.6491146,0.24036823,2.5274314e-12,49.072266,1.39692204e-08,6.631659e-09,9.1369523e-10,1.05854756e-10,4.5173972e-13,6.398321e-15,9.222111e-16,1.2875549e-15
4FGL J1438.0-3128,219.5079,-31.4679,fsrq,8.741104,2.4297507,2.3641713,0.28613728,2.3090607e-12,42.30528,6.7782276e-13,2.5042841e-11,1.224365e-09,2.2000339e-10,3.896333e-11,7.179237e-15,2.9275409e-18,1.1947117e-14
4FGL J1438.1-2201,219.5402,-22.0305,fsrq,4.464941,2.697867,2.5756261,0.13835731,2.2393947e-12,26.358437,1.6686332e-08,2.9963574e-09,9.0643026e-10,1.1146958e-10,5.7022646e-12,6.0975666e-14,3.5729297e-18,5.007095e-16
4FGL J1438.4+2924,219.6139,29.4101,bll,4.896191,1.7384886,1.5297816,0.42288578,6.0657317e-13,8.813168,2.6231267e-11,2.2770388e-11,8.099874e-15,9.86423e-12,3.6321134e-11,5.9795094e-12,2.3783138e-17,7.539669e-17
4FGL J1438.5-4207,219.6295,-42.1287,bcu,5.073904,1.9809322,1.943831,0.053815488,1.3235098e-12,15.48279,8.5196374e-13,5.339944e-09,2.8676367e-10,7.252586e-11,2.7734372e-11,9.235324e-12,1.6045246e-12,1.1337287e-12
4FGL J1438.6+1205,219.6598,12.0855,bll,5.5988812,2.095613,2.076107,0.015689077,1.2762007e-12,7.782104,7.818203e-09,1.4133529e-09,4.598443e-10,6.5100314e-11,2.2039742e-11,7.148994e-12,3.6100936e-12,3.3723857e-16
4FGL J1438.9+3710,219.7402,37.1752,fsrq,39.66008,2.4053473,2.2791846,0.12841028,9.653647e-12,431.01028,1.168431e-08,1.2089245e-08,4.101609e-09,7.4846507e-10,1.391057e-10,1.0183758e-11,4.3135537e-18,1.9925598e-17
4FGL J1439.3+3932,219.8299,39.538,bll,27.715363,1.9931228,1.9703207,0.026664441,6.375578e-12,32.36785,6.2542584e-09,3.5789498e-09,1.1116447e-09,4.1075765e-10,1.3172709e-10,4.97901e-11,8.419907e-12,8.1256215e-13
4FGL J1439.5-2525,219.8817,-25.42,bll,10.5070095,1.8221078,1.7071499,0.09530048,2.3760239e-12,9.289828,2.1849213e-12,1.1629111e-09,1.6625691e-10,9.2961916e-11,5.8056067e-11,2.4337043e-11,6.093154e-12,1.7652879e-12
4FGL J1439.7+4958,219.9411,49.9775,bll,25.952892,2.3485754,2.3231657,0.043681342,6.4586626e-12,51.008442,2.9896517e-13,6.563395e-09,2.208203e-09,4.2446258e-10,7.199955e-11,2.5996484e-11,1.0396328e-16,1.5044905e-16
4FGL J1439.9-3953,219.9816,-39.8976,bll,11.789439,2.0536897,2.0674207,-0.019232195,3.6117288e-12,19.769905,4.422941e-13,6.91863e-11,1.1507787e-09,1.8544488e-10,6.2920454e-11,2.3593297e-11,1.0154414e-11,9.575598e-13
4FGL J1440.0-2343,220.0031,-23.7233,bll,15.085735,1.9857379,1.9509723,0.03330625,4.4841427e-12,24.662434,7.395592e-14,3.528544e-09,6.7913325e-10,2.695474e-10,1.04275116e-10,2.3896413e-11,1.6259931e-11,4.3815109e-16
4FGL J1440.0-1530,220.0072,-15.5154,bll,14.985223,2.2737815,2.267005,0.024996359,7.423565e-12,112.25536,1.5277334e-13,8.268062e-09,2.1868718e-09,4.4416976e-10,1.0448841e-10,3.4207616e-11,7.717936e-12,1.144387e-17
4FGL J1440.6-3846,220.1549,-38.7797,bll,26.555172,1.7395099,1.7219123,0.015691232,8.567539e-12,17.400791,2.4685272e-09,7.164757e-09,9.998827e-10,3.7433395e-10,1.5438416e-10,8.0209867e-11,4.1348574e-11,1.3761449e-11
4FGL J1440.9+0609,220.242,6.1631,bll,20.187233,2.1578295,2.1110492,0.03921464,7.888229e-12,23.19207,2.4518299e-08,1.0393895e-08,1.6271509e-09,5.276013e-10,1.5796414e-10,3.3251586e-11,1.33479755e-11,9.991028e-14
4FGL J1441.6-1522,220.4144,-15.3755,fsrq,7.6595454,2.3675048,2.4015534,0.1543563,2.9218175e-12,32.810623,1.4641666e-11,3.3911283e-09,1.4875507e-09,2.3407098e-10,4.2670648e-11,1.3050989e-11,2.3431619e-15,1.2440254e-17
4FGL J1441.7+1836,220.4402,18.6072,bcu,10.340094,2.093789,2.0814006,0.03425908,2.6284578e-12,20.249243,9.017348e-12,6.8162836e-10,5.8820543e-10,1.8974591e-10,4.6475112e-11,1.3110401e-11,6.283738e-12,1.382001e-12
4FGL J1442.0+4348,220.513,43.8096,bll,13.516248,2.1217492,2.0702121,0.044800375,2.5338382e-12,39.062645,2.5078528e-09,2.0895856e-09,5.907039e-10,1.3538341e-10,6.071798e-11,1.9471364e-11,1.5319454e-16,3.848093e-19
4FGL J1442.2+0622,220.5608,6.3755,bcu,7.377427,2.4895096,2.532905,0.20375468,2.8746038e-12,59.284256,1.631434e-10,2.9398235e-12,1.5874321e-09,2.3151722e-10,4.7950994e-11,2.5970914e-12,3.186663e-15,1.0627521e-16
4FGL J1442.6-4623,220.6605,-46.3869,bll,15.660103,2.0075262,1.9747068,0.03218574,5.5652583e-12,24.104221,1.4458343e-10,3.735283e-10,6.15271e-10,3.4303294e-10,1.3731413e-10,3.3036778e-11,1.28881975e-11,1.5057684e-12
4FGL J1442.7+1200,220.698,12.0126,bll,23.1213,1.7575915,1.682825,0.0605368,6.2820183e-12,26.341814,1.873536e-09,4.1461376e-10,8.1260076e-10,2.0971588e-10,1.6042699e-10,5.821896e-11,2.5423533e-11,6.286585e-12
4FGL J1443.6+2515,220.9028,25.2631,bll,5.2710834,1.9407774,1.9308091,0.09074141,1.7610154e-12,31.042105,4.4555096e-10,1.1700193e-12,1.425918e-11,1.237128e-10,3.884278e-11,1.5285252e-11,3.031024e-12,2.3409046e-12
4FGL J1443.7-0954,220.9429,-9.9022,bcu,5.6736937,2.4042406,2.4375076,-0.03999474,2.395739e-12,10.87871,1.3066457e-08,6.884404e-09,5.3455806e-10,1.0786343e-10,3.1073588e-11,1.8925672e-11,3.6360405e-15,1.2292961e-16
4FGL J1443.9-3908,220.9908,-39.1481,bll,91.40201,1.8339533,1.734352,0.05648705,4.848233e-11,271.18887,4.1014078e-10,6.8804593e-09,6.637395e-09,2.6726097e-09,1.2858321e-09,3.9690157e-10,1.6834684e-10,2.8598604e-11
4FGL J1443.9+2501,220.9933,25.0291,fsrq,55.87013,2.12,2.0661564,0.08460593,3.8037285e-11,2798.9583,3.5446156e-08,2.7296343e-08,1.1456472e-08,3.1266174e-09,8.992448e-10,1.6769329e-10,2.5138277e-11,1.6149263e-15
4FGL J1445.0-0326,221.2696,-3.4481,bll,24.577854,1.8098186,1.6510248,0.08212958,7.745316e-12,11.938498,9.504642e-09,3.38864e-09,7.7287127e-10,3.322291e-10,1.9882065e-10,1.01817034e-10,1.860319e-11,6.1780867e-12
4FGL J1445.2-1954,221.3049,-19.9013,bcu,4.983991,2.206972,2.2204916,-0.03331031,1.8439926e-12,23.554358,5.1998486e-09,1.9400199e-13,2.7053168e-10,2.1495833e-10,1.6052507e-11,5.3529264e-15,4.6151707e-12,1.7360502e-12
4FGL J1445.9-1626,221.4978,-16.4498,bll,10.458027,2.5420706,2.5266793,0.04823136,5.014142e-12,48.40086,2.9419121e-08,9.026806e-09,1.5475008e-09,2.7627325e-10,5.3752388e-11,3.7811807e-12,3.9336915e-12,7.426688e-17
4FGL J1446.0-3039,221.5226,-30.6618,bcu,4.5282884,2.400412,2.3256536,0.17169897,1.8419775e-12,44.52536,5.6481697e-10,6.726378e-10,4.449322e-10,1.5811441e-10,2.3876675e-11,2.0316747e-12,7.848173e-13,9.186958e-13
4FGL J1446.3+3111,221.5907,31.1955,bcu,18.052172,2.5716841,2.4626791,0.09736039,4.4544602e-12,183.83397,1.2522786e-08,7.032733e-09,1.8157039e-09,2.7887082e-10,3.1814888e-11,5.8438202e-12,3.9085062e-16,4.8164506e-16
4FGL J1446.7+1719,221.6884,17.3237,fsrq,8.362858,2.6420045,2.6194475,0.05418392,3.0675787e-12,36.91134,5.058368e-14,5.2570805e-09,1.3188841e-09,1.03284034e-10,3.1223444e-11,6.1118114e-13,8.972482e-17,3.3508054e-16
4FGL J1446.8-1830,221.7247,-18.514,bcu,7.066754,2.0015209,1.9066232,0.06633402,2.0318098e-12,18.383413,4.9801776e-09,4.140942e-09,3.9404555e-10,6.349281e-11,5.6065326e-11,1.6792095e-11,4.0759765e-12,1.4030146e-15
4FGL J1447.0-2657,221.7652,-26.9621,bcu,7.7702565,2.0055282,1.9872786,0.01280714,1.7842908e-12,16.257786,4.612372e-09,2.1897693e-09,1.0478283e-10,1.398891e-10,2.6724897e-11,1.1511318e-11,8.853945e-12,1.4318539e-16
4FGL J1448.0+3608,222.0171,36.1344,bll,58.520924,1.826286,1.6827526,0.07958636,1.5908223e-11,38.722805,5.577912e-09,2.2133722e-09,2.050364e-09,9.759045e-10,4.0456338e-10,1.5105955e-10,4.117302e-11,7.386145e-12
4FGL J1449.6-2137,222.422,-21.6271,fsrq,11.635051,2.3211892,2.2861555,0.060887482,4.3915652e-12,111.6559,6.751511e-11,4.131036e-09,1.4185665e-09,2.5640692e-10,8.7988505e-11,8.041724e-12,2.952116e-15,1.9343808e-16
4FGL J1450.4+0910,222.6235,9.1818,fsrq,17.186752,2.376185,2.151369,0.1788138,4.2297862e-12,305.697,7.4896833e-10,4.376737e-09,1.5456503e-09,4.2588724e-10,7.00872e-11,9.3175155e-12,3.3486333e-16,4.905461e-16
4FGL J1450.8+5201,222.7239,52.028,bll,26.493622,2.1940663,2.0722358,0.10805366,5.4640775e-12,16.439825,7.347515e-09,2.290714e-09,1.532975e-09,4.6374907e-10,1.4952344e-10,3.2012913e-11,5.8174413e-15,1.0636426e-19
4FGL J1451.4+6355,222.8554,63.9172,bll,18.056343,1.9214334,1.9261022,-0.0061124424,2.8701035e-12,35.653797,1.7966797e-09,2.0411304e-09,5.1605525e-10,1.5393249e-10,4.921547e-11,2.6646133e-11,1.1971975e-11,7.1850273e-13
4FGL J1451.5+1415,222.8878,14.2612,bcu,12.038455,2.4423785,2.4062014,0.060574364,3.7379774e-12,39.307507,2.3673978e-08,2.5386797e-09,1.3728284e-09,2.4286373e-10,3.4746678e-11,1.07133235e-11,1.7502068e-15,5.0927797e-15
4FGL J1451.8-3851,222.9562,-38.8536,bcu,3.576862,2.2085652,2.2091274,-0.0007679293,1.1100229e-12,11.590989,3.7269606e-12,2.5982744e-10,4.8466614e-10,5.1319e-11,2.0987283e-11,1.790139e-22,4.9520995e-12,3.1277562e-16
4FGL J1453.0-1318,223.2597,-13.3118,bcu,6.4062233,2.4263935,2.4311025,-0.015531178,2.6910867e-12,23.143019,8.076392e-09,2.3516014e-09,1.2989276e-09,7.3781606e-11,3.5670602e-11,8.1214055e-12,3.8068784e-12,6.280051e-17
4FGL J1453.5+3505,223.392,35.0884,fsrq,15.102135,2.4053407,2.3566773,0.065940514,3.67005e-12,89.6237,3.2696772e-09,6.4572974e-09,1.0588249e-09,2.445287e-10,4.925548e-11,4.1459527e-12,2.6011287e-14,1.5534668e-16
4FGL J1454.0+4927,223.5246,49.4589,bcu,3.586779,2.5811028,2.4852347,0.19123851,1.0003247e-12,35.919678,1.1472139e-12,1.6564837e-09,3.8323417e-10,3.896461e-11,1.5473432e-11,3.2603062e-17,6.686924e-17,3.092157e-17
4FGL J1454.1+1622,223.5443,16.3747,fsrq,16.337069,2.3312519,2.154885,0.22780907,3.6467066e-12,53.023453,1.0006211e-08,3.9765236e-09,1.4280129e-09,3.8290676e-10,6.350792e-11,1.2370292e-11,1.2476145e-18,3.8544224e-16
4FGL J1454.1+2647,223.5482,26.7869,bcu,8.465713,2.1813295,2.1544116,0.045015153,2.061567e-12,10.469805,1.5820705e-13,8.2412616e-10,6.183236e-10,1.2998014e-10,3.8086197e-11,6.7968513e-12,2.7300126e-12,2.2033998e-16
4FGL J1454.4-3744,223.6158,-37.7499,fsrq,11.256073,2.5539799,2.5372183,0.05018499,5.961018e-12,64.00822,1.4610806e-11,1.082968e-08,1.9614794e-09,3.3586628e-10,5.4144134e-11,7.669533e-12,1.6292034e-12,2.2559806e-15
4FGL J1454.4+5124,223.625,51.409,bll,92.05228,2.0428822,1.9856465,0.05489106,3.3434294e-11,492.60846,2.1878042e-08,2.0584125e-08,8.323528e-09,2.3443976e-09,8.410689e-10,2.1179591e-10,4.671815e-11,4.5793703e-16
4FGL J1454.7+5237,223.6774,52.6194,bll,7.8665795,2.2063956,2.1849465,0.016891746,1.4855224e-12,9.587941,1.1951126e-12,2.4651563e-09,3.596815e-10,1.1191668e-10,2.3183344e-11,5.792112e-12,1.9317456e-12,2.0122355e-17
4FGL J1454.8-2456,223.7199,-24.9468,fsrq,7.238271,2.5880275,2.5029578,0.28602603,2.8620424e-12,46.293835,7.57754e-09,4.1665817e-09,1.1311153e-09,2.5329538e-10,1.3397122e-11,2.2404116e-12,1.6790435e-16,2.0922558e-16
4FGL J1455.0+0247,223.7616,2.7958,bll,5.33125,1.9087484,1.6733991,0.460195,7.4554073e-13,7.252242,1.900816e-11,3.8135898e-13,4.4091862e-11,3.9018368e-12,4.3487523e-11,1.18166015e-11,4.0604533e-16,1.0967662e-15
4FGL J1455.4-3654,223.8548,-36.9132,bcu,9.226844,2.4288306,2.4254825,0.0051848083,4.148133e-12,20.017445,4.4451614e-08,4.908914e-09,1.580954e-09,2.2943433e-10,3.9313216e-11,1.6821244e-11,3.7889006e-12,1.894064e-15
4FGL J1455.8-7601,223.957,-76.0179,bll,9.765517,2.0011778,1.9624935,0.032329682,2.3686094e-12,14.587513,1.0146533e-08,3.5786876e-09,3.0129918e-10,1.4064243e-10,4.662897e-11,1.9338689e-11,3.3792047e-12,1.4477707e-12
4FGL J1456.0+5051,224.0181,50.85,bll,8.338615,1.9043887,1.9022669,0.00034389092,1.4778708e-12,12.347074,3.1844676e-11,5.9625953e-13,2.580596e-10,1.1625923e-10,2.2994202e-11,1.0489103e-11,4.929064e-12,2.2066014e-12
4FGL J1457.3-4246,224.3437,-42.7755,bcu,29.151636,2.3334937,2.3231645,0.021410596,1.4215182e-11,596.8241,7.587898e-09,1.7467848e-08,4.890144e-09,8.5998086e-10,1.9909821e-10,3.484868e-11,1.4190461e-11,1.7595798e-12
4FGL J1457.4-3539,224.3657,-35.6527,FSRQ,81.28936,2.3350263,2.1981907,0.14148308,3.89509e-11,3870.6128,4.3992642e-08,4.3796163e-08,1.539946e-08,3.2821528e-09,6.735391e-10,5.3250085e-11,3.1395696e-12,1.7022944e-15
4FGL J1457.8-4642,224.4722,-46.7023,bll,6.5489807,1.9650785,1.9982741,-0.027087638,1.9128345e-12,22.288445,3.353081e-08,2.6540163e-09,1.2703873e-10,9.258926e-11,5.3917874e-11,4.154367e-12,9.068943e-12,2.900584e-12
4FGL J1458.1+4119,224.5255,41.3274,bcu,5.0003476,1.8868229,1.5641857,0.41475725,5.6703345e-13,22.873758,3.587184e-12,1.1291564e-14,7.4548194e-11,1.3498119e-11,3.2605467e-11,8.266046e-12,1.9684817e-16,1.5279414e-16
4FGL J1458.6+3722,224.6733,37.3726,bll,19.53988,2.2274296,2.1904163,0.046940025,4.5313354e-12,53.392723,1.9566492e-08,3.080056e-09,1.2380186e-09,3.0655456e-10,7.891291e-11,2.2983808e-11,2.7640086e-12,6.919204e-16
4FGL J1459.0+6129,224.7568,61.4919,bcu,5.880182,2.2073436,2.18473,0.02737453,1.014253e-12,19.587374,2.437867e-09,3.778493e-10,2.2839833e-10,6.732302e-11,2.2961692e-11,3.3912582e-12,1.8207388e-14,8.2161415e-13
4FGL J1459.0-5353,224.7741,-53.8928,bcu,5.9495077,2.4240465,2.5066943,0.16685762,4.7106403e-12,25.57894,7.068262e-09,2.658911e-10,1.1886657e-09,4.2897705e-10,3.6263645e-11,5.2889364e-12,6.34622e-17,3.0272005e-12
4FGL J1459.5+1527,224.8875,15.4643,fsrq,7.220317,2.207354,2.2129326,-0.008195579,1.8924979e-12,26.246267,2.3064417e-13,9.904281e-10,4.933295e-10,1.2732967e-10,3.809507e-11,3.2428019e-12,1.7334892e-12,1.6780622e-12
4FGL J1500.7+4752,225.1837,47.8716,bll,12.165396,2.3143516,2.287181,0.08775311,3.3001015e-12,22.949137,3.8850086e-11,3.8005883e-09,1.0377593e-09,2.3476374e-10,4.6154428e-11,8.276062e-12,2.2154615e-12,2.6125773e-19
4FGL J1500.9+5528,225.2271,55.4724,bll,10.232476,2.123039,1.9376822,0.18076992,1.4082572e-12,23.696928,1.3574061e-09,6.83174e-14,2.40777e-10,1.4502723e-10,4.8427873e-11,5.270149e-12,1.4086853e-12,2.5231887e-18
4FGL J1501.0+2238,225.2567,22.6364,bll,37.759266,2.0226226,1.9539261,0.038625576,1.1408476e-11,86.14199,1.5539937e-08,6.694176e-09,2.3755378e-09,7.934149e-10,2.7013236e-10,7.74616e-11,1.9101491e-11,3.1936246e-12
4FGL J1502.5+5552,225.6257,55.8797,bcu,10.22923,2.4854767,2.447961,0.13968936,2.3666247e-12,108.98469,1.0699545e-10,2.3349183e-09,1.011312e-09,1.6437446e-10,3.691861e-11,5.2093716e-12,2.0301623e-16,2.8437027e-16
4FGL J1503.3+1651,225.8281,16.8614,bll,8.930318,1.9765794,1.9833595,-0.0067178872,1.9930438e-12,15.900509,6.269452e-12,2.668298e-09,6.19717e-10,6.5303166e-11,3.4187604e-11,2.1923898e-11,5.0252766e-12,3.9650466e-17
4FGL J1503.3-8136,225.8319,-81.6159,bcu,4.4758434,2.504258,2.4842057,0.27753976,1.5186279e-12,7.4720144,5.631528e-09,2.9286455e-09,6.367144e-10,1.650783e-10,1.0193441e-11,4.644475e-12,2.0473733e-15,5.226768e-16
4FGL J1503.5+4759,225.8955,47.9959,bll,23.922104,2.258962,2.2274728,0.056554615,6.976134e-12,30.393232,1.7342302e-08,6.450657e-09,2.0008395e-09,4.8877996e-10,1.2048727e-10,1.6376048e-11,2.86287e-12,1.5913087e-12
4FGL J1503.6-6427,225.91,-64.4517,bcu,10.418844,2.3970568,2.4118428,0.112679854,5.9598624e-12,86.61561,9.396955e-11,9.234964e-11,2.6874123e-09,4.6866516e-10,1.1668308e-10,9.764625e-12,3.6403367e-12,3.3539818e-17
4FGL J1503.7-1540,225.9252,-15.6832,bll,28.690687,1.8082358,1.6931449,0.060158804,1.0080885e-11,18.360088,2.2488844e-11,1.7269466e-09,1.2940279e-09,4.6580106e-10,2.3479407e-10,1.07781103e-10,4.6484747e-11,3.4233033e-18
4FGL J1503.7-5801,225.9257,-58.0299,bcu,26.210323,2.555295,2.5035887,0.2998523,3.3053695e-11,10.895832,5.846224e-10,6.755001e-09,1.4246152e-08,3.779704e-09,4.7857357e-10,3.4152365e-11,2.5336636e-12,4.3315143e-12
4FGL J1503.9-4247,225.997,-42.7999,bcu,9.102422,2.5450866,2.5526326,0.33283427,3.2292413e-12,17.034357,2.3704408e-10,5.5037974e-11,1.3277475e-09,3.3124237e-10,4.0953147e-11,3.3934827e-15,4.5676086e-18,1.018189e-15
4FGL J1504.4+1029,226.1033,10.4978,FSRQ,243.14622,2.2496414,2.1288688,0.097576685,1.7874535e-10,15469.652,2.5668496e-07,1.8673298e-07,6.5250546e-08,1.4461479e-08,3.2185223e-09,4.1033626e-10,2.515328e-11,1.8512416e-17
4FGL J1504.9+2027,226.2454,20.4509,bcu,9.451887,2.4833539,2.5017552,-0.05081298,3.102222e-12,16.513458,8.651502e-09,5.4666436e-09,9.823614e-10,1.5823674e-10,3.8943664e-11,7.389025e-12,2.5621115e-17,5.834504e-18
4FGL J1505.0-3433,226.2581,-34.5546,bll,11.926887,2.2678287,2.13585,0.14037779,3.3550027e-12,37.724335,2.4311388e-11,1.27853466e-11,1.1004918e-09,3.17642e-10,8.322752e-11,1.3271039e-11,8.192066e-19,9.661169e-18
4FGL J1505.5-8241,226.3769,-82.6996,bcu,12.395356,1.8625088,1.8181427,0.04633512,2.6600252e-12,11.9111,4.3842003e-11,1.6100047e-13,3.3417336e-10,1.4540359e-10,4.7807043e-11,2.6040914e-11,1.0384117e-11,1.3301454e-17
4FGL J1506.1+3731,226.5347,37.5183,fsrq,62.85345,2.5014522,2.3938296,0.12854151,1.9464038e-11,2005.3469,3.2918777e-08,3.2947405e-08,8.160641e-09,1.2675218e-09,1.6709255e-10,1.7313337e-11,1.0278408e-17,7.518083e-17
4FGL J1506.4-0540,226.6188,-5.6761,bll,4.8798914,1.6160216,1.5697663,0.28627703,9.440965e-13,17.262297,2.2096806e-10,1.3096837e-09,1.754384e-14,1.389882e-11,2.2333326e-11,1.0362291e-11,5.4076214e-12,6.608031e-16
4FGL J1506.4+4331,226.6221,43.5257,bll,5.851748,2.6568382,2.700576,-0.075867586,2.0783128e-12,12.8423815,7.055779e-11,4.6407886e-09,5.570078e-10,9.980902e-11,1.24770905e-11,4.4110783e-12,1.6633124e-12,4.0340945e-16
4FGL J1506.6+0813,226.6741,8.2256,bll,34.320847,1.7976398,1.5910879,0.11587606,9.847717e-12,36.47521,9.080059e-09,1.5000738e-09,1.0495276e-09,4.8319687e-10,3.0757713e-10,8.7802744e-11,3.3481763e-11,5.348655e-12
4FGL J1507.2-1651,226.8071,-16.8609,fsrq,4.161322,2.482241,2.4883,-0.069236495,1.9203977e-12,9.966793,1.4911752e-08,3.5869205e-09,8.3253604e-10,6.502545e-11,8.062251e-12,7.289119e-12,2.6271216e-12,5.508078e-15
4FGL J1507.2+1721,226.8207,17.3519,bll,15.420053,1.8462636,1.5984141,0.21877895,2.7514453e-12,24.28462,3.5508537e-13,1.9021776e-12,2.273916e-10,1.7738463e-10,8.481208e-11,4.0486167e-11,6.39894e-12,5.0993596e-16
4FGL J1507.3-3710,226.8328,-37.1801,bcu,10.597892,2.224393,2.1615093,0.10326172,3.716062e-12,8.064704,1.6467562e-08,1.9489611e-13,1.3911413e-09,1.7772955e-10,8.387961e-11,1.4797719e-11,3.4878013e-15,6.87239e-15
4FGL J1507.3+3341,226.8351,33.6865,bll,8.442255,2.0951188,1.8966898,0.16898175,1.6142261e-12,24.12072,9.479753e-09,8.207218e-10,1.7197725e-10,1.0527698e-10,4.4762923e-11,9.946315e-12,8.609855e-19,4.8287987e-19
4FGL J1508.4+7717,227.102,77.2929,bcu,13.5916605,2.2638538,2.281905,-0.02577329,2.5757276e-12,29.788996,6.2449255e-09,3.8645704e-09,7.2336753e-10,1.5542509e-10,4.7069234e-11,7.790088e-12,2.8982853e-12,1.7422152e-12
4FGL J1508.5-4951,227.1437,-49.8622,bcu,17.30693,2.8397682,2.8773088,0.16294432,1.6334142e-11,68.87392,2.9588787e-09,4.0998454e-08,6.272142e-09,6.6391265e-10,7.026998e-11,9.589637e-13,8.630039e-17,2.489794e-15
4FGL J1508.8+2708,227.2045,27.1407,bll,12.738605,1.9783889,1.962288,0.018061638,2.825097e-12,7.4728737,3.1125845e-13,6.1705546e-10,7.4081596e-10,1.4850421e-10,5.4772683e-11,2.0589424e-11,7.0564557e-12,2.4208623e-12
4FGL J1509.6-4334,227.4159,-43.5775,fsrq,9.487576,2.7741816,2.871231,0.18734437,5.6956952e-12,15.815295,1.5493422e-09,1.4618255e-08,2.461792e-09,2.2488757e-10,2.5038438e-11,4.780495e-12,2.6512486e-16,3.5037852e-15
4FGL J1509.7+5556,227.4408,55.9419,bll,19.127045,1.8432711,1.5517405,0.21430309,2.4654426e-12,29.60281,3.6822325e-09,9.491783e-10,1.9520091e-10,1.4577536e-10,8.747943e-11,3.0142954e-11,3.472822e-12,2.9299112e-18
4FGL J1509.8-2906,227.4626,-29.1069,bcu,11.307552,2.6702611,2.6943793,0.1391308,5.8524613e-12,60.44963,2.0144059e-08,1.5681175e-08,2.1980473e-09,3.069579e-10,4.441854e-11,1.9282677e-12,3.5968955e-16,6.3591333e-15
4FGL J1510.1+5702,227.5425,57.0398,fsrq,14.518527,2.8182216,2.842107,0.121803656,4.1285265e-12,165.43999,2.6022619e-08,8.728926e-09,1.6902559e-09,1.5083516e-10,1.4985835e-11,3.033575e-12,2.768686e-17,1.5002952e-16
4FGL J1510.4-3017,227.6063,-30.2936,bcu,4.2240305,2.574532,2.5946722,0.12679681,2.6530477e-12,18.233988,2.3180133e-10,6.1344493e-12,9.950891e-10,1.4709647e-10,2.2370083e-11,4.0243256e-12,1.0517405e-15,6.180037e-17
4FGL J1510.8+7959,227.7047,79.991,bcu,10.484279,2.2487297,2.1898744,0.05754554,1.8187587e-12,81.06923,1.0281658e-12,1.2899257e-09,6.0138416e-10,9.444168e-11,3.9520744e-11,7.427567e-12,1.5073297e-13,3.054426e-21
4FGL J1510.8-0542,227.7067,-5.7106,fsrq,30.673624,2.4293652,2.352798,0.090913646,1.6801366e-11,71.97379,1.1169867e-11,1.48175285e-08,6.581008e-09,1.267386e-09,2.0178059e-10,3.4478195e-11,5.281854e-12,7.492929e-17
4FGL J1511.8-0513,227.9588,-5.2218,bll,20.860071,1.8852949,1.6639371,0.12982547,6.4297647e-12,19.064386,3.1423504e-08,6.070702e-09,5.3168686e-10,3.2174002e-10,2.0244341e-10,5.96916e-11,2.7278624e-11,4.0240795e-17
4FGL J1512.1-2255,228.0489,-22.9225,bll,17.213139,1.8827775,1.6866837,0.13947126,4.7066214e-12,10.826595,4.4289347e-10,8.0371804e-10,8.436802e-10,2.2781925e-10,1.4920562e-10,5.7076996e-11,7.0110432e-12,9.730659e-13
4FGL J1512.2+4704,228.0561,47.0725,bcu,8.956925,1.9938896,1.8535919,0.10157091,1.4353837e-12,16.68534,1.9779003e-09,1.6353836e-09,2.938987e-10,7.144214e-11,3.500903e-11,1.1220796e-11,2.0885138e-12,2.4724418e-16
4FGL J1512.2+0202,228.0702,2.0403,fsrq,50.782707,2.1633883,2.0220706,0.11566155,1.868188e-11,42.408672,1.1654546e-09,1.4692797e-08,5.830681e-09,1.67328e-09,4.4975387e-10,5.821088e-11,1.0473534e-11,1.2267841e-19
4FGL J1512.8-0906,228.2147,-9.1064,FSRQ,245.44182,2.378652,2.3806243,0.05408354,3.6949016e-10,10537.098,8.11454e-07,5.1561454e-07,1.3764746e-07,2.4905566e-08,4.9180415e-09,6.979004e-10,1.09842684e-10,1.2766912e-11
4FGL J1512.9-5639,228.2495,-56.6553,bcu,23.514719,2.2909577,2.133685,0.12813841,1.9598548e-11,243.84196,1.9432884e-08,1.12057945e-08,6.446164e-09,1.5220578e-09,5.7401983e-10,9.3462606e-11,1.2120813e-11,1.8945541e-15
4FGL J1513.0-6549,228.2712,-65.828,bcu,4.194693,2.5680692,2.620911,0.17477378,2.867655e-12,16.796976,1.570984e-11,2.4433526e-09,1.400953e-09,1.0150079e-10,2.4795927e-11,4.1473327e-12,2.5137952e-15,8.460019e-17
4FGL J1513.2-7131,228.3149,-71.5208,bcu,16.272251,2.3154955,2.125872,0.20636398,4.0058182e-12,133.03607,7.3033823e-09,1.7683802e-11,1.5879936e-09,3.6634337e-10,1.1338568e-10,9.360616e-12,1.7561168e-18,2.567671e-16
4FGL J1513.4-3721,228.3576,-37.3618,bcu,10.635202,2.0784063,2.0568054,0.03296866,3.2695261e-12,8.615889,2.9933365e-11,9.637211e-14,9.838009e-10,1.8917101e-10,5.1036855e-11,2.6795595e-11,7.431398e-12,1.9668177e-16
4FGL J1513.4-0753,228.3685,-7.8903,bll,5.25612,1.7576158,1.517798,0.27028582,1.281339e-12,6.580374,4.8708208e-11,9.3058485e-11,3.075118e-14,1.4517553e-11,3.8399714e-11,9.435665e-12,6.849382e-12,5.3431397e-18
4FGL J1513.4-3231,228.369,-32.5265,fsrq,17.561031,2.5083988,2.4835324,0.06812197,9.847098e-12,176.07436,3.072692e-08,1.7905611e-08,3.205436e-09,6.163483e-10,8.720452e-11,9.369823e-12,2.4422462e-13,5.207074e-16
4FGL J1514.4-7719,228.6064,-77.3325,bcu,7.0808444,1.7005854,1.5640336,0.24381933,1.1815272e-12,10.720387,7.9031316e-11,4.5530057e-14,7.028939e-16,2.772093e-11,3.3295342e-11,1.4071801e-11,4.849247e-12,1.4056887e-12
4FGL J1514.6-2044,228.6619,-20.7478,bcu,9.035582,2.2504582,2.2480042,-2.3942273e-05,3.4178767e-12,23.856064,4.2725838e-13,3.2110448e-09,1.0345849e-09,2.0110126e-10,5.8109007e-11,1.3120068e-11,4.856142e-12,8.764498e-22
4FGL J1514.7-3617,228.6812,-36.2949,bcu,14.655287,2.3956156,2.2503824,0.22661854,4.7509618e-12,72.680374,3.2154338e-11,4.2413686e-09,1.7928004e-09,5.054027e-10,8.110318e-11,6.1694846e-12,5.1641873e-16,7.428261e-15
4FGL J1514.8-4748,228.7002,-47.8141,fsrq,28.490204,2.400728,2.3186765,0.07833831,1.5494312e-11,74.34161,5.337123e-09,2.0152855e-08,5.382441e-09,1.1640516e-09,2.3982735e-10,3.2480036e-11,3.1379539e-12,2.8922883e-17
4FGL J1514.8-0949,228.7157,-9.817,bll,18.200903,2.3997,2.2462249,0.14306046,8.442307e-12,343.3909,7.775176e-08,6.716916e-09,2.8203468e-09,7.970013e-10,1.7487545e-10,2.4083593e-11,2.0851773e-12,1.5334557e-12
4FGL J1515.7-2321,228.9344,-23.3645,bcu,5.5817285,1.9020027,1.8647399,0.13530162,1.7063592e-12,9.796313,2.6443457e-08,1.9351503e-11,1.7961937e-13,1.1899655e-10,4.79287e-11,9.269887e-12,4.036873e-12,1.3060838e-12
4FGL J1516.0+2424,229.0096,24.408,bll,4.8367705,1.6241704,1.4877928,0.19690098,7.7845304e-13,11.087048,1.622741e-09,8.952369e-13,7.902256e-17,3.045785e-11,5.8469484e-12,1.4034936e-11,1.5669218e-12,1.4270167e-12
4FGL J1516.1+4351,229.0493,43.8527,bll,5.8749657,2.3558195,2.209136,0.22353892,1.3659065e-12,44.776516,1.8948183e-12,3.4706304e-10,3.6824266e-10,1.14924244e-10,1.4048181e-11,2.9186501e-12,3.3688026e-17,9.595906e-13
4FGL J1516.4-1523,229.1084,-15.3853,bll,4.466269,1.8019258,1.6773896,0.14054772,1.0713387e-12,12.7758665,1.1857486e-14,3.7359287e-13,2.690025e-10,1.9356348e-11,2.5140222e-11,8.5494875e-12,6.156522e-12,4.849736e-21
4FGL J1516.8+2918,229.2126,29.3123,bll,7.661319,1.9525524,1.9761965,-0.033309456,1.398545e-12,10.161569,9.309825e-12,3.579221e-15,4.480434e-10,6.713855e-11,2.8166343e-11,5.5343408e-12,5.2877104e-12,1.4521751e-12
4FGL J1516.8+3651,229.2217,36.8505,bll,8.741239,2.3523586,2.3194194,0.09772842,1.8883367e-12,36.111244,2.503918e-09,9.941992e-10,5.46823e-10,1.6398183e-10,1.4107877e-11,3.7395057e-12,2.8038492e-12,4.6841584e-19
4FGL J1516.9+1934,229.2442,19.5805,bll,8.864278,2.506667,2.4987464,0.024579955,3.0678403e-12,37.44453,9.64313e-09,2.5609925e-09,1.400427e-09,1.1947993e-10,3.1699778e-11,8.866835e-12,7.095717e-13,5.034004e-16
4FGL J1517.0+2639,229.2605,26.6508,bcu,9.135728,2.2761981,2.2293167,0.064638734,2.2191409e-12,28.261475,1.15768705e-11,9.2742064e-10,7.613209e-10,1.1399685e-10,4.742062e-11,8.390825e-12,6.3623106e-16,3.521582e-17
4FGL J1517.3+6630,229.3307,66.5075,bcu,5.939362,2.5429022,2.4124057,0.18429402,1.5699858e-12,20.937607,5.044981e-11,1.9744024e-09,4.6668497e-10,1.1286591e-10,1.5370573e-11,7.2728705e-16,5.5938373e-16,2.3716319e-17
4FGL J1517.7-2422,229.4254,-24.373,bll,113.93103,2.1217482,2.073417,0.032330994,7.533833e-11,638.98114,3.456267e-08,5.673194e-08,2.0778721e-08,5.231827e-09,1.6443297e-09,3.588127e-10,9.5672775e-11,1.1418519e-11
4FGL J1517.7+6525,229.4356,65.424,bll,45.124893,1.8110453,1.6740459,0.07422569,9.226917e-12,31.262743,1.0181344e-09,1.8124944e-09,1.1930231e-09,4.5546872e-10,2.4196295e-10,1.02903755e-10,3.2536644e-11,1.9870997e-12
4FGL J1518.0-2731,229.5124,-27.5313,bll,39.039875,2.036166,2.0017655,0.0353709,1.8398942e-11,181.36067,2.5227879e-11,8.667676e-09,3.9169574e-09,1.104778e-09,4.3715348e-10,1.0046957e-10,3.414327e-11,4.7744872e-12
4FGL J1518.4+0750,229.6107,7.8446,bcu,5.0978494,1.790022,1.4965737,0.3143246,9.435659e-13,9.390673,4.321716e-12,1.0495361e-12,3.2335205e-13,2.1312568e-11,1.9344535e-11,1.6028264e-11,5.249272e-16,1.5365855e-12
4FGL J1518.6+4044,229.6606,40.7449,bll,15.711189,1.8610506,1.825207,0.041878507,2.8306736e-12,12.1147,6.376431e-12,1.0996496e-13,3.4528042e-10,1.7249256e-10,5.733049e-11,2.3899443e-11,8.536055e-12,3.4533737e-12
4FGL J1520.0-0905,230.0081,-9.0884,bcu,8.542329,2.0066729,1.9746107,0.022444073,2.7044087e-12,11.024979,7.015371e-10,1.2812942e-10,8.400366e-10,1.01802296e-10,6.3833605e-11,1.2619209e-11,1.2852625e-11,2.1202234e-17
4FGL J1520.4+5546,230.123,55.7699,bll,13.964249,2.1743004,2.1050005,0.088614635,2.6782986e-12,24.933899,5.52595e-10,1.7943244e-09,6.618321e-10,1.9130098e-10,5.041784e-11,1.2063658e-11,9.51056e-13,4.208554e-16
4FGL J1520.5+4209,230.1347,42.16,fsrq,8.8543625,2.4165442,2.2335913,0.2617511,1.4214326e-12,78.70891,2.9914247e-09,2.9342446e-09,5.930205e-10,1.6123852e-10,1.8548338e-11,2.9018576e-12,5.951918e-19,2.3943597e-15
4FGL J1520.8-0348,230.2046,-3.8148,bll,33.089287,1.7807466,1.5488033,0.14763182,1.1435423e-11,23.638477,8.438539e-11,1.9736177e-09,1.0677336e-09,5.249504e-10,3.5517592e-10,1.2692761e-10,3.6099523e-11,3.497209e-12
4FGL J1521.7+1650,230.4373,16.8397,bcu,4.282721,2.6378546,2.6465812,0.33654347,1.4336713e-12,8.974245,2.434325e-12,1.9416115e-09,5.6964217e-10,1.3677823e-10,7.347092e-12,1.807904e-12,1.12256e-15,5.461882e-15
4FGL J1521.8+4338,230.4645,43.6344,fsrq,9.446336,2.9112678,2.97776,0.1752702,3.5086007e-12,76.079544,2.0177598e-08,8.453173e-09,1.4109497e-09,7.285077e-11,1.0045483e-11,6.1153773e-18,2.8743997e-16,1.899135e-16
4FGL J1522.1+3144,230.5454,31.7395,fsrq,172.5883,2.4063144,2.3525805,0.082051255,9.981489e-11,10523.197,2.2245673e-07,1.4608806e-07,3.939674e-08,6.840273e-09,1.1461918e-09,1.3653603e-10,8.015343e-12,9.955316e-13
4FGL J1522.6-2730,230.6642,-27.5059,bll,41.28646,2.2018242,2.0965035,0.13008599,1.7367776e-11,177.45158,2.2346389e-11,1.2053447e-08,5.522955e-09,1.5967632e-09,4.2978576e-10,6.0952535e-11,6.6669357e-12,1.026303e-12
4FGL J1523.1+3413,230.7842,34.2306,bcu,4.9905367,2.4868145,2.512265,-0.019361038,1.3421165e-12,37.73892,1.688701e-08,2.3078204e-09,3.906384e-10,6.68425e-11,2.1579504e-11,1.9321897e-12,9.812187e-16,2.0301403e-17
4FGL J1523.2-3941,230.8164,-39.691,bcu,5.836628,2.524686,2.5014408,0.23381937,3.1819124e-12,18.590559,2.7151593e-08,2.662004e-09,7.942303e-10,2.6289484e-10,1.8799377e-11,6.5913265e-14,2.1375714e-12,6.919613e-13
4FGL J1523.2+0533,230.8241,5.5569,bll,6.5565977,2.1564667,2.1606276,-0.015517241,1.7870032e-12,14.93072,3.2125322e-12,2.2036502e-09,5.819042e-10,1.0346369e-10,2.993691e-11,4.6392287e-12,3.5974563e-12,1.8920865e-12
4FGL J1523.2+2818,230.8247,28.3127,bcu,5.1379232,2.710627,2.6801445,0.027836688,1.838961e-12,4.9738927,4.104824e-09,4.5822897e-09,4.911744e-10,1.12819885e-10,9.809397e-12,3.2994236e-16,6.811273e-16,3.5716097e-17
4FGL J1524.2+1523,231.0535,15.3853,fsrq,8.667118,2.819853,2.79167,0.07257913,3.8886806e-12,38.530567,3.497371e-08,9.868335e-09,1.2961573e-09,1.4989368e-10,1.40367926e-11,8.689261e-18,4.0447598e-12,3.9118377e-17
4FGL J1524.8-5904,231.2077,-59.0679,bcu,12.375398,2.1673348,2.052868,0.12642133,8.562756e-12,26.255335,3.3508618e-09,1.7240676e-08,2.0289004e-09,4.0388504e-10,2.0027943e-10,4.5378565e-11,2.7685243e-12,2.0939442e-12
4FGL J1525.7-4334,231.4281,-43.5747,bcu,5.1841283,2.710917,2.8423285,0.35100004,3.0647305e-12,3.19675,4.253886e-11,4.5966235e-09,1.6718227e-09,1.2307083e-10,1.9568135e-11,1.610919e-12,4.6984905e-15,3.8113425e-15
4FGL J1526.1-0831,231.5323,-8.5209,bll,12.184987,1.9667153,1.7562027,0.16526815,2.9573104e-12,28.756004,9.635147e-09,1.2931026e-14,3.6325462e-10,2.5633803e-10,1.0241804e-10,9.974296e-12,7.184872e-12,1.7804802e-12
4FGL J1526.7-1529,231.6805,-15.4941,bcu,9.232137,2.0635595,2.0265021,0.0763478,2.8844028e-12,11.362738,4.711151e-11,4.2684416e-14,7.1300316e-10,2.1140209e-10,5.428148e-11,1.7512712e-11,4.929788e-12,1.2680987e-12
4FGL J1527.3+3117,231.8486,31.2989,fsrq,7.5957294,2.4157953,2.3090537,0.08908477,2.2650245e-12,22.247908,6.816932e-11,2.6187688e-09,4.0433265e-10,1.7378318e-10,2.5550586e-11,8.397867e-12,3.0018231e-15,1.3390275e-16
4FGL J1527.4+1717,231.8711,17.2923,bcu,5.3620896,2.6945705,2.7640886,0.2670416,1.917889e-12,14.912669,7.689292e-13,1.4298795e-09,1.0779092e-09,7.663392e-11,1.2949302e-11,5.8269427e-13,2.2152487e-15,4.733622e-15
4FGL J1528.2-2905,232.0743,-29.0856,bcu,5.599433,2.059021,2.0251267,0.05332623,2.0985893e-12,11.421753,1.2879304e-09,2.4146452e-09,2.7667663e-10,1.3287701e-10,4.678133e-11,1.3599979e-11,6.1826576e-17,1.7688389e-12
4FGL J1528.5-2240,232.1382,-22.6707,bcu,7.4522123,2.3016276,1.9956362,0.34096766,1.8275613e-12,4.021589,1.4748629e-08,3.3334812e-13,3.4260725e-10,2.845285e-10,4.78351e-11,4.292883e-12,3.3582713e-15,5.7181407e-15
4FGL J1529.2+3812,232.3111,38.2032,bll,8.703403,2.0237746,1.918363,0.082112774,1.5523994e-12,11.72246,4.846623e-09,2.9201203e-10,4.758547e-10,5.3318898e-11,4.2375665e-11,1.4467317e-11,4.5155068e-17,3.6373792e-17
4FGL J1529.7+6733,232.4317,67.5558,bcu,9.017984,2.3615716,2.3435302,0.026840039,1.7318874e-12,29.67595,7.540047e-12,2.1119722e-09,6.040898e-10,9.8362304e-11,2.6227992e-11,7.371883e-12,2.438781e-16,1.8030339e-16
4FGL J1530.5-3026,232.6468,-30.4437,bcu,10.430382,2.135816,2.0913339,0.067358196,3.8294585e-12,28.737335,7.940125e-11,3.0277412e-09,1.011922e-09,2.272694e-10,8.501759e-11,2.1034183e-11,2.497023e-13,2.705931e-18
4FGL J1530.9+5736,232.7396,57.6078,bll,13.078586,2.0347662,1.9752437,0.06601004,2.213287e-12,12.952394,2.6928115e-10,4.9323307e-10,4.609017e-10,1.5694038e-10,3.3452723e-11,1.8897241e-11,4.7464146e-12,6.629575e-17
4FGL J1531.7+4710,232.9355,47.1674,bll,8.333476,1.9981993,1.9188343,0.07516121,1.4344531e-12,12.78558,5.632735e-09,9.585275e-10,8.841886e-11,1.186857e-10,2.6670102e-11,9.959333e-12,3.7466193e-12,6.44254e-16
4FGL J1532.0+3016,233.0159,30.2685,bll,23.745228,1.9474679,1.918005,0.023557708,5.5948106e-12,27.653679,7.1087443e-09,2.691799e-09,9.907803e-10,3.1242992e-10,1.3043634e-10,4.133712e-11,9.077962e-12,1.7050709e-12
4FGL J1532.7+2342,233.1866,23.708,bcu,6.9537916,2.5352747,2.518779,0.10968185,2.7905727e-12,69.0769,1.8986277e-09,1.2475065e-09,9.785648e-10,1.672138e-10,3.3662517e-11,4.1402933e-16,9.593588e-13,4.959736e-19
4FGL J1532.7-1319,233.1972,-13.3261,bcu,79.78446,2.2109442,2.0786805,0.109378316,4.0951628e-11,1554.6357,2.8402722e-08,3.585509e-08,1.3759468e-08,3.7262273e-09,7.593305e-10,1.4707599e-10,1.6611905e-11,8.1555704e-16
4FGL J1533.2+1855,233.3103,18.9201,bll,14.3496,1.7846719,1.7860767,-0.0016483291,3.2870063e-12,6.269967,2.8047603e-13,3.0552554e-09,4.3683904e-10,1.1986061e-10,8.0037206e-11,2.2266492e-11,1.9186782e-11,3.7949886e-12
4FGL J1533.2+3416,233.3229,34.2688,bll,19.833874,1.8865067,1.691686,0.11449156,3.3965127e-12,21.083822,2.301582e-10,2.553979e-10,3.8526196e-10,2.0009983e-10,1.14720476e-10,2.5561372e-11,1.328455e-11,5.8993383e-16
4FGL J1534.8+3716,233.7218,37.2723,bll,15.002553,1.9733717,1.9166818,0.05182229,3.015023e-12,24.846598,1.4770131e-08,6.055573e-15,7.135728e-10,1.501746e-10,6.382452e-11,2.7131604e-11,6.892773e-12,2.1006146e-18
4FGL J1534.8+0131,233.7247,1.5224,fsrq,23.05635,2.397237,2.3430877,0.06036904,9.065246e-12,234.07635,3.070061e-09,1.2933238e-08,3.4414018e-09,5.973251e-10,1.2869555e-10,2.1299445e-11,4.9289995e-12,1.783932e-17
4FGL J1535.0+5320,233.7534,53.3435,bll,14.31959,1.7529507,1.5293179,0.13155991,2.0738196e-12,6.8863173,3.649263e-09,7.157571e-13,1.8052118e-10,7.362671e-11,6.526534e-11,1.6597609e-11,1.0211652e-11,2.6194497e-16
4FGL J1535.3-3135,233.8391,-31.5907,bcu,6.921445,1.8662603,1.7337095,0.13384865,1.6397614e-12,23.830555,2.3774748e-11,1.135939e-09,1.8615824e-10,7.767559e-11,4.1960272e-11,8.142649e-12,1.0515435e-11,6.461263e-17
4FGL J1535.4+3919,233.8741,39.3194,bll,13.985774,2.2358387,2.1607845,0.09173478,3.0314345e-12,33.73812,1.2589988e-09,1.7589252e-09,7.4056333e-10,2.3861835e-10,5.5095355e-11,8.617275e-12,2.9072747e-12,3.1585468e-18
4FGL J1535.8-4730,233.9586,-47.5085,bcu,3.8048337,2.6374347,2.638619,0.0849083,3.7586973e-12,25.080341,6.91211e-08,5.734475e-09,1.7758736e-09,1.4774493e-10,3.446431e-11,1.1329302e-12,3.6787313e-13,1.8191632e-21
4FGL J1536.8-3155,234.2127,-31.9224,bll,8.437279,2.2036338,2.173048,0.06702322,2.8578767e-12,20.900341,4.380442e-13,2.1005554e-10,1.0925205e-09,1.2147823e-10,7.012997e-11,1.0940972e-11,2.6500549e-12,2.5408935e-18
4FGL J1536.9-3731,234.2386,-37.5322,bcu,5.243551,2.1157646,2.1285744,0.054898437,1.8553308e-12,10.471893,5.7875856e-13,5.0831874e-15,4.784961e-10,1.3656899e-10,2.7409143e-11,1.2470817e-11,2.5954356e-12,1.0918728e-15
4FGL J1537.7-7957,234.4395,-79.9575,bcu,22.39743,2.2287698,2.1927505,0.052288994,7.93185e-12,39.553223,2.1679567e-08,7.878473e-09,2.3559616e-09,4.6572496e-10,1.5923146e-10,2.9113496e-11,7.918624e-12,2.2507361e-17
4FGL J1537.9-1344,234.4867,-13.7335,bcu,6.9410386,1.6460605,1.5399303,0.1496381,1.6648225e-12,14.742368,1.4456594e-10,2.957561e-13,5.211003e-15,4.4112835e-11,4.5529733e-11,1.1544189e-11,1.11486514e-11,3.107336e-15
4FGL J1539.6+2743,234.9019,27.7277,fsrq,28.404333,2.2639527,2.1035128,0.122980975,6.594442e-12,181.86336,1.6944995e-08,5.38143e-09,2.393897e-09,5.7571403e-10,1.3432605e-10,1.5422748e-11,4.5020593e-12,1.6992225e-16
4FGL J1539.7-1127,234.9276,-11.4636,bll,14.537119,1.88485,1.8319855,0.06387008,4.9600055e-12,11.539298,2.1921834e-10,1.0484602e-09,7.060818e-10,2.537934e-10,1.0789777e-10,4.2678455e-11,1.1354297e-11,3.6021785e-12
4FGL J1539.9+4220,234.9771,42.3381,bll,7.5869527,2.2344427,2.16081,0.11780196,1.6968906e-12,18.130981,5.7513976e-13,5.9894784e-10,5.386751e-10,1.2465916e-10,2.7393386e-11,8.368153e-12,1.4019724e-15,2.5856797e-17
4FGL J1540.1+4142,235.0281,41.7113,bll,3.854065,1.8189448,1.7622039,0.1363207,5.097317e-13,8.618455,2.743647e-14,6.481509e-10,2.1861038e-14,2.4998692e-11,1.13792925e-11,5.291868e-12,1.5706942e-12,1.0755108e-12
4FGL J1540.1+8155,235.0474,81.9223,bll,41.32693,1.711736,1.5282326,0.0950145,8.608073e-12,20.58558,1.7421479e-12,1.2985463e-09,6.872127e-10,3.375911e-10,2.0375482e-10,1.02034776e-10,3.940255e-11,4.079774e-12
4FGL J1540.4+6606,235.1056,66.1007,bcu,2.2176387,2.4633405,2.2678492,0.17622937,7.9784703e-13,15.079203,1.1156154e-08,1.8495207e-10,3.7091946e-10,2.9427155e-11,1.938671e-11,8.404851e-16,3.0734262e-15,2.3457304e-16
4FGL J1540.7+1449,235.1903,14.822,bll,14.096792,2.2539723,2.257468,-0.0111690555,4.4255745e-12,20.7828,6.714515e-11,6.628587e-09,1.4584001e-09,2.353855e-10,7.697041e-11,2.0433134e-11,1.9017197e-12,1.6451283e-12
4FGL J1541.1+3451,235.2762,34.8614,bcu,4.560315,2.5856364,2.6274207,-0.06999785,1.272246e-12,15.149299,3.4010406e-14,2.2455018e-09,2.7414754e-10,7.384119e-11,1.45879e-11,1.6104112e-12,2.0487605e-12,1.5889304e-16
4FGL J1541.7+1413,235.4469,14.2306,bll,10.011379,1.8414747,1.8325597,0.011402611,2.2738426e-12,17.65672,7.3593985e-11,6.847065e-14,3.7770045e-10,1.2243541e-10,4.3910684e-11,2.2968514e-11,5.4480916e-12,1.9609253e-12
4FGL J1541.9-2915,235.4996,-29.2522,bll,18.867077,1.8448468,1.8006101,0.056507446,5.950489e-12,17.082136,1.3204069e-13,8.8770563e-10,4.610357e-10,3.1454578e-10,1.4703545e-10,4.3539682e-11,1.85245e-11,6.9661442e-12
4FGL J1542.3+1801,235.5792,18.0322,fsrq,7.3391523,2.5404966,2.5776024,0.28294507,2.221089e-12,29.066977,6.7682318e-09,3.1476515e-09,1.2181954e-09,1.5660676e-10,1.4624404e-11,3.4214517e-12,6.9132373e-15,4.6733188e-15
4FGL J1543.0+6130,235.755,61.5033,bll,142.06847,1.9787569,1.8619231,0.0712385,4.7041832e-11,1308.0221,2.9539116e-08,2.2496721e-08,1.0273152e-08,3.5316536e-09,1.2321875e-09,3.2674777e-10,6.108623e-11,2.4495163e-13
4FGL J1543.3+1026,235.8495,10.443,bcu,5.4107246,2.551102,2.5418003,0.046625115,2.4807734e-12,31.17535,1.1333561e-08,5.638098e-09,6.822708e-10,1.4981368e-10,2.1688368e-11,2.4877656e-12,1.1556802e-15,1.8298809e-12
4FGL J1543.6+6551,235.9023,65.8647,bcu,4.9558616,2.2740877,2.2668421,0.019968497,1.0712236e-12,20.980928,1.1481378e-09,1.0379495e-09,1.3312708e-10,6.724994e-11,2.2444576e-11,5.618933e-12,3.7909874e-18,1.698454e-17
4FGL J1544.3-0649,236.0785,-6.8255,bcu,32.574852,1.8731236,1.782346,0.04969003,1.2771554e-11,599.8132,3.5178297e-13,3.2328715e-09,1.669833e-09,7.662633e-10,3.3575484e-10,8.567269e-11,3.6717854e-11,1.4967558e-11
4FGL J1544.7+5017,236.1828,50.2871,bll,7.677568,2.283591,2.2756755,0.011806619,1.5188882e-12,31.9701,1.8014379e-09,2.223115e-09,5.214955e-10,7.6754963e-11,2.9339007e-11,4.6810112e-12,1.3067599e-12,2.5505801e-19
4FGL J1545.0-6642,236.2507,-66.7017,bll,16.61969,1.6479299,1.6149987,0.032445848,3.8733114e-12,11.495285,2.8955413e-11,1.2611447e-09,2.8523686e-10,1.4210702e-10,5.7220197e-11,4.2565028e-11,1.7761988e-11,8.481606e-12
4FGL J1545.8-2336,236.4504,-23.6134,bll,7.236116,1.8778852,1.789376,0.055146705,2.1325931e-12,13.834381,1.3649677e-09,7.0056476e-09,2.34881e-10,9.429516e-11,4.9493333e-11,1.7223965e-11,4.1428493e-12,1.7057807e-12
4FGL J1546.0+0819,236.518,8.3194,bll,26.041332,1.8972322,1.7650596,0.08048844,6.9534586e-12,21.921726,1.1919234e-08,3.2490706e-09,8.5528534e-10,4.163477e-10,2.1405938e-10,5.750145e-11,2.0135846e-11,7.140101e-18
4FGL J1546.1-1003,236.5414,-10.051,bll,16.353462,2.0543385,1.9067512,0.09436823,5.1474155e-12,83.69688,1.3472458e-12,2.8230438e-09,1.1778599e-09,3.43314e-10,1.5384288e-10,3.8909514e-11,7.8230426e-12,3.7391343e-17
4FGL J1546.4-2903,236.6231,-29.0558,bcu,5.375702,2.0674589,2.029482,0.10518801,1.884413e-12,8.660015,9.22006e-13,6.343823e-10,6.360988e-10,1.182635e-10,4.9837464e-11,2.9251224e-12,6.1510224e-12,5.823439e-16
4FGL J1546.5+1816,236.6338,18.2826,bll,7.8287153,2.2274237,2.1186142,0.15053253,2.104485e-12,24.903185,8.375969e-11,2.2902593e-11,3.228944e-10,1.8933517e-10,3.1865136e-11,1.13166195e-11,9.0831174e-17,1.0414375e-15
4FGL J1547.3-1531,236.8303,-15.5286,bcu,7.759324,1.8388945,1.6388167,0.20288965,1.786186e-12,16.414066,1.2334558e-11,1.991258e-13,2.7793313e-11,1.0532114e-10,2.1926396e-11,3.4655057e-11,4.8301593e-12,8.01369e-15
4FGL J1547.3-2802,236.8387,-28.0373,bll,10.361599,1.8765042,1.8528091,0.030269261,3.4815176e-12,15.9788,4.1926298e-12,2.2063107e-09,5.6617955e-10,2.0385792e-10,7.4721895e-11,1.990022e-11,1.739344e-11,9.848374e-16
4FGL J1547.9-6403,236.9922,-64.0511,bcu,7.3498034,2.7846513,2.9341128,0.3058116,4.6662396e-12,16.075754,1.5964785e-10,8.2830685e-09,2.3149271e-09,1.619538e-10,2.1584864e-11,1.3454842e-12,1.4260604e-15,7.9751074e-15
4FGL J1548.3+6615,237.0982,66.2639,bcu,3.682555,2.1458404,2.165996,-0.02354125,6.8633174e-13,17.113783,2.759198e-11,8.421829e-10,3.1506417e-10,2.5844084e-11,1.6201858e-11,2.361053e-14,2.6224988e-12,1.4621084e-16
4FGL J1548.3+1456,237.0999,14.9461,bll,67.420555,2.0146296,1.8983715,0.07397759,2.5370282e-11,640.11865,1.33837865e-08,1.0353448e-08,5.6157954e-09,1.9861985e-09,6.491644e-10,1.6950583e-10,4.0836754e-11,2.1331218e-12
4FGL J1548.4-2109,237.1025,-21.1656,bcu,4.994332,1.8339185,1.592782,0.21987998,1.424349e-12,23.428507,1.2336124e-11,3.0931693e-09,1.4508433e-10,4.6909356e-12,4.4466198e-11,1.30420666e-11,6.2311354e-12,2.7249976e-16
4FGL J1548.8-2250,237.2011,-22.8471,bll,30.40314,1.7990379,1.7668895,0.03004911,1.2682385e-11,33.17925,6.610917e-09,6.0665045e-10,1.3011872e-09,6.2731487e-10,2.7711514e-10,1.04529135e-10,4.3704654e-11,1.6252059e-11
4FGL J1549.0+4821,237.2583,48.3617,bll,5.966565,1.759166,1.5949161,0.36222035,6.171771e-13,10.814897,1.4086436e-14,5.9124204e-15,2.842798e-11,2.7784995e-11,2.6438143e-11,7.198132e-12,1.2118715e-12,1.7423675e-21
4FGL J1549.0+7846,237.2624,78.783,bcu,5.903453,1.9577751,1.8904366,0.07396733,7.7133563e-13,17.026485,1.1798296e-11,8.623591e-10,1.9378924e-11,5.672433e-11,1.5938993e-11,4.8431376e-12,2.7346272e-12,5.0818746e-21
4FGL J1549.3+6310,237.3324,63.178,bll,4.9745774,2.1818492,2.264555,-0.05965902,8.385275e-13,23.695919,4.7195275e-11,2.6148594e-09,2.277862e-10,3.2847888e-11,2.0646287e-11,3.927654e-12,2.0945939e-15,1.0736612e-12
4FGL J1549.3+4234,237.3413,42.5819,bcu,7.505732,2.0513616,2.0112753,0.10989576,1.2437793e-12,14.226882,3.45453e-11,5.438354e-16,2.8732164e-10,9.791397e-11,2.0385188e-11,9.895213e-12,1.1830868e-12,4.483368e-16
4FGL J1549.4+7409,237.3553,74.1663,bcu,9.866306,2.5013957,2.4963367,0.007931475,2.1608362e-12,15.486627,4.6537754e-10,2.9934712e-09,7.748072e-10,8.577168e-11,3.8930827e-11,3.4359657e-12,1.2879231e-16,3.0550853e-16
4FGL J1549.5+0236,237.3851,2.6084,fsrq,24.52269,2.3880622,2.2951863,0.0877868,9.75924e-12,259.00534,4.1889345e-09,1.4003947e-08,3.4876426e-09,7.158246e-10,1.5772265e-10,1.8073534e-11,4.866955e-16,9.3839246e-23
4FGL J1549.6+1710,237.412,17.1784,bll,6.55437,2.059163,2.0725124,-0.024850644,1.6295098e-12,23.731697,2.7304214e-11,1.7751254e-09,5.405703e-10,9.924204e-11,2.2600878e-11,9.736397e-12,5.1668227e-12,3.2934764e-16
4FGL J1549.8-3044,237.4513,-30.7487,bll,9.48598,1.9253458,1.8861957,0.08356842,2.5714155e-12,17.00537,1.047063e-13,2.2945851e-14,4.9096666e-10,1.4814953e-10,4.9129062e-11,2.6379779e-11,2.9557457e-12,2.0068452e-12
4FGL J1549.8-0659,237.4701,-6.9998,bll,23.48539,1.9262166,1.8895195,0.033082113,8.939244e-12,62.85691,1.7612948e-11,4.5724606e-09,1.6069523e-09,4.5316315e-10,1.9954681e-10,7.45255e-11,2.9157676e-11,1.8145981e-12
4FGL J1550.7+7006,237.6754,70.1115,bcu,4.868729,2.6080537,2.5682797,0.065409884,1.2752784e-12,12.020292,2.4509166e-11,2.402521e-09,3.3380965e-10,9.601322e-11,7.0328766e-14,3.5267895e-12,1.8038763e-16,1.9844399e-17
4FGL J1550.7+0528,237.6965,5.4725,fsrq,25.135372,2.3865225,2.3205476,0.0984101,9.922828e-12,91.63883,1.2294865e-11,1.1005932e-08,3.5696606e-09,7.934304e-10,1.678759e-10,1.386109e-11,1.7928559e-14,7.916745e-17
4FGL J1550.8-0822,237.7183,-8.37,bll,9.571068,1.9958255,1.9758916,0.011983148,2.7972344e-12,16.270823,1.28156845e-08,3.6001305e-10,6.970475e-10,1.4687208e-10,5.138319e-11,2.2860288e-11,8.575668e-12,2.0645953e-16
4FGL J1550.8-1750,237.7236,-17.8448,bcu,7.741925,2.5400548,2.5288494,0.032957476,4.0363017e-12,18.91358,9.0566274e-14,5.9873884e-09,1.4059551e-09,2.1227985e-10,4.2525164e-11,3.009018e-12,2.5099293e-12,6.0896755e-18
4FGL J1552.0+0850,238.0099,8.8419,bll,14.058318,2.0965192,1.9905372,0.09183756,3.478523e-12,22.296251,5.1877252e-11,5.7400995e-10,9.0207497e-10,2.7129443e-10,9.5114895e-11,1.9988825e-11,3.2884828e-12,3.4478473e-16
4FGL J1553.3+0600,238.3284,6.0127,bll,5.519327,2.1856506,2.0638914,0.370772,9.36429e-13,22.75245,1.5793067e-11,6.905121e-13,1.0135674e-11,1.7040919e-10,2.4949485e-11,4.823423e-12,2.0681102e-14,4.134127e-15
4FGL J1553.5-6910,238.3897,-69.1818,bcu,6.40591,1.8923824,1.8374127,0.17828508,1.4689777e-12,13.8483095,8.26975e-14,5.1300513e-12,3.570537e-14,1.09443433e-10,4.3083186e-11,1.09840435e-11,2.4475704e-12,1.0239335e-16
4FGL J1553.5-3118,238.3923,-31.3113,bll,37.528263,1.9466838,1.8460625,0.07125113,1.4098003e-11,69.820045,8.421936e-15,4.0778914e-09,2.6280924e-09,9.391985e-10,3.6942305e-10,1.06840765e-10,3.570145e-11,6.57351e-12
4FGL J1553.6+1257,238.4015,12.9524,fsrq,37.26559,2.3877778,2.2351615,0.15238583,1.3043354e-11,705.07544,2.9420201e-08,1.6454633e-08,4.8397624e-09,1.2222353e-09,1.9141391e-10,1.1304647e-11,2.3569348e-19,2.8391866e-19
4FGL J1553.6-2422,238.4026,-24.3687,fsrq,39.338192,2.2022274,2.131453,0.05467801,1.864005e-11,464.04187,3.2951718e-08,1.9502625e-08,5.7003087e-09,1.4545358e-09,3.9072204e-10,5.8024592e-11,1.9837533e-11,2.421672e-12
4FGL J1554.0-0243,238.5185,-2.7314,bcu,7.827368,2.4969885,2.640091,0.32664514,3.8690474e-12,78.07377,2.9228653e-09,2.295322e-09,1.8327763e-09,3.8518586e-10,1.8265804e-11,1.1716152e-11,1.5769201e-15,3.8467565e-16
4FGL J1554.4-1215,238.6198,-12.2582,bcu,9.620634,1.8912115,1.5927914,0.25321537,2.471068e-12,20.768927,3.0344278e-09,8.0445234e-10,1.3110073e-10,1.1146802e-10,1.0248777e-10,2.6825618e-11,5.8678735e-12,1.0715691e-15
4FGL J1554.9+2143,238.7435,21.7333,bll,8.942074,2.2912364,2.237151,0.069038294,2.5728742e-12,19.895782,2.0342927e-08,1.6127906e-09,7.687649e-10,1.7101799e-10,4.581763e-11,8.88733e-12,1.4054633e-12,1.7449347e-16
4FGL J1555.2-4149,238.8244,-41.8282,bcu,13.9918,2.6011014,2.5749943,0.13845147,1.0056869e-11,81.94589,9.8143e-09,1.6562236e-08,4.0389425e-09,6.1826744e-10,9.1388584e-11,1.1282678e-11,6.481286e-15,1.3476157e-15
4FGL J1555.7+1111,238.9313,11.1884,BLL,130.34932,1.6966573,1.5804125,0.095083706,1.8509523e-10,254.81961,9.84988e-09,2.2320858e-08,1.4346817e-08,8.033455e-09,4.6609814e-09,1.954908e-09,7.5850115e-10,1.4170158e-10
4FGL J1556.1+2812,239.0464,28.2068,bcu,5.399745,1.8783829,1.5866864,0.3718303,6.1917886e-13,17.048605,1.1462753e-11,1.3759798e-15,4.550677e-11,1.1170854e-12,3.1757617e-11,7.96956e-12,5.4529966e-17,1.142187e-16
4FGL J1556.6+1417,239.1532,14.2857,bcu,3.920046,2.4751766,2.3293793,0.34741578,9.914313e-13,15.684686,6.4800644e-11,5.459866e-10,4.7679144e-10,1.2220601e-10,1.7476387e-11,6.2517266e-15,8.4655877e-16,3.0152584e-16
4FGL J1557.5-7040,239.3889,-70.6687,bll,23.208004,2.170642,2.138325,0.048917986,7.991679e-12,10.850349,2.597817e-12,4.3588884e-09,2.28294e-09,4.7871074e-10,1.7378265e-10,3.768665e-11,7.268701e-12,4.6717804e-17
4FGL J1557.9-0001,239.4851,-0.0244,fsrq,4.399215,2.4636605,2.3218162,0.19863594,2.250897e-12,21.078987,2.2509015e-08,2.3249485e-09,8.446619e-10,1.274205e-10,3.7821333e-11,3.045899e-14,2.4092725e-16,2.0001157e-16
4FGL J1557.9-1404,239.4939,-14.0739,fsrq,8.145773,2.3658543,2.2552507,0.3945286,2.512651e-12,12.177437,1.3027347e-11,7.05446e-10,9.190308e-10,3.4950248e-10,3.6679434e-11,3.0536081e-12,2.3478006e-16,1.8445856e-15
4FGL J1558.1+6239,239.5386,62.6538,bcu,4.76321,2.6769671,2.6883466,-0.013948888,1.3754458e-12,9.863694,7.494737e-09,1.2274423e-09,3.9194595e-10,6.7632906e-11,1.4582207e-11,5.783701e-15,3.3042031e-15,3.781637e-17
4FGL J1558.8+5625,239.7179,56.4268,bll,41.14044,2.1207855,2.021807,0.05937478,8.877579e-12,113.428955,3.9545943e-11,8.824796e-09,2.1501443e-09,6.7236805e-10,2.219677e-10,6.0782254e-11,2.4601935e-12,3.1023313e-17
4FGL J1558.9-6432,239.7377,-64.5404,bll,41.985756,1.9714097,1.949519,0.023855245,1.7293248e-11,24.254803,1.1420293e-10,6.3624435e-09,3.1825718e-09,1.0218196e-09,3.7236084e-10,1.1871971e-10,3.8640355e-11,1.3048204e-11
4FGL J1559.1+6736,239.7844,67.6153,bcu,10.500513,1.9988734,1.8968403,0.10812723,1.6621789e-12,21.700382,3.27656e-10,1.6700306e-09,9.6270374e-11,1.5117481e-10,2.2389045e-11,1.5521263e-11,3.1230372e-12,8.484271e-19
4FGL J1559.8-0425,239.9645,-4.4309,bcu,4.8933406,2.6229339,2.5687551,0.15527156,3.4896571e-12,35.518105,1.9527864e-09,7.352815e-09,1.1469066e-09,2.1019447e-10,2.6631622e-11,3.8444157e-12,2.8323816e-16,7.407721e-17
4FGL J1559.8-2525,239.9671,-25.4235,bcu,7.167516,2.2756605,2.2759602,-0.008225494,3.096512e-12,25.036991,1.5210086e-08,2.753821e-09,1.0489227e-09,2.0857002e-10,3.816548e-11,1.8820574e-11,2.2906358e-12,6.9763854e-23
4FGL J1559.9+2319,239.9777,23.3196,bll,19.744337,2.2213871,2.2170446,0.007039247,6.5833125e-12,58.946266,1.3787946e-09,4.03635e-09,1.8628206e-09,4.2864493e-10,1.0110759e-10,4.1865286e-11,1.9961266e-12,4.751442e-16
4FGL J1600.0+8510,240.0107,85.17,bcu,27.463839,2.0639951,1.9627826,0.06272753,5.639436e-12,42.91862,6.6839543e-09,4.2795523e-09,1.310928e-09,3.962197e-10,1.4229508e-10,4.2899476e-11,2.5041375e-12,5.866435e-17
4FGL J1600.3-5811,240.0983,-58.184,bll,16.837542,2.3556457,2.3362963,0.052535255,1.10617175e-11,4.8769403,1.5826134e-11,5.6126264e-09,4.0158743e-09,6.614862e-10,1.5662714e-10,2.9595097e-11,5.500456e-12,2.2288923e-17
4FGL J1602.0-0641,240.5039,-6.6856,bcu,5.597662,2.3326325,2.282644,0.23366997,1.810172e-12,14.9780655,8.592243e-13,7.060409e-10,7.2849854e-10,1.7963064e-10,4.5315043e-11,2.978566e-12,2.4319398e-12,8.864462e-15
4FGL J1602.1+3324,240.5307,33.4136,bcu,38.607243,2.2657523,2.1402602,0.10504756,9.528209e-12,1547.9524,1.5921321e-08,8.099662e-09,3.4976742e-09,8.0507084e-10,1.7774988e-10,2.0013905e-11,3.2146744e-12,3.2150052e-17
4FGL J1602.2+3051,240.5622,30.8606,bll,11.271777,2.0694432,1.9603012,0.082193784,2.2551613e-12,17.330996,4.102952e-09,1.176257e-09,3.7050638e-10,1.5702459e-10,4.383402e-11,1.8140583e-11,1.4455785e-12,1.0251263e-15
4FGL J1602.9-1928,240.7275,-19.4701,bcu,10.635342,2.0990567,2.0642319,0.05420445,4.2957265e-12,23.045015,5.8467693e-09,4.0737924e-09,8.986017e-10,2.868494e-10,9.7740996e-11,1.5807858e-11,6.2556904e-12,5.6232077e-16
4FGL J1603.5+1552,240.8816,15.8733,bcu,4.887029,2.3258517,2.3049695,0.09714934,1.6531298e-12,17.97694,3.3482677e-09,6.949521e-14,6.692112e-10,6.823288e-11,4.1417095e-11,2.5653849e-16,2.1050013e-12,7.825199e-17
4FGL J1603.5-7112,240.884,-71.2099,bcu,6.29351,2.304127,2.090043,0.22916803,2.3952075e-12,16.572823,1.5445178e-10,5.409035e-09,4.0878118e-10,1.590275e-10,5.7384653e-11,2.6286978e-12,1.6672345e-13,1.800475e-17
4FGL J1603.8+1104,240.9601,11.0701,bll,7.586957,2.1274648,2.094499,0.06555075,2.0217484e-12,20.221478,6.0716534e-09,3.3347655e-15,6.323912e-10,1.25487e-10,3.6193198e-11,1.5287304e-11,1.914759e-12,5.2587203e-17
4FGL J1603.8+5009,240.9652,50.1574,bll,12.265962,1.932463,1.7446108,0.16236715,1.6678053e-12,17.345854,3.5256676e-12,6.7478113e-15,1.3830957e-10,1.5366215e-10,4.736092e-11,1.4112265e-11,4.2202695e-12,1.4565611e-12
4FGL J1603.8-4903,240.9665,-49.0617,bll,64.54491,1.9891381,1.8928365,0.058147866,5.9411094e-11,535.7979,9.1995064e-11,2.2706608e-08,1.1488057e-08,3.808678e-09,1.4963771e-09,4.5229048e-10,1.6368405e-10,2.2143695e-11
4FGL J1604.5-4441,241.1277,-44.6903,bll,28.245876,2.3455954,2.3005733,0.09427415,2.0632785e-11,296.58002,2.7002065e-09,1.698099e-08,7.0549993e-09,1.6980781e-09,4.1397022e-10,3.7458224e-11,1.262666e-11,1.6654435e-12
4FGL J1604.6+5714,241.1585,57.2381,fsrq,58.104584,2.4285932,2.3738232,0.0751457,1.7876955e-11,279.4859,2.6642205e-08,2.4211946e-08,6.8352244e-09,1.2324515e-09,2.658413e-10,9.7068326e-12,1.902869e-15,2.8554194e-13
4FGL J1604.7+1734,241.1857,17.5717,bll,5.119643,2.0603247,1.7493273,0.41321725,7.1559664e-13,14.681427,6.60778e-09,3.185562e-10,1.0299582e-12,7.7060636e-11,3.9546616e-11,2.1762785e-12,9.288009e-19,2.5074091e-17
4FGL J1604.9-3414,241.2289,-34.2385,bcu,4.181231,1.7535186,1.6366023,0.25781986,1.0325554e-12,19.968857,1.650606e-15,5.37231e-12,1.837224e-13,1.353993e-11,2.9471e-11,1.14098436e-11,3.1293223e-12,2.1392113e-18
4FGL J1605.1-1140,241.2876,-11.6713,bll,9.737489,2.0761013,1.9664582,0.11515412,3.625715e-12,9.160384,7.3646436e-09,1.1774525e-09,5.811768e-10,2.5176483e-10,6.5154576e-11,3.2368684e-11,1.0966399e-17,3.9688173e-16
4FGL J1605.5+5423,241.3848,54.3982,bll,11.323313,1.8564293,1.5790462,0.17461863,1.4027452e-12,5.4027205,2.1278712e-09,7.173243e-11,5.1427446e-11,8.1251846e-11,4.4697534e-11,1.6908407e-11,2.4044948e-12,1.1849317e-12
4FGL J1605.8+7208,241.4536,72.1386,bcu,4.9116616,1.8828874,1.7323138,0.14524308,6.4669624e-13,15.714665,1.3856397e-11,1.6951288e-10,1.6666452e-10,1.5647717e-11,1.828521e-11,3.5809684e-12,2.0423368e-12,8.0076066e-13
4FGL J1606.2+1346,241.568,13.768,bll,7.8197494,1.8213629,1.7874012,0.04914504,1.8780116e-12,15.060159,5.0249846e-11,2.0194261e-11,7.232669e-11,5.693724e-11,6.6424394e-11,4.518117e-12,6.581224e-12,3.5161416e-12
4FGL J1606.3+5629,241.5917,56.4975,bll,12.261326,1.7625815,1.6612797,0.081177175,1.6841464e-12,13.535436,2.7343738e-08,2.093975e-11,1.3072746e-10,7.239267e-11,2.9011826e-11,1.9409967e-11,7.600501e-12,1.2585249e-12
4FGL J1606.5+2717,241.645,27.2973,fsrq,6.0905294,2.5792572,2.5805502,-0.008140301,2.0833686e-12,24.671427,4.783862e-09,3.6935481e-09,7.168849e-10,1.0175113e-10,2.5950653e-11,3.761046e-12,1.0930026e-14,4.908733e-16
4FGL J1606.6+1324,241.6681,13.4042,bcu,4.0225487,2.3362186,2.2956066,0.09756238,1.5591538e-12,15.022502,5.0051865e-11,1.4330255e-09,6.697321e-10,1.0224844e-10,2.2516208e-11,7.0832845e-12,5.99538e-17,1.1737572e-16
4FGL J1606.8-0351,241.7117,-3.8625,bcu,6.3585396,2.3160138,2.2476628,0.109935835,2.8130772e-12,122.29174,7.52055e-09,2.5163776e-09,8.7384977e-10,1.5617599e-10,5.887891e-11,8.050044e-12,1.0465744e-14,2.8489215e-18
4FGL J1606.9+5919,241.7341,59.3201,bll,7.343566,2.1735034,2.0215719,0.15394613,1.1727468e-12,28.38646,1.0002094e-08,9.162713e-10,2.2153673e-10,8.605501e-11,2.6563871e-11,2.484444e-12,1.7555816e-12,3.630506e-16
4FGL J1607.0+1550,241.7745,15.8447,bll,55.06428,2.2632618,2.174858,0.10020758,2.0697423e-11,13.048029,3.030435e-10,2.1524048e-08,7.3418205e-09,1.6949872e-09,3.961025e-10,6.086906e-11,5.9591125e-12,7.484808e-17
4FGL J1607.8+2541,241.9749,25.6834,bll,4.509964,1.8745476,1.8124859,0.0821081,8.220803e-13,17.11991,9.663002e-09,1.6963418e-10,1.3862514e-10,3.0627452e-11,2.4332189e-11,5.36681e-12,1.760986e-12,1.4253645e-12
4FGL J1608.0+4949,242.0136,49.829,bcu,5.9860067,2.3185499,2.1970184,0.15369797,1.2245132e-12,37.20052,2.4555214e-11,1.0833205e-09,4.244758e-10,9.498724e-11,1.41097e-11,4.910649e-12,3.3770505e-17,1.7328549e-18
4FGL J1608.0-1625,242.0209,-16.4185,bcu,4.4222116,2.6261873,2.6402733,0.23406386,3.1091978e-12,13.372525,6.9551526e-13,5.1935656e-09,1.7399553e-09,1.3497516e-10,1.5320918e-11,3.557804e-12,3.50595e-18,1.6371785e-15
4FGL J1608.0-2038,242.023,-20.6418,bll,13.434256,2.0544605,2.040612,0.019209333,5.622599e-12,23.411575,1.4652726e-08,4.4552344e-09,1.2423228e-09,3.3183645e-10,1.250571e-10,3.2043836e-11,8.995313e-12,1.945379e-12
4FGL J1608.3+4012,242.084,40.2058,fsrq,4.7032046,2.2990556,2.0356317,0.34363025,5.869748e-13,26.03989,5.7168286e-14,5.239214e-10,1.254623e-10,6.473039e-11,3.0125177e-11,4.893534e-18,3.8128927e-19,2.53159e-15
4FGL J1608.7+1029,242.1764,10.4938,fsrq,35.02967,2.5285215,2.4208663,0.114829816,1.4813472e-11,730.5035,3.6882827e-08,2.6850342e-08,5.872546e-09,9.880856e-10,1.2546704e-10,1.9440895e-11,7.8667687e-16,9.951518e-17
4FGL J1610.3-3958,242.5981,-39.9737,fsrq,13.701763,2.598758,2.6226456,0.08537598,1.1517954e-11,35.806805,1.2754765e-12,1.6790102e-08,4.1235486e-09,6.5439937e-10,9.826354e-11,1.674793e-11,3.4401688e-15,4.4011554e-17
4FGL J1610.6+2414,242.6529,24.2445,fsrq,6.1225142,2.410861,2.41477,-0.015470238,2.1521673e-12,18.357681,2.743733e-11,4.9475024e-09,8.133373e-10,9.676142e-11,2.9139656e-11,5.4743714e-12,1.628849e-12,3.2907235e-16
4FGL J1610.7-6648,242.6919,-66.8147,bll,75.75006,1.7571938,1.556289,0.11674154,3.189286e-11,97.631004,1.2355857e-08,3.985266e-09,3.0199274e-09,1.546227e-09,8.73514e-10,3.5556694e-10,1.2042038e-10,6.903339e-12
4FGL J1611.1+2501,242.7811,25.0176,bcu,5.814475,2.6220672,2.5941331,0.046859283,2.529312e-12,56.458454,2.418419e-08,2.3567988e-09,8.182573e-10,1.4535552e-10,2.2118089e-11,2.6688938e-12,6.1164344e-18,4.1109164e-16
4FGL J1611.3-0930,242.8388,-9.5078,bcu,5.245358,2.1267712,2.016732,0.08433903,2.10008e-12,38.86559,1.2356207e-08,5.273409e-09,2.0338684e-10,8.412739e-11,6.452419e-11,8.689193e-12,3.3841086e-13,2.2417145e-16
4FGL J1612.2+2828,243.0628,28.4731,bcu,4.8146796,2.2509882,1.9836495,0.16551109,1.1651539e-12,10.625784,4.7290625e-09,2.2751656e-09,1.3689244e-10,8.661173e-11,1.5523641e-11,7.298775e-12,6.289808e-16,6.927156e-19
4FGL J1612.4-3100,243.1001,-31.0011,bll,24.70376,2.1272316,2.0113564,0.095618546,9.426804e-12,98.04054,5.0921543e-09,4.9477933e-09,2.4331426e-09,7.055966e-10,2.816636e-10,4.3381153e-11,1.26710205e-11,5.952148e-18
4FGL J1612.4-0554,243.1206,-5.9098,bll,3.8778622,2.5631354,2.567072,-0.0042971773,2.533663e-12,19.876446,1.4756321e-13,3.7137804e-09,1.3701935e-09,5.9580396e-12,3.367021e-11,8.160465e-12,2.3876241e-16,4.2491504e-13
4FGL J1613.3-1907,243.348,-19.1239,bcu,5.619427,2.0729928,2.0356164,0.025685763,2.5555166e-12,15.525569,1.3027313e-10,2.2703566e-09,8.2372437e-10,8.340172e-11,6.325907e-11,1.1997961e-11,7.877054e-12,6.6018277e-16
4FGL J1613.5-4225,243.3822,-42.4223,bcu,4.553166,2.5661886,2.580182,0.08980379,4.846638e-12,13.378981,7.304672e-09,3.258912e-14,2.140852e-09,2.0735832e-10,3.6196345e-11,3.78652e-12,3.0625307e-12,1.2237703e-16
4FGL J1613.6+3411,243.4211,34.1982,fsrq,32.785793,2.448478,2.4014482,0.049123798,9.687048e-12,119.80248,1.489033e-08,1.3347957e-08,3.7300634e-09,6.557536e-10,1.0096973e-10,2.4302003e-11,7.17362e-16,3.0149952e-17
4FGL J1614.4+5028,243.6016,50.4723,bcu,4.646346,1.7650267,1.6144145,0.22220278,6.561414e-13,12.406475,6.309858e-11,5.851189e-13,3.4735374e-11,1.6218697e-11,1.9308138e-11,8.119979e-12,1.2365354e-12,1.5771638e-19
4FGL J1614.8-0850,243.7106,-8.8379,bcu,4.5984564,1.6931815,1.7852534,-0.06519097,1.1585645e-12,15.361105,3.580721e-10,2.181489e-17,5.843587e-11,5.534146e-11,1.3203909e-11,5.176309e-12,1.2723202e-11,5.765215e-13
4FGL J1615.6+2130,243.913,21.5064,bcu,12.912977,2.6304822,2.6250458,0.013312762,5.0362457e-12,42.33527,1.5049753e-08,1.0853952e-08,1.6293589e-09,1.9864634e-10,6.589405e-11,4.1378537e-12,9.761068e-19,1.3363125e-12
4FGL J1615.6+4712,243.9222,47.2028,fsrq,20.85782,2.2068357,2.1733127,0.039338846,4.703524e-12,30.37401,2.6797752e-11,4.8165942e-09,1.3474389e-09,2.913089e-10,9.3560444e-11,1.8161325e-11,1.3895021e-12,1.2878613e-12
4FGL J1616.5-3500,244.1297,-35.0019,bcu,4.986881,2.7957973,3.0223198,0.3621044,4.348035e-12,7.7657647,1.1953819e-12,8.526756e-09,1.631309e-09,1.9122316e-10,1.1342354e-11,1.6281311e-19,8.175206e-15,4.3137923e-15
4FGL J1616.6+4630,244.1596,46.5099,fsrq,6.689522,2.603996,2.6078703,0.3225671,1.5880132e-12,52.938828,4.3493014e-09,1.1049391e-09,8.823271e-10,1.2020437e-10,5.146804e-12,1.605261e-16,1.5341879e-12,7.086342e-20
4FGL J1616.7+3327,244.1818,33.4621,bll,9.300429,2.26382,2.1079264,0.1496014,2.1460119e-12,29.24731,3.085573e-11,1.5275864e-09,4.1158835e-10,1.5583375e-10,4.889962e-11,7.502298e-12,4.398511e-17,1.1845197e-18
4FGL J1616.7+4107,244.1821,41.1234,bll,12.55653,2.1653416,2.1091175,0.07253636,2.3346258e-12,29.501146,1.2513411e-08,7.775924e-12,7.3695183e-10,1.5136649e-10,4.340618e-11,9.75835e-12,1.9469734e-12,2.6298967e-18
4FGL J1617.2-2535,244.323,-25.5987,bcu,6.407659,2.5332396,2.5413358,0.2490851,4.06294e-12,16.360027,6.5076986e-13,1.8539716e-09,1.5704852e-09,4.1805362e-10,2.2799101e-11,5.096733e-12,1.0701433e-12,8.3138507e-16
4FGL J1617.3-1513,244.3335,-15.2294,bcu,7.1488833,2.0595913,1.8317395,0.35867754,1.8570904e-12,12.413723,1.00308535e-08,2.0421904e-10,2.6530192e-10,1.3628755e-10,8.497554e-11,2.1735442e-11,1.9440518e-17,5.325984e-17
4FGL J1617.3-5849,244.3486,-58.8257,fsrq,17.447836,2.5493531,2.5611367,0.19905892,9.81121e-12,109.06793,8.006624e-11,1.0345013e-08,4.3493777e-09,7.358592e-10,1.2522171e-10,5.1570245e-12,1.503297e-13,5.7633413e-16
4FGL J1617.9-7718,244.4806,-77.304,fsrq,39.678143,2.6234765,2.5804586,0.10252437,1.9888967e-11,545.98846,7.7413354e-08,3.666324e-08,7.834847e-09,1.0701582e-09,1.4400292e-10,1.6759693e-11,4.3661058e-17,1.0039547e-15
4FGL J1618.0+5139,244.5156,51.6653,fsrq,8.054856,2.7152288,2.6385949,0.07418912,2.269626e-12,111.19321,1.2121261e-08,4.115713e-09,6.8831446e-10,1.4388413e-10,7.615265e-12,1.1764959e-12,1.0483122e-16,1.3344104e-17
4FGL J1618.8+0620,244.7164,6.3458,bll,6.540555,2.1991997,2.0398614,0.14769955,2.0915914e-12,22.643513,5.4779275e-11,2.2356432e-09,2.7242456e-10,1.4910019e-10,5.467971e-11,5.34808e-19,4.6316e-13,9.449883e-23
4FGL J1619.0+7536,244.764,75.6098,bcu,12.255555,1.9670125,1.6554748,0.23464876,1.4546059e-12,22.873491,2.04174e-09,7.3420225e-10,5.497997e-11,1.1939448e-10,4.9214265e-11,1.9327123e-11,1.3384144e-16,7.149483e-16
4FGL J1619.0-8346,244.7745,-83.7811,bll,5.5697074,2.4207919,2.4264672,-0.016049122,1.8265708e-12,12.189883,1.8073115e-08,3.231388e-09,4.2017861e-10,1.2435708e-10,2.0859856e-11,3.2686937e-12,1.9821978e-12,7.7181485e-18
4FGL J1619.6+5536,244.9187,55.6069,bll,14.909152,2.3497627,2.2871287,0.07704666,3.0905142e-12,10.7841015,1.4385191e-11,3.316888e-09,1.0141313e-09,1.8653999e-10,5.094798e-11,9.309499e-12,2.63212e-19,1.0904245e-17
4FGL J1621.3-0030,245.3455,-0.5091,bll,5.427302,1.6307698,1.4496524,0.2191046,1.2718053e-12,15.932593,1.5843845e-13,5.746173e-10,4.8970853e-12,2.9798376e-11,2.6119353e-11,1.1438431e-11,9.8288e-12,5.801703e-13
4FGL J1621.7-1103,245.4273,-11.0592,bcu,9.292266,2.5257995,2.3943028,0.16111468,4.3924317e-12,102.07295,1.3277236e-09,4.176348e-09,1.6381492e-09,3.7318937e-10,5.3279235e-11,4.4698193e-14,1.6512106e-12,1.6761272e-16
4FGL J1622.9+4401,245.7389,44.026,bll,5.1341133,2.1006293,1.9881116,0.11980062,8.072344e-13,10.573806,1.8486315e-13,9.50022e-10,9.6967746e-11,5.5806408e-11,1.8851053e-11,2.4485275e-12,1.9137868e-12,8.995029e-18
4FGL J1623.4+0858,245.8669,8.9763,bcu,8.002764,2.0756326,2.0802326,-0.0061771325,2.1027106e-12,17.509085,1.0925569e-12,1.36512164e-11,6.649987e-10,1.2267226e-10,1.8775972e-11,3.1232374e-11,4.0052755e-16,5.415953e-17
4FGL J1623.6+5743,245.9186,57.729,fsrq,9.99409,2.1907663,2.1869915,0.0002642917,1.8888014e-12,14.812414,2.9818398e-11,1.8208006e-09,4.893764e-10,1.2574446e-10,3.613111e-11,6.0815845e-12,3.8180388e-12,4.4789405e-17
4FGL J1624.6+5651,246.1715,56.8504,bll,12.367158,2.1623485,2.1605184,-0.0014713707,2.2058865e-12,12.224398,3.8864575e-10,1.3068874e-09,6.9203754e-10,1.2248658e-10,4.1033232e-11,1.4956399e-11,3.3780717e-12,1.0450123e-16
4FGL J1624.9-4210,246.2297,-42.1764,bcu,6.9933934,2.7842753,2.907345,0.34357902,8.04656e-12,7.0412965,1.0658589e-12,1.3495548e-08,3.3100271e-09,4.890586e-10,4.8800883e-11,8.1136704e-17,1.338363e-15,1.4272997e-16
4FGL J1625.2-3600,246.3117,-36.009,bcu,7.2576094,2.6159747,2.7504005,0.18142611,5.937089e-12,18.65783,1.8677425e-14,8.508284e-09,2.6236948e-09,3.785007e-10,3.537711e-11,7.914293e-12,2.5279534e-16,8.435146e-16
4FGL J1625.7-2527,246.4453,-25.465,fsrq,46.0598,2.3875425,2.32548,0.119009666,3.9502752e-11,1850.3704,1.02757305e-07,5.424472e-08,1.5092763e-08,3.2131637e-09,6.554495e-10,7.7247785e-11,6.5216053e-12,2.5906336e-16
4FGL J1625.7+4134,246.4473,41.5709,fsrq,20.817322,2.5372803,2.345613,0.17710847,4.4795933e-12,73.66151,5.2620437e-09,6.298136e-09,1.9119268e-09,3.3748604e-10,5.805215e-11,1.7051666e-20,2.8747197e-16,1.3259856e-16
4FGL J1626.0+5436,246.5071,54.6068,bcu,1.1708415,2.8,2.687985,0.32067895,5.263127e-13,31.184885,5.506203e-12,1.6352022e-09,1.1947413e-10,4.3445667e-11,2.1968285e-18,4.149942e-17,9.5322785e-17,7.280855e-15
4FGL J1626.0-2950,246.515,-29.8486,FSRQ,45.134937,2.5705745,2.4919138,0.1135243,3.4121313e-11,610.17145,6.392707e-08,5.684517e-08,1.3909381e-08,2.063306e-09,2.8679947e-10,3.0993055e-11,5.342402e-12,1.04939665e-17
4FGL J1626.3+3514,246.582,35.2382,bll,11.901658,1.8270156,1.7148259,0.08794275,1.997279e-12,18.227554,3.8298473e-10,1.3193432e-09,3.2201558e-10,8.647747e-11,4.097874e-11,2.118545e-11,6.9079412e-12,8.0407845e-17
4FGL J1626.4+1820,246.6102,18.3374,bcu,4.2093587,2.5897193,2.5919712,-0.013845563,1.8505497e-12,18.473162,2.7417669e-12,2.9657723e-10,6.7300704e-10,5.0304993e-11,2.5499557e-11,4.614514e-12,8.30906e-13,8.5841914e-19
4FGL J1626.5-7435,246.6358,-74.594,bcu,4.3725643,2.1918535,1.9971615,0.2761994,1.2199204e-12,9.904129,8.721445e-09,1.778397e-09,2.8782459e-11,8.007195e-11,3.3321443e-11,4.3639207e-12,2.6217287e-16,1.9404575e-17
4FGL J1626.6-7639,246.6553,-76.6502,bll,18.411009,1.9217873,1.9464277,-0.023531042,4.4761573e-12,32.69063,8.084623e-11,1.3153303e-09,1.0922582e-09,2.4170196e-10,8.438697e-11,3.3666736e-11,1.0543158e-11,5.0278735e-12
4FGL J1626.8+4337,246.7144,43.6249,fsrq,4.389895,3.1365309,3.120379,0.03110078,1.9268604e-12,24.050636,3.7902046e-13,5.684287e-09,5.929137e-10,3.6426286e-11,7.2099627e-12,1.0206877e-20,5.379661e-17,7.315474e-18
4FGL J1627.3+3148,246.8347,31.814,bll,8.276096,1.9296124,1.6988658,0.21133463,1.4532916e-12,20.947649,4.8626965e-09,6.148397e-10,1.970801e-10,5.4879875e-11,3.754606e-11,1.5995207e-11,3.3170582e-12,1.3768034e-16
4FGL J1627.3+4758,246.8492,47.9822,bcu,7.5167975,2.5928688,2.5459836,0.2220632,1.6703884e-12,23.446653,5.021723e-10,1.7714485e-09,7.7971984e-10,1.2582602e-10,1.0398535e-11,2.4588946e-16,5.5903366e-15,8.779622e-15
4FGL J1627.4-3301,246.85,-33.0296,bcu,6.5505476,2.5457416,2.605272,0.14741689,4.6906316e-12,7.351398,4.1504394e-11,7.727704e-10,2.0681667e-09,2.5458544e-10,7.501178e-11,2.6467706e-13,5.8264633e-16,1.8023155e-13
4FGL J1627.7+0251,246.9419,2.8584,bcu,8.631307,2.1694908,1.9396276,0.27840796,1.7372825e-12,27.311913,3.0955063e-09,6.522243e-10,2.540792e-10,2.0420224e-10,6.693205e-11,1.0727534e-11,1.6414115e-12,1.0115176e-16
4FGL J1628.3-3343,247.0812,-33.7241,bcu,11.742612,2.10087,2.1018918,-0.0026219853,5.336842e-12,16.354689,4.8676445e-12,1.1202901e-08,1.3840231e-09,2.575674e-10,1.1154305e-10,2.9168754e-11,1.3855733e-11,2.04794e-17
4FGL J1628.6+7706,247.1545,77.1099,bll,48.64219,2.1262264,2.0184064,0.07051996,1.0317921e-11,253.63507,1.2645614e-08,7.6396836e-09,2.7686364e-09,8.3707086e-10,2.3400507e-10,5.0328644e-11,9.172143e-12,6.279663e-13
4FGL J1628.8-6149,247.2171,-61.8313,fsrq,16.401928,2.6723783,2.7874048,0.22020094,1.0256923e-11,108.037445,3.6180747e-08,1.6919465e-08,4.4307185e-09,6.367017e-10,6.55068e-11,2.1128026e-12,1.2896681e-15,2.5610468e-17
4FGL J1630.7+5221,247.6815,52.3543,bll,58.748085,1.9981707,1.8974471,0.060223777,1.4679149e-11,165.45169,1.9355936e-08,7.531428e-09,3.1672058e-09,1.0477408e-09,3.6593048e-10,1.15314515e-10,1.9462819e-11,3.0046397e-12
4FGL J1631.0-5302,247.7563,-53.0406,bcu,6.8251414,2.6206408,2.5972497,0.05347703,8.012105e-12,7.432589,2.0401868e-12,1.6360405e-08,2.2975695e-09,4.112714e-10,3.9356553e-11,2.2930255e-11,1.5754728e-16,2.1795066e-15
4FGL J1631.2+4926,247.8008,49.4481,fsrq,7.0177298,2.4974592,2.4908993,0.0065052295,1.8376182e-12,12.934232,6.0267194e-11,2.9439617e-09,7.3698087e-10,6.5990456e-11,2.977357e-11,1.0856629e-15,1.6742664e-15,1.4880222e-12
4FGL J1631.2+1046,247.8036,10.7753,bcu,10.589575,2.4088852,2.365077,0.11316358,4.321373e-12,59.835873,2.6980096e-10,3.6477663e-09,1.4092622e-09,2.4595986e-10,7.098727e-11,6.8057578e-12,1.279353e-12,5.472323e-17
4FGL J1631.5+4219,247.8785,42.3264,bll,4.939358,1.8695691,1.7623951,0.08302637,7.3619165e-13,14.92718,2.0822841e-13,2.150965e-09,1.0575311e-10,3.707836e-11,1.8825299e-11,5.432337e-12,1.314932e-12,1.3575642e-12
4FGL J1632.2+0854,248.0597,8.9044,bcu,10.276006,2.2270465,2.2080429,0.03510774,3.3882484e-12,38.70803,1.3239742e-08,5.8196443e-09,8.8365665e-10,2.433141e-10,5.7587594e-11,6.7273648e-12,5.5053427e-12,5.381272e-17
4FGL J1632.4+5800,248.1114,58.0064,bcu,6.8221416,1.7960413,1.6813434,0.12164326,8.89175e-13,17.324507,7.424296e-09,9.920701e-10,4.526145e-11,3.643358e-11,2.2513031e-11,4.9474153e-12,6.39259e-12,5.085243e-16
4FGL J1632.8-1048,248.2036,-10.8134,bcu,10.028019,2.6031404,2.5804224,0.043568294,7.502789e-12,159.34682,1.6679119e-08,1.6425384e-08,2.535037e-09,3.4868214e-10,8.5970925e-11,6.5994788e-12,2.5170238e-15,7.365101e-16
4FGL J1633.5+2806,248.3896,28.106,bcu,4.9486184,2.60576,2.4753041,0.15298848,1.666309e-12,15.013174,1.790582e-09,3.924377e-09,5.3172206e-10,9.3800794e-11,1.3444697e-11,2.1232081e-15,2.1395754e-16,8.400716e-18
4FGL J1633.8+0701,248.4543,7.0309,bcu,10.908401,2.1516392,2.099221,0.062222753,3.783303e-12,29.036278,1.0236457e-11,2.486146e-09,7.675284e-10,2.5008645e-10,8.767562e-11,1.7780487e-11,8.095483e-14,1.7104574e-12
4FGL J1634.9+1222,248.7419,12.3676,bcu,3.490028,1.6737208,1.6256745,-0.11271141,6.1853826e-13,10.467902,1.08174546e-10,1.0716547e-12,4.263138e-10,9.922968e-11,1.9019451e-13,7.191004e-12,7.525168e-17,3.3224554e-12
4FGL J1635.2+3808,248.8168,38.1401,FSRQ,173.67653,2.4138246,2.3540146,0.13404454,1.293375e-10,10882.558,1.9776192e-07,1.8065631e-07,5.397354e-08,9.544329e-09,1.5101996e-09,1.008083e-10,1.5268528e-12,1.0734461e-12
4FGL J1635.3+0911,248.8298,9.1844,bcu,4.9815803,2.673161,2.6839957,0.16337891,2.8343764e-12,32.138058,1.20261445e-08,3.839527e-09,1.1548241e-09,1.3230383e-10,2.0211272e-11,2.2047975e-16,6.952964e-16,1.408995e-16
4FGL J1635.6+3500,248.9007,35.0141,bcu,7.1606503,2.2278867,1.918341,0.46111405,7.865266e-13,27.141348,3.1667277e-10,3.5679035e-15,1.5934568e-10,1.1302713e-10,3.414047e-11,1.3474951e-14,8.047043e-16,8.2240445e-15
4FGL J1635.6+3628,248.9229,36.4795,fsrq,11.388399,2.6744897,2.6719527,0.005055423,4.0184236e-12,226.55652,3.9022204e-08,7.804721e-09,1.3446356e-09,1.7022979e-10,4.5114e-11,4.358135e-15,3.0038993e-14,2.22352e-16
4FGL J1636.3+7128,249.0954,71.4803,bcu,6.990795,2.83154,2.8311932,0.021646867,2.117255e-12,11.71301,3.1968336e-12,4.927184e-09,8.281005e-10,5.3774218e-11,1.20455815e-11,1.9006994e-12,2.4079352e-16,9.156868e-13
4FGL J1636.5-0454,249.1393,-4.9059,bcu,4.8818254,1.7951801,1.804286,-0.015858687,1.4421758e-12,13.862982,1.661178e-08,6.499164e-10,1.9873397e-10,9.548454e-11,1.773101e-11,1.0619096e-11,6.381125e-12,1.2617135e-12
4FGL J1636.7+2627,249.1978,26.4661,bll,12.691574,2.0760372,1.9385923,0.14761223,2.3081166e-12,14.812231,1.167493e-09,1.8761716e-11,6.785947e-10,1.8377379e-10,6.896722e-11,1.9618822e-11,4.089366e-14,1.551969e-16
4FGL J1636.9-4103,249.2432,-41.0655,bcu,9.568906,2.550721,2.5948896,0.14352241,8.508567e-12,26.137394,1.3796458e-13,6.5347336e-09,3.2611986e-09,6.1390293e-10,9.2561486e-11,1.6744042e-11,1.7198852e-16,2.0837273e-12
4FGL J1637.1+1316,249.2943,13.2715,bll,5.7923017,2.2368886,2.2340417,-0.004156772,1.8786613e-12,11.719882,7.616528e-12,4.9133813e-09,5.8442756e-10,1.0093068e-10,3.697014e-11,4.788291e-12,3.692538e-12,1.3825702e-16
4FGL J1637.2+4327,249.3249,43.4565,bll,6.390117,1.944915,1.7851518,0.12436468,1.0357389e-12,8.747939,9.8307e-09,1.1891847e-10,2.878082e-10,3.1847504e-11,2.8333547e-11,6.9777266e-12,3.4293057e-12,7.381355e-17
4FGL J1637.6+4548,249.4137,45.8108,bll,6.118795,1.9776573,1.9579699,0.028838648,9.662317e-13,13.955817,2.0888875e-10,9.520488e-13,1.9109737e-10,7.6126556e-11,8.330181e-12,1.0254818e-11,5.2632907e-12,4.8335187e-17
4FGL J1637.7+4717,249.4342,47.2913,fsrq,41.690792,2.4150043,2.3629127,0.04587368,1.1372626e-11,867.7058,1.770782e-08,1.7639437e-08,4.15068e-09,7.405281e-10,1.5405775e-10,1.9808872e-11,4.83637e-12,5.5384533e-17
4FGL J1637.7+7326,249.448,73.4413,bll,7.979277,1.7512299,1.6288786,0.1450484,1.0516245e-12,29.723156,1.0190749e-11,3.8684503e-15,2.8523923e-13,3.098597e-11,3.591893e-11,3.2298261e-12,5.3848987e-12,1.2226695e-12
4FGL J1637.8-3449,249.467,-34.8189,bll,27.74031,1.9169945,1.714394,0.12796497,1.12828765e-11,35.300575,9.132239e-09,6.6032495e-09,1.2623086e-09,6.246781e-10,3.5378064e-10,1.1262454e-10,3.3561202e-11,3.2466744e-12
4FGL J1638.0+0042,249.5161,0.7013,bcu,6.2194715,1.8053088,1.7441719,0.074886866,1.648008e-12,13.78153,1.3530515e-08,2.0952402e-12,3.1677153e-10,5.3935776e-11,4.4005646e-11,1.1749109e-11,5.093785e-12,2.3752604e-12
4FGL J1638.1+5721,249.5251,57.3577,fsrq,24.577503,2.7027118,2.6100416,0.11214502,6.600229e-12,102.42456,1.4157638e-08,1.4666924e-08,2.454088e-09,3.589327e-10,3.340334e-11,4.271202e-12,5.978719e-17,1.6037617e-15
4FGL J1639.2+4129,249.8238,41.4964,fsrq,16.151144,2.4494808,2.2783995,0.14388296,3.174274e-12,111.70047,5.797542e-11,4.0581645e-09,1.1838818e-09,2.9739228e-10,4.1201827e-11,5.12039e-12,1.5343729e-12,1.3423961e-18
4FGL J1640.2+0629,250.0546,6.4907,bll,11.061593,1.8428818,1.8523071,-0.011285026,2.672431e-12,14.929692,3.6953531e-09,1.5512955e-09,5.604973e-10,1.2757179e-10,4.3788535e-11,2.4135641e-11,1.0097452e-11,3.473981e-12
4FGL J1640.3+6850,250.082,68.8483,bcu,8.185872,1.9122268,1.8191237,0.098684825,1.278824e-12,26.221403,5.7898544e-09,2.9293858e-09,4.4110493e-10,6.651077e-11,2.2711623e-11,1.2266185e-11,3.4004037e-12,1.8228873e-12
4FGL J1640.4+3945,250.119,39.7626,FSRQ,40.33337,2.4415529,2.406528,0.043744262,2.3153533e-11,475.846,1.4832546e-07,4.09716e-08,6.9579023e-09,1.4281326e-09,3.1401365e-10,4.0538645e-11,2.3285174e-12,4.2828294e-15
4FGL J1640.9+1143,250.2479,11.7199,bll,10.797367,2.3515866,2.3593247,-0.015923081,3.7119778e-12,16.232721,1.6581588e-08,4.67714e-09,1.3895698e-09,1.9607398e-10,5.4451218e-11,6.6141133e-12,6.736999e-12,4.5610024e-16
4FGL J1641.9-0621,250.4892,-6.3529,bll,24.497997,2.342473,2.311686,0.11434293,1.36489015e-11,167.60861,1.128126e-10,1.409497e-08,4.3177466e-09,1.1369066e-09,2.897859e-10,2.4990766e-11,3.1127967e-12,1.2563296e-15
4FGL J1642.3-8108,250.5855,-81.1375,bll,5.510499,2.3692203,2.3797133,-0.03369723,1.7978111e-12,21.243454,2.0413786e-12,5.388426e-09,7.1644646e-10,5.632212e-11,1.751301e-11,1.0928865e-11,1.3372198e-12,1.0423802e-18
4FGL J1642.4+2211,250.6149,22.1986,bll,7.007231,2.0164309,2.0028162,0.030160122,1.5485483e-12,9.736641,1.1804056e-12,5.456673e-10,6.355267e-10,6.5414785e-11,2.642432e-11,1.0593124e-11,5.31309e-12,1.02213676e-16
4FGL J1642.4+6855,250.6169,68.9266,fsrq,4.83904,2.3799365,2.3719597,0.015804205,1.5674422e-12,15.4691,1.6769903e-11,4.609134e-11,2.7307e-10,7.248177e-11,3.2304655e-11,4.343462e-12,1.6092425e-14,1.7008385e-16
4FGL J1642.9+3948,250.7341,39.8164,FSRQ,64.95605,2.4161842,2.4119515,0.060754225,3.6488475e-11,685.838,1.1717407e-08,4.5547473e-08,1.42036924e-08,2.5700397e-09,4.500318e-10,7.2451795e-11,1.605403e-11,1.6828162e-13
4FGL J1643.0+3223,250.7585,32.3982,bll,7.9130974,2.3547463,2.348804,0.003939679,1.8229246e-12,25.84685,4.355026e-11,2.2802806e-09,3.7157014e-10,1.0364921e-10,4.2432797e-11,3.9158685e-12,7.014094e-18,8.861136e-13
4FGL J1643.0-7714,250.7719,-77.2488,bll,5.465239,2.5094373,2.510851,-0.026973817,2.1310768e-12,11.670294,5.9244933e-14,4.8690576e-09,1.0166329e-09,5.3357988e-11,2.1938269e-11,9.6923155e-12,6.681259e-18,4.8960474e-15
4FGL J1643.5-0646,250.8834,-6.7749,bll,9.458627,2.1697855,2.212828,-0.043580618,4.616095e-12,40.90004,1.2577577e-08,8.119237e-09,1.5244087e-09,2.508488e-10,7.454522e-11,2.6631796e-11,6.2483044e-12,1.7645091e-12
4FGL J1643.7+3317,250.9433,33.299,bcu,7.6524568,1.6364125,1.3811251,0.42438078,8.107717e-13,11.618657,1.6297873e-11,6.863261e-10,2.1148629e-14,1.4913024e-11,1.8334266e-11,1.571765e-11,1.3305586e-12,5.057557e-13
4FGL J1644.2+4546,251.0556,45.776,bll,8.131202,1.8634102,1.8068146,0.061509896,1.1852097e-12,10.315275,8.4884304e-12,4.61794e-14,1.4007526e-10,9.033006e-11,1.5039985e-11,1.309744e-11,7.517501e-13,1.4032171e-12
4FGL J1644.5-4602c,251.144,-46.0478,bcu,7.8597307,2.641428,2.8129864,0.37108198,2.1713836e-11,9.571395,1.1750149e-09,1.3848146e-10,8.373331e-09,2.3288302e-09,2.612798e-10,4.72597e-14,5.348508e-14,9.010463e-13
4FGL J1644.8-2154c,251.2231,-21.9105,bcu,7.5608907,2.3824928,2.349702,0.12077656,6.50084e-12,9.14217,5.0944106e-12,9.701937e-09,1.4029301e-09,4.958581e-10,7.2944296e-11,1.866786e-11,1.3263465e-12,5.179921e-18
4FGL J1645.6+6329,251.4051,63.4958,fsrq,26.301123,2.5642827,2.3783555,0.18607081,5.8209965e-12,169.0833,1.708649e-08,8.012486e-09,2.6369131e-09,4.1934006e-10,3.987793e-11,4.5373523e-12,1.0714822e-18,4.914155e-15
4FGL J1646.0-0942,251.5119,-9.7126,bcu,7.2404923,2.1157064,2.149354,-0.05600869,3.2997298e-12,19.219654,2.0857645e-08,9.093431e-09,6.742394e-10,2.0674523e-10,3.341318e-11,3.0154552e-11,1.6936339e-16,4.2644443e-12
4FGL J1646.6+7422,251.6624,74.3712,bcu,5.927677,2.1317756,1.8400822,0.4151695,6.4799636e-13,20.682247,7.9437606e-10,3.6978257e-11,1.6564203e-10,8.465719e-11,2.3875771e-11,2.3504287e-12,9.795053e-13,7.7998303e-19
4FGL J1646.7-1330,251.6974,-13.5025,bcu,5.5106997,1.8619765,1.7574499,0.10070419,1.7757538e-12,22.713318,2.8232854e-11,2.3813396e-09,2.4896793e-10,6.4930936e-11,3.9202388e-11,8.71867e-12,1.1398808e-11,4.76558e-16
4FGL J1647.0+6040,251.7612,60.6674,bcu,4.19291,2.1454918,2.074562,0.056613646,7.3039486e-13,28.432178,3.962598e-12,3.152012e-10,2.6633082e-10,2.4776103e-11,1.577673e-11,4.6255027e-12,3.7049904e-13,1.3713982e-16
4FGL J1647.1+6149,251.7878,61.8288,bll,10.0319,1.9907215,1.9111308,0.08427049,1.7941707e-12,23.077328,2.3735514e-13,1.628321e-09,1.6552487e-10,1.2273421e-10,4.8347527e-11,7.0903444e-12,4.151686e-12,1.6526645e-16
4FGL J1647.4-6438,251.8705,-64.6454,bll,21.474916,2.2630177,2.2209609,0.06190901,8.385784e-12,30.960262,1.8554288e-12,7.464862e-09,2.4176574e-09,5.301347e-10,1.5355818e-10,1.727014e-11,1.0483732e-11,1.7357639e-17
4FGL J1647.5+2911,251.8835,29.1837,bll,9.045097,2.2555385,2.2657385,-0.013123714,2.0697634e-12,17.628597,6.5443024e-09,4.4385358e-09,4.6436047e-10,1.4276587e-10,2.7244273e-11,1.09034014e-11,2.7421483e-12,5.1610706e-18
4FGL J1647.5+4950,251.8923,49.8336,bll,49.66611,2.3443413,2.337942,0.008853533,1.4542853e-11,126.92625,2.2321995e-08,1.8681494e-08,5.0468114e-09,8.788644e-10,1.7938481e-10,4.7447882e-11,1.5567643e-11,1.1949192e-12
4FGL J1647.6-1210,251.9003,-12.1753,bcu,4.8972406,2.5659258,2.6134856,0.2749705,3.6364447e-12,35.434185,1.7143858e-11,2.3926716e-09,1.881768e-09,1.7547794e-10,6.937388e-11,7.563651e-15,2.5769406e-15,3.150578e-17
4FGL J1648.0+2221,252.0226,22.3523,bcu,7.6652956,2.6161733,2.5924914,0.038243838,2.9051993e-12,59.969852,1.620199e-08,4.480112e-09,1.1492116e-09,1.3601124e-10,2.7475473e-11,1.1969159e-15,2.2389206e-12,4.413485e-16
4FGL J1648.1-2920,252.0402,-29.3402,bcu,5.567527,2.650048,2.54608,0.31875867,3.2887538e-12,13.339843,1.8456112e-11,4.042259e-09,1.312608e-09,3.2652445e-10,5.49805e-12,4.218073e-12,1.297916e-14,5.013546e-18
4FGL J1648.2+4232,252.0723,42.5498,bcu,27.809563,2.3512547,2.2526283,0.08208341,6.3302822e-12,242.47726,1.18644495e-11,6.5039423e-09,2.3527955e-09,4.896656e-10,9.3325424e-11,2.0474915e-11,4.542792e-15,1.7899123e-15
4FGL J1649.3+8252,252.3422,82.8755,bcu,5.45818,2.1672869,1.958285,0.2568471,1.1379646e-12,9.668664,1.6478705e-08,5.264619e-10,1.0261724e-10,6.3376256e-11,3.107819e-11,4.5242746e-12,7.742338e-13,2.1654918e-17
4FGL J1649.4+5235,252.3637,52.5901,bll,40.15716,2.1027899,2.0169778,0.054885563,9.408178e-12,223.97388,1.6318666e-08,6.0845564e-09,2.4788165e-09,6.882191e-10,2.2917668e-10,4.7923374e-11,9.712854e-12,1.1879969e-12
4FGL J1649.6+0411,252.4065,4.1926,bcu,5.871502,2.616302,2.5371542,0.21527655,2.9874477e-12,80.34659,4.5088773e-09,9.738101e-12,1.6222927e-09,1.6280431e-10,4.0907926e-11,1.8428868e-16,7.9619343e-17,1.7333339e-15
4FGL J1650.3-5045,252.5894,-50.7515,bll,42.208862,2.339621,2.2892163,0.046263393,3.4986326e-11,351.87646,9.065554e-13,3.9272223e-08,1.1744866e-08,2.4614113e-09,5.600314e-10,1.13467284e-10,1.9781564e-11,1.3019889e-16
4FGL J1650.7+0831,252.6996,8.5182,fsrq,13.950311,2.5196075,2.3689046,0.16248067,5.551109e-12,54.905666,7.1330097e-09,9.536569e-09,2.0447954e-09,4.6375417e-10,6.2705605e-11,2.1203993e-12,1.315973e-20,1.574816e-23
4FGL J1650.9+0429,252.7389,4.4977,bcu,7.3347707,1.8685623,1.6110797,0.23202021,1.8941706e-12,18.37628,4.9218803e-11,3.984058e-09,1.3377224e-10,9.129172e-11,2.6772601e-11,2.6889272e-11,6.6497016e-12,6.44675e-16
4FGL J1651.0-1523,252.7592,-15.3883,bcu,4.6587806,2.4245706,2.4442308,0.21870992,3.2608653e-12,18.288715,7.8239126e-19,5.141787e-09,8.037922e-10,4.1141224e-10,2.5780895e-11,1.0585346e-11,2.9151822e-21,1.6320222e-15
4FGL J1651.6+7219,252.9107,72.3279,bll,16.645594,1.8386134,1.8179281,0.019324042,2.6821878e-12,31.412687,6.5695263e-13,3.0142713e-10,4.9462606e-10,1.2983987e-10,4.6548723e-11,2.3804165e-11,1.3913266e-11,1.120388e-12
4FGL J1652.7+4024,253.1975,40.4052,bll,15.010175,1.990441,1.9172243,0.075570494,3.606285e-12,32.24782,2.1044406e-11,2.4351365e-09,6.0103256e-10,2.1746245e-10,8.447228e-11,2.4095637e-11,4.2079886e-12,2.274933e-15
4FGL J1653.8+3945,253.4738,39.7595,BLL,186.86383,1.7952758,1.7520078,0.01929251,1.1770353e-10,704.1761,4.2319297e-08,3.028125e-08,1.5414807e-08,5.8949086e-09,2.6466185e-09,9.590995e-10,4.1614262e-10,1.5644594e-10
4FGL J1654.0-3509,253.5107,-35.1552,bcu,9.542669,2.3245704,2.3232238,0.0029128483,7.333067e-12,15.068517,2.0990049e-10,7.3455073e-09,1.8634798e-09,4.3705228e-10,1.034916e-10,1.9225056e-11,7.873925e-12,1.1625706e-12
4FGL J1655.1-2239,253.79,-22.6527,bcu,4.422346,1.8927819,1.9190056,-0.027838128,1.7073852e-12,12.402117,2.1547298e-13,6.9577843e-10,2.8862654e-10,7.517622e-11,2.8452483e-11,1.4031127e-11,4.1239937e-12,4.0341953e-12
4FGL J1655.9+3248,253.9909,32.8081,bll,5.3640575,2.6176817,2.5814977,0.08615099,1.5811287e-12,12.651371,9.718487e-13,2.1267128e-09,6.3206146e-10,6.860417e-11,9.873355e-12,3.903977e-12,2.3753742e-16,1.4993218e-16
4FGL J1656.0+2047,254.0046,20.7841,bcu,10.306129,2.492617,2.46708,0.03972463,3.6711597e-12,60.647392,1.36189415e-08,5.190775e-09,1.3479606e-09,2.1298166e-10,3.828064e-11,6.1544576e-12,7.649521e-17,2.2877447e-16
4FGL J1656.3-3301,254.0946,-33.0189,fsrq,15.724507,2.831575,2.9306505,0.25883886,1.497761e-11,157.86981,7.0581294e-08,2.939108e-08,6.628528e-09,5.690731e-10,5.950028e-11,2.1908911e-12,1.8023126e-17,3.5006687e-20
4FGL J1656.9-2010,254.2408,-20.1761,bll,21.140455,1.874261,1.7512505,0.0895259,7.999189e-12,22.701248,4.02109e-13,6.324027e-10,1.06183e-09,4.902517e-10,1.9280656e-10,8.133976e-11,3.3113644e-11,7.412909e-14
4FGL J1657.0+6010,254.2575,60.1676,fsrq,10.319147,2.4951432,2.476859,0.032442786,2.4956324e-12,43.89262,1.6118486e-08,2.0846476e-09,9.035034e-10,1.3432473e-10,3.3450933e-11,3.3230471e-12,2.525156e-15,1.8087423e-15
4FGL J1657.7-6120,254.4268,-61.343,bcu,5.9874897,2.2472963,2.2114813,0.035681713,2.230305e-12,20.310167,1.4786007e-09,8.076101e-09,4.6783943e-10,8.453443e-11,5.0510825e-11,3.8065284e-12,4.722543e-12,3.6555424e-17
4FGL J1657.7+4808,254.4383,48.1368,fsrq,59.45079,2.416141,2.3361201,0.07952918,1.8186166e-11,702.4065,3.8944197e-08,2.7729824e-08,6.916641e-09,1.2979049e-09,2.2827708e-10,2.684198e-11,6.13921e-12,7.1393985e-17
4FGL J1657.7+0738,254.4417,7.6334,fsrq,5.2012405,2.8374467,2.8019862,0.034149017,3.3196553e-12,23.071524,2.7643317e-08,6.273417e-09,8.472343e-10,1.8675998e-10,1.14008455e-11,8.192866e-15,9.858322e-16,2.8086647e-14
4FGL J1658.4+6150,254.62,61.8483,bll,9.758637,2.1329353,2.0738955,0.058082704,1.7014801e-12,12.735886,1.9706017e-09,2.9287803e-09,2.736431e-10,1.1088248e-10,4.2774412e-11,7.722356e-12,5.3758167e-17,1.4904487e-15
4FGL J1659.0+2627,254.7699,26.4639,fsrq,5.4796147,2.6249998,2.636063,0.052347425,2.3184345e-12,21.890041,3.422566e-09,6.8500303e-09,9.834711e-10,1.0274217e-10,8.8149045e-12,4.612764e-12,1.177533e-12,4.5151356e-16
4FGL J1659.7-3131,254.9455,-31.5209,bcu,24.502222,2.229608,2.2090652,0.02641978,1.6164193e-11,123.52654,2.0089761e-08,2.2203409e-08,4.4129993e-09,9.636981e-10,3.0146424e-10,5.9446226e-11,1.613303e-11,1.7868763e-12
4FGL J1700.0+6830,255.0215,68.5042,fsrq,122.02408,2.3311374,2.2486112,0.09682569,4.2790892e-11,2930.4006,9.2732854e-08,5.0728257e-08,1.5940616e-08,3.4294723e-09,6.763492e-10,6.519503e-11,8.56158e-12,1.7830352e-12
4FGL J1701.0+6613,255.2601,66.2255,bcu,19.383402,2.6447778,2.5419717,0.10766561,4.9387846e-12,69.25896,1.1080101e-08,9.260396e-09,1.9436355e-09,2.8998168e-10,3.829292e-11,1.7454611e-12,2.5323236e-13,8.831493e-17
4FGL J1701.3+3956,255.334,39.9406,bll,11.967763,2.2871768,2.1990743,0.14765026,2.8577462e-12,23.754469,2.6892338e-12,1.43323e-09,8.310473e-10,2.244903e-10,4.2095147e-11,6.15405e-12,1.9814486e-12,7.36187e-16
4FGL J1701.7-5621,255.4389,-56.3588,bcu,4.6329656,2.4724078,2.4907026,0.026794069,3.1006035e-12,13.66485,5.320186e-10,2.054247e-12,1.6642201e-09,1.2934444e-10,2.5584163e-11,1.08591565e-11,1.5782904e-12,7.44415e-17
4FGL J1702.2+2642,255.5583,26.7116,bll,11.8405075,2.116607,2.052227,0.09785637,2.7783643e-12,30.482054,1.2316936e-11,6.356666e-12,6.41579e-10,1.9395906e-10,5.6809106e-11,1.2527464e-11,2.3426987e-12,1.1899648e-15
4FGL J1702.6+3114,255.6701,31.2461,bll,18.455753,1.8608791,1.7901732,0.06930311,3.8344475e-12,14.625203,1.4169086e-11,1.6025322e-09,5.7264665e-10,1.6234174e-10,9.339189e-11,3.8241892e-11,1.26816535e-11,5.4342418e-17
4FGL J1703.6-6213,255.9117,-62.2215,fsrq,47.303165,2.4595056,2.409209,0.13221267,2.4411166e-11,659.5299,6.255831e-12,3.3029057e-08,1.0086872e-08,1.7725574e-09,3.4054168e-10,2.6213698e-11,4.1111086e-14,1.7854698e-18
4FGL J1704.1+7647,256.0367,76.7923,bcu,31.385197,2.5378504,2.4802597,0.06265565,8.130744e-12,405.59293,1.7278138e-08,1.2809973e-08,3.2200471e-09,4.5424217e-10,1.0196737e-10,1.02241176e-11,1.6656228e-13,6.131368e-16
4FGL J1704.2+1234,256.0599,12.5752,bll,10.886306,2.1837132,2.1576593,0.04453219,3.4687919e-12,33.871788,2.1437701e-08,5.4095377e-09,7.454967e-10,2.3305666e-10,6.0862565e-11,1.9661326e-11,1.4770415e-12,5.4763854e-20
4FGL J1704.5-0527,256.1384,-5.462,bll,22.093771,1.967484,1.9649378,0.0026630277,1.0579808e-11,23.425278,1.5893921e-09,9.676417e-09,2.3322364e-09,5.36875e-10,2.2335699e-10,6.592968e-11,3.9077866e-11,4.4530508e-12
4FGL J1705.0+7134,256.2528,71.5787,bll,9.916338,2.24923,2.2186837,0.031050617,1.907611e-12,17.919489,2.3597664e-14,2.9661686e-09,4.4453455e-10,1.2760894e-10,3.887176e-11,3.787932e-12,1.0379066e-12,9.964052e-13
4FGL J1705.3-6946,256.3427,-69.7753,bcu,4.169761,2.5251603,2.5068302,0.0100585045,1.7846188e-12,22.118452,1.672419e-08,4.322317e-09,4.363799e-10,7.056079e-11,2.5364736e-11,5.0075248e-12,8.84296e-16,2.001135e-18
4FGL J1705.4+5436,256.3652,54.6015,bll,13.424913,1.9566517,1.6883341,0.17262754,1.6856569e-12,11.260854,5.7940337e-09,1.3869204e-11,1.6010958e-10,1.162323e-10,6.534925e-11,1.2228817e-11,4.0387797e-12,4.1862958e-20
4FGL J1705.5-7423,256.385,-74.3953,bll,6.749749,1.6251721,1.6553063,-0.04448492,1.0315008e-12,12.5508375,1.138989e-08,6.5533506e-10,8.3212964e-11,5.2934716e-11,1.1826812e-11,9.9053404e-12,4.5547884e-12,2.6978734e-12
4FGL J1706.1+1000,256.5391,10.0079,bcu,5.9304395,2.770644,2.6754575,0.17395966,3.6044648e-12,39.862957,1.4114844e-08,5.582046e-09,1.4141875e-09,1.6678704e-10,4.6858125e-12,1.04723874e-13,1.5258852e-12,2.1460583e-15
4FGL J1706.8+3004,256.7224,30.0673,bll,6.430863,2.1471257,2.1386888,0.0070612403,1.5794655e-12,14.701875,5.43881e-12,9.166163e-14,6.901413e-10,6.0171305e-11,3.4226018e-11,5.1773707e-12,3.884118e-12,1.083736e-15
4FGL J1706.9+4543,256.7427,45.7248,fsrq,7.2899966,2.749087,2.6671607,0.11394183,2.5982404e-12,38.32647,3.3655686e-11,5.224335e-09,8.5686774e-10,1.3812135e-10,1.584904e-11,4.2614026e-16,6.931788e-16,1.3903885e-18
4FGL J1707.1-1931,256.782,-19.5275,bll,8.191173,2.287542,2.2279248,0.28025672,3.1245473e-12,16.643099,6.0029638e-12,3.589434e-11,1.1836244e-09,3.3946673e-10,1.073745e-10,1.4145073e-12,7.179184e-16,5.199861e-16
4FGL J1707.5+1649,256.881,16.8206,fsrq,12.316129,2.2878358,2.2030125,0.10192512,4.3486477e-12,35.982895,1.1599802e-08,4.1516954e-09,1.1252084e-09,3.1914987e-10,8.267126e-11,5.5384885e-12,1.7333786e-12,5.7498346e-18
4FGL J1707.9+0016,256.9886,0.2731,bcu,5.1297784,1.9908657,1.8913318,0.110561736,1.6030405e-12,33.701077,6.9041667e-10,2.4680558e-14,6.5745304e-10,5.462244e-11,3.6004966e-11,1.2243159e-11,3.7336865e-12,2.47621e-19
4FGL J1709.0-3525,257.2514,-35.4315,bcu,5.8782744,2.6148994,2.6444755,0.12962678,9.0651315e-12,8.9873495,1.7406798e-11,2.4357123e-08,2.200666e-09,4.2318327e-10,6.740424e-11,7.6612995e-12,1.2742805e-12,2.080957e-12
4FGL J1709.7+4318,257.4316,43.3109,fsrq,63.250866,2.3520367,2.254304,0.083931215,1.8995768e-11,2310.8494,2.8707538e-08,2.252888e-08,7.3228796e-09,1.3851307e-09,2.9913882e-10,3.4186456e-11,4.9741266e-12,1.6084198e-17
4FGL J1710.1-2030,257.5439,-20.5068,bcu,7.373381,2.402812,2.3237612,0.24830762,3.3384467e-12,11.760285,5.889473e-14,3.78524e-09,9.421797e-10,4.1617634e-10,4.243847e-11,9.769827e-12,7.889003e-15,9.772704e-15
4FGL J1710.3-3943,257.5945,-39.7223,bcu,15.102393,2.6037123,2.6100924,0.26555675,3.6419173e-11,15.567029,2.8950377e-12,2.0980357e-08,1.4557827e-08,3.2882845e-09,5.2781085e-10,1.0960673e-11,6.0757784e-16,2.0546175e-15
4FGL J1711.1+0242,257.7765,2.7005,bcu,4.0053744,1.8564676,1.8717484,0.24373893,1.0898016e-12,13.473423,8.441655e-09,7.333659e-15,1.5254737e-11,4.3364411e-13,5.178915e-11,8.635906e-12,3.430445e-16,2.652187e-12
4FGL J1711.1-4600c,257.7816,-46.0058,bcu,4.205027,2.5828087,2.7704165,0.3349792,4.990063e-12,16.439022,5.7555063e-08,3.5893014e-10,2.7104594e-09,4.1115822e-10,8.2356996e-11,7.0926304e-17,2.6022927e-12,3.937751e-12
4FGL J1711.6-5027,257.903,-50.454,bcu,11.496775,2.6178644,2.6154146,0.058754064,1.039584e-11,26.528671,4.0058814e-11,1.6091763e-08,4.376346e-09,3.8296932e-10,1.0136138e-10,2.9462804e-12,3.017663e-12,1.7210596e-15
4FGL J1712.5-3142,258.1404,-31.702,bcu,6.3534365,2.7176192,2.7478178,0.31408378,6.371424e-12,6.3091106,1.4406636e-11,2.2448239e-09,2.877022e-09,4.3127812e-10,3.8341556e-11,4.1848833e-12,1.03683106e-16,7.082096e-16
4FGL J1712.7+2932,258.1906,29.5444,bll,17.431038,1.8206207,1.6598731,0.10651564,3.5133795e-12,9.231927,1.0278268e-10,7.8101087e-10,3.5877887e-10,2.1685602e-10,7.123628e-11,4.152002e-11,1.5680452e-11,1.169503e-12
4FGL J1713.2-3417,258.3235,-34.294,bcu,4.1041484,2.0805144,2.030796,0.12896156,2.9767469e-12,13.0598135,1.7143348e-09,2.6004562e-10,1.327517e-12,5.9980666e-11,7.8772155e-11,1.9202747e-11,2.4850607e-16,2.159229e-12
4FGL J1713.7+8844,258.4472,88.7376,bcu,5.516512,1.9419097,1.7969003,0.16188031,9.622151e-13,12.994053,1.4273303e-09,2.6635785e-14,3.517457e-11,4.5099046e-11,2.746377e-11,7.273542e-12,2.0845242e-12,3.1151222e-16
4FGL J1714.0-2029,258.5225,-20.4855,bcu,11.11131,1.6078991,1.5751363,0.047172133,3.5304194e-12,27.799126,8.990502e-10,1.6150298e-20,4.548707e-13,1.3427706e-10,5.790447e-11,3.4986698e-11,1.5397149e-11,9.437808e-12
4FGL J1715.0+2616,258.7694,26.27,bcu,4.526752,2.4306076,2.3273878,0.12568289,1.4000335e-12,14.22745,8.433452e-09,1.8635258e-09,4.13071e-10,9.2165886e-11,2.5285619e-11,5.0424004e-16,1.5497155e-12,1.8512401e-17
4FGL J1715.4-4025,258.869,-40.4294,bcu,9.158828,2.2044146,2.08064,0.1452423,7.514222e-12,29.634794,1.144367e-10,2.3151963e-09,1.5662308e-09,6.1261435e-10,2.3731628e-10,4.6945402e-11,8.2292775e-12,7.534582e-16
4FGL J1715.8+2151,258.9694,21.8607,fsrq,5.668084,2.369734,2.3966975,-0.050618917,1.6712051e-12,10.186023,1.6232253e-08,3.5779533e-09,5.306275e-10,1.0260425e-10,1.4128389e-11,6.108606e-12,2.0025416e-12,6.042947e-16
4FGL J1716.1+6836,259.0315,68.6063,fsrq,25.100426,2.363456,2.359778,0.002310747,6.395316e-12,102.984566,9.892344e-12,9.8775645e-09,2.0279534e-09,3.6576506e-10,1.05760525e-10,1.7374848e-11,5.931258e-12,9.921706e-16
4FGL J1716.3-3421,259.0805,-34.352,bcu,8.190568,2.4867158,2.3618345,0.24186599,6.688819e-12,17.828634,1.9421694e-08,7.72151e-09,1.1351593e-09,7.72932e-10,1.6390218e-10,1.6005792e-11,3.2413923e-16,8.5443305e-16
4FGL J1716.6-6707,259.1546,-67.1177,bcu,4.018412,2.357963,2.353981,0.0076796613,1.3102978e-12,14.673829,9.764439e-09,3.0686031e-09,2.1411457e-10,5.7779784e-11,2.9469586e-11,3.1491613e-12,2.4967193e-16,7.767151e-18
4FGL J1717.3-6045,259.3398,-60.7539,bcu,8.852628,2.3559217,2.1139214,0.36983505,2.021657e-12,13.80115,3.2968046e-09,5.530618e-13,5.86518e-10,2.672432e-10,6.5975274e-11,9.214616e-13,2.3763896e-20,5.347899e-15
4FGL J1717.5-8114,259.3824,-81.2387,bll,11.596008,2.11799,2.11498,0.0037773943,3.367874e-12,15.585977,1.5612365e-08,1.5065365e-09,9.55814e-10,1.7459104e-10,7.053868e-11,1.8173515e-11,3.7356862e-12,1.4126082e-12
4FGL J1717.5-3342,259.3985,-33.7003,bll,20.246254,2.523559,2.5240955,0.12311701,2.5914534e-11,257.51065,1.4549387e-10,5.5826284e-08,1.0294034e-08,2.0124e-09,3.5438366e-10,2.5978135e-11,5.700827e-12,6.982227e-17
4FGL J1717.6-5154,259.4026,-51.909,fsrq,18.794525,2.523451,2.5248764,0.21207893,1.0805304e-11,503.75323,2.5198638e-10,1.54434e-08,5.364658e-09,8.9070734e-10,1.4401895e-10,1.1382412e-11,3.0142573e-16,5.7686145e-15
4FGL J1718.0-3055,259.5229,-30.9298,bcu,12.412182,2.1957395,2.009353,0.20469831,6.20643e-12,15.368287,6.845743e-17,4.0607418e-12,1.991017e-09,4.974708e-10,2.34117e-10,3.4410672e-11,3.761065e-12,6.750623e-20
4FGL J1719.2+1745,259.8062,17.7533,bll,46.32935,2.0940413,1.9646684,0.09118386,1.477682e-11,1457.4011,1.21281065e-08,1.0197524e-08,3.7637493e-09,1.2314347e-09,3.6735856e-10,8.977495e-11,1.2161291e-11,4.5187053e-18
4FGL J1719.3+1205,259.8323,12.0975,bcu,12.228909,1.7824615,1.7845409,-0.0036853803,3.3456833e-12,25.41023,5.7654015e-09,4.984888e-09,5.2858157e-10,1.14509714e-10,6.606536e-11,2.69842e-11,2.045914e-11,2.557495e-12
4FGL J1720.0-5101,260.0239,-51.0167,bcu,5.837846,2.8400114,3.054476,0.53945976,4.959886e-12,11.38411,1.3023832e-09,8.5969285e-09,2.5608027e-09,2.4157915e-10,7.388965e-14,1.3739457e-12,2.0784494e-12,1.2420903e-15
4FGL J1720.2+3824,260.0746,38.4135,bcu,7.8319488,2.4188895,2.3826847,0.051980745,2.1855614e-12,13.694257,1.2645244e-08,1.2299798e-11,9.348924e-10,1.2730612e-10,2.1377237e-11,6.9658025e-12,6.731644e-13,1.4840758e-15
4FGL J1722.6+6104,260.6624,61.0734,fsrq,8.194879,2.8489313,2.8233886,0.1182692,2.903119e-12,76.29314,5.2988475e-10,7.601499e-09,1.0672148e-09,1.1676275e-10,3.0014908e-12,3.1801212e-15,4.1595187e-17,9.629072e-17
4FGL J1722.7+1014,260.686,10.2346,fsrq,29.250694,2.2306435,2.1610608,0.06348646,1.16392e-11,137.42485,2.0099776e-08,1.2191858e-08,3.719136e-09,8.9467156e-10,2.2788184e-10,4.4157726e-11,6.492504e-12,2.581962e-12
4FGL J1723.6-7714,260.9219,-77.2376,bcu,71.12405,2.2777119,2.1699462,0.10383665,3.0465963e-11,1300.0659,2.5264933e-08,3.164845e-08,1.0606358e-08,2.57823e-09,5.892143e-10,7.408957e-11,1.0638942e-11,7.9440865e-13
4FGL J1724.1+3304,261.0472,33.0691,fsrq,7.289996,2.1492066,2.1374533,0.0006517012,1.5849532e-12,17.543041,2.7934843e-09,2.495725e-09,3.4949113e-10,7.771343e-11,3.8019095e-11,8.175037e-12,2.5464598e-12,1.320749e-18
4FGL J1724.2+4005,261.0509,40.0891,fsrq,30.605835,2.5111237,2.410729,0.09026011,9.137263e-12,434.38394,7.739804e-09,1.48686325e-08,3.506195e-09,6.289424e-10,9.9034884e-11,7.89671e-12,1.2192397e-12,1.636498e-16
4FGL J1724.9+7654,261.2331,76.9152,fsrq,11.511403,2.713932,2.6918879,0.037930515,3.550362e-12,74.71301,2.2117119e-08,7.1069257e-09,1.2609569e-09,1.6084101e-10,1.7795921e-11,5.6250473e-12,2.1705184e-18,1.3765106e-16
4FGL J1725.0+1152,261.2713,11.8748,bll,74.61231,1.868857,1.7665778,0.053088475,3.896611e-11,55.12528,1.7479687e-08,1.5127188e-08,5.6722333e-09,2.1538535e-09,9.998105e-10,3.6258782e-10,1.0652765e-10,1.8950942e-11
4FGL J1725.4+5254,261.3613,52.9144,bcu,4.140591,1.8584167,1.8644555,-0.0094804,6.618652e-13,14.561615,1.25761455e-08,8.7562074e-10,1.1845995e-10,3.0869415e-11,1.0430474e-11,6.563497e-12,1.5062903e-12,1.4984136e-12
4FGL J1725.5+5851,261.3876,58.8578,bll,22.081928,2.1317525,2.0764508,0.05816459,4.47483e-12,82.22323,1.614152e-08,1.8129741e-09,1.120047e-09,2.6903352e-10,1.0979521e-10,1.9857503e-11,3.7811945e-12,1.7980926e-17
4FGL J1727.2+0644,261.8062,6.7445,bcu,2.9206443,2.7472415,2.605804,0.23802483,2.4095784e-12,28.160116,2.9884723e-12,4.592558e-09,9.851238e-10,8.572713e-11,1.9813363e-11,1.0845717e-15,1.5410241e-16,2.6840439e-16
4FGL J1727.4+4530,261.8521,45.5108,fsrq,80.08854,2.4371493,2.3346117,0.0956018,2.9400996e-11,1218.9529,8.092954e-08,4.268581e-08,1.1816249e-08,2.035994e-09,3.3736147e-10,3.6021523e-11,1.3202678e-12,5.208591e-19
4FGL J1727.9-0654,261.9879,-6.9124,bcu,4.60787,2.6226308,2.6012356,0.15006232,5.18969e-12,11.9923315,1.4642281e-09,1.1288032e-08,1.6277493e-09,2.4721772e-10,5.590383e-11,9.851996e-15,4.538338e-16,1.4511073e-15
4FGL J1728.0+1216,262.0202,12.2756,fsrq,17.807705,2.4729185,2.4691427,0.0799118,9.0138825e-12,111.0958,9.058853e-09,8.972845e-09,3.3005647e-09,6.451317e-10,1.02539886e-10,9.765292e-12,4.226381e-12,1.4134542e-16
4FGL J1728.3+5013,262.0779,50.2267,bll,64.907486,1.7845904,1.7296035,0.02431514,1.9306428e-11,200.24084,2.067781e-08,6.0337113e-09,2.3253266e-09,8.955634e-10,4.6294404e-10,1.5984948e-10,7.9326115e-11,1.9081453e-11
4FGL J1728.4+0427,262.122,4.4606,fsrq,17.69807,2.6289191,2.5137758,0.16300294,9.522335e-12,78.99157,7.09963e-10,1.8128787e-08,4.146733e-09,5.7001387e-10,8.446308e-11,5.110888e-15,1.790197e-16,1.1432348e-15
4FGL J1728.5-7303,262.1336,-73.0549,bcu,13.289523,2.584293,2.5722127,0.051812936,5.387474e-12,78.01594,2.785533e-10,1.0828169e-08,1.8582055e-09,3.0973354e-10,3.1334095e-11,5.4629925e-12,1.523128e-12,6.1384385e-17
4FGL J1728.6-7448,262.1529,-74.8035,bcu,8.192365,2.601888,2.5114322,0.34841788,2.2960171e-12,49.12988,6.392425e-09,8.553113e-10,1.2100857e-09,2.2443972e-10,1.2451228e-11,2.2988107e-19,1.2100709e-17,7.9737465e-17
4FGL J1730.6+0024,262.6628,0.4095,fsrq,23.546862,2.2661898,2.1319304,0.13676615,9.693613e-12,410.7951,9.9341785e-11,6.1213474e-09,3.2200376e-09,8.835111e-10,2.1119012e-10,3.8211337e-11,2.4082656e-12,1.4210202e-15
4FGL J1730.6+3805,262.6642,38.0855,bcu,5.6077614,2.1692502,2.2097194,-0.051514704,1.2922284e-12,16.802885,1.4243335e-08,2.2498581e-10,4.3068735e-10,7.5887525e-11,2.2066569e-11,8.227991e-12,2.7244505e-16,2.1326825e-12
4FGL J1730.8+3715,262.7026,37.2641,bll,14.417434,2.057034,1.8226585,0.19844796,2.1490253e-12,36.031734,1.5028676e-10,1.2561522e-09,2.3684346e-10,2.350977e-10,6.392296e-11,2.057872e-11,1.030654e-18,2.7341097e-15
4FGL J1731.6-3002,262.9192,-30.0457,bll,17.457537,2.24462,2.125208,0.1844616,1.386669e-11,21.068777,3.3396813e-10,2.2187124e-11,1.9635331e-09,1.5104674e-09,3.970222e-10,7.739105e-11,1.1891771e-11,3.2733055e-15
4FGL J1731.9-2719,262.9821,-27.3294,bcu,8.252483,2.3283453,2.3464239,0.030551339,1.0565511e-11,14.309699,2.1795843e-15,1.6620834e-08,3.2591352e-09,8.7832575e-10,1.1758722e-10,1.34254986e-11,1.1677339e-11,1.1468858e-12
4FGL J1733.0-1305,263.2632,-13.0858,FSRQ,65.69289,2.3859344,2.285435,0.107975304,5.3930922e-11,1229.17,7.059797e-08,6.4563125e-08,2.0169164e-08,4.145878e-09,9.188235e-10,9.171932e-11,6.4627713e-12,3.9610167e-16
4FGL J1733.4+1521,263.3507,15.3547,bcu,4.8918304,2.5957813,2.4097655,0.23161921,2.3127728e-12,33.292355,1.0123802e-08,2.2989113e-09,6.207166e-10,1.7139067e-10,2.666811e-11,3.6324812e-16,1.3863886e-16,1.111021e-16
4FGL J1733.4-3943,263.3722,-39.725,bcu,12.357638,2.2305553,2.2265468,0.02671082,1.0098438e-11,20.197855,1.295267e-07,4.1636135e-09,3.100569e-09,5.6672067e-10,1.8901596e-10,2.9705446e-11,1.1726802e-11,2.3100217e-12
4FGL J1733.4+4517,263.3728,45.2892,bll,4.186156,1.8900181,1.8758324,0.014535462,6.6266946e-13,9.795759,7.038171e-14,8.9432595e-10,5.694763e-13,5.099702e-11,9.973881e-12,7.1480604e-12,6.967134e-18,1.4983523e-12
4FGL J1733.4+5428,263.3741,54.4809,bll,8.795897,2.937729,2.849817,0.24106357,3.20693e-12,10.593271,4.151553e-09,5.450231e-09,1.4586822e-09,5.904186e-11,9.554903e-12,1.3525697e-13,2.439328e-15,2.3392873e-15
4FGL J1733.6-6054,263.4246,-60.9065,bcu,11.383134,2.3899336,2.3965018,-0.009856167,4.303146e-12,46.22177,2.1363884e-09,3.9689687e-09,1.1988517e-09,2.45911e-10,6.625973e-11,1.1544039e-11,3.000941e-12,1.4673493e-16
4FGL J1734.0+0805,263.5118,8.0915,bcu,4.8825994,2.6694555,2.629068,0.35122818,2.5161939e-12,20.106258,3.3143516e-11,5.642219e-09,1.0051945e-09,1.9330132e-10,1.653301e-11,2.3472117e-15,1.6331225e-16,3.021619e-15
4FGL J1734.3+3858,263.5984,38.9763,fsrq,73.00897,2.3242218,2.2572575,0.08404311,2.6997106e-11,1617.4458,4.1777383e-08,3.4641328e-08,9.79755e-09,2.130784e-09,4.0740403e-10,5.6643065e-11,5.8992425e-12,2.35508e-16
4FGL J1735.0-0132,263.7734,-1.5493,bcu,5.303769,1.850502,1.7656423,0.20043132,1.4410605e-12,8.726424,4.5693802e-15,1.573288e-14,2.0730321e-13,4.7664272e-11,4.4840433e-11,8.306384e-12,6.7830208e-12,1.6739156e-16
4FGL J1735.4-1118,263.8664,-11.3141,bcu,8.6249485,2.057963,2.0186145,0.051623043,4.3438694e-12,8.2523575,3.077061e-10,5.769104e-10,2.7008965e-10,2.6231095e-10,9.721742e-11,2.5949161e-11,8.977032e-12,7.780782e-15
4FGL J1735.8-5932,263.9671,-59.5445,bcu,8.516237,2.1765049,2.2245898,-0.0466653,2.3233535e-12,12.047468,1.1810403e-11,6.775182e-09,6.3599054e-10,7.114743e-11,5.4877075e-11,1.1923444e-11,3.426994e-12,2.6102088e-16
4FGL J1736.0+2033,264.0186,20.5559,bll,19.031548,1.9083678,1.7421986,0.12655294,4.245783e-12,52.20917,1.8038617e-12,4.2491663e-10,5.1921356e-10,2.873491e-10,1.2842244e-10,4.435342e-11,7.75047e-12,3.5178816e-16
4FGL J1736.6+0628,264.1747,6.475,fsrq,10.581881,2.6431322,2.632615,0.050563194,6.567759e-12,21.309265,3.213576e-08,1.2161251e-08,2.5206461e-09,2.5679547e-10,5.2862773e-11,8.808381e-12,1.2917915e-12,9.297751e-23
4FGL J1736.9-3357,264.23,-33.9633,bcu,6.1145945,2.5381413,2.5733578,0.22366677,8.685233e-12,14.104983,1.2505006e-09,4.3149959e-10,2.9413683e-09,9.0195224e-10,1.53507e-10,1.3503835e-11,2.083513e-14,1.2239951e-15
4FGL J1737.6-1503,264.4203,-15.0589,bcu,3.8017573,2.6254442,2.6910195,0.27485797,4.147488e-12,26.331373,6.060875e-09,7.591944e-09,1.3821779e-09,1.998722e-10,1.8879374e-11,3.0593956e-12,4.0118943e-16,2.9175037e-12
4FGL J1738.0+8717,264.5009,87.2851,bcu,9.059845,2.234095,2.1896203,0.06590445,1.9231279e-12,285.348,1.0380106e-12,1.4573079e-10,6.7693495e-10,9.82835e-11,4.054017e-11,5.673173e-12,2.2447187e-12,1.5407294e-16
4FGL J1738.0+0236,264.5065,2.6116,bcu,4.50509,2.8241417,2.802155,0.18815026,3.82876e-12,10.258484,1.4879658e-08,5.730906e-09,1.5313708e-09,1.0944077e-10,1.5784711e-12,4.2122707e-12,2.7032998e-12,1.0719531e-12
4FGL J1738.2+4000,264.56,40.0099,bcu,4.7167606,2.4503326,2.436564,0.0038826214,1.4168819e-12,21.929554,6.9090857e-09,1.3310217e-09,3.5615208e-10,1.0570869e-10,9.446834e-12,6.140822e-12,6.5640044e-17,2.134598e-16
4FGL J1738.3+3228,264.584,32.4823,fsrq,4.5490007,2.8648348,2.969994,-0.118162684,1.822292e-12,23.359936,3.188616e-08,3.5135037e-09,4.709892e-10,3.7008202e-11,2.0413237e-11,1.7334921e-16,1.2437737e-12,1.0164391e-17
4FGL J1738.8+3822,264.7157,38.3727,bcu,6.762518,1.89355,1.862273,0.035593532,1.0519718e-12,8.218057,6.18858e-11,3.6462586e-10,1.5085641e-10,8.465187e-11,1.0926947e-11,8.952925e-12,2.7596092e-12,1.4041098e-12
4FGL J1738.8-3418,264.7225,-34.31,bcu,5.2969923,2.5024312,2.428621,0.29887483,5.1375904e-12,8.15363,6.44163e-10,5.4857545e-09,2.5343567e-09,6.334772e-10,1.191088e-10,5.9556435e-12,2.8484452e-12,6.8663034e-18
4FGL J1739.5+4955,264.886,49.932,fsrq,38.645195,2.3532767,2.2911363,0.053350363,1.0531273e-11,284.1615,5.4757265e-11,1.2621444e-08,3.6302357e-09,8.0370843e-10,1.3436191e-10,2.8197384e-11,6.799562e-12,3.2304235e-16
4FGL J1740.0+4737,265.0226,47.6198,fsrq,19.565369,2.0767207,2.0063486,0.065730244,4.178724e-12,21.838642,2.699997e-11,5.2182156e-09,8.9960006e-10,2.480125e-10,1.0161935e-10,2.4342008e-11,4.9192044e-12,9.243056e-16
4FGL J1740.5+5211,265.1357,52.1927,fsrq,71.725494,2.4700568,2.4165263,0.047995567,2.5598407e-11,1218.9609,6.2244375e-08,4.032332e-08,9.639691e-09,1.5337329e-09,3.1212571e-10,4.034173e-11,5.2731686e-12,2.4481963e-16
4FGL J1740.6+5346,265.1591,53.7701,bll,22.62621,2.0509388,1.8604132,0.13724758,3.750223e-12,68.428345,5.6151843e-09,2.0822148e-09,7.889391e-10,2.9469768e-10,1.2754145e-10,2.3089817e-11,6.2730207e-12,1.5143374e-17
4FGL J1741.1+7226,265.2784,72.4408,bll,8.83745,2.1675506,2.1080637,0.060446262,1.5768878e-12,13.796962,6.143814e-09,6.625561e-10,4.6244442e-10,9.9944705e-11,3.0528843e-11,8.709905e-12,5.872055e-13,3.5576337e-16
4FGL J1741.2+5739,265.3226,57.6587,bll,7.8734555,2.2201133,2.2370718,-0.0170446,1.5597924e-12,24.4984,3.975554e-10,2.054675e-09,5.2310756e-10,5.937315e-11,3.314502e-11,9.046138e-12,1.2940023e-12,1.3051239e-17
4FGL J1741.5-3119,265.3781,-31.3302,bcu,7.9118,2.488503,2.6329963,0.23776574,1.6400669e-11,9.170983,3.761133e-10,6.92442e-09,3.595245e-09,1.4869553e-09,3.243048e-10,1.7638809e-11,5.030889e-12,4.16341e-12
4FGL J1741.8-2537,265.4577,-25.6206,bcu,13.4785795,2.1772804,2.1662216,0.018895715,1.3461667e-11,18.887566,1.8978598e-10,2.9931286e-08,4.572249e-09,8.096153e-10,2.0906149e-10,7.8933304e-11,1.4735756e-11,2.7652455e-12
4FGL J1741.9+2555,265.4982,25.93,bll,6.310046,2.1592941,1.766308,0.44894713,8.076738e-13,7.3432055,1.29389945e-11,9.643384e-15,7.968168e-11,6.817102e-11,5.5204317e-11,5.20932e-17,8.1456226e-16,3.6759202e-16
4FGL J1742.4-1518,265.6097,-15.3079,bcu,5.312349,2.557073,2.6239178,0.19989085,5.619163e-12,13.050784,9.8553256e-11,1.0332171e-08,1.7800613e-09,3.1766165e-10,3.555549e-11,4.7894345e-12,7.332093e-15,9.945408e-13
4FGL J1742.5+5944,265.6268,59.7456,bll,22.446157,2.1705544,2.1500192,0.023848712,5.0660916e-12,92.66001,2.564505e-11,5.7040426e-09,1.3476744e-09,3.1710076e-10,1.022926e-10,2.219806e-11,5.3427943e-12,4.471574e-17
4FGL J1743.9-1824,265.9848,-18.4132,bcu,9.113689,2.648308,2.5138276,0.49105144,6.3075573e-12,9.437126,5.7880575e-11,7.0475585e-09,2.4814155e-09,7.742465e-10,3.5830956e-11,2.0499674e-12,2.1981006e-17,1.7085367e-15
4FGL J1743.9+3747,265.9996,37.794,fsrq,4.912381,2.191728,2.0322406,0.1923933,1.0685306e-12,16.094042,1.3918767e-12,1.4534754e-15,2.9568722e-10,5.6434024e-11,2.9925368e-11,1.5401549e-12,1.0468485e-12,2.8311756e-16
4FGL J1744.0+1935,266.008,19.5956,bll,27.998024,1.9215798,1.8870759,0.032114442,9.317416e-12,14.393631,4.075539e-09,2.5537399e-09,1.517471e-09,5.0517235e-10,2.2416445e-10,7.0587085e-11,2.1717964e-11,5.0973457e-12
4FGL J1744.1+4635,266.0325,46.595,bcu,4.1928215,1.6470338,1.6012149,0.1154518,5.1154437e-13,15.7248955,3.2821163e-12,2.2445386e-13,4.0990183e-11,1.4131495e-11,1.2422205e-11,5.3762736e-12,1.8122034e-12,2.3026316e-12
4FGL J1744.2-0353,266.0522,-3.8891,fsrq,9.486367,2.6709619,2.682521,0.13792491,9.127338e-12,41.15194,5.3728183e-08,1.4845075e-08,3.5994094e-09,4.027093e-10,5.500608e-11,3.4475185e-12,6.4885168e-12,7.7764994e-16
4FGL J1744.4+1851,266.1025,18.8636,bll,6.921496,1.8765024,1.8121032,0.046324603,1.7460756e-12,16.980778,1.3982932e-11,3.7893013e-09,4.1759285e-10,5.477599e-11,4.7989848e-11,1.3127433e-11,2.1880356e-12,3.9934527e-12
4FGL J1744.6-5713,266.1555,-57.2321,bll,17.34959,1.9598087,1.7813978,0.1072771,4.1615934e-12,35.958996,4.7042237e-10,3.1272147e-09,5.681816e-10,2.3365082e-10,1.3668035e-10,3.6002982e-11,1.1786356e-11,2.8633276e-16
4FGL J1744.9-1727,266.235,-17.4514,bcu,28.345709,1.9088213,1.8974575,0.011601471,1.720583e-11,20.006702,3.46552e-12,4.1004897e-09,3.3585787e-09,8.8638163e-10,3.5793246e-10,1.0741242e-10,6.9908274e-11,8.969775e-12
4FGL J1745.1+4731,266.2833,47.5231,bcu,3.7235763,2.246788,2.1136007,0.20389171,8.9963226e-13,25.59188,2.7518257e-11,2.3280618e-13,2.7722052e-10,5.396079e-11,1.7519023e-11,4.8839565e-12,5.443172e-17,4.5192305e-16
4FGL J1745.1+4102,266.2927,41.0389,bcu,5.0400267,2.2933385,2.2206264,0.07788698,1.2711624e-12,22.415768,3.1800949e-09,3.4173472e-10,3.5333106e-10,6.761501e-11,2.8620854e-11,1.7809322e-12,8.265672e-13,2.6946106e-16
4FGL J1745.4-0753,266.3636,-7.8894,bll,26.863043,2.0560393,2.047984,0.010961678,1.7172852e-11,12.139182,2.0456696e-09,8.261173e-09,3.3231407e-09,1.2024136e-09,3.1400743e-10,8.9080576e-11,4.9249303e-11,5.696586e-12
4FGL J1745.6+3950,266.4158,39.8412,bll,10.422526,1.9633778,1.9485266,0.0121872965,1.959219e-12,10.396377,6.6621806e-09,2.3713222e-09,3.2243241e-10,1.198745e-10,3.9086106e-11,1.08539e-11,9.119361e-12,2.293175e-15
4FGL J1746.8-5235,266.7199,-52.5868,bcu,12.667715,2.5413046,2.5138614,0.2070704,5.8914883e-12,244.67946,1.1145263e-10,7.780457e-09,2.469499e-09,4.4032844e-10,8.907236e-11,2.6692097e-12,1.3268492e-16,5.1288857e-15
4FGL J1747.1-5453,266.7867,-54.8944,bcu,7.9624014,2.4809425,2.4839623,-0.009906793,3.631557e-12,45.12143,6.7700907e-13,4.5034594e-09,1.3999838e-09,1.01977836e-10,5.3851944e-11,7.568628e-12,7.354557e-13,9.898098e-16
4FGL J1747.2+4937,266.8012,49.6301,bll,5.759626,1.9223492,1.7774214,0.15311386,1.0331836e-12,21.753202,2.0389432e-08,5.0964455e-10,1.3886164e-10,5.2204036e-11,2.2544341e-11,1.03043876e-11,2.961859e-12,6.2649744e-13
4FGL J1747.4+2330,266.8689,23.5048,fsrq,4.869782,2.94953,2.8454227,0.1928332,4.1839527e-12,14.489731,3.3549963e-08,9.3230526e-09,1.5790562e-09,8.597551e-11,2.2218139e-12,3.6464145e-13,2.3523574e-16,2.6523058e-15
4FGL J1747.4+2759,266.8689,27.9949,bcu,5.956325,2.7114496,2.7219203,-0.026725078,2.5766654e-12,66.21199,4.02875e-08,6.8564847e-09,6.7079653e-10,1.2829521e-10,2.124435e-11,1.6050423e-12,1.2208068e-17,9.4841245e-18
4FGL J1747.6-5308,266.9005,-53.1385,bcu,5.689124,2.4201622,2.4194002,0.007747797,3.1644585e-12,23.548523,9.332272e-12,1.3826439e-11,1.0957011e-09,1.8568701e-10,3.6049507e-11,8.684822e-12,1.2849727e-12,4.6471692e-17
4FGL J1747.6-4211,266.9087,-42.1929,bcu,7.4937057,2.5181732,2.4455097,0.1821254,4.044277e-12,44.790405,8.696992e-12,4.61138e-09,1.6171474e-09,2.7683897e-10,6.66381e-11,9.471502e-13,7.3807133e-13,3.0966963e-15
4FGL J1747.9+4704,266.9895,47.0671,bll,7.121262,2.3040502,2.3560991,0.40523645,1.2017572e-12,25.643923,3.2137463e-11,4.612036e-12,1.6894224e-10,1.8392114e-10,3.62686e-11,5.42868e-14,8.459795e-14,7.8435175e-15
4FGL J1748.0+3403,267.0106,34.0641,fsrq,18.273838,2.2521217,2.0621846,0.13793094,3.742095e-12,66.59305,3.3032643e-09,3.9603907e-09,1.0330625e-09,3.6783596e-10,9.714872e-11,1.1537665e-11,1.5792631e-12,3.0151306e-17
4FGL J1748.1+2702,267.048,27.0488,bcu,7.023636,2.1451645,2.2068684,-0.054483145,1.5534404e-12,26.300295,2.1149781e-13,2.9760144e-10,6.5819955e-10,7.680795e-11,1.9328105e-11,1.3345362e-11,3.710022e-12,1.8231286e-19
4FGL J1748.5-0854,267.1366,-8.9017,bcu,6.556986,1.8818351,1.8769268,-0.0027491136,2.6257093e-12,11.258642,1.7054749e-08,4.145998e-12,6.0895566e-10,1.0316154e-10,5.4851262e-11,1.24069826e-11,1.5718399e-11,1.0269294e-12
4FGL J1748.6+7005,267.158,70.0969,bll,123.47652,2.0241244,1.9379336,0.05334333,4.4087296e-11,489.2022,1.5152185e-09,2.3407582e-08,1.0116849e-08,3.094331e-09,1.1051003e-09,2.907876e-10,7.4488415e-11,5.2282354e-12
4FGL J1749.0-2327,267.2518,-23.4554,bcu,7.933901,2.753057,2.9208324,0.32103166,1.2654323e-11,16.385805,5.632957e-10,2.0978973e-08,5.869938e-09,6.770854e-10,5.327727e-11,2.5991034e-12,1.1121694e-12,1.1267208e-16
4FGL J1749.0+4321,267.2554,43.3616,bll,37.57441,2.058634,1.9884857,0.0409438,9.667893e-12,42.858746,1.363556e-08,7.471403e-09,2.2854532e-09,6.426697e-10,2.4263475e-10,5.9462074e-11,1.3324953e-11,1.2332184e-19
4FGL J1750.2+4704,267.551,47.0777,bll,2.6345878,1.7398477,1.7382671,0.042041983,4.976396e-13,9.54794,5.643393e-12,1.0763026e-12,1.7124302e-12,1.2158533e-11,1.547848e-11,1.290691e-13,3.0892305e-12,1.3576788e-12
4FGL J1751.5+0938,267.8776,9.6456,bll,89.575905,2.231412,2.1441367,0.07199541,5.36651e-11,1069.4337,5.3270288e-08,4.737606e-08,1.7749894e-08,4.19786e-09,1.0591018e-09,1.8354596e-10,2.9735128e-11,1.5760684e-12
4FGL J1751.6+2921,267.9039,29.3582,bcu,9.108479,2.5257053,2.5053484,0.21326675,2.606631e-12,200.45741,1.9146097e-10,8.652512e-10,1.2007548e-09,2.3307237e-10,2.6210424e-11,3.2203441e-12,9.892203e-19,6.2805984e-16
4FGL J1751.6-1750,267.9064,-17.838,bcu,6.7731705,2.1775994,2.1751986,0.014261011,4.950718e-12,13.008594,4.855052e-10,7.683947e-10,1.3845383e-09,2.8849692e-10,7.988748e-11,2.0737143e-11,8.514079e-12,2.471284e-12
4FGL J1752.1+4531,268.0298,45.5316,bcu,4.1566772,2.4048686,2.3702366,0.07841167,1.037709e-12,18.52632,5.3566197e-12,6.12133e-10,4.6160406e-10,3.4861967e-11,2.2948098e-11,1.7397137e-13,1.3602823e-13,5.818708e-16
4FGL J1752.6-1010,268.1596,-10.1763,bcu,5.672071,2.5144155,2.5256677,0.104360044,6.019898e-12,13.261765,3.299875e-08,7.586434e-09,2.0310396e-09,3.8105824e-10,3.448142e-11,9.444138e-12,2.0023638e-12,8.4158723e-23
4FGL J1753.3-3325,268.3497,-33.4169,bcu,12.356327,2.4642003,2.364252,0.4652684,7.356352e-12,4.086544,6.319422e-11,4.5764694e-13,2.545053e-09,1.0365967e-09,1.5502692e-10,2.4505894e-12,3.028365e-12,6.6831713e-17
4FGL J1753.4-5913,268.3596,-59.2257,bcu,5.3665442,1.9715079,1.77307,0.15089822,1.3310166e-12,7.4647927,2.9390284e-12,2.3627806e-11,5.5102332e-14,7.720075e-11,3.3383407e-11,9.401197e-12,4.775853e-12,2.8039824e-16
4FGL J1753.6-5014,268.4083,-50.2408,bcu,15.758482,2.6011627,2.4643643,0.2148061,7.378534e-12,257.94226,1.9965383e-09,1.0444507e-08,3.101601e-09,5.2812676e-10,6.070621e-11,3.8914653e-12,3.0184645e-19,1.0797157e-15
4FGL J1753.7+2847,268.4333,28.7967,fsrq,10.68391,2.3941035,2.3719275,0.03932638,3.5773812e-12,108.031906,9.563512e-13,4.2895727e-09,1.2425314e-09,1.8670739e-10,6.0722295e-11,1.10086835e-11,6.246736e-13,2.9314744e-16
4FGL J1754.2+3212,268.5532,32.2007,bll,63.182255,1.9199656,1.7593787,0.096258506,1.9503944e-11,566.87134,5.7314677e-09,6.9713098e-09,3.0856102e-09,1.4751975e-09,5.589292e-10,1.4141564e-10,4.75272e-11,2.1483074e-12
4FGL J1754.5-6425,268.639,-64.418,bll,13.083428,2.43373,2.4227176,0.035017222,4.7357834e-12,15.064207,3.640784e-09,7.103074e-09,1.5935546e-09,2.9691866e-10,5.2088014e-11,7.480294e-12,3.1107358e-12,7.375344e-17
4FGL J1754.7+3444,268.679,34.7417,bcu,7.810277,2.6933131,2.6357143,0.098418154,2.842413e-12,87.7461,2.433509e-09,4.6394626e-09,9.995029e-10,1.616184e-10,1.6257605e-11,1.5848413e-12,1.1762094e-15,1.1248045e-12
4FGL J1756.3+5522,269.0801,55.3795,bll,21.648808,1.8380291,1.6722237,0.093527965,3.7197164e-12,36.007103,1.1252316e-08,1.2999495e-09,5.4418237e-10,1.5911172e-10,1.08318306e-10,3.9589235e-11,1.1117775e-11,2.4632336e-12
4FGL J1756.6+1553,269.1662,15.8969,fsrq,6.543514,2.0466423,1.8722728,0.39607507,1.0521617e-12,12.054361,6.350585e-09,8.741082e-13,2.7166496e-12,8.705221e-11,5.547933e-11,7.792073e-12,1.9657078e-12,9.129376e-16
4FGL J1756.9+1531,269.2398,15.5215,bcu,6.1257796,2.2731311,2.1812391,0.109941624,2.3558627e-12,17.150913,6.0689676e-10,4.8013074e-09,1.0232859e-09,6.4089185e-11,6.94212e-11,5.6000266e-17,1.5089422e-12,2.1106881e-17
4FGL J1757.0+7032,269.2659,70.5463,bll,12.440557,1.8555479,1.7369483,0.103766374,2.4732842e-12,21.5336,4.6799176e-10,3.94452e-09,2.928706e-10,1.226013e-10,5.4023026e-11,2.228885e-11,7.037379e-12,2.200858e-12
4FGL J1758.2+6532,269.5598,65.5393,bcu,7.227444,2.4131405,2.2947936,0.18082274,1.841408e-12,14.239397,2.5546898e-08,1.5350763e-09,5.978282e-10,1.2314591e-10,3.0152474e-11,4.7911158e-17,4.287334e-18,1.6125466e-12
4FGL J1758.3+1429,269.5804,14.496,bcu,10.15281,2.258517,2.1990385,0.09848981,3.8958533e-12,28.339273,1.6459104e-10,1.08075326e-10,1.0201842e-09,2.5776895e-10,6.7239006e-11,2.4583242e-11,1.1891109e-15,2.8306346e-17
4FGL J1758.3-3028,269.5981,-30.4684,bcu,12.438481,2.3145037,2.2266743,0.14665213,8.913392e-12,15.02488,8.1497653e-10,3.6358025e-10,2.262208e-09,8.38212e-10,2.2455528e-10,3.14703e-11,9.140724e-12,1.06344896e-17
4FGL J1758.7-1621,269.685,-16.3556,bcu,8.467657,2.5865302,2.5496638,0.32605422,6.796203e-12,35.44951,6.3933615e-11,4.699173e-13,2.8994742e-09,7.1357187e-10,9.543931e-11,5.677598e-14,1.6674278e-16,2.295842e-16
4FGL J1759.1-4822,269.7832,-48.3777,bcu,15.671734,2.2940383,2.2229085,0.077813156,6.1674745e-12,222.0719,2.0991577e-09,3.899906e-09,1.7537882e-09,5.134492e-10,1.143927e-10,2.2700503e-11,1.715353e-12,1.6180842e-15
4FGL J1759.1-3849,269.7931,-38.8217,bcu,14.366592,2.3028321,2.028413,0.4141075,4.7733705e-12,22.305801,1.2926583e-10,3.648495e-09,1.1305623e-09,5.4595967e-10,2.3079502e-10,2.2361553e-12,2.706465e-16,5.919987e-14
4FGL J1800.1+2812,270.0299,28.2034,bcu,8.312347,1.9502671,1.0325758,0.39102876,1.617689e-12,16.072018,1.4094609e-08,1.0656739e-09,4.4679122e-10,6.27292e-11,2.4568535e-11,2.4255773e-11,1.7199071e-12,2.0855194e-16
4FGL J1800.1+7037,270.0321,70.6296,bll,12.870064,2.0155687,1.836264,0.15798599,2.2162459e-12,37.229206,3.13873e-08,1.2900331e-12,2.9502237e-10,1.8050782e-10,7.534761e-11,1.3926945e-11,6.4501638e-12,3.7417712e-16
4FGL J1800.6+7828,270.173,78.4674,bll,182.90518,2.242063,2.1796448,0.048896503,7.7987006e-11,4267.8237,1.289448e-07,8.117855e-08,2.5573836e-08,5.7254947e-09,1.4658121e-09,2.4807803e-10,3.4716233e-11,1.895294e-12
4FGL J1801.5+4404,270.3771,44.0747,fsrq,53.717644,2.3756824,2.3103373,0.05573572,1.7386084e-11,1609.5737,3.261935e-08,2.1736158e-08,6.474538e-09,1.1562111e-09,2.6582261e-10,3.1351904e-11,8.913058e-12,4.5189947e-19
4FGL J1801.5+2123,270.3972,21.3971,bcu,4.028306,2.4254878,2.4400396,-0.043945123,1.6334386e-12,8.539379,1.0631978e-08,4.008005e-09,6.2382055e-10,7.195965e-11,2.0130734e-11,2.1015505e-12,1.9433663e-12,5.2132982e-17
4FGL J1801.8+2951,270.4549,29.8532,bcu,4.909278,1.8347983,1.704573,0.24933659,9.945562e-13,14.58114,2.1278067e-14,1.648029e-09,4.4506272e-14,7.988545e-11,1.989512e-11,1.0726251e-11,1.756279e-12,7.5207907e-16
4FGL J1802.6-3940,270.6711,-39.6687,fsrq,58.34715,2.3889592,2.3272378,0.09956278,3.994787e-11,3046.668,6.4061865e-08,5.057782e-08,1.5414667e-08,2.9097282e-09,6.1852606e-10,7.6970125e-11,2.712134e-12,4.5932956e-17
4FGL J1803.4-6510,270.864,-65.1732,fsrq,9.38155,2.488068,2.4623935,0.112126194,3.7140317e-12,48.775005,1.0128102e-08,3.6355736e-09,1.1772866e-09,2.5261201e-10,2.8921575e-11,6.353855e-12,4.06342e-16,1.9774729e-17
4FGL J1803.5+2756,270.8796,27.9403,bcu,6.6276736,2.2385054,2.1790252,0.080465235,1.9955485e-12,19.285128,9.2553236e-11,2.7663363e-09,4.7234144e-10,9.9010036e-11,4.8022617e-11,9.241582e-12,1.3812294e-17,1.2000697e-12
4FGL J1803.9+0342,270.9939,3.7053,fsrq,4.58737,2.196376,2.0896955,0.20558615,1.9753264e-12,53.77227,2.7939211e-12,6.871183e-12,4.4421845e-11,1.6835056e-10,4.0019675e-11,9.471474e-12,1.0757565e-12,3.1077186e-21
4FGL J1804.4+5249,271.1186,52.8323,bcu,5.137108,1.8823683,1.8420885,0.029378505,8.2101497e-13,11.506158,1.8574342e-08,2.2007618e-09,1.294793e-10,3.5796647e-11,1.8600463e-11,7.659485e-12,9.672557e-13,1.1950614e-12
4FGL J1806.2+6143,271.5673,61.726,bcu,6.4051924,2.976851,2.9573245,0.06358709,2.2936056e-12,24.28958,1.5547678e-09,6.847266e-09,7.0311135e-10,7.022008e-11,5.290625e-12,1.4098495e-12,3.6748734e-16,3.856268e-21
4FGL J1806.3+5345,271.5905,53.7642,bcu,10.704223,2.632462,2.6285756,0.059826765,3.6034656e-12,27.791367,4.6464325e-11,2.558934e-09,1.3660533e-09,1.987367e-10,2.2602217e-11,2.8606826e-12,1.9029082e-12,3.8797976e-19
4FGL J1806.8+6949,271.7108,69.827,bll,91.64761,2.316174,2.265073,0.047688708,3.2861765e-11,265.0568,1.3324332e-08,3.709787e-08,1.1347084e-08,2.3422528e-09,5.4984833e-10,9.1063976e-11,9.014628e-12,1.1247332e-15
4FGL J1806.9-8038,271.7473,-80.6429,bcu,4.542032,2.0169342,1.973621,0.19543345,1.2681056e-12,10.537178,8.877815e-09,5.727558e-14,6.2044844e-12,8.048021e-11,4.0224067e-11,1.1645744e-12,3.7138825e-12,2.3665566e-17
4FGL J1807.2+6429,271.8087,64.4988,bll,12.047129,2.1142201,2.1566083,-0.045188054,2.1922741e-12,37.361546,1.869554e-09,1.5721661e-09,5.4950183e-10,1.4814125e-10,4.4438876e-11,6.8262553e-12,3.0000982e-12,3.8301445e-12
4FGL J1807.9-6412,271.9926,-64.209,fsrq,8.379415,2.4485323,2.4372668,0.08371334,3.2460915e-12,33.29332,3.7286027e-10,4.882726e-09,1.1996559e-09,1.9680825e-10,4.236938e-11,2.3308538e-12,7.576588e-16,1.3279541e-17
4FGL J1807.9+4650,271.9951,46.8378,bll,8.522591,1.7872989,1.7414135,0.040241178,1.3335683e-12,12.631659,1.6466927e-08,2.280493e-09,1.0016002e-10,6.792361e-11,2.2174762e-11,1.1580273e-11,9.527911e-12,7.495313e-17
4FGL J1808.1-5013,272.0322,-50.2207,fsrq,9.630344,2.6295998,2.6327908,0.017101381,5.2083854e-12,48.997684,5.3015878e-08,6.5656574e-09,1.8847053e-09,2.2783443e-10,2.8651363e-11,1.5681852e-11,1.2718734e-18,2.4783115e-16
4FGL J1808.2+3500,272.0657,35.0104,bll,20.010782,2.253177,2.2502909,0.018404206,6.803008e-12,105.68312,1.4911329e-09,5.2142006e-09,1.8179535e-09,4.476382e-10,1.246125e-10,1.669061e-11,4.510813e-12,2.7636155e-12
4FGL J1808.8+2419,272.211,24.3258,bcu,6.970479,1.9867253,1.9969882,-0.011994043,1.6967484e-12,20.166637,2.354835e-12,1.51775e-09,3.6306974e-10,1.1034287e-10,2.3979286e-11,1.2468349e-11,4.77642e-12,1.5065424e-12
4FGL J1808.8+3522,272.2205,35.38,bll,6.087471,2.233476,2.2111597,0.22596689,1.2218017e-12,12.828579,1.5735134e-08,1.7396138e-09,6.076221e-10,1.1205014e-10,3.7349332e-11,6.52496e-12,2.3129818e-16,1.6211805e-12
4FGL J1809.3+2042,272.3383,20.709,bll,15.274743,1.9589192,1.8964343,0.06511019,4.0322337e-12,21.746656,6.862058e-13,9.696448e-10,5.548401e-10,2.791608e-10,7.0345854e-11,3.5419e-11,9.288057e-12,1.9575644e-17
4FGL J1809.6-2443,272.4027,-24.7248,bcu,5.362606,1.7769885,1.6668705,0.15720148,2.625666e-12,9.999611,1.6876732e-09,1.9890303e-09,8.696081e-10,9.341026e-12,5.0915775e-11,2.5385598e-11,1.0601154e-11,4.418193e-12
4FGL J1809.7+2910,272.4415,29.1709,bll,33.50539,1.9597579,1.8030049,0.095996246,9.152754e-12,62.85853,8.401185e-12,6.3762475e-09,1.4023406e-09,6.505447e-10,2.7340002e-10,6.948698e-11,1.8738473e-11,1.9838893e-17
4FGL J1810.0-4550,272.5231,-45.8391,bcu,4.397953,2.687002,2.6824589,-0.0119233625,3.3720654e-12,17.971388,3.1026932e-09,1.3792425e-08,1.2737641e-09,1.1656719e-10,2.7859161e-11,2.0723132e-12,2.3606165e-12,6.2038043e-16
4FGL J1810.7+5335,272.6779,53.5932,bll,17.985785,1.9781705,1.7727273,0.13048898,2.8712408e-12,12.456059,4.923997e-11,1.7525155e-09,3.2551314e-10,2.0272913e-10,9.181833e-11,2.4518328e-11,8.364935e-12,4.08088e-18
4FGL J1811.0+1608,272.75,16.1478,bll,10.473063,2.1226146,1.938439,0.15346907,2.7768493e-12,53.375458,2.101939e-09,8.934845e-10,5.170416e-10,2.2414659e-10,1.07180854e-10,1.4832304e-11,3.43411e-16,1.6089803e-12
4FGL J1811.2-2759,272.8079,-27.9956,bcu,7.1506886,1.9570401,1.9265921,0.056625955,3.281921e-12,16.268688,4.446852e-12,9.966039e-11,6.2108846e-10,1.6404574e-10,7.675666e-11,2.209338e-11,9.306813e-12,2.3835382e-12
4FGL J1811.3+0340,272.826,3.6794,bll,33.56098,1.860491,1.70096,0.10665405,1.3327565e-11,59.62868,2.9022194e-08,2.1262927e-13,1.5307451e-09,7.9971363e-10,3.8135944e-10,1.2592548e-10,3.7971303e-11,5.0718037e-12
4FGL J1812.9+4249,273.245,42.8261,bcu,5.4803433,2.6267588,2.6034987,0.03743193,1.9166715e-12,25.417364,2.86737e-14,3.4322898e-09,7.7176865e-10,7.553579e-11,1.6737379e-11,1.7675722e-12,6.8679723e-15,1.0122742e-23
4FGL J1813.5+3144,273.3872,31.7497,bll,45.487286,2.0088372,1.9806153,0.02775606,2.2223261e-11,493.29218,1.2433502e-09,1.6159063e-08,4.3801394e-09,1.5075199e-09,4.5214446e-10,1.7179369e-10,4.8620306e-11,7.37326e-12
4FGL J1813.6+0614,273.4084,6.2408,bll,25.927525,2.0885513,1.8887035,0.16824168,8.683956e-12,56.244793,1.2389128e-08,2.3155602e-09,1.6975366e-09,8.103737e-10,2.9006306e-10,5.3997598e-11,1.0826616e-11,1.7183652e-17
4FGL J1814.0+3828,273.5019,38.4771,bll,7.4818077,2.3180904,2.3326685,-0.03455329,1.8842358e-12,15.076136,3.5047125e-11,3.3784817e-09,6.60505e-10,8.0254935e-11,2.9555254e-11,9.107484e-12,2.1318943e-12,5.8516715e-16
4FGL J1814.2+4114,273.5578,41.2358,fsrq,4.465415,2.6666894,2.636668,0.07091628,1.657742e-12,14.344097,1.271313e-08,2.9201412e-09,6.761429e-10,6.3318704e-11,1.36252684e-11,2.08547e-12,2.7458517e-15,1.0602112e-20
4FGL J1814.4+2953,273.6152,29.8943,fsrq,4.499397,2.781053,2.7614396,0.043961357,2.4412356e-12,41.943478,1.7437275e-08,2.0899424e-09,8.954675e-10,6.2922924e-11,1.069711e-11,5.277414e-12,5.15219e-16,5.392452e-16
4FGL J1815.2-2715,273.8131,-27.2574,bcu,8.530437,2.3799074,2.4178882,0.17630054,5.3899858e-12,15.244358,2.5703025e-11,9.156714e-12,1.783148e-09,4.7676274e-10,1.2259266e-10,2.04075e-11,1.4357392e-12,3.4538205e-18
4FGL J1816.7+0951,274.1885,9.8562,bcu,5.123679,2.34203,2.2933638,0.09546134,2.6041927e-12,11.291736,1.9917065e-08,3.3906864e-14,7.358266e-10,1.6947937e-10,4.2439052e-11,7.9274165e-12,1.3630663e-12,1.6130256e-18
4FGL J1816.9-4942,274.2439,-49.7158,fsrq,27.636,2.4082842,2.300185,0.11061291,1.105166e-11,314.0016,1.9301664e-10,1.4190308e-08,4.1267776e-09,8.90517e-10,1.5092652e-10,1.3590427e-11,4.123192e-12,6.829297e-17
4FGL J1817.9+2707,274.4893,27.1185,bcu,4.198398,2.717951,2.6867595,0.067607835,2.3277062e-12,14.844209,5.998947e-09,6.88598e-09,7.2863565e-10,8.556339e-11,2.450371e-11,1.3860753e-12,1.7008849e-15,1.0291358e-16
4FGL J1818.6+0903,274.6748,9.065,fsrq,23.433247,2.4461102,2.2962275,0.15970983,1.186135e-11,145.95497,1.567254e-08,1.3123158e-08,4.7898197e-09,9.962011e-10,1.8734735e-10,1.5552337e-11,1.5512375e-18,1.7305873e-16
4FGL J1819.1+2133,274.7765,21.5514,bll,12.075187,2.0351148,1.9889767,0.033011258,3.653619e-12,10.739111,3.9738937e-09,3.4324423e-09,9.179881e-10,1.2629812e-10,8.903676e-11,3.1988526e-11,5.0141068e-12,1.3080423e-16
4FGL J1820.3+3624,275.0963,36.4016,bll,12.39271,1.8388097,1.7940174,0.03985967,2.3461107e-12,22.975172,1.7038408e-12,1.1895572e-09,3.6514777e-10,9.0172106e-11,4.98518e-11,2.674951e-11,7.649691e-12,1.3223394e-12
4FGL J1821.6+6819,275.4034,68.3242,bcu,34.90378,2.5120144,2.4622476,0.11781089,1.1076132e-11,721.2132,1.1119117e-09,2.1822189e-08,4.1707975e-09,8.372614e-10,1.3513905e-10,6.224334e-12,1.1814795e-16,1.0343211e-17
4FGL J1822.0+1600,275.5151,16.0018,bcu,7.1210647,2.696379,2.6168828,0.11257611,4.6148094e-12,19.791662,1.8699694e-08,6.682585e-09,1.4940578e-09,2.7113045e-10,8.152961e-12,8.197655e-12,4.622684e-16,2.0957046e-15
4FGL J1823.3-3720,275.8463,-37.3392,bcu,6.219262,2.645468,2.5065486,0.58286345,2.9033085e-12,18.036337,1.4945935e-14,7.4515794e-10,1.5197574e-09,2.4315822e-10,1.8045938e-18,1.98875e-12,1.7811638e-15,4.0031485e-14
4FGL J1823.5+6858,275.8884,68.9676,bll,34.716064,2.3326998,2.1801906,0.11572101,8.771843e-12,173.75603,5.431171e-08,4.4519193e-09,3.1574943e-09,7.762011e-10,1.819306e-10,1.9628655e-11,2.198168e-12,1.1073451e-16
4FGL J1823.6-3453,275.9109,-34.8952,bcu,44.667873,1.8039707,1.7245551,0.040843353,2.1636342e-11,52.969833,7.551314e-13,1.2343075e-09,2.3679425e-09,1.0680593e-09,5.4865745e-10,1.6191645e-10,8.9062785e-11,2.0037813e-11
4FGL J1824.1+5651,276.0393,56.8585,bll,63.927643,2.3869047,2.3289852,0.05152059,2.157585e-11,305.03433,2.6218942e-08,3.0350037e-08,8.012558e-09,1.4426124e-09,2.9740047e-10,4.4779482e-11,9.059914e-12,1.2325485e-12
4FGL J1824.5+0107,276.125,1.1251,bcu,10.1756525,2.6407077,2.6362815,0.07340485,1.3387729e-11,45.03,7.3454254e-10,2.9562807e-08,5.4763443e-09,5.5277855e-10,1.2822016e-10,5.8516395e-12,2.6357018e-12,9.728158e-24
4FGL J1824.5+4311,276.1263,43.1958,bcu,11.225668,1.9348539,1.8453095,0.085142635,2.051004e-12,8.569086,1.0711848e-08,3.995305e-10,5.241327e-10,1.1416964e-10,3.9286182e-11,1.7821817e-11,5.7149754e-12,3.3539256e-18
4FGL J1825.1-5231,276.2946,-52.529,bcu,24.238388,2.434876,2.3507662,0.12998044,9.32392e-12,421.60892,1.8319316e-08,1.0089797e-08,4.02182e-09,6.7574657e-10,1.3349816e-10,1.2891069e-11,2.843987e-16,3.8859158e-13
4FGL J1826.0-5037,276.5176,-50.6248,bcu,8.093304,1.9579157,1.6870737,0.24394523,1.4985871e-12,14.916556,8.2158894e-17,1.22461084e-14,2.0333532e-11,1.1504345e-10,5.3564327e-11,1.5235252e-11,4.941733e-12,1.6890026e-15
4FGL J1826.1-2922,276.5493,-29.3757,bcu,5.8773136,2.3601944,2.3522623,0.039962683,3.780267e-12,48.588963,2.3972133e-10,7.1390254e-09,8.500889e-10,2.5344749e-10,3.289321e-11,1.6751508e-11,1.2729243e-12,5.0143466e-16
4FGL J1827.4+3424,276.8623,34.4065,fsrq,4.08951,2.774319,2.7281282,0.2517029,1.9363398e-12,17.52689,5.6673515e-09,4.3860955e-09,6.69812e-10,9.6784435e-11,6.8555067e-16,1.933448e-12,1.8873188e-16,1.92378e-16
4FGL J1827.5+2015,276.8781,20.2526,bcu,5.4076357,1.9704154,1.984697,-0.0170084,1.4892792e-12,13.322066,5.1290566e-14,7.688535e-10,3.024438e-10,5.6332737e-11,2.3372623e-11,1.9136123e-11,5.8972895e-13,1.2425714e-12
4FGL J1827.6-4029,276.9121,-40.4932,bcu,4.645781,2.47467,2.2917795,0.42683285,1.4723969e-12,12.18537,1.7375554e-11,1.4662153e-10,3.3447015e-10,2.425996e-10,1.136042e-11,6.690234e-13,1.3864768e-15,5.5609665e-15
4FGL J1828.0+2634,277.0215,26.5718,bcu,9.141504,1.9628813,1.7526463,0.16184591,1.9217022e-12,25.422426,3.4176172e-11,1.2131836e-12,2.0052335e-10,1.4098543e-10,6.3698234e-11,1.7342483e-11,2.40737e-12,1.414229e-12
4FGL J1828.5-5920,277.1422,-59.3495,bcu,4.576826,1.8059084,1.6390939,0.31126034,7.1139394e-13,9.6339855,3.059352e-10,1.6621896e-15,2.7527261e-14,1.03460174e-11,1.7622598e-11,1.3205148e-11,1.2994416e-12,1.362784e-16
4FGL J1828.7+3230,277.1819,32.5132,bcu,16.860903,2.276777,1.935057,0.51504654,3.1406102e-12,22.21952,3.9069475e-10,7.042928e-10,9.318608e-10,4.8430476e-10,1.0517686e-10,1.2398682e-15,1.5293943e-15,2.6601661e-12
4FGL J1829.0-2417,277.2585,-24.2906,bll,12.895326,2.0506613,2.0465682,0.006211972,7.0296945e-12,20.794975,5.5002216e-09,2.7193474e-09,1.2202794e-09,4.1859358e-10,1.6376703e-10,2.9994333e-11,1.1792009e-11,5.0614773e-12
4FGL J1829.1+2729,277.2778,27.4969,bcu,17.91317,2.5694842,2.4704626,0.12659727,7.968764e-12,57.94708,1.9919764e-08,1.3085902e-08,3.1256677e-09,5.265282e-10,7.453415e-11,2.40384e-14,7.328078e-15,1.371102e-15
4FGL J1829.2-5813,277.3108,-58.2323,fsrq,72.46809,2.5508099,2.518695,0.11714285,4.1081957e-11,3101.1152,1.1774072e-07,7.54419e-08,1.7006565e-08,2.4631919e-09,3.9852613e-10,2.6459434e-11,2.0173549e-15,4.8304007e-16
4FGL J1829.3+5402,277.3306,54.0464,bll,25.696165,1.8787156,1.6970291,0.10702912,4.638695e-12,25.64201,1.7643812e-08,8.1801727e-10,5.830622e-10,2.9256164e-10,1.3220057e-10,4.568143e-11,1.2339602e-11,1.1714905e-12
4FGL J1829.9+3934,277.4814,39.5827,bcu,5.9578266,2.0390463,1.9120804,0.19936462,1.4334554e-12,19.835989,2.0192773e-11,9.5666e-14,6.587964e-11,1.097966e-10,3.7631787e-11,7.420057e-12,5.5354344e-16,1.7558984e-16
4FGL J1830.0+3958,277.5034,39.9679,bcu,6.414437,2.7699428,2.6409512,0.1912085,3.3397588e-12,62.750603,2.0098964e-08,8.374837e-09,1.6735335e-09,1.4761442e-10,6.842447e-12,8.266546e-13,1.9346675e-15,3.6098134e-15
4FGL J1830.0-5225,277.5117,-52.4188,bll,7.8838863,2.1014612,1.9167384,0.21810673,1.7125718e-12,23.325607,1.3975513e-11,6.7927114e-10,1.289748e-10,1.689442e-10,6.907983e-11,1.1414888e-11,1.1754665e-12,1.9199505e-15
4FGL J1830.0+1324,277.512,13.4138,bll,14.126889,2.130702,2.0390596,0.08587369,5.8196377e-12,34.10192,3.5704191e-12,1.0323999e-08,1.0988397e-09,3.9247375e-10,1.2191631e-10,3.2805023e-11,4.2416144e-12,8.777475e-17
4FGL J1830.1+0617,277.5363,6.2878,fsrq,11.444273,2.400445,2.3568225,0.07798106,8.627993e-12,245.86787,7.091504e-12,1.4471702e-08,2.1838498e-09,5.110669e-10,1.3501267e-10,1.2458547e-11,3.8583668e-12,1.0241286e-12
4FGL J1830.2-4443,277.5504,-44.72,bcu,21.954357,2.608606,2.4952915,0.19811547,9.659182e-12,430.01877,3.508959e-08,1.635343e-08,4.337114e-09,5.509095e-10,8.192296e-11,2.7100707e-12,9.5453665e-17,7.4634275e-15
4FGL J1830.7-2713,277.6924,-27.2281,bcu,13.505876,2.22829,2.155737,0.08596688,8.154326e-12,10.873187,4.618438e-13,4.7464312e-09,1.9198754e-09,5.297988e-10,1.5465168e-10,3.229362e-11,4.3343155e-12,8.183677e-16
4FGL J1831.9+3820,277.9871,38.3469,bll,9.061346,1.9923581,1.9614806,0.052369364,1.9470972e-12,14.863705,4.718484e-12,2.2302063e-13,2.78564e-10,1.5385511e-10,4.077773e-11,8.2168725e-12,5.8604523e-12,1.5195723e-12
4FGL J1832.6-5658,278.1569,-56.9776,bll,31.17719,2.1251214,2.024431,0.07109635,9.728719e-12,70.68556,2.0991916e-08,7.2356525e-09,2.3033369e-09,7.8706913e-10,2.375533e-10,5.550337e-11,8.132692e-12,8.504717e-13
4FGL J1833.6-2103,278.4101,-21.0574,FSRQ,203.58696,2.5047958,2.4187708,0.119409755,3.473976e-10,37330.152,8.422745e-07,5.2650057e-07,1.4340317e-07,2.3605311e-08,3.728987e-09,3.0134129e-10,3.1636326e-12,8.135408e-20
4FGL J1834.2+3136,278.5631,31.6035,fsrq,17.832067,2.1972656,2.202701,-0.010248299,6.2587496e-12,82.401825,1.5884229e-08,9.715136e-09,2.2822346e-09,3.367496e-10,1.1029619e-10,3.0244765e-11,4.3230792e-12,2.4027872e-12
4FGL J1834.7-5858,278.6874,-58.9818,bll,7.96847,2.466625,2.4212108,0.13175924,3.1871424e-12,27.89818,4.989928e-12,2.1705482e-12,1.1765481e-09,2.0419326e-10,4.306981e-11,1.8427584e-12,1.3864836e-16,3.9198753e-18
4FGL J1835.5+1349,278.8835,13.8176,bll,7.7688546,2.2511435,2.049448,0.17933041,3.6847318e-12,18.516857,2.4471525e-08,1.7095005e-09,8.140382e-10,2.154587e-10,8.674282e-11,1.30363975e-11,6.440106e-16,6.862968e-18
4FGL J1835.7-0541,278.9307,-5.6984,bcu,4.235305,2.318945,2.3298597,0.017113509,8.597677e-12,10.62673,2.607943e-08,7.713445e-11,6.549508e-09,8.3153706e-10,5.0421046e-11,2.6906359e-11,6.0263175e-12,2.8147246e-12
4FGL J1836.4+3137,279.1053,31.618,bll,11.926914,2.3565598,2.3584604,0.015448382,5.3859413e-12,32.59163,2.5636138e-09,2.1385937e-09,1.2746918e-09,4.0004958e-10,6.633851e-11,1.113196e-11,6.1438155e-12,4.6469924e-13
4FGL J1836.5+1948,279.1259,19.8109,bcu,12.683393,2.0893698,2.1111474,-0.021337746,4.686774e-12,10.890035,1.3479326e-08,4.916849e-09,1.1743052e-09,2.6813265e-10,9.0024994e-11,2.6502897e-11,5.3386115e-12,3.2585818e-12
4FGL J1837.0+5347,279.2555,53.7951,bcu,12.521866,2.6174638,2.6158326,0.005241538,4.0542214e-12,30.269571,3.979047e-10,8.80527e-09,1.5422449e-09,1.7121887e-10,3.536606e-11,6.9147158e-12,4.3363095e-16,6.523501e-16
4FGL J1837.3+1052,279.3296,10.8785,bcu,7.000172,2.4749079,2.470335,0.020711517,4.6934193e-12,40.701103,9.441867e-10,9.050906e-09,2.2574653e-09,1.6180891e-10,7.064381e-11,1.10682965e-11,2.6399743e-16,1.3933808e-15
4FGL J1837.4-1646,279.351,-16.7732,bcu,7.520334,2.7913904,2.6472597,0.31182486,7.199879e-12,13.806188,9.300163e-12,1.0474386e-08,3.554914e-09,5.018039e-10,3.5038923e-11,1.6703692e-15,4.0930852e-17,2.9666895e-15
4FGL J1838.0-5959,279.5237,-59.991,bll,13.589539,1.7976986,1.5333434,0.25727272,2.5015524e-12,18.242432,3.9712532e-11,5.8408795e-13,2.3368779e-12,1.237724e-10,7.882521e-11,3.1096216e-11,7.997179e-12,1.2953209e-16
4FGL J1838.4-6023,279.6009,-60.3932,bll,7.3818884,1.9997315,1.993132,0.0012028919,1.8676443e-12,25.171877,1.2734816e-12,2.9289693e-10,5.92229e-10,1.0415406e-10,4.301479e-11,7.413698e-12,2.7355871e-12,3.0588854e-12
4FGL J1838.5+5733,279.6498,57.5551,bll,6.568826,2.1443272,2.0913575,0.074934356,1.462022e-12,21.118351,5.176695e-13,4.7087854e-09,5.551551e-11,1.1890422e-10,2.499412e-11,9.3729885e-12,2.0754e-12,7.5460064e-18
4FGL J1838.8+4802,279.7141,48.0412,bll,77.46251,1.8503984,1.771406,0.03811429,2.6916058e-11,267.8498,1.2525098e-08,9.562632e-09,4.049064e-09,1.378064e-09,6.846538e-10,2.4184674e-10,8.157393e-11,1.40155925e-11
4FGL J1838.9-3457,279.7354,-34.9535,bcu,12.666176,2.4998412,2.3238366,0.30468678,4.917203e-12,13.51857,9.3806265e-15,2.8875107e-09,2.1420212e-09,4.753905e-10,6.175041e-11,8.2005244e-14,2.836235e-13,1.911965e-12
4FGL J1839.6-7107,279.9142,-71.1243,fsrq,9.787242,2.8670664,2.8169434,0.15978956,4.4239343e-12,70.636536,1.4302241e-08,1.1698293e-08,1.6609089e-09,1.5016055e-10,1.27687045e-11,5.527118e-13,5.9265423e-19,3.881446e-15
4FGL J1840.3-3037,280.0891,-30.6171,bcu,5.1593633,2.4897702,2.4716713,0.2659734,2.2876744e-12,9.138118,9.26023e-14,2.3324778e-09,1.2494153e-09,1.9635153e-10,3.7708107e-11,3.0767817e-15,2.3851815e-16,1.5126823e-16
4FGL J1840.5+3707,280.1475,37.1172,bcu,5.5603046,2.963359,2.8248374,0.42877924,2.3846747e-12,19.79906,5.7029118e-11,6.2089245e-09,1.1307275e-09,7.006661e-11,9.390781e-18,1.3271971e-16,2.8318304e-15,3.5732784e-15
4FGL J1840.6-5545,280.1748,-55.7518,bcu,7.9882097,2.636763,2.588858,0.21680318,2.9015423e-12,141.24895,1.3714316e-12,5.5538028e-09,1.2411683e-09,1.6923397e-10,3.572165e-11,2.080632e-18,3.8803317e-13,7.495028e-15
4FGL J1841.0+6115,280.2531,61.2522,bcu,12.43258,2.506356,2.5120718,-0.017344093,3.830738e-12,83.02779,5.3557527e-09,9.951089e-09,1.4772441e-09,1.3243728e-10,5.8939464e-11,8.823333e-12,6.2062996e-13,1.0207241e-16
4FGL J1841.3+2909,280.3441,29.1527,bll,18.725918,1.7786722,1.7099142,0.06305722,5.2985914e-12,10.95236,1.14259414e-10,3.7270804e-09,6.295437e-10,2.1604966e-10,1.0038183e-10,6.2101393e-11,1.7836116e-11,4.491576e-12
4FGL J1841.8+3218,280.453,32.301,bll,19.44169,1.855534,1.5231563,0.2372089,3.9266173e-12,52.236286,5.7994582e-09,1.0321367e-11,4.609808e-10,1.421166e-10,1.4472816e-10,5.7376676e-11,7.73798e-12,1.4403959e-12
4FGL J1842.3+6810,280.5846,68.1686,fsrq,12.67804,2.699295,2.7114851,-0.034986734,4.4640385e-12,25.498156,9.5238956e-12,7.082449e-09,1.6640772e-09,1.726291e-10,3.683806e-11,4.431174e-12,8.8857047e-13,9.920959e-19
4FGL J1842.4-5840,280.6112,-58.6802,bll,13.385889,1.7305204,1.633491,0.10300657,2.7710852e-12,55.734383,2.9817712e-10,3.7135868e-13,1.783547e-10,1.212216e-10,6.7910885e-11,2.1420362e-11,7.315514e-12,6.4887145e-12
4FGL J1842.4+7613,280.6115,76.2171,bcu,5.3669977,2.5871964,2.5801768,0.0074278675,1.6690972e-12,29.149439,1.3433685e-09,2.505812e-09,6.0301975e-10,6.838658e-11,2.270192e-11,2.9434905e-12,4.7173634e-17,1.1383834e-15
4FGL J1843.8-2011,280.9592,-20.1961,bcu,9.599654,2.420378,2.1205614,0.43009803,3.551437e-12,19.52567,6.3143497e-12,3.4141415e-14,8.6329877e-10,5.1711957e-10,1.1298344e-10,1.3226082e-13,2.4681749e-16,1.3296388e-15
4FGL J1844.4+1547,281.1174,15.7888,bll,39.84988,2.0663114,1.9558474,0.09885617,1.9646756e-11,99.017365,3.3585693e-12,1.1468686e-08,4.0644723e-09,1.5232615e-09,5.733771e-10,1.2880651e-10,2.6380705e-11,3.4321096e-12
4FGL J1844.8-3248,281.2105,-32.8055,bcu,4.5836444,1.8243431,1.7926213,0.18777199,1.4114072e-12,14.974233,1.5039366e-14,3.2734952e-12,1.2902114e-14,9.1669686e-11,3.463215e-11,1.783987e-11,2.4895108e-12,8.116582e-18
4FGL J1844.9+5709,281.2302,57.1537,bll,23.805899,2.1858516,2.0903192,0.07252701,5.093596e-12,12.5360775,1.12729746e-08,5.093467e-10,1.596808e-09,4.0916087e-10,1.0730474e-10,3.1542487e-11,3.2769048e-12,2.8484347e-16
4FGL J1845.0+1613,281.2623,16.2186,bcu,13.515158,2.2953641,2.2853544,0.025867559,8.6443665e-12,74.11014,6.030878e-11,5.597232e-09,3.0072118e-09,5.334384e-10,1.3158985e-10,3.0782828e-11,7.2282414e-12,7.905523e-18
4FGL J1846.7+7238,281.6849,72.6371,bcu,10.91246,1.8812809,1.6326809,0.17042737,1.8031292e-12,32.211056,8.341087e-11,3.5317442e-09,1.9890552e-10,5.057466e-11,4.651767e-11,2.1998603e-11,4.763082e-12,8.7474734e-17
4FGL J1847.6+5219,281.9079,52.3295,bcu,11.174593,2.184683,2.1037803,0.093680285,2.4935293e-12,21.243752,2.1798688e-11,3.2811565e-09,7.347479e-10,1.497451e-10,5.3068782e-11,1.0430687e-11,8.5794083e-14,9.330623e-17
4FGL J1848.1-4230,282.0286,-42.513,bcu,8.376486,2.2809587,2.2846627,0.031706303,3.2660472e-12,17.253206,1.0843735e-11,2.0140376e-09,1.3003777e-09,1.7202939e-10,4.917279e-11,9.0935376e-12,4.8422507e-12,2.3983132e-16
4FGL J1848.4+3217,282.105,32.295,FSRQ,33.968452,2.4177873,2.2790866,0.18905197,1.5786041e-11,768.0249,6.143847e-08,6.5660846e-09,5.9569647e-09,1.6337388e-09,2.6496472e-10,3.1338484e-11,1.5995814e-17,6.1310013e-16
4FGL J1848.5+6537,282.1332,65.6313,bll,11.873469,1.7829033,1.6940382,0.05561747,1.6910131e-12,23.642202,1.2899991e-08,3.1419578e-09,2.8447578e-10,5.4046184e-11,2.968753e-11,1.6979333e-11,1.1683931e-11,5.8010145e-22
4FGL J1848.5+3243,282.1456,32.7309,fsrq,30.87326,2.4917908,2.5296092,0.08152376,1.9093057e-11,777.0281,2.2460291e-09,3.8103767e-08,7.4252178e-09,1.2608627e-09,2.3147191e-10,3.0287748e-11,3.6952166e-13,1.4482667e-12
4FGL J1848.6-2711,282.1537,-27.192,bcu,7.140229,2.7707005,2.6214478,0.243104,4.893763e-12,15.344436,3.8463064e-08,8.27792e-09,1.7496139e-09,3.4128156e-10,1.5099219e-11,7.953983e-21,2.7839138e-16,3.2572497e-15
4FGL J1848.9+4247,282.2448,42.7877,bll,10.839062,1.9762329,1.9409666,0.023483675,2.319532e-12,22.186,1.4670336e-08,8.704112e-10,2.5868405e-10,1.4720847e-10,4.418934e-11,2.0233856e-11,8.1894595e-12,2.2557425e-15
4FGL J1849.2-1647,282.3148,-16.7835,bll,13.701247,1.7664992,1.7655085,-0.0002031847,4.9985246e-12,5.838021,1.5451704e-11,5.948386e-11,9.11818e-10,2.0453499e-10,8.5126656e-11,4.3084324e-11,2.346689e-11,1.032978e-11
4FGL J1849.2+6705,282.3192,67.0909,FSRQ,80.52445,2.3210595,2.2880867,0.08439555,3.3871014e-11,2557.618,4.2094978e-08,3.323185e-08,1.22637465e-08,2.7241094e-09,5.547703e-10,7.53788e-11,9.37291e-12,3.1950523e-19
4FGL J1849.3-6447,282.3438,-64.7835,bcu,9.512294,1.872527,1.6717606,0.16200377,1.5762233e-12,17.62656,1.4862801e-12,2.8691435e-10,2.271885e-10,7.5498795e-11,4.750186e-11,2.079863e-11,3.1065792e-12,1.1631143e-15
4FGL J1849.4+2745,282.3543,27.7542,bll,10.864395,2.3047352,2.2320104,0.09038308,4.0839034e-12,59.665447,2.0863022e-08,4.428399e-09,1.0649285e-09,2.9895292e-10,6.0357275e-11,1.2274419e-11,1.3064013e-13,3.5646623e-15
4FGL J1849.4-4313,282.3623,-43.2214,bll,34.15745,2.2021947,2.1508367,0.062544286,1.3592521e-11,92.62185,4.768615e-12,8.868281e-09,4.396455e-09,9.968046e-10,2.8568906e-10,4.5775824e-11,1.5565558e-11,1.798367e-12
4FGL J1850.1-0758,282.5394,-7.9701,bcu,10.0557785,2.1714327,2.179693,-0.012688978,6.91064e-12,14.135084,2.1277762e-09,1.956695e-08,1.9220041e-09,4.0547288e-10,1.00792694e-10,3.7264e-11,1.12671044e-11,3.5788141e-12
4FGL J1850.5+2631,282.6402,26.5259,bll,9.862997,1.6879183,1.5922347,0.11225494,2.3304858e-12,15.489702,6.2932416e-11,1.082519e-13,1.5321846e-11,8.469976e-11,5.8106304e-11,1.607194e-11,9.418986e-12,5.91206e-12
4FGL J1851.5+3406,282.8762,34.1049,bcu,6.8195353,2.339126,2.2837,0.12241568,2.2265044e-12,26.209272,1.0079787e-09,1.9881992e-11,5.4605703e-10,1.9048356e-10,2.3195454e-11,9.003037e-12,6.109611e-16,6.610296e-16
4FGL J1852.4+4856,283.116,48.935,fsrq,36.84551,2.3029034,2.2271006,0.06251629,1.0336492e-11,614.12384,2.204514e-08,1.16897105e-08,3.6069614e-09,7.135707e-10,1.9822109e-10,3.7230635e-11,2.1980146e-12,1.0447195e-15
4FGL J1853.8+6714,283.4625,67.2487,bll,4.8764186,2.2981849,2.2180717,0.09774419,1.3382906e-12,13.084862,1.383179e-08,5.6644436e-09,2.2868872e-10,6.3696e-11,2.509784e-11,5.0778635e-12,1.3693077e-12,2.7417747e-18
4FGL J1854.6-6007,283.6712,-60.1268,bll,9.126729,2.000223,1.8533784,0.21556117,1.438396e-12,9.197365,1.2871579e-09,4.834894e-14,3.3355183e-11,1.7813041e-10,3.899292e-11,1.3579812e-11,3.4000233e-12,2.4358618e-19
4FGL J1855.4+7350,283.8528,73.8402,fsrq,10.511966,2.7451415,2.6708698,0.17031099,4.1392146e-12,133.42322,1.3289736e-08,7.655718e-09,1.6155585e-09,2.1530235e-10,1.7878385e-11,2.3269052e-18,9.130993e-13,1.0414078e-15
4FGL J1855.8-2028,283.9749,-20.4694,bcu,7.0358095,2.208942,2.0490804,0.14386553,3.13147e-12,31.182238,5.18818e-13,6.6294437e-10,4.6301296e-10,1.5883603e-10,8.745733e-11,1.1699596e-11,1.194663e-12,1.4406679e-17
4FGL J1857.8+3544,284.4562,35.7434,bcu,6.4115596,2.044943,2.045825,0.0016164598,1.4499654e-12,7.630421,9.3102476e-10,1.2390001e-09,3.8492312e-10,1.0985409e-10,1.9883819e-11,9.148342e-12,6.23006e-12,1.7865162e-16
4FGL J1857.9+0313c,284.4784,3.2185,bcu,8.074249,2.6065927,2.8948534,0.27794507,3.2458883e-11,13.962794,3.2712137e-09,9.0193176e-08,1.0464634e-08,2.3158255e-09,2.8475095e-10,2.3993913e-11,9.118015e-12,5.409487e-16
4FGL J1858.1-1821,284.5268,-18.3569,bcu,4.377033,2.1800299,2.1840692,-0.0003791778,1.7511006e-12,12.067453,2.781028e-10,3.449636e-12,7.7270784e-10,7.663866e-11,2.0677219e-11,1.6436562e-11,1.472502e-12,5.8509438e-18
4FGL J1858.1+7318,284.546,73.3127,bcu,9.595809,2.0692315,2.1227803,-0.039472416,1.9746078e-12,4.6768637,2.0934015e-08,5.256785e-12,7.4034945e-10,8.235142e-11,4.2259116e-11,1.6031497e-11,1.5585859e-12,9.740198e-13
4FGL J1858.3-2511,284.5752,-25.1991,bcu,23.717932,2.4281769,2.3102167,0.159063,1.1947631e-11,96.575226,1.9408319e-08,1.4543764e-08,4.8853566e-09,9.1307717e-10,2.0335798e-10,1.9385975e-11,8.3437675e-17,6.473557e-16
4FGL J1858.3+4321,284.5967,43.359,bll,13.150177,2.220702,2.1888826,0.037678663,3.583438e-12,15.264589,1.7358676e-09,1.9311972e-09,1.205227e-09,1.7620148e-10,7.859242e-11,1.7362082e-11,2.2397948e-15,1.105772e-12
4FGL J1858.5+0640,284.63,6.6766,bcu,10.543343,2.3220916,2.3218837,0.008666551,1.5142604e-11,36.191586,1.8189747e-08,1.8404657e-08,8.295042e-09,8.005466e-10,1.8975757e-10,5.363647e-11,1.2711188e-11,1.1760783e-12
4FGL J1858.7+5708,284.6974,57.146,fsrq,10.106302,2.322233,2.2609153,0.06660362,2.4424393e-12,16.51565,1.1298085e-08,3.2028624e-09,5.879841e-10,1.6240773e-10,4.8389775e-11,5.111021e-12,1.227767e-12,1.130361e-19
4FGL J1859.0+2329,284.7715,23.4993,bcu,8.5320835,2.261947,2.2890534,-0.037539065,3.7856354e-12,12.137232,1.9209674e-15,7.384569e-09,1.3207409e-09,1.6411585e-10,6.054771e-11,1.8986453e-11,5.1406522e-12,9.6588484e-24
4FGL J1901.0+6208,285.2614,62.1436,bcu,5.9876914,2.6330483,2.6099637,0.025403766,1.8603654e-12,14.407074,1.7798176e-11,5.141161e-09,4.384314e-10,1.1900149e-10,1.558216e-11,1.5668244e-12,1.8066255e-16,1.3535719e-18
4FGL J1901.0-1739,285.2623,-17.6506,bcu,4.8085275,2.5324779,2.4780807,0.060213137,3.5081447e-12,21.90564,3.5999265e-10,1.0259766e-08,4.2450762e-10,1.8981759e-10,5.943507e-11,1.9674574e-12,3.1044305e-13,6.3611734e-15
4FGL J1901.7-5140,285.4273,-51.6711,bcu,7.8526525,2.2932866,2.193573,0.30412734,1.8103912e-12,5.764448,6.133412e-12,8.7785654e-14,5.469923e-10,2.2571757e-10,5.7962506e-11,5.8585645e-12,2.3042936e-16,2.3510113e-14
4FGL J1902.4-0629,285.6021,-6.4843,bcu,8.251523,1.866222,1.8916068,-0.0364872,3.0302442e-12,20.883446,3.3854757e-08,1.99693e-10,7.3044204e-10,1.7092598e-10,6.313975e-11,1.7012778e-11,7.874397e-12,6.4455043e-12
4FGL J1902.8+3201,285.7152,32.0189,fsrq,21.600153,2.5534024,2.5400624,0.033591744,9.69363e-12,461.9834,4.6951715e-08,1.5967903e-08,3.471776e-09,4.710703e-10,1.0399935e-10,1.2409624e-11,3.1556715e-12,8.611852e-15
4FGL J1902.9-6748,285.7432,-67.8068,fsrq,67.46014,2.394217,2.273766,0.115894385,2.4237496e-11,1177.6882,3.257727e-08,3.0361218e-08,9.865483e-09,1.838162e-09,2.9407823e-10,5.3588505e-11,1.429997e-12,3.0033476e-15
4FGL J1903.2+5540,285.8077,55.6773,bll,109.41743,1.950309,1.8266928,0.07618711,3.8962483e-11,100.67292,1.1197324e-09,1.4203966e-08,7.537141e-09,2.7793299e-09,1.0873258e-09,3.0475794e-10,6.124205e-11,1.262649e-12
4FGL J1904.1+3627,286.0343,36.4526,bll,19.977966,1.85103,1.8222536,0.029526286,5.3791273e-12,41.8367,1.9922397e-13,4.4467923e-09,5.240888e-10,3.04202e-10,1.15281625e-10,4.521948e-11,1.0745702e-11,9.560975e-12
4FGL J1906.7+5419,286.6949,54.3168,bcu,11.402773,2.3632205,2.0812523,0.33340138,1.9020612e-12,12.238087,1.090665e-08,1.9590658e-09,6.098214e-10,2.3769545e-10,5.876518e-11,1.727652e-12,1.5378375e-17,7.95096e-18
4FGL J1907.2+0126,286.8176,1.4449,bcu,8.2185135,2.2671301,2.259586,0.016871827,7.069939e-12,16.79504,4.628822e-09,5.9539533e-09,1.923087e-09,4.933632e-10,1.1836512e-10,1.3863673e-11,5.8006933e-12,1.7938327e-12
4FGL J1907.7-1232,286.9402,-12.5382,bcu,4.65244,2.3404124,2.3383331,0.0018332815,2.9879896e-12,15.295976,3.1132437e-08,5.9174426e-13,1.1391853e-09,1.7985625e-10,2.714146e-11,1.3993219e-11,1.19752e-12,8.696262e-14
4FGL J1909.5+3511,287.3842,35.1928,bcu,6.1184216,2.0404098,2.0039895,0.04173127,1.4421172e-12,17.839323,1.2997383e-09,1.2698871e-09,2.605902e-10,7.9761385e-11,3.695244e-11,4.175143e-12,5.3800727e-12,3.3244098e-16
4FGL J1909.7-2140,287.4272,-21.6744,bcu,10.546707,2.308673,2.2854419,0.029076258,4.8760596e-12,25.16173,2.2243963e-08,7.7275264e-10,1.3458178e-09,3.0705724e-10,6.457468e-11,3.207731e-11,1.2603906e-14,4.6680557e-15
4FGL J1910.0-2453,287.5209,-24.8876,bcu,3.0308106,2.2865398,2.1638815,0.21131477,1.6291574e-12,23.032825,2.2567448e-10,1.8321883e-09,4.9402878e-11,1.553728e-10,3.0611142e-11,2.3771957e-12,6.3530706e-16,1.6991284e-17
4FGL J1911.2-2006,287.8078,-20.1137,fsrq,62.6842,2.470447,2.3921666,0.123475716,4.5252326e-11,765.7605,8.0465696e-08,7.2391835e-08,1.8393463e-08,3.2676877e-09,5.1528765e-10,5.1002255e-11,1.6545376e-15,3.3804518e-16
4FGL J1911.4-1908,287.8681,-19.1494,bll,17.845064,1.8694422,1.818685,0.047263265,6.115742e-12,30.140232,2.8502614e-08,1.8808549e-10,9.350408e-10,2.6575137e-10,1.370826e-10,5.894452e-11,1.3346411e-11,8.025398e-12
4FGL J1911.5+0311,287.8984,3.1842,bcu,7.810947,1.9695219,1.896159,0.3444219,2.6235008e-12,10.7000675,2.3193886e-08,1.1760733e-13,1.5989498e-16,1.6848169e-10,1.08648965e-10,3.215278e-11,5.0463904e-12,2.2675038e-16
4FGL J1912.0+1612,288.0206,16.2021,bcu,5.4428596,2.5966003,2.584103,0.025176566,6.8614953e-12,40.626987,3.7659277e-08,2.0253351e-08,1.3545398e-09,3.631139e-10,7.031739e-11,1.0962001e-11,3.1200872e-14,2.8056696e-17
4FGL J1912.1-0803,288.0284,-8.0589,bcu,22.874544,2.3626664,2.3395028,0.04360498,1.675023e-11,136.746,6.755859e-10,1.3518042e-08,5.364281e-09,1.0117348e-09,2.6533237e-10,3.55934e-11,1.053465e-11,9.1381885e-18
4FGL J1912.2-2056,288.0509,-20.9481,fsrq,4.7151303,2.5981853,2.3558562,0.47359234,1.6489192e-12,13.80651,3.4504004e-11,9.732717e-12,6.6543365e-10,2.5148011e-10,2.240103e-11,5.703974e-14,5.4586234e-15,7.752238e-17
4FGL J1912.4-1222,288.1185,-12.3678,bcu,20.678972,2.4235096,2.3658462,0.19950424,1.2063304e-11,74.11082,5.989548e-11,1.36087355e-08,5.2540314e-09,1.1212123e-09,2.0672808e-10,2.2686238e-11,1.5189936e-12,9.62083e-14
4FGL J1912.4+3738,288.1193,37.6495,fsrq,7.210755,2.591985,2.5688114,0.103057116,3.196989e-12,12.073207,2.3632097e-14,5.8511613e-09,1.4283486e-09,1.3242467e-10,3.3854346e-11,2.9340664e-15,1.4434918e-12,1.6900883e-17
4FGL J1912.7-1250,288.1967,-12.8389,bcu,7.9787226,2.2071111,2.123675,0.108706586,4.1100114e-12,14.755713,4.689674e-10,5.958942e-13,1.0431882e-09,2.750136e-10,8.902989e-11,1.0959992e-11,2.1130923e-12,5.1247217e-17
4FGL J1913.0-8009,288.27,-80.1574,fsrq,38.86058,2.4202585,2.2973435,0.14952959,1.5534478e-11,522.8455,2.1747008e-08,1.8585839e-08,6.329592e-09,1.273824e-09,2.2857212e-10,1.9716548e-11,5.2884138e-15,4.0107757e-16
4FGL J1913.2+0512,288.308,5.2059,bcu,6.372838,2.7446537,2.8459864,0.21940784,1.0672899e-11,13.510173,6.8204015e-10,2.0714596e-08,4.6948774e-09,5.075453e-10,8.5442986e-11,3.047277e-13,8.014353e-17,2.6259803e-16
4FGL J1913.4-3629,288.3507,-36.4885,bcu,11.519483,2.3453796,2.272456,0.17599778,5.1487035e-12,82.152596,1.7852345e-08,5.973451e-09,1.4021166e-09,5.7456334e-10,1.1708073e-10,1.5229207e-11,1.4516014e-12,1.01425035e-16
4FGL J1913.9+4439,288.4915,44.6618,bll,20.920856,2.008843,1.9762338,0.029289607,5.1817804e-12,24.659334,5.406048e-09,4.50738e-09,8.7785085e-10,3.1152828e-10,1.1769956e-10,3.9669518e-11,8.165037e-12,1.2396947e-12
4FGL J1915.3+1149,288.8357,11.8178,bcu,12.388215,2.5944066,2.744183,0.31465364,2.4744162e-11,11.939968,2.2979858e-10,2.713116e-08,1.2758941e-08,2.2002213e-09,3.293716e-10,4.696697e-15,1.964787e-16,1.0602318e-12
4FGL J1916.7-1516,289.1759,-15.2779,bcu,8.795345,2.6763768,2.768277,0.23707207,5.1150763e-12,84.677956,2.0962565e-11,9.0895895e-09,2.6469922e-09,2.8766806e-10,3.1954155e-11,2.679345e-12,4.296642e-17,5.9292587e-16
4FGL J1916.8+4201,289.2088,42.0251,bcu,5.280546,2.4445977,2.4379158,0.014071153,1.7850198e-12,11.600284,8.935278e-14,4.3070187e-09,5.8752847e-10,8.607586e-11,2.76399e-11,3.3829874e-17,1.7066369e-12,4.2716687e-16
4FGL J1917.7-6442,289.4326,-64.7008,bcu,6.369975,2.242493,2.0621562,0.34951878,1.0908942e-12,13.396532,3.3434384e-12,1.3589938e-12,2.573803e-10,1.7338551e-10,2.2122179e-11,5.0796507e-12,2.5424207e-17,9.855185e-16
4FGL J1917.7-1921,289.4384,-19.3628,bll,69.0165,1.9452456,1.9254673,0.017942121,3.7916933e-11,68.78417,2.4055426e-08,1.4227552e-08,6.8479364e-09,2.1907798e-09,8.4566726e-10,2.5062538e-10,1.0069197e-10,2.521538e-11
4FGL J1917.7-6930,289.4422,-69.5061,bcu,14.374524,2.3169708,2.2946668,0.03616826,4.5914817e-12,49.719765,1.9341922e-08,3.6286016e-09,1.3743751e-09,3.1532116e-10,6.433067e-11,1.38949555e-11,4.3575794e-12,5.6158553e-18
4FGL J1918.1+3752,289.5328,37.8747,bcu,10.839842,1.990882,1.8933538,0.11848716,2.809293e-12,22.002945,4.9433634e-13,6.107749e-10,2.2459991e-10,1.8539631e-10,6.677746e-11,1.9544383e-11,5.9967673e-12,1.4754967e-17
4FGL J1918.2-4111,289.5643,-41.1893,bll,58.458576,1.9600378,1.7998828,0.098555304,2.362275e-11,117.688545,4.854637e-10,9.981071e-09,4.1643933e-09,1.7626715e-09,7.4663586e-10,1.6304535e-10,2.3674318e-11,3.5939218e-12
4FGL J1919.2+0618,289.8136,6.3107,bcu,7.28813,2.7255447,2.9325738,0.22944169,9.736339e-12,11.462308,4.0906517e-10,1.3257408e-08,5.0812985e-09,4.7234117e-10,3.0463625e-16,8.342395e-12,4.729465e-12,2.6715965e-17
4FGL J1919.4-4550,289.8547,-45.844,fsrq,5.9626007,3.1283975,3.0590613,0.11021488,3.5698066e-12,21.206459,3.9784762e-08,9.2655865e-09,9.216569e-10,1.3276803e-10,4.652478e-12,1.9724634e-15,1.4234807e-16,2.8627666e-17
4FGL J1921.3-1231,290.3444,-12.526,bll,25.853252,2.1021693,2.0134842,0.056886334,1.1206727e-11,18.419872,1.538973e-08,5.327241e-09,2.6639337e-09,8.362714e-10,2.5534755e-10,7.800909e-11,1.2837473e-11,1.1159999e-15
4FGL J1921.7+5817,290.4473,58.2965,bcu,4.951117,1.9108994,1.8826609,0.03499849,8.296421e-13,13.907639,3.111625e-09,1.9711583e-09,6.8915223e-15,8.588814e-11,1.1378359e-11,7.1910962e-12,3.681255e-13,1.1460234e-12
4FGL J1921.8-1607,290.4633,-16.1231,bll,32.461773,1.8343198,1.6966863,0.090341724,1.2227222e-11,67.594696,7.866289e-13,4.6701316e-11,1.5227349e-09,6.4328104e-10,3.623121e-10,1.0256024e-10,3.9160026e-11,7.709948e-12
4FGL J1922.2+2314,290.5662,23.2477,bcu,11.20822,2.2044208,2.133003,0.09798698,6.7286953e-12,17.429075,9.066524e-12,5.375776e-09,1.6953424e-09,3.5124134e-10,1.5992849e-10,2.0213418e-11,9.123704e-12,7.8240444e-16
4FGL J1922.5-7453,290.6279,-74.8876,bcu,17.525988,1.9188411,1.8066252,0.08770371,4.1991857e-12,34.581142,6.783552e-11,2.6137903e-09,6.7957195e-10,1.8786289e-10,1.2046673e-10,2.6769191e-11,9.344119e-12,1.3236163e-12
4FGL J1922.6-6324,290.6558,-63.4082,bcu,5.8947654,2.2110326,2.1276042,0.2512618,1.0310393e-12,45.0467,7.536389e-09,1.6300538e-12,3.6490902e-10,1.1901866e-10,2.2791357e-11,8.8559255e-12,8.162867e-16,1.3175663e-17
4FGL J1923.4-2503,290.8521,-25.0519,bcu,4.9037375,1.7231714,1.2421378,0.34521645,1.1891232e-12,13.407914,2.5726077e-13,2.3007615e-14,6.8629526e-11,3.5765363e-11,1.2551892e-11,1.8944627e-11,5.0861247e-12,3.6504153e-16
4FGL J1923.5-2104,290.8763,-21.071,fsrq,40.971188,2.2918608,2.1374493,0.13419053,1.6175521e-11,2029.2921,1.2063834e-08,1.594148e-08,5.647388e-09,1.4608608e-09,3.4587794e-10,2.987517e-11,2.3117404e-12,1.446609e-17
4FGL J1923.5+7354,290.886,73.902,fsrq,4.4616513,2.7318451,2.6771,0.14094326,1.919557e-12,6.452478,5.8857643e-09,4.537487e-09,7.280086e-10,8.709359e-11,1.5914608e-13,6.650609e-12,5.5530157e-17,4.3351315e-17
4FGL J1924.2-1549,291.0553,-15.8172,bll,6.5898657,2.0991397,2.0795763,0.09007228,2.3368475e-12,16.796982,1.3799298e-13,1.5899859e-09,8.8594306e-11,2.0215149e-10,4.1375514e-11,1.4367943e-11,4.1922286e-12,1.4641713e-15
4FGL J1924.3-5458,291.0869,-54.9667,bcu,5.9456353,1.94383,1.524817,0.57672864,8.1350795e-13,14.379731,5.081095e-09,7.581699e-15,1.4898202e-12,6.4996736e-12,5.720585e-11,7.545567e-12,1.1587061e-17,1.2595921e-18
4FGL J1924.8-2914,291.2136,-29.2468,fsrq,42.4482,2.3679469,2.309131,0.052570213,2.0725175e-11,298.59528,4.069256e-08,2.4709898e-08,7.538183e-09,1.3649478e-09,3.4360798e-10,5.0535156e-11,4.944013e-12,9.8425525e-23
4FGL J1925.0+2815,291.2683,28.2643,bcu,19.129208,1.9968646,1.9663746,0.03753262,6.6843527e-12,18.404068,8.219228e-12,4.1647024e-09,1.5696959e-09,3.6959294e-10,1.472315e-10,5.5624432e-11,9.1389145e-12,2.9094901e-12
4FGL J1925.1-3358,291.2856,-33.9797,fsrq,5.2448754,2.7222137,2.6827383,0.16328463,3.1438443e-12,24.526842,3.5242493e-09,7.696328e-09,8.5598295e-10,2.09431e-10,4.9307286e-16,1.4828477e-12,1.7604718e-13,6.752031e-17
4FGL J1925.1-1019,291.2889,-10.3222,bll,11.146508,2.3406575,2.3255544,0.05193151,8.668918e-12,10.771675,3.031533e-08,9.087974e-09,2.0799065e-09,5.0755505e-10,1.5235113e-10,2.5561372e-11,1.046655e-12,4.2269374e-16
4FGL J1925.7+1227,291.4312,12.4639,bcu,9.985257,2.4755073,2.4561377,0.11771088,1.12597084e-11,119.76204,3.4601463e-08,1.01490185e-08,4.408275e-09,8.965902e-10,1.8016372e-10,2.2144392e-11,6.9273493e-13,1.1620568e-16
4FGL J1925.8-2220,291.4665,-22.341,bll,7.523698,1.8288245,1.7648488,0.09274187,2.0684288e-12,16.054157,4.53406e-11,3.2709958e-15,9.981677e-12,1.1318812e-10,5.8112907e-11,1.0311319e-11,9.557482e-12,1.741897e-12
4FGL J1926.1+2059,291.5316,20.9948,bll,4.2670956,2.6704206,2.7644215,0.0990984,7.2516745e-12,8.644712,6.372026e-10,2.527059e-08,2.148663e-09,3.474935e-10,5.384096e-11,1.073479e-12,1.3206811e-12,6.80467e-17
4FGL J1926.8+6154,291.7097,61.9146,bll,49.13504,1.8997993,1.7933288,0.069026135,1.4542658e-11,93.99457,1.5557408e-08,3.933778e-09,2.0754196e-09,8.8370855e-10,3.7356554e-10,1.4062594e-10,3.86328e-11,4.559684e-12
4FGL J1927.5+6117,291.8822,61.294,bll,36.32135,2.178055,2.1168768,0.06689054,9.903368e-12,46.47922,8.894826e-10,4.6587676e-09,2.8921183e-09,7.7917867e-10,2.2361614e-10,4.2768608e-11,1.2307295e-11,9.617718e-17
4FGL J1929.4+6146,292.3692,61.7747,bll,8.651646,2.4017096,2.4219584,0.03762186,3.5731325e-12,13.670553,7.3249873e-10,6.6229653e-09,1.3425194e-09,1.7750525e-10,5.843295e-11,4.018875e-12,2.8310594e-12,7.105049e-18
4FGL J1930.3+0911,292.5854,9.1975,bcu,9.992687,2.8098893,3.0065687,0.27296776,1.4269526e-11,61.46948,3.5794767e-09,2.0737168e-08,6.4795405e-09,4.606606e-10,6.11239e-11,1.367825e-15,4.2883217e-17,1.1809918e-14
4FGL J1931.1+0937,292.784,9.6314,bll,51.743275,1.8430037,1.6547822,0.1034865,2.8787119e-11,96.95094,3.575519e-08,8.174032e-09,2.9977336e-09,1.4391871e-09,7.623822e-10,3.027064e-10,1.1090041e-10,1.2514129e-11
4FGL J1931.2+5958,292.8234,59.9744,bcu,4.256256,1.6244189,1.5830986,0.16485667,5.9599873e-13,13.140389,1.3427505e-11,2.1268788e-12,6.9995344e-13,3.8491953e-17,1.4670248e-11,6.8488878e-12,2.7015469e-12,1.5345266e-12
4FGL J1931.3-1556,292.8361,-15.9398,bcu,6.598497,1.8987501,1.7970676,0.25936428,1.5142809e-12,12.440385,3.3117155e-11,3.8400655e-13,3.0516087e-12,8.084051e-11,7.695731e-11,8.526531e-12,5.9134256e-12,3.4941933e-16
4FGL J1931.5+5229,292.894,52.4838,bcu,5.523094,2.5155754,2.5190659,-0.0015586765,2.0481167e-12,17.086697,1.8936621e-11,3.2446317e-09,8.2248264e-10,7.320369e-11,2.0593393e-11,7.365802e-12,1.6183552e-19,5.0811086e-13
4FGL J1933.2-4539,293.3143,-45.6508,fsrq,11.624691,2.5772872,2.4358945,0.17107639,4.1414754e-12,63.603523,5.645389e-09,5.9195844e-09,1.7403797e-09,2.9193664e-10,4.594823e-11,3.310355e-12,2.463939e-18,2.284813e-17
4FGL J1933.3+0726,293.341,7.44,bll,29.679762,1.8753916,1.8321722,0.040224306,1.3094066e-11,29.45439,2.0269471e-10,9.871388e-09,1.8368425e-09,6.043906e-10,3.1880676e-10,1.0468866e-10,3.7501342e-11,1.00919065e-11
4FGL J1933.9-1025,293.4861,-10.4206,bcu,5.328527,2.3141756,2.334466,-0.09572869,2.5748334e-12,21.126766,3.1783905e-08,9.560409e-09,9.624292e-10,7.3039214e-11,2.2410237e-11,1.9965205e-11,3.9519375e-24,1.820836e-12
4FGL J1934.2+6002,293.564,60.0412,bcu,14.224919,1.9184774,1.7841762,0.27636933,2.0298286e-12,12.899949,1.3059409e-11,4.9928395e-15,1.4653975e-10,2.212753e-10,7.57961e-11,1.5742192e-11,2.3564204e-12,5.1550663e-17
4FGL J1934.3-2419,293.582,-24.326,bll,9.529383,1.8452855,1.5751107,0.21383153,2.093832e-12,13.075869,4.5229247e-09,1.7742502e-13,1.6639095e-11,1.3035728e-10,7.1516376e-11,1.7026318e-11,7.624816e-12,3.6224444e-16
4FGL J1934.3+6541,293.5952,65.6888,fsrq,15.597779,2.899195,2.8292742,0.16269182,6.0831964e-12,436.1944,3.569477e-08,1.5185172e-08,2.3124913e-09,2.0717732e-10,1.0000925e-11,8.7487777e-17,2.2356447e-16,3.8090444e-16
4FGL J1934.5+6139,293.6352,61.6522,fsrq,6.082778,2.2216175,2.2143884,0.05576084,1.3843547e-12,23.02696,1.7556255e-10,1.374336e-13,4.627812e-10,1.03893005e-10,1.2573725e-11,1.028136e-11,5.170518e-19,5.462301e-19
4FGL J1936.9-4720,294.2416,-47.34,bll,26.508951,1.8172626,1.7936884,0.020963524,7.992672e-12,50.65221,1.0044462e-09,2.2132869e-09,1.2055322e-09,3.462824e-10,1.949369e-10,5.599947e-11,2.782955e-11,8.370361e-12
4FGL J1937.0+8354,294.275,83.908,bcu,8.814983,2.1327486,2.0487106,0.14016253,1.8096056e-12,12.99316,2.3515287e-09,1.4965418e-09,2.1397269e-10,1.5643033e-10,3.1138373e-11,9.316145e-12,2.9213673e-13,9.890378e-13
4FGL J1937.2-3958,294.3092,-39.9825,fsrq,20.83744,2.6669242,2.5805721,0.11589317,1.0685313e-11,81.75252,2.9229337e-08,2.1155401e-08,4.323538e-09,5.470467e-10,7.6589034e-11,7.519207e-13,3.837699e-18,1.8846764e-17
4FGL J1937.2-4217,294.319,-42.292,bcu,15.704876,2.294006,2.0413065,0.2643431,3.961352e-12,11.170493,3.2839892e-10,2.390742e-09,1.1695265e-09,5.26043e-10,8.935696e-11,6.238377e-12,6.568937e-15,6.00392e-16
4FGL J1939.5-1525,294.8772,-15.4256,fsrq,8.721326,2.4015427,2.302211,0.17423262,3.225335e-12,107.51979,1.7709136e-14,2.1578643e-09,1.2046975e-09,3.0762987e-10,4.5717836e-11,1.1491001e-11,4.045175e-17,6.9061065e-15
4FGL J1939.8-4928,294.9635,-49.4678,bcu,10.188165,2.2136674,2.2073753,0.010427736,2.8591324e-12,27.513266,1.7250373e-10,2.9482985e-09,8.068461e-10,1.5178328e-10,5.8081595e-11,1.2734524e-11,4.018524e-12,1.432822e-16
4FGL J1941.3-6210,295.3468,-62.1753,bll,77.78638,2.4135468,2.3414788,0.08799316,3.4546224e-11,1299.9594,5.7696255e-08,4.9296382e-08,1.3527404e-08,2.4097317e-09,4.5295928e-10,5.6673798e-11,5.337275e-12,5.1146976e-18
4FGL J1941.7+7218,295.4368,72.3101,bcu,7.532725,2.7758493,2.7893863,0.08903212,3.8142857e-12,81.796844,8.023693e-09,1.0871739e-08,1.3178683e-09,1.4423894e-10,2.1347424e-11,3.544074e-12,1.2931113e-17,2.1162341e-16
4FGL J1942.1+4011,295.539,40.1984,bcu,13.311375,2.2374227,2.2331405,0.004572376,5.679258e-12,31.822695,5.86846e-09,8.079144e-09,1.6047241e-09,2.874409e-10,1.3147043e-10,1.0285126e-11,9.547349e-12,1.2232867e-18
4FGL J1942.5-5827,295.6425,-58.455,bcu,9.719703,2.0803428,2.0517087,0.02595425,2.519687e-12,16.32602,1.6141849e-08,2.877246e-09,4.3657386e-10,1.5457507e-10,6.2584826e-11,1.1314993e-11,6.3933837e-12,7.470309e-21
4FGL J1942.7+1033,295.696,10.5584,bll,53.306038,1.8574362,1.7764152,0.041836247,2.8550549e-11,89.46213,3.5777778e-10,5.0809423e-09,3.8807344e-09,1.5446645e-09,7.0004463e-10,2.441579e-10,8.975419e-11,2.3041444e-11
4FGL J1942.8-3512,295.7173,-35.2012,bll,8.08617,2.191525,2.1545327,0.044065982,3.2040208e-12,24.739439,1.2880689e-08,2.9486573e-09,9.050054e-10,1.6279703e-10,5.2672505e-11,2.5789626e-11,1.272899e-12,4.2621453e-18
4FGL J1943.6-0533,295.9249,-5.5665,bcu,5.3999934,1.9401584,1.904842,0.052647024,2.2857514e-12,5.9259806,4.1205355e-12,4.1455914e-09,5.405878e-11,1.5882955e-10,3.979784e-11,2.197649e-11,4.4891534e-12,2.1294319e-17
4FGL J1943.9-2705,295.9981,-27.0903,bcu,6.0480437,2.264479,2.259364,0.019289756,2.421742e-12,12.212735,1.6825156e-11,4.1856447e-09,6.7020456e-10,1.7875383e-10,2.1765348e-11,1.3163086e-11,1.9818643e-12,1.3912759e-15
4FGL J1944.0+2117,296.0049,21.2904,bcu,17.990492,1.5023783,1.3002404,0.20046976,7.381316e-12,15.64259,7.5329476e-10,3.0979963e-12,2.0076822e-15,2.7678876e-18,1.2736878e-10,7.353875e-11,4.8940803e-11,1.3938865e-11
4FGL J1944.2+3921,296.0679,39.3645,bcu,15.639561,2.1617978,1.9775317,0.15689114,4.3589342e-12,18.922304,6.5960304e-10,4.710992e-10,1.1183862e-09,4.1067322e-10,1.344761e-10,2.1709997e-11,2.1080756e-12,1.3281651e-18
4FGL J1944.4-4523,296.1006,-45.3925,bll,15.202285,1.6915332,1.510875,0.10564097,3.4348717e-12,16.867884,1.8388761e-11,3.236035e-13,2.9382435e-10,9.743615e-11,7.432297e-11,3.8432976e-11,2.076051e-11,1.6368248e-12
4FGL J1944.9-2143,296.2295,-21.7216,bll,31.317549,1.8362507,1.8027965,0.030440092,1.1663001e-11,96.411064,1.2914734e-09,4.3984483e-09,1.4545043e-09,5.733887e-10,2.759739e-10,8.490127e-11,4.414801e-11,9.864055e-12
4FGL J1945.1-4007,296.2922,-40.1209,bcu,12.014946,2.2895858,2.0510576,0.24900459,3.0623874e-12,103.85271,9.487822e-09,2.4937864e-12,8.7639357e-10,3.736721e-10,9.440455e-11,3.4018528e-12,2.880499e-12,4.4523503e-16
4FGL J1945.5-0153,296.3832,-1.8957,bcu,4.55759,2.4109106,2.4272597,0.3681497,1.5954258e-12,20.82791,6.541575e-12,3.4208224e-13,3.959458e-10,2.5136287e-10,2.4563355e-11,2.2355127e-19,1.1369443e-17,4.7530864e-15
4FGL J1946.0-3112,296.5028,-31.2067,bll,21.077124,2.2319746,2.2103953,0.0252629,9.634385e-12,23.773067,3.595471e-08,1.3796538e-08,2.4914695e-09,5.522496e-10,2.2015777e-10,3.223193e-11,6.8682386e-12,5.432559e-24
4FGL J1946.0+0937,296.5129,9.6193,bcu,8.206696,2.0340211,2.0207038,0.010888611,2.9322495e-12,14.6793,2.347138e-10,9.1488584e-14,5.444555e-10,1.3018495e-10,7.425456e-11,1.3248575e-11,9.763947e-12,7.232547e-18
4FGL J1946.4+6031,296.6041,60.5333,bcu,4.1270947,1.9805614,1.9350537,0.17167275,7.2858267e-13,15.94683,5.434671e-12,3.4130524e-13,3.727421e-13,6.514977e-11,1.9462678e-11,3.8445987e-12,1.4094816e-12,1.536266e-16
4FGL J1948.3+1207,297.0993,12.1167,bcu,6.6698637,2.58987,2.5316231,0.41851982,3.1820807e-12,12.173059,2.2732715e-11,1.7169416e-09,1.5167921e-09,3.7890044e-10,3.4797804e-11,1.618178e-12,2.0998812e-16,1.4725386e-18
4FGL J1949.0+1314,297.2503,13.2451,bcu,13.872195,2.430501,2.4044027,0.09388389,7.497989e-12,44.05929,2.0298147e-11,1.0942763e-08,2.573754e-09,6.0174205e-10,1.06806335e-10,1.7534292e-11,3.0303743e-12,2.2772608e-16
4FGL J1949.2+7250,297.3178,72.8435,bcu,8.313279,2.5585394,2.5509074,0.19343671,2.8370529e-12,98.92984,2.4147349e-08,6.7254873e-09,1.1673212e-09,2.2292042e-10,4.1259517e-11,2.078082e-12,1.5142415e-16,2.047373e-15
4FGL J1949.4+1247,297.3707,12.7931,bcu,4.320544,2.4619727,2.4400294,0.068306655,3.0546366e-12,43.31656,3.7916076e-10,1.4675041e-12,1.2102536e-09,1.6677013e-10,4.1583237e-11,6.7317467e-12,5.0459514e-15,1.218686e-16
4FGL J1949.5+7311,297.3898,73.1874,bcu,5.997303,2.7331877,2.7848868,0.12969111,3.8674628e-12,14.4123125,1.9299286e-11,3.0721792e-09,1.3302611e-09,2.119581e-10,2.3737531e-11,3.025835e-16,2.0248033e-17,2.9973182e-16
4FGL J1949.5+0906,297.3902,9.1054,bll,16.240795,2.026916,2.0065053,0.01412537,6.216292e-12,32.815716,3.012528e-08,9.458146e-09,1.316436e-09,2.843098e-10,1.535595e-10,4.456631e-11,1.140169e-11,1.7622004e-12
4FGL J1949.9-6134,297.4908,-61.5678,bcu,3.620443,2.3959162,2.3213117,0.14349103,1.3488261e-12,23.781727,8.332607e-09,8.333499e-13,4.292095e-10,1.0874707e-10,1.3700964e-11,4.050964e-12,7.3046864e-17,3.1243078e-16
4FGL J1950.0-7321,297.5093,-73.3641,bcu,5.431879,2.0876923,2.0752673,0.0019527018,1.3379261e-12,19.30517,4.7824865e-12,1.9981098e-13,3.2263311e-10,8.375483e-11,3.261811e-11,5.437178e-12,1.2347103e-15,1.2452463e-12
4FGL J1950.6+3456,297.6642,34.9434,bcu,6.5080943,1.9346336,1.5202186,0.30874944,1.9730257e-12,18.681696,1.1965643e-11,1.986214e-12,2.6552656e-13,1.1898749e-10,3.0699946e-11,2.6163736e-11,1.9732623e-12,1.1449151e-15
4FGL J1950.8+1211,297.7222,12.1995,bcu,12.970852,2.5284984,2.424514,0.29446608,5.745003e-12,12.754576,2.2671859e-10,6.3241807e-09,2.6286286e-09,5.76386e-10,9.794886e-11,2.547507e-12,1.2962388e-15,1.09860936e-14
4FGL J1951.2-0951,297.8161,-9.8568,bcu,3.2157118,2.663126,2.6971877,0.15261145,2.4231225e-12,12.15642,5.950906e-09,4.7742925e-09,9.959901e-10,6.560709e-11,3.4576633e-11,2.03165e-13,3.309967e-20,7.3303216e-16
4FGL J1951.6-4624,297.902,-46.4156,bcu,4.23601,1.9879037,1.9234585,0.13500346,1.0211336e-12,16.694685,5.5055113e-11,5.3393227e-14,5.0979648e-11,1.0977453e-10,9.580295e-12,9.974398e-12,9.640382e-13,7.153215e-18
4FGL J1951.8-0511,297.965,-5.1844,fsrq,6.0448627,2.416319,2.3343296,0.17621596,3.0849574e-12,51.205597,1.6348711e-10,2.6118182e-11,1.0092444e-09,2.3218542e-10,4.1910243e-11,2.6500067e-12,1.7414752e-12,1.1469278e-17
4FGL J1953.0+7651,298.2542,76.8514,bcu,5.433513,2.1785247,2.0388045,0.17679946,1.2609343e-12,15.065256,1.8534294e-08,2.8996494e-10,2.5253588e-10,8.1455516e-11,3.28198e-11,1.7517264e-12,2.2737975e-12,5.839112e-16
4FGL J1953.0-7025,298.2682,-70.421,bcu,13.418818,2.1083167,2.1191783,-0.021133041,3.5957446e-12,14.038562,2.4153344e-11,2.4051e-09,1.1465335e-09,2.0634369e-10,7.042578e-11,1.9030826e-11,4.2023256e-12,2.878066e-12
4FGL J1954.6-1122,298.6693,-11.3815,bll,26.210123,2.4259932,2.3850493,0.056920607,1.3380151e-11,210.82176,1.4719572e-08,1.9133719e-08,5.002587e-09,8.5500934e-10,1.7434611e-10,3.7632807e-11,3.2074625e-12,8.602681e-16
4FGL J1954.9-5640,298.7449,-56.667,bll,17.392117,1.9307008,1.9498844,-0.020508604,4.3675944e-12,12.532988,4.4252552e-13,2.3156466e-09,1.0041737e-09,2.1315068e-10,8.344285e-11,3.4943836e-11,1.230261e-11,4.464403e-12
4FGL J1955.1-1604,298.7774,-16.0715,bll,18.067114,2.002701,2.0133834,-0.010636246,6.745884e-12,34.816334,3.684111e-10,6.477575e-09,1.453762e-09,3.704763e-10,1.1643443e-10,4.7498495e-11,2.7328357e-11,3.8142814e-12
4FGL J1955.2+1358,298.8201,13.9824,fsrq,16.244642,2.4438539,2.3270507,0.1237655,7.573702e-12,210.46684,2.9168525e-11,1.1220524e-08,2.7412543e-09,6.3843936e-10,9.703617e-11,1.0167079e-11,4.335971e-12,2.9809188e-16
4FGL J1955.4+5132,298.8575,51.5434,fsrq,26.252705,2.5063188,2.450227,0.07503469,1.0665827e-11,159.75821,4.8435588e-08,1.7613576e-08,3.8906816e-09,7.273237e-10,1.2702372e-10,1.4724152e-11,2.1887666e-18,1.7732354e-19
4FGL J1955.7+0214,298.9415,2.236,bll,13.325186,1.8147215,1.7594286,0.107264966,3.5762094e-12,7.637572,6.0321696e-12,1.1540036e-15,3.416095e-10,2.63307e-10,7.64714e-11,3.6324017e-11,1.5645327e-11,2.6328403e-15
4FGL J1956.1+0234,299.0385,2.572,bcu,6.0843983,1.9967387,2.0043988,0.15231794,2.0760644e-12,23.161024,1.8058639e-16,3.0981125e-14,4.685366e-12,1.14270315e-10,5.0674586e-11,1.5519405e-11,4.199129e-12,8.94288e-17
4FGL J1957.1-3231,299.2864,-32.5246,fsrq,9.896333,2.5616488,2.5457594,0.056467805,5.2216326e-12,26.871778,1.5507176e-08,5.0668882e-09,2.308767e-09,2.2905229e-10,3.4035236e-11,1.1295504e-11,2.0754843e-12,1.4684424e-21
4FGL J1958.0-3845,299.5026,-38.7547,fsrq,108.02428,2.264824,2.1296172,0.13017285,5.721685e-11,6701.895,8.1845215e-08,5.5865574e-08,2.1294632e-08,5.081096e-09,1.036575e-09,1.1688914e-10,1.4027466e-11,7.881276e-17
4FGL J1958.1+2438,299.5284,24.6417,bcu,12.434516,2.0262213,2.0153782,0.041096352,6.9029058e-12,17.212635,4.0933463e-12,1.1740472e-10,1.0052053e-09,4.2866666e-10,1.7304556e-10,2.5063866e-11,1.1812088e-11,5.764005e-12
4FGL J1958.1-0711,299.5338,-7.1926,bcu,7.4293184,2.0869381,2.0395951,0.04371417,2.3429193e-12,22.901957,1.5535937e-08,2.5628062e-09,5.1946963e-10,1.1240125e-10,5.7234086e-11,1.4214496e-11,3.899113e-12,6.9096706e-17
4FGL J1958.3-3010,299.5812,-30.181,bll,29.313831,1.8330315,1.7844683,0.044560604,1.19439215e-11,34.087986,8.423699e-11,5.719485e-09,1.2762212e-09,5.6005156e-10,2.895189e-10,1.0048644e-10,4.1966715e-11,8.493562e-12
4FGL J1959.0+3844,299.7663,38.7368,bcu,12.344509,2.7221456,2.5638018,0.2645218,7.787266e-12,42.37643,3.7871595e-09,1.0989693e-08,3.791112e-09,5.0944177e-10,7.47727e-11,3.4125675e-13,4.2965945e-16,4.525631e-16
4FGL J1959.1-4247,299.7963,-42.7852,fsrq,20.11736,2.4404514,2.2470624,0.18396634,6.1941407e-12,481.6176,9.796626e-09,6.4768573e-09,2.6144995e-09,5.218875e-10,1.08718166e-10,2.775249e-16,2.522562e-15,2.51158e-16
4FGL J1959.7-4725,299.9475,-47.4326,bll,39.297695,1.8210855,1.6394204,0.107231386,1.1923926e-11,26.44643,4.715731e-09,1.0472154e-09,1.4166329e-09,6.436617e-10,3.5470527e-10,1.2221908e-10,3.5926307e-11,1.6697931e-12
4FGL J2000.0+4214,300.0028,42.2371,bcu,5.3784747,2.4823127,2.5065227,-0.067147635,3.4343997e-12,60.726025,2.52347e-08,1.0455789e-08,1.0020378e-09,1.8112288e-10,3.5809255e-11,7.337457e-12,3.4553266e-13,1.1099801e-12
4FGL J2000.0+6508,300.011,65.1479,bll,180.33183,1.8149698,1.7623795,0.025084954,1.04971275e-10,1637.4388,2.1420506e-08,2.4243265e-08,1.3827131e-08,5.51372e-09,2.4306304e-09,8.414783e-10,3.2016254e-10,1.390156e-10
4FGL J2000.3-2930,300.0815,-29.5103,fsrq,17.632856,2.5020084,2.4843495,0.059901427,9.068421e-12,5.9548945,1.6342495e-08,1.214573e-08,3.5180852e-09,5.1683824e-10,8.799017e-11,8.7164356e-12,3.4035812e-12,5.4334845e-16
4FGL J2000.6-1328,300.1578,-13.4695,fsrq,12.747471,2.5222921,2.5164104,0.016682586,6.6835257e-12,18.978352,2.022517e-08,9.140073e-09,2.5766815e-09,3.4218614e-10,4.778892e-11,1.7477532e-11,4.9622533e-12,4.8707777e-16
4FGL J2000.9-1748,300.2346,-17.8164,fsrq,46.636375,2.237818,2.1923215,0.057943687,2.3532972e-11,601.41785,1.3391127e-10,2.0843109e-08,7.824397e-09,1.6782503e-09,5.1119803e-10,7.3141465e-11,1.3415901e-11,3.5249653e-12
4FGL J2000.9+6614,300.2368,66.2476,bcu,4.969864,2.1929507,2.069199,0.23452094,1.4212241e-12,7.078605,4.3778983e-10,7.1989974e-09,2.0036377e-10,9.699436e-11,3.260919e-11,2.9691148e-12,1.7311816e-16,8.123072e-15
4FGL J2001.2+4353,300.3018,43.8862,bll,60.965855,2.0027843,1.8763152,0.08057528,3.1166826e-11,1443.3435,3.8465213e-08,1.5528343e-08,5.4139737e-09,2.2713151e-09,8.687879e-10,2.2676797e-10,5.744011e-11,5.9602024e-12
4FGL J2001.5-0818,300.3754,-8.3162,bcu,6.1033273,2.2950492,2.2975388,-0.03267191,2.7363368e-12,19.794727,1.3155614e-10,4.206669e-09,7.8256573e-10,1.7925628e-10,2.566761e-11,1.43934e-11,5.875516e-12,7.271635e-18
4FGL J2001.7+7040,300.4324,70.6703,bll,18.401995,2.211985,2.192531,0.048429534,5.8146543e-12,21.987988,1.307407e-09,1.960567e-09,1.6959258e-09,3.9640377e-10,1.0319825e-10,2.136557e-11,7.54428e-12,1.3069155e-17
4FGL J2001.9-5737,300.4909,-57.6308,bcu,12.546221,2.0598536,1.9796921,0.088463195,3.1577614e-12,8.702037,9.416595e-13,1.5506119e-09,7.345139e-10,1.5027643e-10,8.1226775e-11,2.4981983e-11,1.2528619e-12,4.8268527e-16
4FGL J2002.4-7119,300.6003,-71.324,bll,13.202097,1.7665766,1.6544809,0.07789669,2.701958e-12,23.855434,9.976673e-11,1.3044397e-09,2.8488484e-10,9.644309e-11,6.165438e-11,2.7570822e-11,9.793207e-12,4.150452e-12
4FGL J2002.6+6302,300.6727,63.0493,bll,10.03302,1.5997585,1.4467152,0.2772408,1.4963718e-12,11.446693,1.207236e-10,2.1590734e-14,1.7627066e-15,4.1479063e-11,2.7251345e-11,1.8913654e-11,1.1288728e-11,7.270081e-16
4FGL J2003.6+2333,300.9025,23.5634,bcu,5.938274,2.51558,2.538146,0.346832,3.6632928e-12,9.768396,6.4835e-11,5.02037e-09,1.7706588e-09,3.3858644e-10,5.506271e-11,6.3116503e-15,3.2540745e-13,1.8277508e-15
4FGL J2005.1+7003,301.2776,70.0624,bll,25.337118,1.8397684,1.6039451,0.17811981,5.809267e-12,68.39519,1.7614847e-10,1.2242762e-09,3.864818e-10,3.2042477e-10,1.7949009e-10,6.48599e-11,1.7332961e-11,7.619966e-13
4FGL J2005.2-1822,301.3246,-18.3675,fsrq,8.943467,2.3383598,2.3359082,0.0018652399,3.5816807e-12,35.13694,2.6322821e-08,7.9306e-09,1.1441879e-09,2.1476133e-10,5.0120415e-11,8.523001e-12,4.425456e-12,9.185499e-17
4FGL J2005.5+7752,301.393,77.8829,bll,63.944656,2.229691,2.1733809,0.04303163,2.1398576e-11,623.4765,2.1611372e-08,2.0529546e-08,6.642323e-09,1.5521553e-09,4.3664913e-10,7.4836595e-11,1.0127055e-11,3.2451578e-12
4FGL J2005.8+6424,301.464,64.4002,fsrq,13.913935,2.4205434,2.3114264,0.21020532,3.5370402e-12,59.132214,1.3458156e-08,3.7744337e-09,1.5402895e-09,3.1606232e-10,7.49787e-11,3.378582e-12,6.289422e-16,2.4201563e-14
4FGL J2005.9-2309,301.4762,-23.1531,fsrq,27.518984,2.476534,2.37487,0.099315375,1.2332698e-11,319.88074,2.519025e-08,1.5626526e-08,5.1487725e-09,8.384495e-10,1.3627868e-10,1.5218424e-11,1.2927068e-15,2.6346145e-16
4FGL J2007.2-1433,301.8076,-14.5594,bcu,9.330154,2.6420896,2.5892773,0.49093756,4.093754e-12,9.820953,1.6788551e-08,4.9790274e-09,2.1762967e-09,3.0721634e-10,6.043345e-12,4.5400263e-12,1.0199841e-17,6.836537e-14
4FGL J2007.2+6607,301.8148,66.1178,fsrq,18.784754,2.4848082,2.430558,0.13043627,6.6193166e-12,181.72684,2.5978707e-08,7.4488216e-09,3.047859e-09,4.5122844e-10,1.0431002e-10,5.6247416e-12,1.3533106e-12,8.045369e-16
4FGL J2007.3-7728,301.8466,-77.478,bcu,12.240088,2.381243,2.1806061,0.26342434,2.8460472e-12,69.203995,7.096978e-10,2.0888253e-09,9.930524e-10,3.5103867e-10,5.319426e-11,3.4619935e-12,1.1951575e-15,2.4676942e-16
4FGL J2009.4-4849,302.3595,-48.8248,BLL,75.737045,1.8407868,1.7619551,0.038235676,3.2140006e-11,178.54335,7.830442e-09,8.949377e-09,4.336862e-09,1.8774877e-09,7.9954765e-10,2.2033676e-10,1.0847843e-10,3.0166702e-11
4FGL J2009.9+3544,302.4892,35.746,bcu,6.6310506,2.3104527,2.245296,0.052253123,6.4645867e-12,35.657352,9.857252e-10,6.2963577e-09,2.5409084e-09,3.1409253e-10,1.2385784e-10,1.4231097e-11,4.5192045e-12,1.3431637e-16
4FGL J2010.0+0726,302.5046,7.4449,fsrq,4.8287945,2.6329281,2.6286595,0.16861221,3.2857135e-12,13.731905,1.3171562e-10,2.4550926e-09,1.233685e-09,1.9563014e-10,2.2645524e-11,9.8618835e-15,6.2578726e-14,4.6481073e-15
4FGL J2010.0+7229,302.5159,72.4874,bll,45.367764,2.2877939,2.1665583,0.11705469,1.4242903e-11,117.51962,1.8407919e-08,1.34151446e-08,4.9457847e-09,1.2533996e-09,2.9572433e-10,4.067973e-11,3.1421228e-12,4.1595362e-13
4FGL J2010.2-2523,302.5571,-25.3945,fsrq,0.4749338,2.8,,,6.831169e-13,119.51795,1.8660208e-08,2.0885211e-09,9.8991676e-11,3.5926796e-11,3.2508796e-12,1.1761809e-14,3.7058443e-16,7.0328013e-16
4FGL J2011.6-1546,302.9159,-15.7742,fsrq,7.734793,2.8058057,2.981368,0.2525706,5.340319e-12,17.943846,2.7457658e-10,1.3846717e-08,2.2579343e-09,2.163713e-10,6.5040777e-12,3.6901324e-12,9.932073e-16,6.1914877e-15
4FGL J2012.0+4629,303.0204,46.488,bll,78.69911,2.0254116,1.8910981,0.09070575,4.6222057e-11,570.5496,1.2614862e-08,2.2431092e-08,9.220361e-09,3.4721688e-09,1.3100535e-09,3.4172284e-10,7.025236e-11,5.256694e-12
4FGL J2012.2-1646,303.0719,-16.7729,bll,14.068282,2.6979432,2.6383636,0.3567344,6.4964683e-12,107.270515,1.664521e-08,6.260703e-09,3.384677e-09,4.3134532e-10,2.4813982e-11,7.339672e-17,1.5794582e-15,1.8041916e-15
4FGL J2013.0-3717,303.2664,-37.2936,bcu,8.311714,2.2953825,2.2991164,-0.0139415255,3.2353447e-12,25.034592,6.987344e-13,3.4903218e-09,1.1008789e-09,2.0374363e-10,4.0676705e-11,1.5349033e-11,1.2340103e-12,4.460636e-13
4FGL J2013.0-3828,303.2686,-38.4768,bcu,5.338764,2.2703369,2.1735413,0.33439946,1.2129358e-12,10.068209,3.2600493e-13,6.636533e-14,3.2569963e-10,1.8894519e-10,2.5539213e-11,3.4515992e-12,3.5217603e-18,1.3773275e-12
4FGL J2014.3-0047,303.599,-0.7922,bll,14.362011,1.996364,1.9706255,0.03628942,4.9698106e-12,28.033813,8.4820215e-12,1.69108e-09,8.903359e-10,3.1072844e-10,1.2326412e-10,1.9825343e-11,6.6380074e-12,5.0778444e-12
4FGL J2014.5+0648,303.6383,6.8086,bll,18.385714,1.8957744,1.8734775,0.025561837,5.859739e-12,9.97145,2.1031321e-10,2.0933533e-11,1.0548777e-09,3.1848552e-10,1.1323743e-10,4.873346e-11,2.0224785e-11,3.3590114e-12
4FGL J2015.0+1621,303.7645,16.3656,bcu,13.213882,2.3661613,2.3883753,-0.048681043,5.8858994e-12,8.459329,3.0091352e-09,1.0072386e-08,1.741076e-09,3.3221909e-10,5.1901643e-11,2.2058454e-11,1.2961064e-11,1.6146326e-12
4FGL J2015.2-0137,303.8074,-1.6254,bll,29.782116,2.258147,2.2088974,0.10660245,1.2067351e-11,15.636668,2.1272723e-11,1.1995527e-08,4.2356696e-09,1.0531622e-09,2.2967779e-10,4.053507e-11,7.485568e-12,1.8533106e-17
4FGL J2015.3-1432,303.8261,-14.5417,bll,5.6979427,2.03139,2.0021203,0.022784304,1.4905708e-12,31.174423,3.174103e-10,8.749828e-11,3.2122066e-10,1.1610053e-10,2.2213583e-13,2.187334e-11,5.201551e-16,6.2659045e-16
4FGL J2015.4+6556,303.8626,65.9489,fsrq,5.512222,2.6041195,2.4909282,0.21116179,2.8033268e-12,14.458111,5.244797e-09,2.5466178e-09,9.513952e-10,1.6152624e-10,2.3794165e-11,7.948105e-15,3.5442926e-16,8.453904e-17
4FGL J2015.5+3710,303.8924,37.176,FSRQ,28.320824,2.482489,2.668175,0.16702506,7.223601e-11,267.60178,1.9363573e-07,2.8746747e-09,2.2373984e-08,6.262106e-09,1.0918803e-09,9.968197e-11,4.755677e-12,1.4526897e-15
4FGL J2016.3-2331,304.0914,-23.5329,bcu,11.300659,2.2438579,2.0579357,0.33444038,2.4277737e-12,8.536361,8.9802805e-09,4.3133241e-10,7.3370043e-10,2.951897e-10,8.9620436e-11,4.8920056e-12,3.6350103e-13,1.866156e-15
4FGL J2016.3-0903,304.0982,-9.0622,bll,33.78586,1.9764923,1.8427333,0.0855843,1.0966702e-11,32.981857,1.2743231e-10,4.5563917e-09,1.9682898e-09,8.4058577e-10,2.7817132e-10,8.9788836e-11,1.6638529e-11,4.716941e-12
4FGL J2017.5-4113,304.3923,-41.2328,bcu,9.969613,2.0484216,1.9732671,0.098379545,2.7957953e-12,19.676579,2.2030335e-13,7.3947276e-10,4.8381865e-10,2.1195563e-10,5.9970626e-11,1.5886535e-11,3.9175425e-12,4.077313e-18
4FGL J2017.5-3753,304.3957,-37.897,bll,6.1280603,1.9952389,1.8876511,0.13411914,1.5940886e-12,21.147612,1.1488792e-12,4.4856993e-10,2.2176375e-10,1.2254141e-10,2.622457e-11,1.3829384e-11,2.2038627e-12,3.59164e-18
4FGL J2018.5+3852,304.6373,38.8715,bcu,18.349016,2.0948112,1.8224992,0.21237668,9.347432e-12,12.276935,1.3163466e-08,1.8208067e-12,9.423118e-10,6.240462e-10,3.671019e-10,9.1153814e-11,1.1101609e-11,8.7034655e-13
4FGL J2021.4-2048,305.3693,-20.8019,bcu,8.170425,2.5204475,2.484665,0.06631021,3.354403e-12,30.03693,6.180431e-11,5.7884737e-09,1.3643965e-09,1.5359719e-10,4.3712516e-11,4.326827e-12,1.6010041e-16,7.52118e-16
4FGL J2021.9+0629,305.492,6.4941,bll,14.815451,2.07634,1.9147116,0.15927565,4.051018e-12,25.854311,2.7075628e-11,1.0006231e-09,7.6867235e-10,3.446222e-10,1.3953284e-10,2.2105155e-11,3.863062e-12,3.164722e-17
4FGL J2022.0-7224,305.5072,-72.4095,bcu,10.16417,1.887297,1.5744364,0.21575756,1.5013686e-12,7.6622467,2.0444446e-09,3.8494413e-10,1.08605305e-10,7.516905e-11,5.1477968e-11,1.475439e-11,5.3512954e-12,7.540253e-18
4FGL J2022.3-4513,305.5911,-45.2228,bll,25.486313,2.1839645,2.0843208,0.09571532,8.1804225e-12,67.18291,3.6743358e-10,5.9190506e-09,2.6618305e-09,6.9794415e-10,1.8308732e-10,2.8126987e-11,8.564664e-12,1.7795004e-17
4FGL J2022.5+7612,305.6459,76.2007,bll,39.12261,2.2769759,2.2167628,0.04905878,1.3123186e-11,122.8125,1.39704825e-08,1.3841488e-08,4.078731e-09,9.923369e-10,2.4952015e-10,4.2129654e-11,7.899601e-12,1.0198138e-12
4FGL J2023.2+3153,305.823,31.8876,bcu,12.097651,2.0868044,2.0669854,0.04159666,6.7668813e-12,24.365702,1.0088515e-11,8.1244185e-09,2.9840286e-09,3.5026435e-10,1.1258927e-10,5.3134924e-11,7.622851e-12,2.7802296e-12
4FGL J2023.4+4127,305.8711,41.4508,bcu,10.662079,2.2772396,2.2663407,0.07233229,1.42788645e-11,18.31777,1.5164184e-10,2.01551e-10,2.7824458e-09,1.1430517e-09,2.2161706e-10,3.5372164e-11,2.0504381e-11,2.1885739e-15
4FGL J2023.6-1139,305.9032,-11.6585,fsrq,32.69935,2.0863962,1.939982,0.11544573,9.939223e-12,32.16569,1.5070954e-12,3.84369e-09,2.732674e-09,8.338877e-10,2.634751e-10,6.6423304e-11,3.1042506e-12,4.2058523e-19
4FGL J2023.6-0123,305.925,-1.3983,bcu,13.4299555,2.2338488,2.0103562,0.36532855,2.9914998e-12,26.58651,5.5950387e-09,1.1342264e-09,8.6409685e-10,3.9515238e-10,1.08945575e-10,2.328917e-12,1.796085e-12,1.6603985e-15
4FGL J2023.8-4828,305.9727,-48.4726,bll,4.272764,2.1743,2.0699935,0.09010161,1.2845674e-12,9.991941,6.898102e-11,1.9780415e-09,1.3586354e-10,8.901133e-11,3.510201e-11,8.6888e-13,3.693061e-12,4.6481573e-20
4FGL J2024.4-0847,306.1147,-8.7973,bll,21.119448,2.021238,1.9889565,0.030346949,7.08208e-12,22.477312,2.3034081e-08,4.3064228e-09,1.4635605e-09,4.0494696e-10,1.5260546e-10,5.5377564e-11,1.26157765e-11,1.2874324e-12
4FGL J2024.6-3252,306.1581,-32.874,fsrq,21.250467,2.4808981,2.364153,0.13543601,8.277676e-12,128.82076,3.0806465e-08,1.0307472e-08,3.519512e-09,5.6493166e-10,9.352019e-11,9.095727e-12,2.5555265e-18,5.502781e-16
4FGL J2024.7-2328,306.1831,-23.4779,bcu,10.790569,2.052742,1.7993973,0.28006256,2.006274e-12,54.446297,1.779354e-15,1.374053e-13,3.727769e-10,1.7020912e-10,8.907124e-11,1.663306e-11,2.1660636e-16,3.4784674e-18
4FGL J2024.8-6459,306.201,-64.9913,bcu,9.448856,2.4026053,2.3903644,0.049715605,2.6378223e-12,61.75395,5.3037925e-11,2.1516964e-09,1.1312191e-09,1.3428192e-10,3.1001538e-11,7.3469755e-12,9.495397e-13,1.5817856e-16
4FGL J2024.8+2734,306.2059,27.5705,bcu,4.4464025,1.9441248,1.7709714,0.22982843,1.4538534e-12,18.842836,1.3883273e-12,3.2398455e-15,4.258118e-11,8.081656e-11,2.8520401e-11,1.544654e-11,3.0939582e-12,1.01952935e-20
4FGL J2025.2+0317,306.3085,3.2893,fsrq,26.999588,2.1608403,2.0458403,0.09671546,8.841808e-12,111.47644,2.6595549e-08,7.107875e-09,2.5720546e-09,6.9277395e-10,2.4794708e-10,3.0081583e-11,5.105948e-12,4.8010097e-23
4FGL J2025.3-2231,306.3278,-22.5213,bcu,14.061092,2.004487,1.9752918,0.04500523,3.9371197e-12,28.647238,2.6642996e-14,5.5448623e-10,6.695838e-10,2.683475e-10,9.531582e-11,1.2831228e-11,8.992353e-12,1.0014885e-12
4FGL J2025.3+3341,306.3412,33.6891,bll,18.326307,2.6561403,2.8436875,0.21472889,2.8329894e-11,144.05247,1.5314892e-09,7.534912e-08,1.2473208e-08,1.6571475e-09,2.25502e-10,2.500471e-12,2.4911514e-15,3.3562016e-15
4FGL J2025.6-0735,306.422,-7.5945,fsrq,141.7713,2.2871056,2.194562,0.10009101,8.979331e-11,4088.8635,1.328914e-07,9.996102e-08,3.3192403e-08,7.2868334e-09,1.5141611e-09,1.8550736e-10,1.6135503e-11,2.3180342e-17
4FGL J2026.0-2845,306.5048,-28.7546,fsrq,6.920618,2.589048,2.506132,0.13749173,3.0394487e-12,25.280787,1.575472e-08,4.171159e-09,1.1741935e-09,1.5825359e-10,2.3333013e-11,1.7262537e-12,3.69147e-19,9.744826e-23
4FGL J2026.1+7645,306.5382,76.7589,bcu,13.8353,1.7327628,1.5705163,0.12411148,2.37902e-12,23.03253,2.1116289e-10,5.1280733e-12,3.8671316e-14,1.01739235e-10,6.0983954e-11,2.1422475e-11,9.971362e-12,4.877902e-12
4FGL J2026.6+3449,306.6528,34.8291,bcu,12.034351,2.112239,2.107215,0.00949693,7.8610885e-12,11.105837,4.4294737e-08,7.308237e-09,3.025603e-09,4.2622025e-10,1.3319906e-10,5.2119534e-11,1.0628832e-11,1.09930226e-16
4FGL J2029.1-1839,307.2822,-18.6623,bcu,7.5145774,2.3782759,2.2694173,0.13748859,2.7938242e-12,10.606867,5.8194383e-09,4.0180117e-09,9.093743e-10,1.9668137e-10,2.6260478e-11,9.406888e-12,3.2936987e-16,3.0230794e-16
4FGL J2029.5+4925,307.375,49.4221,bll,25.115232,2.4725385,2.3265076,0.2541457,1.4285611e-11,166.63773,8.84345e-09,1.0259522e-08,5.8370007e-09,1.5467716e-09,2.1045582e-10,1.9482286e-11,4.080664e-17,3.0950737e-16
4FGL J2030.2-0620,307.5641,-6.3432,fsrq,7.1477213,2.2620678,2.251765,0.016757451,2.3791902e-12,88.45017,7.1172214e-11,3.1125487e-09,7.758321e-10,1.3373802e-10,4.6945108e-11,4.689731e-12,1.830211e-12,2.1457493e-12
4FGL J2030.4-0502,307.624,-5.0491,fsrq,4.818465,2.1101372,2.0484617,0.08197351,1.5120037e-12,14.148477,3.230048e-10,4.5180752e-09,2.4084126e-10,8.8630554e-11,2.9416265e-11,7.9255005e-12,5.139927e-12,5.658832e-16
4FGL J2030.5-1439,307.6313,-14.6605,fsrq,10.019969,1.8794802,1.8718442,0.009278528,2.3477476e-12,12.296336,1.2952416e-08,3.245151e-09,2.749545e-10,1.03057216e-10,4.384126e-11,2.5419784e-11,1.216822e-11,1.1472423e-17
4FGL J2030.8-6959,307.7045,-69.9927,bcu,8.493951,2.2023542,2.2282326,-0.024374874,2.1614542e-12,19.17167,5.060487e-12,3.4293093e-09,5.5230126e-10,1.1655941e-10,3.4233255e-11,1.3998684e-11,2.259858e-12,1.3566878e-17
4FGL J2030.9-1621,307.7358,-16.3649,bcu,10.294895,2.0561018,2.0312989,0.016534373,2.6611814e-12,18.140501,8.193271e-11,2.1432225e-09,5.9681093e-10,1.2414823e-10,5.2893346e-11,3.1398748e-11,1.8958644e-13,4.8736137e-16
4FGL J2030.9+1935,307.7407,19.5988,bll,27.904266,1.9077779,1.7443867,0.09266377,8.154584e-12,26.088676,1.3831086e-08,3.9439234e-09,1.1296967e-09,4.669369e-10,2.6099634e-10,6.033083e-11,2.5553898e-11,3.3333364e-12
4FGL J2031.1-2615,307.7907,-26.2582,bcu,12.862146,2.1273272,1.9657568,0.18081953,2.6448527e-12,10.24161,1.6072e-13,1.3288933e-14,6.9386086e-10,3.1962033e-10,5.7416072e-11,1.2880291e-11,2.2737099e-12,5.1860896e-17
4FGL J2031.2-4121,307.8112,-41.3574,bcu,6.8487515,2.420881,2.3285787,0.40367472,1.6498201e-12,154.24352,4.7077763e-12,2.0655451e-13,7.787458e-10,2.0895993e-10,2.6877452e-11,9.24698e-13,2.9473967e-17,1.8362203e-15
4FGL J2031.8+1619,307.9534,16.3198,bcu,5.545565,2.4651673,2.4687083,-0.0072104717,2.385911e-12,20.10879,2.370921e-12,5.5470433e-09,8.163594e-10,6.629306e-11,4.7492645e-11,4.6010635e-12,4.3468735e-17,5.3184193e-16
4FGL J2031.9+2403,307.9785,24.0631,bcu,4.590425,1.8640943,1.8103873,0.072717965,1.3470667e-12,7.161318,6.885185e-13,2.9211846e-09,9.054462e-13,7.201513e-11,4.2257038e-11,3.0450165e-12,7.278534e-12,2.9422388e-17
4FGL J2032.0+1219,308.004,12.3279,bll,14.658494,2.403568,2.330566,0.07056136,6.488095e-12,58.928917,2.1317144e-09,1.0266429e-08,1.939179e-09,4.2317172e-10,7.8817584e-11,2.364641e-11,1.0402644e-16,4.8562674e-18
4FGL J2032.3-5816,308.0859,-58.2792,bcu,4.0986037,2.366829,2.3722796,-0.01771265,1.4695544e-12,18.30949,4.3556686e-12,4.4060884e-09,5.266682e-10,4.9915568e-11,2.7776377e-11,7.412625e-12,6.985436e-16,2.2914306e-16
4FGL J2033.7+6308,308.4271,63.1349,bcu,9.155802,1.8355465,1.7077595,0.3813274,1.4909599e-12,25.431866,3.6753254e-09,3.2547785e-15,1.3502239e-16,6.416259e-11,5.9743654e-11,2.2196864e-11,1.5242072e-12,5.720982e-23
4FGL J2034.6+1154,308.6504,11.9035,fsrq,22.001745,2.4874952,2.4149597,0.08009668,1.0445447e-11,257.21298,2.8010134e-09,1.05045e-08,4.0683097e-09,7.592397e-10,1.3832925e-10,2.0688562e-11,6.2493424e-13,3.0615948e-16
4FGL J2034.8-4200,308.7079,-42.0008,bll,14.576458,1.9699249,1.8691723,0.09997873,3.8808076e-12,20.40526,1.8691827e-10,2.3199465e-09,6.3383204e-10,1.9978925e-10,1.0663791e-10,3.0292942e-11,5.5431024e-12,2.3487898e-15
4FGL J2034.9-0450,308.7473,-4.8451,bcu,8.90304,2.2838004,2.1883354,0.14553624,3.137421e-12,18.61398,3.536556e-12,7.317413e-12,9.0405433e-10,2.451174e-10,4.444165e-11,1.2450733e-11,5.28022e-14,1.6596471e-16
4FGL J2035.4+1056,308.8517,10.938,fsrq,69.155266,2.4200997,2.3432095,0.107281335,4.0006738e-11,3393.6082,5.6292894e-08,5.7174947e-08,1.5388258e-08,3.132406e-09,5.354364e-10,5.0393748e-11,6.317648e-12,1.1411171e-16
4FGL J2035.9+4901,308.9807,49.028,bcu,16.02056,2.1122587,2.0583642,0.06970445,8.89124e-12,18.708998,6.809641e-10,5.5646323e-09,2.6332656e-09,4.963271e-10,2.0195792e-10,4.6971996e-11,1.6419846e-11,2.4143912e-16
4FGL J2036.4+6553,309.1032,65.8834,bll,22.998333,2.0415506,1.9119569,0.13602598,5.3274295e-12,37.51986,1.9693136e-09,2.547707e-14,1.0641144e-09,4.375276e-10,1.7553463e-10,2.9949626e-11,1.0899374e-11,1.4681321e-17
4FGL J2036.9-3329,309.2329,-33.4909,bll,13.638944,1.8169341,1.8770027,-0.036753185,3.793377e-12,10.649499,1.752087e-09,4.7431645e-09,6.917487e-10,1.2288334e-10,6.6745436e-11,4.4974427e-11,2.2198668e-11,1.5965953e-16
4FGL J2037.9-0504,309.4771,-5.0682,bcu,6.8487053,1.9081855,1.5833807,0.35697758,1.2054525e-12,13.393871,8.314971e-11,5.998068e-10,2.1762389e-11,7.0768905e-11,4.5702782e-11,2.1375955e-11,2.1025475e-14,5.454845e-17
4FGL J2038.7+5117,309.6938,51.2851,fsrq,22.966518,2.6067865,2.469733,0.25541618,1.792579e-11,158.92795,1.4855328e-09,6.6984702e-09,8.507132e-09,1.6493732e-09,1.9425295e-10,3.2571845e-12,2.3557568e-15,5.2393913e-13
4FGL J2039.0-1046,309.7581,-10.7731,bll,48.395634,2.0824003,1.9491895,0.09063066,1.6530334e-11,78.190834,1.2680043e-08,9.459731e-09,4.41584e-09,1.3362055e-09,4.2357867e-10,1.0621048e-10,1.1190842e-11,9.623187e-19
4FGL J2039.3+2150,309.833,21.8453,bcu,8.405124,2.6822991,2.6446881,0.19740169,3.5540587e-12,27.204004,5.442832e-09,9.77617e-09,1.2217771e-09,2.4353092e-10,1.908957e-11,1.0454679e-18,5.8798294e-17,4.0363047e-15
4FGL J2039.5+5218,309.883,52.3126,bll,16.103704,1.8370702,1.7853518,0.0728175,5.468394e-12,7.1143293,4.5418372e-10,5.1299476e-09,1.0892952e-13,3.8134385e-10,1.06013635e-10,4.520165e-11,1.337209e-11,6.199638e-12
4FGL J2040.0-5737,310.0132,-57.6183,bcu,11.351694,2.2991369,2.269153,0.051060375,3.6112194e-12,6.1867723,2.664113e-10,1.6465433e-09,1.0570819e-09,2.2025548e-10,6.462976e-11,1.2719992e-11,1.5106743e-12,3.3969852e-19
4FGL J2040.0+1237,310.0205,12.6179,bcu,3.8145864,2.0080535,1.6738939,0.25545895,1.0421504e-12,9.4042015,3.954084e-08,5.750879e-10,1.3624286e-13,5.1334853e-11,3.9235178e-11,5.449501e-12,1.891157e-13,2.1907931e-17
4FGL J2040.1-4621,310.0412,-46.3652,bcu,8.327667,1.7808249,1.5836762,0.1631816,1.7447342e-12,18.203344,1.0368755e-10,4.7161053e-10,3.718508e-11,8.150854e-11,5.144519e-11,1.786011e-11,1.0721486e-11,1.0197833e-17
4FGL J2040.2-7115,310.0655,-71.2642,bll,22.004496,1.7695533,1.7206534,0.03689445,4.9624445e-12,27.198574,2.6799134e-11,2.177895e-09,5.480576e-10,2.2379994e-10,9.656323e-11,4.6633725e-11,2.2392655e-11,4.775746e-12
4FGL J2040.2-2506,310.0732,-25.1103,fsrq,12.242559,2.4092429,2.20894,0.19493149,3.242156e-12,53.313305,5.467651e-17,2.7893172e-09,1.383523e-09,3.0935832e-10,4.5796766e-11,1.0234758e-12,1.1164795e-12,3.8707614e-15
4FGL J2040.5-1705,310.1364,-17.0901,bcu,14.617179,2.4568608,2.4480922,0.013364993,5.6822394e-12,66.441986,1.6197045e-08,8.425163e-09,1.952073e-09,3.10134e-10,7.219881e-11,1.33907625e-11,9.885715e-16,6.089921e-16
4FGL J2041.8-7319,310.4607,-73.3254,bll,12.072107,1.9251289,1.8710916,0.03560061,2.3695523e-12,8.17747,8.071358e-12,2.2638493e-09,4.998574e-10,8.70534e-11,6.041504e-11,1.7212431e-11,1.0207146e-11,1.5022831e-15
4FGL J2041.9-3735,310.4793,-37.5869,bll,14.208965,1.883673,1.8896986,-0.008309375,3.8843538e-12,14.736332,7.4934205e-11,1.4333382e-09,6.3607203e-10,1.9803868e-10,7.6516876e-11,3.180288e-11,1.1240426e-11,8.085414e-12
4FGL J2042.1+2427,310.5361,24.458,bll,23.05113,1.9467443,1.929741,0.01979803,7.5873205e-12,33.96336,4.8333435e-09,1.8523348e-09,1.3590755e-09,3.847541e-10,1.9475313e-10,3.9536804e-11,2.2155435e-11,7.570854e-12
4FGL J2042.1+4209,310.546,42.1578,bcu,10.106578,2.5785096,2.808907,0.3762422,1.5631083e-11,13.185508,3.5293727e-08,9.578623e-09,5.578839e-09,1.6715219e-09,1.4931616e-10,2.694476e-12,1.7856857e-14,6.9561814e-15
4FGL J2042.6+1629,310.6679,16.4944,bcu,9.992618,1.9839325,1.8433708,0.1430017,2.7356058e-12,25.01864,8.045652e-11,2.1089167e-13,5.6065386e-10,1.168754e-10,8.0815105e-11,1.2679873e-11,8.131077e-12,4.2306368e-16
4FGL J2042.7-5415,310.6779,-54.2566,bcu,11.014591,2.2833064,2.1925392,0.4935706,2.0001453e-12,13.126925,1.0302602e-10,5.586794e-10,6.701301e-10,3.4227438e-10,4.0046796e-11,1.1943799e-12,6.1459565e-20,7.684191e-16
4FGL J2042.7-0155,310.6928,-1.9223,bcu,7.589486,2.195068,2.1314573,0.10229155,2.6790768e-12,16.8908,3.3367194e-12,3.0528104e-09,4.767453e-10,2.446456e-10,2.9054847e-11,1.900423e-11,4.888183e-14,2.7097115e-15
4FGL J2043.7+0000,310.9354,0.0094,bll,10.388247,2.2702465,2.2665834,0.005139349,3.3966237e-12,17.466335,2.3539304e-11,4.2482187e-09,1.1830028e-09,1.6055876e-10,5.805629e-11,1.9560523e-11,1.0105527e-15,1.0714809e-16
4FGL J2044.0+1036,311.0024,10.6079,bcu,5.68436,2.1313493,1.7389451,0.50547284,1.0352477e-12,51.342896,1.8470173e-08,1.7111328e-14,1.0636235e-11,5.4612096e-11,8.163621e-11,4.2192625e-14,6.421181e-13,4.090973e-16
4FGL J2045.1-2346,311.2814,-23.7785,bcu,11.602538,2.0076437,1.9798838,0.026796028,3.0797632e-12,9.714298,2.605286e-12,1.114112e-11,8.0683055e-10,1.8041414e-10,6.719609e-11,1.4782047e-11,6.170051e-12,1.678349e-12
4FGL J2046.6-1012,311.672,-10.2003,bll,9.9458,1.925356,1.8574097,0.094865344,2.9200203e-12,15.884436,1.0182737e-12,6.1701004e-14,5.4610655e-10,1.617271e-10,6.978885e-11,2.3429451e-11,7.858694e-12,2.8267237e-12
4FGL J2046.8-4258,311.7205,-42.9694,bll,7.8418694,2.165801,1.9852691,0.2665019,1.598802e-12,34.422535,9.657166e-12,1.517067e-13,4.1570938e-10,2.003698e-10,4.969939e-11,4.0695915e-12,2.3169418e-12,1.876947e-15
4FGL J2046.9-0235,311.7472,-2.5867,bcu,5.697091,2.6757388,2.672758,0.017964873,2.5100649e-12,28.122286,1.3346584e-08,5.6655853e-09,8.404713e-10,9.5156e-11,2.6566095e-11,1.4106325e-12,3.9793248e-16,3.4976958e-16
4FGL J2047.1-7400,311.7846,-74.0033,fsrq,4.5709205,2.6766176,2.6637006,0.035253994,1.9178248e-12,7.593382,1.5856447e-08,1.6094607e-09,7.2060957e-10,5.844094e-11,2.5833698e-11,4.225155e-17,2.5150216e-16,1.6987189e-16
4FGL J2047.9-3122,311.9808,-31.3778,bcu,10.450683,2.0430615,1.9895958,0.069459535,3.3039144e-12,19.365131,4.08847e-12,2.8901215e-09,5.891936e-10,2.2154689e-10,7.439286e-11,1.994335e-11,5.160134e-12,1.305792e-16
4FGL J2048.6-6804,312.1624,-68.0728,bll,14.257659,2.1727653,2.1669302,0.0063615823,3.7742197e-12,20.36477,4.0824847e-11,2.6153355e-09,9.957722e-10,1.8304885e-10,8.840547e-11,1.9975455e-11,3.9076455e-12,5.176921e-19
4FGL J2049.0+1647,312.2575,16.7897,bcu,8.536226,2.1884549,2.184351,0.023108713,2.6469955e-12,15.783001,1.5207608e-11,1.692363e-11,1.1064684e-09,1.4325009e-10,4.0400395e-11,1.6129882e-11,4.412516e-12,5.7443657e-16
4FGL J2049.0-4020,312.259,-40.3488,bcu,5.6819425,2.127707,2.1506348,-0.049518846,1.4734826e-12,42.197964,3.426883e-13,1.3345467e-09,5.4229954e-10,7.038658e-11,1.5665417e-11,1.3184957e-11,2.364038e-18,1.6412294e-12
4FGL J2049.7-0036,312.4456,-0.616,bll,4.176506,1.5332977,1.5178962,-0.06552332,6.910271e-13,15.067461,7.385509e-12,2.7355892e-11,2.8536758e-12,1.8706458e-11,2.5728303e-11,1.3727286e-15,6.690094e-15,5.7318395e-12
4FGL J2049.9+1002,312.4782,10.0407,bll,27.128372,2.5045836,2.410165,0.1238174,1.14579604e-11,71.35419,1.521071e-08,1.7413537e-08,4.4809485e-09,8.339631e-10,1.3241153e-10,8.211406e-12,1.0497092e-15,7.4368685e-17
4FGL J2049.9-2453,312.4825,-24.8854,bcu,5.941784,2.3210478,2.3441703,-0.04164603,2.1402754e-12,25.96514,3.077872e-08,1.5929857e-13,5.384305e-10,1.833781e-10,2.3322927e-11,4.342418e-12,1.2989478e-12,1.7877212e-12
4FGL J2050.0+0408,312.5181,4.1401,bll,22.58647,2.2833245,2.2889497,-0.006590006,8.308378e-12,21.079134,2.0323247e-08,1.0106947e-08,2.5709812e-09,5.217895e-10,1.12660194e-10,3.9227604e-11,6.8211795e-12,5.368772e-17
4FGL J2050.4-2627,312.6104,-26.4659,fsrq,15.982144,2.2927113,2.1649854,0.11619491,4.57959e-12,140.5519,2.2713843e-11,3.0048757e-09,1.7559141e-09,3.4022143e-10,1.1025651e-10,1.4451404e-11,3.886677e-16,1.1882596e-16
4FGL J2052.2-5533,313.0674,-55.5624,bcu,49.188976,2.313566,2.2312565,0.08057584,1.6932388e-11,1394.4686,8.848981e-09,1.797282e-08,6.195298e-09,1.3177597e-09,2.703947e-10,4.1047433e-11,4.39126e-12,2.432785e-13
4FGL J2052.5+0810,313.1262,8.1742,bll,7.5943475,1.4591967,1.1708341,0.39633048,1.4015293e-12,12.668976,3.160583e-12,5.8549988e-12,5.9975507e-16,9.302942e-12,5.481227e-14,1.6453458e-11,1.1012987e-11,1.7512456e-12
4FGL J2053.8+2922,313.4539,29.3693,bll,34.39025,1.8236498,1.6768852,0.085184895,1.2336053e-11,26.915615,3.1268982e-08,5.092142e-09,1.1716826e-09,6.5671596e-10,3.269106e-10,1.1360693e-10,5.3820615e-11,1.6520845e-12
4FGL J2054.0+7024,313.5095,70.4001,bcu,5.078914,2.2043686,2.206461,0.016384033,1.4056854e-12,9.176165,8.0787776e-10,4.976723e-09,1.05167784e-10,1.4326948e-10,1.4415491e-11,5.397144e-12,3.4054877e-12,2.3261429e-20
4FGL J2054.5+4731,313.6486,47.5223,bcu,6.1660604,1.9755832,1.9455833,0.043940995,2.8094046e-12,14.710021,3.574645e-09,2.192247e-09,1.4214182e-09,7.3315826e-11,5.2863696e-11,2.5259043e-11,5.622414e-12,5.6273985e-13
4FGL J2054.8+0015,313.7246,0.257,bll,11.791013,1.898179,1.9118207,-0.010090698,3.102054e-12,11.072685,6.1774172e-09,2.1576447e-09,3.847334e-10,1.6389412e-10,5.5036e-11,3.226426e-11,4.8893207e-12,5.155362e-12
4FGL J2055.1-1028,313.7805,-10.4696,bcu,5.5070095,2.2558599,1.977648,0.27067557,1.9490893e-12,28.478489,8.8880026e-13,2.6573126e-09,2.4291438e-10,1.8240005e-10,3.8873814e-11,4.6813803e-12,2.5445035e-19,5.445708e-18
4FGL J2055.4-0020,313.8527,-0.3395,bll,15.692109,1.7983332,1.5875303,0.12056489,4.2231153e-12,19.026114,1.0343684e-11,1.0196481e-14,6.721072e-10,1.3244113e-10,1.2284344e-10,4.172224e-11,2.3022301e-11,1.2603993e-16
4FGL J2055.4-0504,313.8694,-5.0822,bll,6.5532036,2.2950878,2.2929466,0.0030302696,2.1554568e-12,10.161546,1.4713281e-08,1.4241656e-09,7.0652234e-10,1.3370466e-10,2.673499e-11,9.114104e-12,2.1855887e-12,1.6937974e-16
4FGL J2056.2-4714,314.0715,-47.2369,fsrq,125.05174,2.4580948,2.3583226,0.12248123,6.823108e-11,3081.8293,1.6855903e-07,1.04879504e-07,2.877988e-08,4.5183226e-09,6.842338e-10,6.224794e-11,4.4694704e-12,5.85602e-17
4FGL J2056.4-4904,314.1224,-49.072,bcu,4.21955,2.7033682,2.802513,0.3164306,1.9462014e-12,21.506151,4.835942e-10,3.8958037e-09,7.8675483e-10,8.835737e-11,4.483038e-12,4.874114e-12,7.145283e-16,7.1894555e-17
4FGL J2056.5-0202,314.1422,-2.0355,bcu,12.606077,2.484399,2.3819165,0.12107621,4.387707e-12,64.70441,2.8900965e-11,6.07892e-09,1.779697e-09,3.063584e-10,5.3192614e-11,5.3534403e-12,7.2175667e-16,5.0651306e-17
4FGL J2056.7-3209,314.178,-32.1612,bll,5.5163116,2.4985185,2.448514,0.14218457,2.3509588e-12,9.417135,7.3040787e-09,3.651054e-09,7.3e-10,2.0409241e-10,4.4089058e-14,1.906024e-12,1.537974e-12,3.5093415e-17
4FGL J2056.7+4939,314.1913,49.6663,bcu,38.270737,1.8601846,1.8434398,0.018236281,2.2773538e-11,30.425533,2.0264914e-09,1.8397543e-10,2.7472244e-09,1.1240141e-09,5.2979277e-10,1.5875101e-10,7.200524e-11,2.5472544e-11
4FGL J2057.4-0723,314.3535,-7.3901,bcu,9.464318,2.8320963,2.7296338,0.14814153,4.1923487e-12,25.223492,8.591672e-09,9.363683e-09,1.6800678e-09,1.472101e-10,2.0385695e-11,3.0305135e-14,8.581259e-16,4.2826206e-15
4FGL J2058.8-1442,314.7137,-14.7085,bll,6.372922,2.0396855,2.0449038,-0.006267182,1.4866418e-12,14.724517,2.6573418e-10,1.99317e-09,1.0147349e-10,1.0199032e-10,3.5093425e-11,7.686704e-12,2.6877795e-12,1.7170972e-12
4FGL J2059.1-4103,314.7811,-41.0644,bcu,9.666155,2.506957,2.5172985,0.4535671,2.6972e-12,9.386049,1.503215e-16,8.684227e-10,1.402764e-09,2.617878e-10,2.9082427e-11,2.8176174e-15,1.2957856e-15,1.7274977e-12
4FGL J2100.0+2103,315.0012,21.0615,bcu,7.4545107,2.4408388,2.3712225,0.09938768,3.4651778e-12,20.094357,1.409603e-08,6.6403167e-09,7.6309736e-10,2.919138e-10,3.0083592e-11,6.145351e-12,1.820933e-15,2.2099497e-16
4FGL J2101.3+0912,315.3491,9.2007,bcu,8.298434,1.9046866,1.9467833,-0.042942915,2.085347e-12,9.122595,2.7102512e-08,1.7923926e-09,2.582997e-10,1.1658059e-10,4.0123613e-11,1.2987401e-11,6.704632e-12,3.9075973e-12
4FGL J2101.4-2935,315.3664,-29.5926,fsrq,9.714926,2.7880812,2.7407758,0.12631908,4.6461125e-12,40.782326,5.8668964e-10,1.1549586e-08,1.6592919e-09,1.6249035e-10,2.5398909e-11,7.426347e-17,3.2737008e-16,1.2161703e-12
4FGL J2102.3+4702,315.5784,47.0422,bcu,19.397877,2.2715812,2.2418168,0.051987175,1.5474138e-11,49.64172,6.64934e-11,2.3578903e-09,4.567209e-09,1.0236713e-09,2.3713348e-10,6.082555e-11,1.4098523e-11,7.733243e-17
4FGL J2103.0+0342,315.7647,3.7128,bcu,7.8187575,2.500793,2.490779,0.058425546,3.4048678e-12,23.311337,5.559487e-09,5.5787397e-09,1.3538052e-09,1.6767626e-10,4.183196e-11,2.6344944e-12,2.5438796e-12,2.8786193e-17
4FGL J2103.2-2114,315.8167,-21.2419,bll,6.9075193,2.237526,2.2125282,0.02029494,1.8744184e-12,8.818757,4.5883186e-09,2.6881866e-09,4.0884893e-10,1.06371564e-10,4.0412583e-11,9.28449e-12,2.72167e-17,6.5377204e-18
4FGL J2103.4-7816,315.8673,-78.2774,bcu,3.449177,2.4435272,2.279454,0.3837777,8.829866e-13,10.405998,1.8604924e-12,7.365394e-10,1.6479781e-10,1.3030722e-10,2.3565937e-11,1.1316749e-16,4.3926348e-17,8.138989e-16
4FGL J2103.7-1112,315.9353,-11.2113,bcu,28.293842,2.1281164,1.8195506,0.45738104,6.1255497e-12,29.178782,5.8579266e-09,7.1700423e-10,1.6058688e-09,9.453899e-10,1.9633424e-10,1.3380001e-11,2.6263647e-20,8.900743e-18
4FGL J2103.8-6233,315.9547,-62.5563,bll,60.068604,2.0111463,1.8686574,0.09700926,1.6592163e-11,80.62893,1.245452e-08,4.929222e-09,3.867983e-09,1.3743403e-09,4.4778373e-10,9.378718e-11,2.6312298e-11,2.7081007e-12
4FGL J2104.0-3546,316.0096,-35.7678,bcu,24.31408,2.282306,2.1834047,0.08546942,8.198717e-12,273.63647,1.3029357e-08,8.010041e-09,2.7325622e-09,6.415891e-10,1.6992183e-10,2.8892805e-11,2.9035623e-24,9.843775e-23
4FGL J2104.3-0212,316.0787,-2.2088,bll,12.080451,1.658127,1.5729065,0.10439401,2.6859049e-12,14.912904,4.621176e-10,8.021816e-10,6.3070896e-11,7.0722865e-11,7.271009e-11,2.7508683e-11,3.654445e-12,7.865336e-12
4FGL J2104.7+0108,316.1774,1.1414,bcu,5.478884,2.078834,1.971016,0.19789411,1.669169e-12,21.284815,4.3410084e-09,8.8041345e-12,4.3312874e-11,1.7417214e-10,3.8290166e-11,6.6953743e-12,1.510898e-12,2.5700864e-15
4FGL J2105.2-5143,316.3189,-51.7293,bcu,7.806576,2.535257,2.535595,-0.010126683,2.5617707e-12,16.43272,9.39203e-13,6.2907297e-09,7.3460604e-10,1.3919843e-10,2.208958e-11,8.374699e-12,1.3281614e-12,1.2297681e-16
4FGL J2106.7+3549,316.6892,35.8264,bcu,6.694719,2.486582,2.4770415,0.1634142,3.5630609e-12,27.045324,4.0725638e-11,3.9426618e-09,1.1803499e-09,2.6191682e-10,3.007773e-11,5.2031907e-12,6.0791433e-16,4.7706435e-13
4FGL J2106.9+2455,316.7417,24.9327,bcu,6.7960777,2.783025,2.8143885,0.23703516,3.6130317e-12,30.30399,2.1338091e-11,8.693177e-09,1.2743346e-09,1.8200232e-10,1.5467867e-11,1.2267673e-16,1.1697278e-14,1.5644849e-15
4FGL J2107.1-1453,316.7997,-14.8934,bcu,6.6758265,2.392973,2.402461,-0.030855143,2.197445e-12,22.553469,7.702323e-09,4.3302593e-09,7.3450457e-10,9.2074334e-11,3.0063372e-11,5.9836324e-12,6.7410548e-12,3.0829162e-16
4FGL J2107.6-4148,316.9083,-41.8157,bcu,7.1731334,2.333236,2.2529025,0.177432,1.7632652e-12,9.029758,1.815917e-08,2.3220763e-09,4.2610146e-10,1.8838825e-10,4.5648367e-11,2.012088e-12,9.873691e-17,7.952607e-15
4FGL J2107.9+6006,316.9796,60.1044,bcu,4.0786977,2.688821,2.8366346,0.27524722,3.4779005e-12,7.5299897,1.3115296e-10,5.407989e-09,1.4998844e-09,2.0474052e-10,3.6924776e-11,1.6674434e-17,8.7736186e-18,2.5428662e-15
4FGL J2108.0+3655,317.0034,36.9297,bll,15.591379,2.068986,2.009186,0.070489824,5.564653e-12,14.576388,8.6288277e-10,1.577104e-09,9.9026e-10,3.8041026e-10,1.14327034e-10,3.6490318e-11,5.659943e-12,1.8908196e-15
4FGL J2108.2-2454,317.0615,-24.9081,bcu,10.833067,2.5049586,2.3155308,0.19429363,3.1311793e-12,44.7477,9.960278e-09,2.8861273e-09,1.2783731e-09,2.739154e-10,3.711208e-11,2.7842167e-12,9.6764495e-17,3.5757326e-16
4FGL J2108.3-4824,317.0893,-48.4087,bcu,2.9443362,2.5128317,2.543763,0.06195447,1.3609969e-12,16.741114,8.069435e-12,6.384401e-10,4.8992627e-10,7.880756e-11,1.159946e-11,3.2729724e-12,8.413782e-15,6.412098e-16
4FGL J2108.5+1434,317.1476,14.5812,fsrq,11.749147,2.7705722,2.733825,0.11127283,5.826454e-12,58.35188,1.0165806e-08,1.4847234e-08,2.103843e-09,2.089284e-10,3.3634782e-11,1.3260517e-12,2.870513e-17,8.748444e-17
4FGL J2108.7-0250,317.1788,-2.8449,bll,15.478961,2.0505629,2.0465994,0.0040916307,4.282112e-12,14.419472,5.1567985e-09,8.865546e-10,8.036686e-10,3.1518815e-10,8.126319e-11,2.004025e-11,8.268422e-12,1.5615118e-12
4FGL J2108.7+7532c,317.189,75.5361,bcu,4.2587776,2.5259616,2.5305924,0.5370135,1.4434182e-12,12.425514,4.691018e-09,6.249039e-14,4.4175893e-10,2.5180785e-10,4.0639406e-12,1.1021679e-12,8.4995865e-16,7.702973e-17
4FGL J2108.9-6638,317.2438,-66.6414,bll,30.71032,2.1580622,2.1528587,0.006987512,8.0433065e-12,15.561989,1.569854e-09,7.982247e-09,2.1900908e-09,4.757884e-10,1.6542202e-10,4.2933358e-11,6.489419e-12,6.7106135e-13
4FGL J2109.6+0440,317.4074,4.6785,bll,12.48103,2.0577338,2.031696,0.03318867,4.0573825e-12,17.446352,1.8228583e-12,3.6775711e-09,9.364958e-10,2.2719662e-10,8.625245e-11,3.1558364e-11,4.390541e-12,1.9232196e-12
4FGL J2109.7-4109,317.4435,-41.1575,fsrq,4.848684,2.2123723,2.1683302,0.051673178,1.423822e-12,10.45361,7.318677e-14,1.1697734e-09,5.793351e-10,4.2741026e-11,4.2846587e-11,3.388223e-12,1.6639356e-12,9.580531e-18
4FGL J2109.8-8618,317.4619,-86.3078,bcu,16.712557,1.7987621,1.7170213,0.08016024,3.6548993e-12,19.224632,5.079038e-10,2.6136637e-10,4.833259e-10,1.7802802e-10,5.6602598e-11,5.2000623e-11,7.802719e-12,2.6581487e-12
4FGL J2110.2-1021c,317.5641,-10.3603,fsrq,5.747397,2.599468,2.5392623,0.12168167,2.7932149e-12,13.883614,1.525573e-08,3.226062e-09,1.2685206e-09,1.3820653e-10,1.3330841e-11,4.6179554e-15,2.3233967e-12,3.9465538e-17
4FGL J2110.3+0808,317.576,8.1498,fsrq,11.7477455,2.5201302,2.5055735,0.035892274,5.9360806e-12,112.60369,1.2989706e-09,1.0879487e-08,1.665854e-09,2.951108e-10,8.5237505e-11,2.0511333e-14,1.9756132e-12,3.040808e-18
4FGL J2110.3+0404,317.5944,4.0826,bcu,8.908687,2.0686483,2.0229821,0.065073036,2.5592742e-12,20.224333,1.6852547e-11,3.60988e-10,6.2309014e-10,1.7022105e-10,4.6820676e-11,2.0125927e-11,2.7764614e-12,4.5171926e-17
4FGL J2112.7+0819,318.1852,8.3195,bll,20.077389,1.8807862,1.6740788,0.13232012,4.8470455e-12,25.774647,1.5439845e-09,1.1409594e-10,1.0353178e-09,2.1997214e-10,1.5291243e-10,5.424022e-11,9.259795e-12,1.2274704e-12
4FGL J2112.9-4818,318.2342,-48.3068,bcu,4.726767,2.4370143,2.4270313,0.0252315,1.6087322e-12,17.669897,1.9171276e-11,3.6553303e-09,5.242205e-10,9.195608e-11,2.3385271e-11,1.4234457e-17,1.8718339e-12,3.7571001e-16
4FGL J2113.9+1120,318.4977,11.3378,bcu,12.842701,2.5117192,2.434794,0.15729989,4.5999476e-12,167.3585,1.97838e-08,7.660583e-09,2.0909319e-09,3.02132e-10,5.598169e-11,9.220141e-13,1.9224062e-13,1.494651e-16
4FGL J2114.7-2538,318.6817,-25.6381,bcu,4.193279,2.5488417,2.5373824,0.013649348,1.6582574e-12,19.526947,4.545828e-10,3.844183e-09,6.141168e-10,9.101472e-11,8.507591e-12,5.771065e-12,1.1575171e-16,1.0013393e-15
4FGL J2114.7+3130,318.6913,31.5038,bcu,12.475593,2.436153,2.4127743,0.055012424,5.42733e-12,18.738485,1.7433766e-08,6.8339965e-09,1.6674414e-09,3.1752181e-10,9.555739e-11,2.8509825e-12,1.4380679e-13,1.226525e-17
4FGL J2114.8+2831,318.7165,28.5222,fsrq,8.672037,2.6684139,2.7123065,0.18484066,4.1822912e-12,32.44543,3.0794794e-08,7.985674e-09,1.7918708e-09,2.2994744e-10,4.2918148e-11,2.7358402e-16,2.0315034e-16,1.2902455e-16
4FGL J2115.2+1218,318.8169,12.3027,bll,12.440914,1.9472929,1.9219658,0.024945179,3.1527693e-12,26.10325,2.7833675e-11,3.474301e-12,6.226501e-10,1.5909099e-10,8.1235636e-11,1.3032311e-11,1.436157e-11,1.7840919e-12
4FGL J2115.4+2932,318.8737,29.5456,fsrq,69.07253,2.3827722,2.3281882,0.0913695,3.5557304e-11,933.4568,2.8666548e-08,4.4055373e-08,1.3748958e-08,2.5720162e-09,5.608697e-10,6.667168e-11,9.81093e-13,1.3292246e-15
4FGL J2115.6-4938,318.9046,-49.6381,bcu,11.51655,2.0101962,1.8671609,0.147495,2.822438e-12,13.239881,1.536975e-08,1.7295513e-09,2.8828934e-10,1.9848774e-10,7.497185e-11,1.4195629e-11,3.7870935e-12,1.0115204e-12
4FGL J2115.8+6753,318.9543,67.8851,bcu,6.529582,1.858505,1.6415071,0.3350766,1.2773908e-12,8.988713,1.0544858e-08,8.1776447e-10,2.0517659e-16,1.8371715e-12,4.9749725e-11,1.6093257e-11,4.456992e-12,1.422088e-15
4FGL J2115.9-0113,318.9959,-1.2306,bll,10.839076,2.176171,2.1524477,0.026351307,3.4504248e-12,12.332339,3.8133519e-10,3.9591166e-09,8.579179e-10,2.1825482e-10,7.953931e-11,3.0283228e-12,3.948241e-12,1.4234922e-12
4FGL J2116.2+3339,319.0605,33.6567,bll,71.359436,1.9325618,1.8032615,0.07809949,2.9204618e-11,212.09747,1.0234683e-08,1.0507795e-08,5.0556013e-09,2.0023911e-09,8.19647e-10,2.2736073e-10,6.551677e-11,1.7739326e-12
4FGL J2116.3+1015,319.0755,10.2529,bcu,3.4726918,2.4076197,2.2479753,0.48401493,7.709906e-13,11.006176,4.0601734e-11,7.597124e-15,2.0720783e-10,1.4981691e-10,1.0496663e-11,1.5650721e-14,2.5376859e-17,7.2056293e-16
4FGL J2117.4+6159c,319.3703,61.9923,bcu,5.6175017,2.6769354,2.8907006,0.32037574,3.9045715e-12,7.993061,2.9291725e-10,8.546162e-09,1.9873234e-09,2.2117161e-10,2.7033284e-12,5.6985514e-12,1.4498675e-14,2.2293316e-24
4FGL J2117.8-1521,319.4581,-15.3581,bcu,7.198905,2.3396711,2.2807837,0.08548611,2.585899e-12,14.729206,4.9199236e-09,2.2084397e-09,7.3898737e-10,1.9463786e-10,2.8174777e-11,8.5916265e-12,6.3522397e-13,1.0851937e-22
4FGL J2117.8-3243,319.4746,-32.7237,bll,8.911859,2.1057646,2.1028705,0.009154126,2.8983155e-12,14.85342,2.4049972e-11,2.4868423e-11,8.774667e-10,2.1346877e-10,3.1861767e-11,2.1192725e-11,5.0829553e-12,8.7108465e-17
4FGL J2118.0+0019,319.5046,0.3295,fsrq,6.560945,2.6262155,2.6187315,0.030929808,2.9038488e-12,32.78041,2.154925e-08,4.66965e-09,1.1480892e-09,1.4151093e-10,6.71805e-12,8.017091e-12,2.1966775e-12,1.13665e-17
4FGL J2118.2+5752,319.5508,57.8703,bcu,6.2106285,2.5806837,2.6262183,0.12748268,4.7023817e-12,78.3744,8.001934e-09,8.820782e-09,1.6786911e-09,2.7321076e-10,3.3335255e-11,5.7844766e-12,1.0701469e-13,2.1931038e-15
4FGL J2118.2-5419,319.5721,-54.3291,bcu,5.953277,1.8234701,1.8571533,-0.037957344,1.1481521e-12,19.58215,1.0472193e-13,2.0543256e-09,1.193286e-10,5.865748e-11,2.1732432e-11,1.1586101e-11,1.6589363e-12,2.9935705e-12
4FGL J2119.0-3317,319.7681,-33.2892,bcu,7.682822,2.3002784,2.0696423,0.41954747,1.6717052e-12,14.76143,8.044652e-09,9.61097e-10,3.5897804e-10,2.6124844e-10,5.1933693e-11,1.5403013e-12,2.752488e-17,3.5427956e-15
4FGL J2119.4+4652c,319.8665,46.8708,bcu,6.1054916,2.0904543,1.9167358,0.5412694,1.5992768e-12,8.999704,1.7264576e-08,5.8529494e-13,2.6117658e-10,1.1272764e-11,8.997935e-11,2.358965e-11,1.7590506e-23,5.0631663e-22
4FGL J2119.5-4541,319.8817,-45.6947,bcu,4.8450565,2.551056,2.547311,0.015031456,1.9311926e-12,10.553699,8.942835e-09,4.058782e-09,5.5428845e-10,1.1199268e-10,1.2837488e-11,4.4914975e-12,1.6026886e-16,6.314457e-18
4FGL J2119.6-1105,319.9241,-11.091,fsrq,12.608109,2.3563342,2.280837,0.10480577,4.16384e-12,160.50659,2.6510278e-11,6.457162e-09,1.0462693e-09,3.1145989e-10,6.4321264e-11,8.882217e-12,1.5144761e-14,8.582804e-17
4FGL J2120.6-1254,320.1536,-12.9097,bcu,10.193256,2.351527,2.348296,0.010840127,3.2640726e-12,38.291386,6.265749e-10,3.4956489e-09,1.1351468e-09,1.9635843e-10,4.8972902e-11,6.5231566e-12,2.8951988e-12,2.7679338e-15
4FGL J2120.6-6114,320.161,-61.2396,fsrq,7.494725,2.4063127,2.3502114,0.10513425,2.0529153e-12,30.746723,3.8990233e-09,4.3253863e-09,6.4465505e-10,1.2301216e-10,2.7725223e-11,4.8685587e-12,7.1321053e-16,5.0178106e-17
4FGL J2120.7+4428,320.1938,44.4813,bcu,4.728368,2.5519488,2.5497139,0.062036306,3.594504e-12,13.291774,3.6362073e-09,9.460183e-09,1.306499e-09,1.6243389e-10,3.8088796e-11,6.7414984e-12,1.8095584e-16,3.3073698e-16
4FGL J2121.0+1901,320.2598,19.0324,fsrq,52.239445,2.2120557,2.1536515,0.047250494,2.070272e-11,76.81865,1.9694081e-08,2.0300048e-08,6.3684964e-09,1.4632399e-09,4.352881e-10,7.9206364e-11,8.9298135e-12,2.971161e-16
4FGL J2123.6+0535,320.9206,5.592,fsrq,17.52083,2.3555973,2.3441324,0.027043892,6.905124e-12,72.566696,1.578924e-11,9.414427e-09,2.6239013e-09,3.7503317e-10,1.0016798e-10,2.2550104e-11,3.1053536e-12,3.3210267e-16
4FGL J2123.8-3148,320.9674,-31.8054,bcu,7.289667,2.5059893,2.46294,0.33570322,2.4084873e-12,15.4519,1.1342459e-09,1.5300188e-09,1.4222479e-09,1.6625484e-10,2.5371594e-11,1.424238e-15,2.3843056e-16,4.7350463e-15
4FGL J2126.1-3922,321.5364,-39.3785,bll,8.082179,2.262607,2.2725728,-0.021700483,2.3776823e-12,15.941019,2.3541655e-09,3.149553e-09,8.239537e-10,1.1520583e-10,4.1567222e-11,6.154179e-12,4.4554746e-12,5.770513e-22
4FGL J2126.3-4605,321.5948,-46.0978,FSRQ,28.059929,2.5144746,2.4780414,0.07673737,1.0252916e-11,634.3701,2.3913973e-08,1.7273921e-08,4.1653454e-09,5.449996e-10,1.3730121e-10,7.392521e-12,4.1840585e-16,1.0562714e-17
4FGL J2126.5+1842,321.6254,18.7106,bcu,7.752544,2.0641098,2.0918412,-0.030165404,2.025838e-12,18.73828,1.232794e-08,1.2799059e-10,6.11942e-10,8.1737075e-11,4.9357844e-11,1.2486669e-11,1.6528239e-12,1.981009e-12
4FGL J2127.5+7420,321.8937,74.3375,bcu,4.0980797,2.659363,2.5905175,0.19362321,2.6683991e-12,8.577899,3.302568e-09,3.853295e-09,9.857631e-10,1.5584987e-10,1.0983641e-11,1.7094791e-12,2.1170434e-15,4.802134e-16
4FGL J2127.5-5744,321.8986,-57.7406,bcu,5.389694,2.0892186,1.9750283,0.20682193,1.3042496e-12,15.195459,8.966772e-13,5.7864685e-10,1.6176552e-10,1.0456403e-10,3.2333025e-11,4.8227702e-12,1.628676e-12,2.5276305e-16
4FGL J2127.7+3612,321.9311,36.2125,bll,29.556896,1.983648,1.8337977,0.0973539,9.369794e-12,76.18339,1.580464e-08,3.145194e-09,1.6254748e-09,6.816718e-10,2.6497418e-10,7.955684e-11,1.4348893e-11,1.6169645e-12
4FGL J2128.7-1940,322.1952,-19.6735,bcu,4.1873393,2.0753129,1.7736526,0.1799853,8.91531e-13,5.2916,7.2100853e-10,8.2147333e-10,1.8981085e-10,3.730023e-11,2.4129974e-11,8.824891e-12,2.4441673e-18,1.1155427e-15
4FGL J2130.0+2610,322.5079,26.1826,bcu,6.359903,2.2158487,2.1147785,0.11758297,2.0350698e-12,20.043877,9.677978e-09,2.6944498e-09,5.2956417e-10,1.3452378e-10,3.937726e-11,1.0014136e-11,8.660943e-16,3.0130132e-16
4FGL J2130.2-7320,322.5524,-73.3348,bll,5.3799305,2.2131693,2.0114481,0.19536197,1.3784645e-12,12.5642,1.2612622e-08,2.1527962e-09,2.0703982e-10,1.2218788e-10,1.851047e-11,5.190841e-12,1.4715467e-12,9.809052e-19
4FGL J2130.4-4241,322.6012,-42.6904,bcu,6.6743455,2.5516264,2.5344167,0.11082044,2.5571977e-12,221.21687,6.4722974e-09,2.4640916e-09,1.0419184e-09,1.1972656e-10,3.0208305e-11,1.1552239e-14,1.0158972e-22,2.15488e-17
4FGL J2130.8-6623,322.7033,-66.3874,bcu,30.00646,2.242255,1.8588282,0.5262806,4.584336e-12,22.381128,3.277851e-11,7.790784e-10,1.4709914e-09,7.777438e-10,1.0490066e-10,2.6079419e-12,2.619395e-17,5.315519e-16
4FGL J2131.0-2746,322.753,-27.7727,bll,31.736813,1.7812898,1.6157706,0.10366128,8.341539e-12,36.36261,5.9700842e-12,2.053673e-10,7.530503e-10,5.0417664e-10,2.0662692e-10,8.8518345e-11,2.7064354e-11,1.8270845e-12
4FGL J2131.5-0916,322.8911,-9.2684,bll,23.686409,2.017133,2.01713,-0.00010673927,7.640232e-12,28.00251,9.614148e-09,5.302645e-09,1.7746052e-09,4.1380252e-10,1.6149082e-10,4.4884426e-11,2.5842046e-11,1.3752192e-12
4FGL J2131.7-2515,322.938,-25.2606,bll,16.557037,1.8285372,1.6946514,0.094381705,3.8272966e-12,23.420172,2.3140077e-09,3.7663536e-10,5.5866767e-10,2.0912798e-10,9.350256e-11,4.3433205e-11,1.2819603e-11,7.571779e-14
4FGL J2132.0-5418,323.023,-54.3125,bcu,12.757478,2.4018307,2.3748245,0.0721289,4.011497e-12,94.466965,1.781204e-11,4.419426e-09,1.2701756e-09,2.7191713e-10,5.5124693e-11,6.014412e-12,2.8985438e-12,4.752399e-18
4FGL J2133.0+2610,323.2501,26.1788,bcu,7.1422634,2.6264822,2.6352284,0.08985897,3.670718e-12,12.311067,7.8855305e-09,4.3780255e-09,1.4595171e-09,1.7887185e-10,3.5597098e-11,1.1904902e-18,6.031095e-16,1.0230785e-12
4FGL J2133.1+2529c,323.2923,25.4933,bll,11.716931,1.920442,1.8734366,0.040312182,2.9753246e-12,16.347963,2.2472688e-09,4.762531e-09,4.3907086e-10,1.294602e-10,7.682382e-11,2.0960218e-11,7.611724e-12,8.5459515e-13
4FGL J2133.6+8002,323.4049,80.0386,bcu,4.50656,1.8114055,1.6847441,0.43381068,4.789754e-13,14.68732,1.024082e-11,4.852396e-13,6.319119e-18,1.9258731e-18,2.3352336e-11,5.613241e-12,1.3290768e-12,1.1278476e-20
4FGL J2133.6+1439,323.4202,14.6575,bcu,4.432204,2.9295907,2.9368565,-0.0357687,2.5231197e-12,28.211178,3.3694866e-10,6.1649716e-09,4.606529e-10,1.15319976e-10,1.4875504e-11,2.8662094e-14,8.302056e-18,2.14745e-14
4FGL J2133.9+6646,323.4793,66.7776,bll,20.191938,2.1046567,2.0614996,0.04840606,8.0723865e-12,78.94088,1.16322e-08,7.738596e-09,2.1124906e-09,4.0300488e-10,1.8356706e-10,4.895744e-11,1.1149012e-11,5.5835025e-16
4FGL J2134.2-0154,323.5699,-1.9042,bll,35.442535,2.2737103,2.1893997,0.07437721,1.1716836e-11,140.82198,2.4750783e-08,1.3984221e-08,4.0536703e-09,8.750043e-10,2.34508e-10,2.8120593e-11,5.540188e-12,1.34861e-15
4FGL J2134.3-6511,323.5912,-65.1859,bcu,7.520377,2.2136855,2.072467,0.22282393,1.8913525e-12,16.096323,3.17446e-08,8.5649476e-10,3.780254e-10,1.7128725e-10,2.9942212e-11,6.5225342e-12,2.2984036e-14,1.4670355e-16
4FGL J2134.5-2130,323.6414,-21.5029,bll,24.226442,2.0040212,1.8896115,0.07989541,6.336205e-12,70.94086,5.6520063e-11,5.5052696e-10,1.2891588e-09,4.8432214e-10,1.6086961e-10,4.9121623e-11,9.8172295e-12,4.085908e-12
4FGL J2135.3-5006,323.8362,-50.1015,fsrq,23.322926,2.3865764,2.3255317,0.13596362,6.9762945e-12,111.84377,1.4857522e-08,6.618271e-09,2.7368028e-09,5.8429434e-10,1.0923094e-10,1.37749655e-11,2.583198e-17,1.2482836e-12
4FGL J2136.2+0032,324.0616,0.5488,fsrq,20.502647,2.8322494,2.6857634,0.17036319,8.740715e-12,303.56003,2.5464056e-08,2.1192978e-08,3.186394e-09,3.9175121e-10,8.5768306e-17,1.844855e-16,6.35498e-16,3.088185e-15
4FGL J2136.2-0642,324.0709,-6.7163,bcu,6.670086,2.6854692,2.6846125,0.0065791393,2.6165491e-12,13.063487,7.419762e-12,8.066979e-09,6.2150485e-10,1.5291218e-10,7.8008095e-12,5.3999544e-12,2.8691874e-13,7.449082e-15
4FGL J2136.5+4259,324.1411,42.9938,bcu,10.738797,2.6495,2.6092744,0.09310057,7.3245455e-12,249.31241,1.4924629e-08,1.3446412e-08,2.7796518e-09,3.0727243e-10,7.4747944e-11,6.1677297e-15,1.631761e-17,1.4478754e-16
4FGL J2137.4-3209,324.3641,-32.1552,bcu,6.7872424,1.9415329,1.7916507,0.14648008,1.4817679e-12,11.994866,3.8047254e-09,4.1565997e-11,2.5188876e-10,7.294136e-11,4.1638734e-11,1.0403015e-11,2.5552457e-12,1.06638545e-17
4FGL J2138.3+3556,324.5854,35.9439,bcu,6.914298,2.026299,1.9337324,0.09277015,1.9325867e-12,10.291537,7.780373e-09,4.0637627e-09,1.8994162e-10,1.2809374e-10,3.6055894e-11,1.4231315e-11,4.3740797e-12,8.282994e-13
4FGL J2138.3-4933,324.5944,-49.5575,bcu,4.3943453,2.7814455,3.1002336,0.4847844,2.2829e-12,33.558422,3.9395607e-09,5.629931e-09,1.1835967e-09,5.856004e-11,3.772424e-12,2.1441438e-18,1.609036e-12,2.248802e-17
4FGL J2138.8-2055,324.7068,-20.9246,bll,8.549404,1.8822082,1.7754797,0.10697657,1.610633e-12,17.862131,2.2746211e-11,1.4288222e-09,2.977111e-10,6.798864e-11,4.6380243e-11,7.893597e-12,6.438502e-12,3.5451166e-16
4FGL J2139.1+3724,324.7882,37.4131,bcu,4.935351,2.6971576,2.757979,0.31513032,2.486767e-12,15.597889,1.351252e-12,1.2273594e-13,1.2828435e-09,1.8651522e-10,3.4320536e-13,5.174752e-15,5.724456e-17,4.5362456e-15
4FGL J2139.2-2214,324.8211,-22.2461,bcu,7.3082123,2.5783932,2.5622926,0.04459632,2.6250358e-12,12.04383,8.357142e-09,6.8121517e-09,8.4915935e-10,1.5711493e-10,2.3874965e-11,3.1706458e-12,1.2731355e-16,1.5589858e-12
4FGL J2139.2-2444,324.8232,-24.7454,fsrq,4.7609262,2.572517,2.5571685,0.021269623,1.8159465e-12,13.200027,9.46651e-10,3.819074e-09,6.157673e-10,8.0782166e-11,1.7146647e-11,6.1939867e-12,1.0060027e-16,4.7404607e-16
4FGL J2139.4-4235,324.8546,-42.5895,bll,109.460464,2.0116365,1.9303722,0.04981068,5.351451e-11,932.0297,3.4630656e-08,3.026253e-08,1.228726e-08,3.8099994e-09,1.3455631e-09,3.2340644e-10,9.125229e-11,6.5753162e-12
4FGL J2139.9+3910,324.9929,39.1711,bcu,4.0891924,2.764028,2.757894,0.03418878,3.006955e-12,26.733158,1.1326994e-08,7.9282785e-09,1.1720105e-09,8.8301685e-11,1.255511e-11,1.3971682e-12,1.5212452e-12,4.0738758e-14
4FGL J2140.5-6731,325.1378,-67.5192,bcu,5.601191,2.8831925,2.7067275,0.4545685,1.744147e-12,51.32958,3.4391496e-12,2.6374427e-09,1.0022188e-09,5.6484456e-11,1.0387379e-12,9.389556e-16,3.4318942e-15,3.2087431e-15
4FGL J2141.4+2947,325.3724,29.7845,bll,5.539897,1.9816785,1.9091563,0.111345835,1.4423313e-12,23.157932,6.461418e-09,1.9083577e-09,2.0956727e-10,1.0355431e-10,2.4769397e-11,1.4593484e-11,1.1248849e-14,5.210416e-13
4FGL J2141.7-6410,325.4305,-64.1792,bcu,67.27183,2.3128135,2.2307382,0.10774681,2.3034888e-11,2249.1165,9.350312e-09,2.3883914e-08,8.9540375e-09,1.8308108e-09,3.889592e-10,5.0255494e-11,4.1146375e-12,3.8372202e-16
4FGL J2141.8-3727,325.4622,-37.4545,fsrq,17.263765,2.5261652,2.4745684,0.083429605,5.9329187e-12,73.35512,2.4124105e-08,1.01261515e-08,2.3040798e-09,3.896559e-10,4.7284298e-11,8.6667696e-12,1.943142e-12,2.2188278e-17
4FGL J2142.1+4501,325.5291,45.0182,bcu,7.582013,1.8735083,1.6536686,0.24290341,1.3337092e-12,16.592867,1.20694645e-08,1.2082265e-13,5.8007522e-11,4.5309315e-11,4.188516e-11,1.858806e-11,3.5411216e-12,6.644628e-17
4FGL J2142.4+3659,325.602,36.9856,bcu,11.481113,1.7998888,1.6286926,0.1323981,2.8731058e-12,11.061409,9.072673e-12,5.418501e-16,5.3966104e-10,8.1282404e-11,6.547867e-11,3.098371e-11,1.171985e-11,2.8091633e-17
4FGL J2142.5-2552,325.6448,-25.8777,bcu,21.97475,2.1330256,1.9886702,0.12767673,5.428266e-12,142.43939,4.644671e-10,2.4931595e-09,1.873646e-09,4.3016957e-10,1.5945924e-10,2.0840177e-11,3.4068564e-12,2.7463404e-15
4FGL J2142.7-0437,325.6934,-4.6241,fsrq,8.3314705,2.3348892,2.263895,0.07041017,2.4473513e-12,12.124789,1.7204114e-08,2.269442e-09,8.3451185e-10,1.4314298e-10,3.6809777e-11,7.893485e-12,6.9816864e-18,2.624279e-16
4FGL J2142.8+1958,325.7011,19.982,bcu,10.021851,1.7824235,1.5005238,0.22499076,1.793062e-12,25.962582,2.8176503e-09,6.2822775e-11,1.1960082e-10,7.0534495e-11,4.7621157e-11,2.0149965e-11,1.0151031e-11,5.6338734e-19
4FGL J2143.0-5501,325.7596,-55.0294,bcu,5.4257197,2.9365368,3.0901763,0.61749685,2.3774149e-12,16.718306,3.24451e-09,5.794935e-09,1.0551598e-09,8.161724e-15,1.1977242e-11,2.6248062e-14,1.6747991e-15,1.836922e-15
4FGL J2143.1-3929,325.7931,-39.4882,bll,16.543783,2.1453204,2.1296253,0.024280587,5.0322455e-12,53.036705,6.4852425e-12,5.737883e-09,1.3636086e-09,3.0596084e-10,1.04857796e-10,1.471153e-11,1.0111684e-11,1.5290367e-16
4FGL J2143.5+1743,325.8942,17.7306,fsrq,86.34011,2.4975708,2.452314,0.04461872,4.9797028e-11,2051.717,1.6192497e-07,8.741959e-08,1.860239e-08,2.841542e-09,5.303442e-10,7.005776e-11,6.5244737e-12,2.6963106e-12
4FGL J2143.9+3337,325.9975,33.628,bcu,12.830184,2.057452,2.0763369,-0.020804828,3.9695014e-12,27.42603,9.042449e-10,6.259824e-10,7.7792467e-10,2.8219294e-10,6.5714545e-11,1.5518803e-11,1.582095e-11,1.3989324e-12
4FGL J2144.2+3132,326.0646,31.5457,bll,21.258926,2.141145,2.1049242,0.04470692,6.793903e-12,39.0122,2.689481e-09,5.6036416e-09,1.4928774e-09,4.8008564e-10,1.16100185e-10,4.706119e-11,7.004671e-12,1.1010197e-16
4FGL J2144.3-7802,326.0853,-78.0344,fsrq,3.3852127,2.9104304,2.7769985,0.3711154,1.883135e-12,21.065044,3.0786538e-09,2.2318e-09,9.514743e-10,8.9243814e-11,5.1265577e-17,6.377882e-17,1.9387405e-16,2.9498693e-15
4FGL J2144.8-1817,326.2132,-18.2988,bcu,5.8344073,2.0233593,1.9560013,0.052571345,1.3370812e-12,20.328619,2.081727e-09,1.413053e-13,2.4286237e-10,1.0479588e-10,1.977515e-11,1.0582883e-11,2.6180536e-12,1.3486535e-17
4FGL J2145.0-3356,326.2533,-33.9439,fsrq,40.70901,2.3270025,2.2111988,0.104192495,1.2231379e-11,385.47513,1.765148e-08,1.37526985e-08,4.64546e-09,1.0102961e-09,1.8185532e-10,2.3445856e-11,4.493078e-12,8.334834e-18
4FGL J2145.5+1006,326.38,10.1159,bll,7.7902384,1.7734632,1.5916276,0.21496275,1.5149609e-12,21.459251,5.3503757e-09,2.8715217e-14,2.1644393e-10,4.3200114e-11,3.4810477e-11,1.7054181e-11,5.4249435e-12,8.74095e-18
4FGL J2145.7+0718,326.4447,7.31,bll,9.358323,2.1110334,2.1471767,-0.0407436,2.5636368e-12,11.181353,2.4928656e-11,4.0009187e-09,8.448068e-10,1.2110515e-10,4.802493e-11,1.4980992e-11,5.4082238e-12,1.7359578e-12
4FGL J2146.4-1528,326.621,-15.4757,fsrq,8.049658,2.8250964,2.7790065,0.0910761,4.4144783e-12,54.912857,7.237718e-12,5.5503895e-09,1.3771356e-09,1.6545074e-10,1.3615979e-11,8.679534e-13,1.5912906e-15,3.805075e-17
4FGL J2146.5-1344,326.6449,-13.7347,bll,46.525017,1.7618624,1.5702428,0.108054146,1.589496e-11,57.124,4.87921e-12,1.0838449e-09,1.5852067e-09,7.6722756e-10,4.297268e-10,1.8637784e-10,5.1299926e-11,5.191809e-12
4FGL J2146.8+0425,326.708,4.4266,bcu,6.411876,2.7564957,2.7159286,0.09384005,2.9798124e-12,30.804974,1.1199911e-08,3.5082062e-09,1.1543175e-09,1.346419e-10,9.815151e-12,4.389221e-12,5.479968e-18,1.4822682e-19
4FGL J2147.1+0931,326.7829,9.5181,FSRQ,42.018173,2.5398853,2.4501042,0.08728341,2.1098453e-11,700.64124,3.8661717e-08,3.5619347e-08,8.4285805e-09,1.2900008e-09,1.7447399e-10,2.0763138e-11,1.8885958e-12,1.2530031e-16
4FGL J2147.3-7536,326.8268,-75.6024,FSRQ,77.78219,2.4164867,2.3925986,0.07840083,3.899599e-11,4073.6152,4.886723e-08,5.973808e-08,1.4563147e-08,2.761861e-09,5.147827e-10,5.458337e-11,4.139633e-12,1.3634625e-12
4FGL J2148.0-0733,327.0197,-7.5612,bll,17.380568,1.9792423,1.7391772,0.1532705,3.4755974e-12,22.909468,4.763929e-15,2.5406781e-09,3.8522954e-10,2.8416441e-10,1.1867161e-10,2.9123703e-11,1.8945323e-12,1.922642e-12
4FGL J2148.6+0652,327.1634,6.8791,fsrq,9.162966,2.8188288,2.7548993,0.19029385,4.908134e-12,52.09886,4.2757648e-08,1.0524126e-08,1.7656809e-09,2.3426555e-10,1.4779547e-11,3.8350257e-14,7.764996e-15,3.0705635e-15
4FGL J2148.9-0121,327.2346,-1.3574,bcu,4.4110036,2.2114918,2.2676914,-0.06748824,1.2960307e-12,11.20182,5.8358735e-11,1.0042177e-09,6.313133e-10,2.017115e-11,1.9509772e-11,7.956564e-12,4.3937952e-12,5.9688344e-18
4FGL J2149.1+6104,327.2897,61.0705,bcu,8.512004,2.7850373,2.897773,0.2927998,6.7186105e-12,24.295162,1.3078957e-08,1.6968485e-08,2.9504543e-09,3.0836317e-10,2.7501118e-11,1.636016e-13,2.6475598e-16,7.431046e-16
4FGL J2149.6+0323,327.4236,3.3959,bll,17.388426,2.137528,2.0959373,0.045876984,5.236848e-12,49.584637,1.906833e-08,7.740976e-09,1.0735381e-09,3.5651052e-10,1.1799424e-10,1.2773969e-11,9.689223e-12,1.0703735e-12
4FGL J2149.7+1917,327.4441,19.2859,bcu,11.5103445,2.5006,2.4938266,0.015993124,4.841744e-12,84.76079,9.1555945e-09,7.670366e-09,1.7287356e-09,2.7445993e-10,4.0918675e-11,8.949985e-12,2.4500749e-12,3.5239156e-18
4FGL J2150.1-1410,327.5389,-14.1783,bll,14.5944605,1.7791034,1.5356253,0.13262019,3.3757359e-12,25.769615,2.559327e-12,1.6474532e-09,1.5690191e-10,1.1679699e-10,1.192806e-10,2.9445453e-11,1.1754273e-11,2.1021034e-12
4FGL J2150.7-1750,327.6935,-17.8339,bll,10.304762,2.556977,2.5503502,0.020628622,3.909448e-12,15.714909,4.2880033e-10,8.964953e-09,1.2944653e-09,1.588178e-10,4.0688848e-11,8.716874e-12,5.351032e-18,6.1939035e-16
4FGL J2150.7-2810,327.6984,-28.1728,fsrq,4.0092936,2.1356292,2.0573337,0.13488173,9.209518e-13,31.69271,5.0312328e-09,3.0287882e-12,2.6812028e-10,2.7683087e-11,2.0699949e-11,5.7650937e-12,1.8271324e-12,1.5823943e-16
4FGL J2150.8+1118,327.7033,11.3149,bll,7.6403756,2.0389597,1.9137719,0.096397355,2.065358e-12,14.613646,1.8903261e-08,4.1572075e-09,1.0661531e-10,1.5914818e-10,4.12932e-11,1.2139826e-11,5.144684e-12,5.9872593e-16
4FGL J2151.4+4156,327.8604,41.9409,bll,16.289658,1.9966658,1.7039059,0.27443355,3.5503612e-12,26.253952,1.6738138e-08,3.5011666e-13,3.6620385e-10,2.7416888e-10,1.3687271e-10,4.2409246e-11,4.60008e-12,7.0875995e-16
4FGL J2151.7-2749,327.9251,-27.8234,fsrq,6.1676145,2.6181073,2.5269053,0.15191416,3.03657e-12,38.068756,1.1199647e-08,6.351743e-09,1.0761729e-09,1.8674848e-10,1.7793232e-11,5.465265e-13,3.2403447e-16,4.4924245e-16
4FGL J2151.8-3027,327.9655,-30.46,fsrq,44.399162,2.825877,2.8408568,0.23547755,2.3524706e-11,1403.6056,7.1876435e-08,5.2161255e-08,1.0017309e-08,7.256116e-10,4.884683e-11,1.8651378e-12,2.1208329e-16,1.4925419e-15
4FGL J2152.0-1205,328.0235,-12.0919,bll,8.763014,1.9897488,1.6928052,0.22228521,1.7113398e-12,20.179907,1.7831981e-09,2.490808e-13,1.624278e-10,1.1473451e-10,5.896486e-11,2.673546e-11,1.9505306e-18,2.4339592e-16
4FGL J2152.5+1737,328.137,17.6173,bll,6.1204305,2.370448,2.3637855,0.013810346,2.1850282e-12,19.842852,3.1930667e-15,1.8820543e-09,8.5142177e-10,1.145611e-10,2.9205072e-11,4.157981e-12,2.0215028e-12,4.0027104e-18
4FGL J2153.1-0041,328.2823,-0.6927,bll,9.529111,1.8573903,1.8520912,0.006728934,2.2543183e-12,23.148258,4.5859885e-11,5.861477e-11,1.6947907e-10,1.243161e-10,4.695797e-11,1.599689e-11,7.316319e-12,5.725734e-12
4FGL J2153.8-1137,328.4609,-11.6306,fsrq,20.686453,2.555139,2.429857,0.105009474,9.422544e-12,96.49722,2.7548896e-08,1.510179e-08,4.0079047e-09,5.276498e-10,7.9470916e-11,9.449103e-12,1.7255059e-14,6.238018e-16
4FGL J2155.2+2249,328.8129,22.8327,fsrq,10.207195,2.593416,2.5189154,0.116066694,3.9491774e-12,136.21863,1.3929081e-08,7.1864927e-09,1.2357575e-09,2.3863184e-10,3.4027406e-11,4.2570022e-13,3.5370047e-16,1.9519436e-16
4FGL J2155.3+6602,328.8341,66.0359,bcu,6.6988215,2.697208,2.8655314,0.19860534,4.574886e-12,17.655794,3.1701052e-08,9.091565e-09,2.1413171e-09,1.8866478e-10,3.8431314e-11,1.8838255e-14,2.1684225e-17,1.3227863e-15
4FGL J2156.0+1818,329.013,18.309,bll,18.967545,1.7449222,1.5638136,0.10669919,4.5781404e-12,20.176659,1.4681098e-08,1.7098813e-13,3.235913e-10,2.0897531e-10,1.0910462e-10,4.750942e-11,1.8477539e-11,3.4406735e-12
4FGL J2156.3-0036,329.0797,-0.6039,fsrq,13.659206,2.3312538,2.3332374,-0.003894235,5.1430774e-12,77.76438,2.9715137e-08,6.803749e-09,1.7323027e-09,2.8660774e-10,8.0717225e-11,2.0419952e-11,3.9923438e-12,6.2455794e-16
4FGL J2156.9-0854,329.2334,-8.9052,bll,12.445309,2.1278987,2.0419168,0.08145775,3.3645036e-12,8.936416,8.402062e-09,2.922746e-09,6.786706e-10,1.9376553e-10,8.361147e-11,2.5748794e-11,7.523913e-17,2.24368e-16
4FGL J2157.0+1002,329.2659,10.0337,fsrq,4.2601237,2.6275923,2.4731889,0.34441882,1.3764868e-12,7.2849913,3.780362e-09,1.4822654e-12,7.4558676e-10,1.2747371e-10,1.4572447e-11,6.9074356e-16,2.9265852e-15,3.8914316e-15
4FGL J2157.5+3127,329.3862,31.4552,fsrq,54.992016,2.3303459,2.189016,0.13731752,2.096133e-11,2223.2698,3.5346755e-08,2.4048514e-08,7.783695e-09,1.853842e-09,3.7138462e-10,2.0091461e-11,1.8142248e-12,8.740616e-17
4FGL J2158.1-1501,329.5275,-15.0237,fsrq,29.167147,2.1716816,2.0913892,0.06528946,8.867546e-12,47.941917,2.1345244e-08,6.3113683e-09,2.7354605e-09,7.100935e-10,1.5944583e-10,4.6771875e-11,1.0169672e-11,8.947608e-18
4FGL J2158.5-7550,329.6348,-75.8359,bcu,5.574963,2.3336318,2.3303382,0.00090358517,1.8965801e-12,18.994354,1.5409345e-08,8.293107e-11,8.05099e-10,7.964733e-11,4.233883e-11,1.2188741e-12,5.2553897e-19,1.3675766e-12
4FGL J2158.8-3013,329.7141,-30.2251,bll,248.35109,1.8572594,1.7733436,0.04189311,2.0027598e-10,1061.2809,9.149421e-08,6.2486535e-08,3.129374e-08,1.19138175e-08,5.000692e-09,1.6305914e-09,5.2720756e-10,1.3018588e-10
4FGL J2159.1-2840,329.7854,-28.6826,bll,17.238337,1.924071,1.7757622,0.09113127,3.981282e-12,16.448792,4.5474008e-10,1.1660661e-13,6.4227934e-10,2.6255575e-10,1.1081761e-10,3.556688e-11,9.7035505e-12,1.5830756e-17
4FGL J2159.8-4751,329.9623,-47.8518,bcu,13.666873,2.541652,2.5291965,0.07837868,4.4198187e-12,74.6672,2.5805039e-11,5.8721326e-09,1.7035705e-09,2.3520494e-10,3.278785e-11,5.43173e-12,2.3923942e-15,1.565969e-12
4FGL J2200.1+2138,330.0307,21.6382,bll,15.743336,2.0743673,1.9501857,0.093759865,3.72329e-12,46.46401,2.720683e-09,2.1384876e-09,1.044882e-09,2.0910838e-10,1.1812139e-10,3.227425e-11,1.7523286e-12,4.1886964e-17
4FGL J2200.3+1029,330.0887,10.4956,bll,7.288661,2.3803895,2.3072712,0.096008606,2.538825e-12,15.342006,1.248681e-10,4.14239e-09,8.095273e-10,1.2868275e-10,5.1703305e-11,3.3713557e-12,7.321879e-17,1.2206957e-12
4FGL J2200.6+0232,330.1565,2.5362,fsrq,7.790198,2.5824058,2.572974,0.0337699,3.0425866e-12,27.375654,7.716962e-11,4.920456e-09,1.0867713e-09,1.3657682e-10,2.7616381e-11,6.900227e-12,1.3463605e-12,1.8717898e-17
4FGL J2200.7-2414,330.1815,-24.2421,bcu,10.095898,2.1580698,2.0899272,0.104098715,2.5177035e-12,22.001482,6.417691e-09,1.476672e-09,7.422074e-10,1.5387765e-10,5.4875455e-11,1.05454525e-11,2.6950957e-12,1.1504805e-16
4FGL J2201.0-5907,330.2553,-59.1167,bcu,5.95236,1.9764185,1.9225298,0.17833701,1.1136972e-12,11.345844,1.3047418e-13,1.3598621e-14,9.323952e-11,9.385782e-11,2.7935845e-11,2.4093717e-12,2.7791632e-12,6.179269e-23
4FGL J2201.5-8339,330.3787,-83.6631,fsrq,45.61719,2.500358,2.4523213,0.14146058,2.0253082e-11,565.37335,1.33904186e-08,3.2113068e-08,8.276188e-09,1.4535821e-09,2.5693064e-10,1.3834003e-11,1.3566633e-12,1.464701e-16
4FGL J2201.5+2950,330.3958,29.8469,bcu,7.016649,2.1046553,1.9935017,0.12311029,1.8042562e-12,19.474257,3.854411e-11,6.2681403e-13,5.1412613e-10,8.700625e-11,4.9264655e-11,7.515084e-12,2.735789e-12,6.11993e-19
4FGL J2201.8+5048,330.4532,50.8053,fsrq,48.702934,2.6801965,2.5924618,0.16013855,3.4443542e-11,4187.405,1.1719356e-07,6.2589095e-08,1.4899485e-08,1.8607552e-09,1.956444e-10,1.0916506e-11,6.738253e-16,1.3540025e-15
4FGL J2201.9-1706,330.4866,-17.1065,bll,6.9207573,1.6595788,1.6966089,-0.06593135,1.023529e-12,12.716653,4.491178e-09,4.712923e-10,3.3063927e-10,6.541093e-11,1.255683e-14,1.2250445e-11,7.3596025e-12,2.0353712e-12
4FGL J2202.7+4216,330.6946,42.2821,BLL,343.18484,2.1342802,2.0777278,0.057922136,4.0439432e-10,25730.71,3.8546946e-07,3.1256764e-07,1.18265994e-07,3.066042e-08,9.032746e-09,1.8252896e-09,3.0876254e-10,5.1737805e-11
4FGL J2202.7-5637,330.6995,-56.6318,bll,7.551318,1.9017942,1.903028,-0.0060148956,1.3204094e-12,9.188801,2.6384392e-12,1.9730463e-10,2.7741165e-10,5.7809812e-11,3.7498643e-11,1.2669357e-14,5.3176543e-12,1.5781893e-12
4FGL J2202.8-2328,330.7225,-23.472,fsrq,4.287818,2.5831287,2.8202977,0.47525832,1.2872294e-12,24.276995,6.9887065e-12,3.5454548e-10,8.147147e-10,8.84031e-11,4.8271885e-13,3.3921691e-12,4.0952463e-15,5.1760625e-15
4FGL J2203.4+1725,330.8721,17.4318,fsrq,57.275505,2.3370929,2.2494342,0.07186641,2.2044028e-11,1531.7047,3.7293606e-08,2.5339082e-08,8.236186e-09,1.5819343e-09,3.4084677e-10,5.7312453e-11,6.8380804e-12,1.8914492e-18
4FGL J2203.6+6751,330.9093,67.8529,bcu,5.1236424,2.6554804,2.7269492,0.14311105,3.2550445e-12,10.219568,4.160242e-11,1.00262225e-08,1.3250637e-09,1.5801442e-10,2.1012048e-11,1.4061621e-12,6.0265873e-15,2.3540359e-16
4FGL J2204.3+0438,331.0832,4.6401,bll,14.080447,2.368836,2.275311,0.14786415,3.9510404e-12,24.732302,2.1118371e-09,4.4948374e-09,1.5308902e-09,3.410691e-10,6.0023764e-11,8.271214e-12,8.7960954e-13,9.566732e-17
4FGL J2204.5+3634,331.1421,36.5688,bll,4.229825,2.2187889,2.2312343,-0.04649447,1.363952e-12,21.520733,2.6517e-12,2.0577322e-09,5.5541094e-10,5.677064e-11,2.6185405e-11,3.388285e-12,6.3387853e-13,1.6455959e-12
4FGL J2205.0+7432,331.2719,74.5462,bcu,6.4394274,2.2240841,2.5532327,0.40448877,1.4269292e-12,79.54853,2.495589e-12,2.5823668e-14,3.4444966e-10,2.5138064e-10,2.6715505e-11,2.7990073e-12,1.1711375e-12,1.9631746e-12
4FGL J2206.8-0032,331.7087,-0.5461,bll,26.825665,2.250528,2.1441822,0.090673365,8.846286e-12,110.74277,1.34966065e-08,6.410513e-09,2.7311537e-09,7.477972e-10,2.1200668e-10,8.126155e-12,1.39584524e-11,5.1233614e-16
4FGL J2207.0+3607,331.7735,36.1241,bcu,6.121782,1.9867185,1.9120319,0.09665342,1.4831436e-12,12.345804,2.1144435e-09,4.0219442e-12,1.760298e-10,9.242328e-11,2.1283723e-11,1.9691804e-11,1.9278425e-17,1.4411006e-12
4FGL J2207.1+4316,331.7878,43.2677,bcu,11.985352,2.1009207,1.8557235,0.17496315,2.7301536e-12,24.995602,3.6122156e-08,2.0108585e-13,5.866817e-10,1.8452179e-10,8.217816e-11,3.9555473e-11,4.2028005e-13,5.0447178e-17
4FGL J2207.2-2122,331.8099,-21.3724,fsrq,4.105916,2.6486511,2.5039809,0.16032098,1.573888e-12,13.801697,1.2339478e-09,3.4083971e-09,4.3940337e-10,1.08839986e-10,8.18964e-12,8.187219e-15,1.7361792e-19,4.067878e-16
4FGL J2207.5-5346,331.8922,-53.7719,fsrq,32.278263,2.4250252,2.367499,0.049953055,9.063718e-12,103.26193,2.9645397e-08,1.3420566e-08,3.4350895e-09,5.672081e-10,1.1626727e-10,1.1836707e-11,5.6372493e-12,2.8377901e-15
4FGL J2207.6+0053,331.9137,0.8907,fsrq,9.41917,2.5861712,2.5793493,0.01470463,3.6799778e-12,52.41805,1.02853774e-10,8.217728e-09,1.2370673e-09,1.9060467e-10,2.0244152e-11,1.0605556e-11,1.00445495e-16,4.848746e-18
4FGL J2208.1-4507,332.0443,-45.1261,bcu,4.4397182,1.9878563,1.9396194,0.031551383,8.0380093e-13,14.362683,5.0737086e-09,1.9780038e-13,1.1904146e-10,5.395596e-11,1.8164739e-11,5.2619406e-12,5.327882e-14,3.0319613e-16
4FGL J2208.2+0350,332.0597,3.8348,bll,5.0437984,2.122487,2.0777655,0.11865687,1.2491133e-12,4.3286977,7.828004e-09,4.640912e-13,3.272636e-10,9.042644e-11,2.6022478e-11,5.8090442e-12,3.2888866e-15,1.5581293e-17
4FGL J2209.4+4329,332.351,43.4858,bcu,9.410551,2.586182,2.5870855,-0.0145366555,6.1922737e-12,73.649185,6.348919e-10,1.4667018e-08,2.1335838e-09,3.4481779e-10,3.8635675e-11,8.615254e-12,3.4140694e-12,1.3865948e-16
4FGL J2209.7-0451,332.4382,-4.8597,bll,14.5971575,1.9220606,1.9486588,-0.024847962,3.9277453e-12,12.119179,1.4736145e-08,2.5909501e-09,6.7944206e-10,2.4624774e-10,6.454925e-11,2.662639e-11,1.3559425e-11,3.8575627e-12
4FGL J2209.8-5028,332.4735,-50.4702,bcu,4.5917587,2.2953753,2.2840931,0.070232034,1.2706253e-12,24.894583,2.9056618e-11,2.6090266e-09,4.5400897e-10,7.663151e-11,2.0803524e-11,5.0958205e-12,1.2070896e-15,1.2748988e-20
4FGL J2210.5+3623,332.626,36.39,bcu,5.1495137,2.2232683,2.2301056,-0.037921637,1.3699432e-12,7.533883,2.276684e-08,1.481485e-09,6.17233e-10,8.722272e-11,6.0664273e-12,9.273077e-12,2.9024801e-12,1.4955026e-18
4FGL J2210.8+3203,332.7238,32.0533,bcu,5.6470895,1.3910524,1.4608554,0.15610585,7.2314117e-13,19.409233,1.421628e-10,5.1884593e-14,7.568144e-15,6.1877094e-17,2.2698027e-11,4.6402444e-12,6.8417247e-12,1.5618933e-12
4FGL J2210.9-0026,332.7469,-0.4471,bll,4.5722504,2.0430508,1.9296634,0.11037241,1.4145675e-12,14.862591,4.4187525e-09,3.7160544e-09,3.178927e-11,8.99979e-11,3.4144472e-11,5.477093e-12,6.413227e-12,1.268331e-16
4FGL J2211.0-0003,332.7625,-0.0635,bll,8.764447,1.9308583,1.7125798,0.1588881,2.2360917e-12,14.942233,2.3411484e-10,1.977975e-11,6.3339206e-10,1.2189473e-10,3.5339044e-11,2.8568628e-11,2.9205544e-12,1.5916355e-17
4FGL J2211.2-1325,332.8168,-13.4189,fsrq,21.693861,2.6790664,2.6479301,0.068094045,8.4367695e-12,282.7414,3.4695965e-08,1.6270894e-08,3.3871006e-09,3.1789268e-10,5.813692e-11,3.660781e-12,1.8802247e-12,2.1014278e-12
4FGL J2211.4-7040,332.8558,-70.6795,bll,11.844235,2.1533568,2.1721694,-0.023176277,2.3680953e-12,20.614117,5.7864195e-13,3.0903675e-09,7.174243e-10,1.3201139e-10,4.3069947e-11,1.2699782e-11,3.2094713e-12,1.3774983e-12
4FGL J2211.9+0821,332.9864,8.3509,bcu,5.6564765,2.5066636,2.505394,0.00062907115,2.0516369e-12,6.822394,5.493299e-13,6.6212262e-09,5.4767685e-10,1.2387964e-10,1.6920921e-11,4.6612536e-12,3.0178133e-17,1.19405945e-17
4FGL J2212.0+2356,333.0191,23.9334,fsrq,37.22542,2.248541,2.1755996,0.069508344,1.2658147e-11,16.207966,9.5738955e-09,1.27692825e-08,4.3240824e-09,9.637072e-10,2.339293e-10,4.5243247e-11,6.4604754e-12,8.493096e-15
4FGL J2212.2-7251,333.0628,-72.8521,bcu,5.763678,2.6378894,2.6083474,0.04280174,1.8116536e-12,17.74014,2.142878e-08,3.687126e-09,4.925684e-10,1.0355496e-10,1.3264011e-11,1.6967454e-12,2.9966602e-16,8.417443e-20
4FGL J2212.6+2800,333.1688,28.0085,bll,17.021431,2.2038476,2.1645396,0.061051663,5.14702e-12,10.507775,3.114234e-11,1.7602909e-09,1.4107542e-09,3.973595e-10,7.46631e-11,2.4165826e-11,6.5364016e-12,1.369961e-16
4FGL J2212.8+0647,333.2143,6.7864,fsrq,11.611737,2.4255228,2.4691691,0.09815917,5.5987684e-12,21.40402,8.525444e-09,6.7784494e-09,2.1404771e-09,4.408696e-10,7.4963064e-11,9.691638e-12,2.2672594e-17,2.450298e-16
4FGL J2212.9-2526,333.2261,-25.4335,fsrq,21.42644,2.2406604,2.0820506,0.13820434,4.876351e-12,93.89271,8.1571605e-10,2.938053e-09,1.7793068e-09,4.228284e-10,1.13967946e-10,1.6221026e-11,7.248803e-19,7.0993744e-16
4FGL J2213.5-4754,333.3871,-47.9058,bll,10.817825,1.9063854,1.7596163,0.08845858,2.100195e-12,12.244893,5.6008465e-09,3.2957943e-09,2.329204e-10,1.07124996e-10,4.606989e-11,2.2997876e-11,3.4116067e-12,2.2164246e-16
4FGL J2213.9+5948c,333.4995,59.8056,bcu,3.422834,2.4325795,2.510255,0.087526664,3.5086482e-12,17.697039,8.3978303e-11,8.117454e-09,1.3970365e-09,2.2444953e-10,3.9163207e-11,5.688876e-12,4.1387705e-13,1.6189901e-12
4FGL J2215.4+0544,333.8627,5.748,bll,9.132154,2.0732722,2.0445852,0.037191354,2.44785e-12,16.60373,9.49335e-09,2.8999925e-13,9.148511e-10,1.1462589e-10,5.12704e-11,1.4993793e-11,4.341378e-12,7.2103316e-17
4FGL J2215.4+6105,333.8724,61.0863,bcu,4.832701,2.648941,2.7055373,0.21256612,4.292039e-12,14.09954,8.3095086e-11,6.730424e-09,2.0427195e-09,2.7934502e-10,4.342828e-11,6.2506527e-13,1.3849519e-15,1.1761061e-17
4FGL J2216.8+3103,334.2024,31.059,fsrq,5.679998,2.5686305,2.4968622,0.16619599,2.4067209e-12,23.65458,6.6004785e-11,3.0572593e-09,1.0791401e-09,1.15377895e-10,2.6593132e-11,6.327596e-17,9.754969e-16,1.4012139e-15
4FGL J2216.9+2421,334.238,24.3575,bll,22.667458,2.2395775,2.2128375,0.03275358,7.592547e-12,46.588394,2.7094952e-08,7.93453e-09,2.2566249e-09,4.8086823e-10,1.2687609e-10,3.3042888e-11,4.38807e-12,3.476394e-17
4FGL J2218.6+1941,334.6542,19.6983,bcu,4.11987,2.6765053,2.6555295,0.025205098,1.7767695e-12,17.600863,1.5298245e-11,2.8492109e-09,5.983214e-10,6.5086145e-11,2.2108225e-11,4.7316683e-17,1.0763047e-13,2.4834805e-22
4FGL J2219.2+1806,334.8127,18.1026,fsrq,38.362625,2.2952187,2.1885476,0.0808711,1.2197278e-11,602.8038,3.471327e-08,1.1588525e-08,4.167812e-09,9.852531e-10,2.4048724e-10,2.8263232e-11,1.7373786e-12,9.357743e-20
4FGL J2219.2-0342,334.8235,-3.7102,fsrq,17.944092,2.747969,2.6714628,0.10143517,8.168608e-12,224.43553,3.6239477e-08,1.6921533e-08,2.9980025e-09,4.3214726e-10,2.6429654e-11,5.2546303e-15,9.700264e-16,4.3719864e-15
4FGL J2220.5+2813,335.1419,28.2322,bll,11.720815,2.143585,2.1088858,0.03514964,3.2322129e-12,8.619003,1.5830078e-10,5.7659695e-09,7.288799e-10,1.9533011e-10,7.223202e-11,1.6307317e-11,8.464182e-13,1.7462936e-12
4FGL J2221.5-5225,335.3909,-52.4307,bll,37.090794,1.7859567,1.6063086,0.11015563,8.861502e-12,45.42442,1.2608714e-09,7.4032376e-13,8.519455e-10,5.1967886e-10,2.4607433e-10,9.488671e-11,2.5617291e-11,4.2185257e-12
4FGL J2221.8+3358,335.4661,33.9753,bcu,5.1634583,2.1928737,2.1285474,0.06904237,1.3052521e-12,15.298048,1.1994932e-09,1.51262e-09,3.0247335e-10,8.34693e-11,2.296768e-11,6.282539e-12,1.5643673e-12,5.421272e-22
4FGL J2221.9-3504,335.497,-35.0712,fsrq,8.502935,2.6631453,2.6145792,0.13473782,2.4672764e-12,51.68135,3.5240981e-09,4.426243e-09,9.228871e-10,1.3033544e-10,8.1775385e-12,2.0698653e-14,1.2527482e-12,3.965992e-20
4FGL J2222.8+1209,335.7098,12.1568,bcu,7.975287,2.3642542,2.2098076,0.18194155,1.9759639e-12,59.61063,5.19599e-10,1.0087622e-09,6.659864e-10,1.9498625e-10,4.8731744e-11,1.9970888e-17,1.681567e-19,6.200678e-19
4FGL J2223.0+6746,335.7737,67.7729,bcu,4.30036,2.4773943,2.4701912,0.15098745,2.7398455e-12,8.1058,2.5839011e-10,6.644148e-09,1.0548646e-09,2.0170111e-10,3.2453398e-11,2.8071297e-15,1.3183266e-12,1.4886452e-17
4FGL J2223.3+0102,335.8476,1.0476,bll,7.180022,1.9454181,1.7959322,0.1766219,1.6552277e-12,17.87354,5.281955e-13,5.191338e-10,3.1050212e-10,7.775047e-11,3.7312164e-11,1.4585883e-11,3.406232e-12,9.104746e-16
4FGL J2223.4+5814,335.8733,58.2385,bcu,5.8852487,2.816053,3.079486,0.43475476,8.04678e-12,5.8257713,3.6752674e-08,1.4212185e-08,3.945749e-09,3.5503403e-10,1.7238818e-11,6.1111055e-16,1.1059649e-12,2.7504714e-15
4FGL J2224.0-1127,336.0241,-11.4658,bll,8.009702,2.2344398,2.2190175,0.03959688,2.731206e-12,19.38479,1.6725637e-11,3.0912806e-09,4.7919396e-10,2.1184063e-10,4.722496e-11,1.3629536e-11,4.7373515e-16,5.573441e-13
4FGL J2224.3+7737,336.0901,77.6201,bcu,6.1139607,2.6518397,2.4688237,0.36151382,2.1726516e-12,9.178006,6.6379224e-10,1.7613998e-09,9.478204e-10,2.1611121e-10,1.1906652e-11,9.488903e-13,1.0558256e-12,1.9057648e-16
4FGL J2224.5+0353,336.1251,3.8936,bcu,5.9805994,2.08286,2.042337,0.12940052,1.5745982e-12,15.356826,2.5638747e-10,3.0010408e-10,2.2374025e-10,1.3550204e-10,2.6325636e-11,8.258529e-12,1.8803936e-12,3.7876296e-17
4FGL J2225.5-1114,336.3957,-11.2422,bll,8.163336,2.2324436,1.9444953,0.3858351,1.5383269e-12,31.041115,5.683827e-09,1.4347237e-13,4.927818e-10,1.7001331e-10,7.7840644e-11,3.6722168e-14,6.5270887e-16,1.6763932e-16
4FGL J2225.6+2120,336.4136,21.3418,fsrq,11.377816,2.765514,2.7754185,0.24497877,4.733721e-12,43.027725,3.2364518e-08,1.4964076e-08,2.0425273e-09,2.4444946e-10,1.5358171e-11,1.9035278e-15,4.2014604e-17,5.361917e-15
4FGL J2225.7-0457,336.4321,-4.9537,fsrq,28.976145,2.4272556,2.3318675,0.07783897,1.06633565e-11,283.96393,2.083157e-08,1.3629244e-08,4.1969788e-09,7.2818734e-10,1.5536857e-10,1.16882224e-11,2.736259e-15,3.389701e-17
4FGL J2226.5+6901c,336.6294,69.0208,bcu,8.509948,1.9028639,1.8290339,0.076973505,2.0671052e-12,11.740665,1.9979726e-10,3.5336564e-13,4.2553092e-10,1.0673639e-10,4.0545376e-11,1.9299699e-11,2.222429e-12,2.6140442e-12
4FGL J2226.6+0210,336.665,2.168,bcu,9.392768,1.6356624,1.5783881,0.07377115,1.8408645e-12,25.39888,9.3804715e-09,5.324399e-10,1.05916733e-13,9.306356e-11,2.5723718e-11,1.9383668e-11,1.1008877e-11,1.5991359e-12
4FGL J2226.8+0051,336.7125,0.8622,fsrq,7.147526,2.5321498,2.735349,0.20585833,4.343669e-12,53.721462,9.8236706e-14,7.993352e-09,1.9723227e-09,2.5878671e-10,4.7821844e-11,1.9943556e-18,5.159473e-17,5.754439e-15
4FGL J2227.9+0036,336.9843,0.6166,bll,23.301886,2.0380015,1.8867937,0.10853599,7.7853375e-12,32.08182,5.9372333e-12,9.035771e-10,1.5070621e-09,6.1668143e-10,2.3211248e-10,4.9419822e-11,1.6194934e-11,1.8339367e-15
4FGL J2228.0-1918,337.0028,-19.3026,bcu,4.961005,2.5632737,2.5892246,-0.04619178,1.7012347e-12,24.652452,1.6393772e-08,2.643094e-09,5.5289423e-10,9.472997e-11,7.430025e-12,6.1576113e-12,1.556222e-12,2.0345015e-17
4FGL J2228.0-4155,337.0038,-41.9324,bcu,5.8617406,1.891721,1.8643874,0.06771875,9.655902e-13,16.61115,3.7340106e-10,4.7945974e-15,7.309073e-11,8.743809e-11,1.3811968e-11,8.435086e-12,3.6774537e-12,8.334274e-20
4FGL J2228.5+2211,337.1455,22.1914,bcu,10.657187,2.315778,2.225387,0.09720636,3.1288422e-12,10.016476,3.1407786e-11,8.1384465e-12,7.5427864e-10,2.5951524e-10,3.7614793e-11,1.2553821e-11,1.5749862e-16,3.2225174e-15
4FGL J2228.6-1636,337.1659,-16.6073,bll,10.660912,2.0388408,1.9645386,0.07677442,2.6121234e-12,51.242428,1.7439047e-12,1.2390512e-09,3.8874717e-10,1.8157045e-10,6.595844e-11,1.0581649e-11,4.5916083e-12,4.951867e-18
4FGL J2229.1+2254,337.298,22.9078,bll,7.1525726,1.8654393,1.7540338,0.09631299,1.3793768e-12,18.722971,6.370048e-12,6.255316e-10,2.5070537e-10,6.8537995e-11,2.8675595e-11,1.1562375e-11,5.7787473e-12,3.9737616e-16
4FGL J2229.2-6911,337.3037,-69.1871,bcu,11.112748,2.4749227,2.4649436,0.016122133,2.9158932e-12,17.47722,4.4002876e-13,3.9541215e-09,9.857114e-10,1.619571e-10,3.8852654e-11,6.1432673e-12,3.5535434e-17,1.032123e-16
4FGL J2229.5+2549,337.3959,25.819,bcu,4.3312016,2.3746047,2.160553,0.17838754,1.2256189e-12,21.293827,8.988941e-09,8.1207974e-10,2.7388003e-10,6.000134e-11,3.110998e-11,1.971573e-12,8.78376e-17,8.382989e-16
4FGL J2229.7-0832,337.4258,-8.5447,FSRQ,65.86334,2.5859838,2.4740937,0.10819775,3.5511632e-11,1070.6221,1.11020064e-07,6.6671475e-08,1.47276165e-08,1.9497226e-09,2.40758e-10,1.19967595e-11,3.402138e-12,1.19651e-16
4FGL J2230.9-7815,337.7282,-78.2594,fsrq,14.000244,2.3888113,2.377764,0.022451673,4.5990516e-12,46.55126,1.653574e-08,7.102775e-09,1.3792769e-09,2.8298713e-10,6.4406314e-11,1.5281859e-11,8.539131e-17,1.8283804e-16
4FGL J2231.0-4416,337.758,-44.2791,fsrq,27.095078,2.441911,2.359698,0.07475359,7.174817e-12,294.0473,5.652763e-09,9.84517e-09,2.959618e-09,4.2440293e-10,7.660253e-11,1.432023e-11,1.674134e-12,1.4134929e-12
4FGL J2231.6+2754,337.9043,27.906,bcu,5.899574,1.7939874,1.6031353,0.17522426,9.862179e-13,11.765366,5.5343854e-09,1.2330368e-09,1.5574094e-11,5.2009726e-11,1.4176437e-11,1.2792412e-11,4.474113e-12,1.5228697e-15
4FGL J2232.3+7616,338.0921,76.267,bcu,4.5361013,2.2019112,2.185855,0.08272911,1.1071341e-12,13.916444,7.0208945e-09,1.4011693e-10,2.8160782e-10,8.652714e-11,1.6511943e-11,3.102016e-12,3.1382397e-12,1.25832965e-17
4FGL J2232.3+6246,338.0988,62.775,bcu,6.5726333,2.5547829,2.6168003,0.10016041,6.496684e-12,6.4506764,5.6134465e-11,7.856465e-09,2.356927e-09,3.7680215e-10,7.139581e-11,7.993824e-13,4.06907e-13,1.6598856e-12
4FGL J2232.6+1143,338.1525,11.7306,FSRQ,340.59933,2.3030477,2.3379402,0.08675033,3.7401598e-10,89796.516,6.9233505e-07,4.555543e-07,1.4131618e-07,2.8703585e-08,6.254207e-09,6.7431477e-10,4.0248853e-11,9.392805e-18
4FGL J2232.6-2023,338.1725,-20.3909,bll,10.047156,1.9591058,1.9990212,-0.03459084,2.117198e-12,13.931113,1.6614188e-12,2.0856785e-09,5.4904176e-10,7.739705e-11,4.6306563e-11,2.0341161e-11,3.5544506e-12,3.8576703e-12
4FGL J2232.8+1334,338.2245,13.5764,bll,5.773407,1.8423407,1.665225,0.17471713,1.2185824e-12,10.707165,3.9715767e-10,4.8737406e-11,9.655516e-11,2.8503994e-11,3.2999464e-11,1.2979885e-11,4.5882404e-12,2.6749973e-16
4FGL J2233.9-1229,338.4992,-12.488,bcu,6.547635,2.1632936,2.015917,0.19844964,1.7672177e-12,12.554588,7.579783e-09,1.6923817e-13,4.3118453e-10,1.205254e-10,4.7981823e-11,1.8500015e-12,2.3777094e-16,7.2557523e-19
4FGL J2234.1-2656,338.5425,-26.9375,bll,37.56463,2.0817912,1.9958432,0.058112096,1.0770045e-11,204.2038,7.0382637e-09,4.4599364e-09,3.0273277e-09,7.884167e-10,2.452495e-10,6.6131836e-11,1.5507668e-11,1.477514e-12
4FGL J2235.1-0623,338.7994,-6.3955,bcu,8.016645,2.1256995,1.9105817,0.20164044,2.3831252e-12,27.056372,1.15926015e-08,1.306555e-09,4.805129e-10,1.4783595e-10,7.419356e-11,8.208342e-13,4.9610654e-12,2.7450234e-13
4FGL J2235.3+1818,338.8356,18.311,bll,11.321342,2.2581582,2.0832174,0.19983526,2.3757264e-12,18.107319,2.9764122e-09,9.2992664e-10,7.6328616e-10,2.253923e-10,7.925595e-11,5.1287767e-12,4.487626e-16,2.4800211e-16
4FGL J2235.3-4836,338.8409,-48.6015,fsrq,30.637463,2.4517908,2.3988671,0.06699964,8.614428e-12,220.87877,1.4695651e-08,1.1505896e-08,3.4145113e-09,5.148402e-10,9.7643095e-11,1.8576819e-11,4.5925126e-12,3.1185368e-19
4FGL J2235.8-3627,338.9708,-36.4605,bll,38.431454,2.2197626,2.1135602,0.07880833,9.670389e-12,99.305046,1.4480197e-08,9.499317e-09,2.9739837e-09,8.049952e-10,2.1141432e-10,2.9120786e-11,1.00788053e-16,2.9716219e-16
4FGL J2236.2-1706,339.0648,-17.1066,bll,14.528086,2.2639325,2.241876,0.038284894,4.27938e-12,12.012352,1.6947949e-10,2.7897031e-09,1.3741506e-09,2.943249e-10,5.6726644e-11,2.152376e-11,4.752726e-12,2.0154977e-15
4FGL J2236.3+2828,339.0962,28.4832,fsrq,114.70223,2.2319756,2.1341686,0.08488177,5.4138118e-11,1281.397,7.000057e-08,5.240339e-08,1.8438536e-08,4.507676e-09,9.87266e-10,1.4239374e-10,3.4218205e-11,1.6265687e-15
4FGL J2236.4-2309,339.1246,-23.1552,bcu,16.473034,2.6468997,2.450542,0.2256128,4.7075286e-12,54.435474,2.4042164e-08,6.599867e-09,2.3970494e-09,2.4929417e-10,3.566238e-11,2.2216474e-15,1.3599869e-17,4.429516e-15
4FGL J2236.5-1433,339.1444,-14.5557,BLL,114.041954,2.1719177,2.0663116,0.07988049,5.3804985e-11,1889.905,6.00413e-08,4.5907026e-08,1.7361053e-08,4.376686e-09,1.1405312e-09,1.7677121e-10,2.469611e-11,4.1430245e-12
4FGL J2236.6+3706,339.1608,37.1028,bll,7.0217557,1.9720777,1.9832709,-0.017957646,1.4608589e-12,24.939434,1.9641642e-09,8.917085e-10,4.1643952e-10,6.008691e-11,2.35096e-11,9.363366e-12,6.5132136e-12,1.1342038e-22
4FGL J2237.0-3921,339.2686,-39.357,fsrq,17.23257,2.4357576,2.3848433,0.1025262,4.0549534e-12,197.8782,2.241075e-11,5.5203877e-09,1.6545321e-09,2.7027688e-10,5.6337907e-11,3.1645926e-15,3.3892117e-12,2.1663626e-15
4FGL J2237.4+5124,339.3732,51.415,bcu,7.6075315,2.2422721,2.2037187,0.08383014,2.5441595e-12,16.948662,9.215352e-13,8.159257e-14,4.3127138e-10,2.1465696e-10,4.3867434e-11,6.4362036e-12,1.9611914e-12,1.8576862e-15
4FGL J2239.2-5657,339.8073,-56.951,fsrq,4.758612,2.4241984,2.345373,0.14313374,1.253234e-12,16.755426,4.659026e-14,1.3154327e-09,3.4253358e-10,9.592837e-11,1.8187878e-11,4.5208843e-13,4.3476216e-17,4.072974e-16
4FGL J2239.5-2440,339.8896,-24.6705,bcu,4.7821474,1.5937794,1.5262966,0.09807161,6.2314514e-13,12.589726,1.1296565e-10,2.0448646e-14,5.4192494e-11,5.7365766e-13,1.2059938e-11,1.2701642e-11,3.1198063e-17,1.8506514e-12
4FGL J2240.3-1246,340.087,-12.7769,bcu,7.4519687,1.7372638,1.703722,0.02255799,1.500846e-12,10.971128,5.349237e-09,6.729559e-12,3.7592132e-10,4.3297605e-11,2.7903659e-11,1.3039232e-11,7.932089e-12,2.0016627e-12
4FGL J2240.4+5133,340.1126,51.5608,bcu,10.822039,2.498965,2.5580747,0.18737677,4.1845897e-12,84.26189,1.1058082e-08,6.579549e-09,1.9543482e-09,3.38284e-10,5.5497607e-11,2.5624169e-12,1.6880449e-15,3.135327e-15
4FGL J2240.7-4746,340.1865,-47.7736,bcu,10.927981,2.0570405,2.0811007,-0.02468851,1.9378206e-12,17.152615,7.584046e-09,2.66679e-09,2.877439e-10,1.2711293e-10,3.020249e-11,1.9331802e-11,1.8856954e-12,1.4226842e-12
4FGL J2240.9-1825,340.2383,-18.4319,bcu,2.9118433,2.3,2.462794,0.2056246,8.58806e-13,25.249846,1.0376523e-11,6.3350362e-12,4.096507e-10,6.764424e-11,8.72774e-12,1.6403095e-12,2.3223757e-13,5.3796604e-17
4FGL J2241.1-4122,340.2789,-41.3771,bcu,4.904166,1.9306123,1.8357903,0.07963047,7.2321077e-13,9.540468,2.714094e-12,1.1263236e-09,2.0444826e-10,2.1702633e-11,1.1612672e-11,9.808776e-12,1.7193047e-12,8.678246e-17
4FGL J2241.2+4120,340.3087,41.3396,bll,15.246832,2.2820876,2.244701,0.06579772,6.2780952e-12,18.666477,2.8652694e-12,7.91999e-10,1.7398148e-09,3.8555745e-10,1.1539054e-10,2.1706099e-11,4.9103477e-12,2.0129048e-13
4FGL J2241.3+2943,340.3419,29.7212,bcu,12.547208,2.2064302,2.2598002,-0.06888839,3.361065e-12,26.717607,3.0547094e-09,3.0772351e-09,1.1285386e-09,1.598148e-10,4.476214e-11,1.9459599e-11,1.019946e-11,2.0807698e-12
4FGL J2241.5+0454,340.3846,4.9045,bcu,5.981707,1.8884617,1.8884174,-0.00097284804,1.3353094e-12,21.597721,1.0848186e-10,5.654673e-14,3.2886874e-11,1.1471213e-10,1.2445439e-11,1.2856642e-11,7.287601e-12,4.0452678e-19
4FGL J2243.4-2544,340.8654,-25.7363,bll,46.412354,2.1216867,1.9910426,0.12373828,1.4771111e-11,40.867607,1.4300065e-10,8.865674e-09,4.2006003e-09,1.3755991e-09,3.672916e-10,5.311392e-11,1.4631867e-11,2.511619e-12
4FGL J2243.5-3931,340.879,-39.5178,bcu,13.12411,2.4147239,2.3672056,0.08342832,3.2971941e-12,23.808735,1.3750313e-08,4.3165005e-09,1.1126641e-09,2.0452566e-10,3.7647576e-11,7.919984e-12,3.6661873e-16,1.302893e-17
4FGL J2243.5+3220,340.8795,32.3407,bcu,4.0853105,1.8880616,1.863741,0.2179779,7.547193e-13,10.79922,1.8496067e-08,7.7793777e-10,3.0899288e-15,6.4841715e-11,2.4158304e-11,4.0305302e-12,1.4984686e-12,1.3165765e-15
4FGL J2243.7-1231,340.9271,-12.5265,bll,14.899225,1.9892974,1.9868907,0.0013889134,3.9927024e-12,8.923706,1.9902771e-08,6.7160073e-09,5.7214034e-10,2.512815e-10,6.8223587e-11,3.6154142e-11,8.337873e-12,1.9320468e-12
4FGL J2243.8-2510,340.9569,-25.1701,bcu,5.3306484,2.7002482,2.6745646,0.09034065,2.9200936e-12,42.670944,1.2138205e-08,4.7667177e-09,1.2291888e-09,1.3456256e-10,1.0248335e-11,3.3915709e-12,3.8776818e-17,6.7746264e-17
4FGL J2243.9+2021,340.9895,20.3565,bll,96.01147,1.8775946,1.7364159,0.0768047,4.2328245e-11,163.04218,1.6550471e-08,1.0170769e-08,6.5660095e-09,2.7835225e-09,1.110996e-09,4.0527162e-10,9.5265885e-11,4.00183e-12
4FGL J2244.2+4057,341.0614,40.9597,fsrq,93.559006,2.1513267,2.0723972,0.09619605,4.662808e-11,5494.8667,4.7297302e-08,3.9376747e-08,1.4081047e-08,3.890611e-09,1.1576873e-09,1.9235129e-10,2.4539492e-11,7.4842145e-13
4FGL J2244.6+2502,341.1651,25.0395,bll,11.5412245,2.0692565,1.9841722,0.069290236,2.7179357e-12,12.961494,9.736894e-10,6.7200645e-10,4.4309215e-10,1.6598065e-10,6.068284e-11,2.1607797e-11,3.013487e-12,8.0844163e-23
4FGL J2244.9-0007,341.238,-0.119,bll,5.768924,2.1606271,2.116239,0.06431549,1.67602e-12,12.336991,4.8290854e-11,9.396113e-10,6.0188854e-10,8.752306e-11,3.891156e-11,4.315941e-12,1.5591266e-12,3.4671715e-17
4FGL J2245.5-1734,341.3833,-17.5725,bcu,6.0281763,1.9089978,1.6000623,0.3321768,7.419788e-13,12.806026,2.1585733e-10,2.7942712e-13,8.883764e-12,2.7064715e-11,3.0888885e-11,1.43726905e-11,2.9106058e-16,3.1322766e-17
4FGL J2245.8-5609,341.4548,-56.1533,fsrq,4.9845443,2.1182542,2.1469674,-0.0458549,9.302601e-13,13.25748,1.0315623e-12,2.3997132e-10,4.2073225e-10,3.9882406e-11,1.2445815e-11,3.536808e-12,4.9845275e-12,8.735026e-16
4FGL J2245.9+1544,341.4913,15.7479,bll,19.65516,2.0151825,1.8296286,0.123415925,4.7146874e-12,36.260914,1.2037427e-12,1.1857368e-09,7.2666334e-10,3.5848124e-10,1.5018926e-10,3.4657555e-11,1.1167013e-11,2.6422337e-17
4FGL J2246.5-1204,341.6311,-12.0807,fsrq,9.2463,2.7856781,2.7434154,0.14320607,5.822904e-12,92.76886,1.2633977e-10,7.3604096e-09,2.1006024e-09,2.892843e-10,7.372317e-12,4.072639e-12,9.426042e-15,2.0974731e-17
4FGL J2246.7-5207,341.6825,-52.126,bll,11.606435,1.74848,1.6873064,0.0637523,1.9708694e-12,20.986298,1.6521081e-08,7.51467e-12,6.767089e-11,7.206516e-11,5.885123e-11,9.816015e-12,1.0553826e-11,1.313276e-12
4FGL J2247.1+4658,341.7781,46.9755,bcu,3.3648798,2.275301,2.1464531,0.23694211,1.2314027e-12,18.686161,5.0793637e-11,3.0820737e-13,3.36203e-10,8.011769e-11,2.5800948e-11,1.509408e-12,3.7279595e-13,8.266608e-20
4FGL J2247.4-0001,341.867,-0.0263,bll,18.92669,2.038306,1.9810483,0.073640734,6.246337e-12,19.256704,4.7187303e-09,3.4082905e-09,1.4235785e-09,3.15646e-10,1.5790995e-10,4.0837576e-11,6.199754e-12,7.735631e-18
4FGL J2247.5-3700,341.8965,-37.0043,fsrq,4.5403605,2.5835905,2.5799358,0.0020675855,1.3571156e-12,11.834817,4.125315e-09,3.1372753e-09,4.6371743e-10,4.363212e-11,2.3796548e-11,2.671276e-15,3.3091402e-18,1.647473e-12
4FGL J2247.8+4413,341.974,44.2257,bll,22.235342,1.7356893,1.6881282,0.045101777,6.243374e-12,12.126369,6.127854e-09,1.195312e-10,8.106738e-10,2.2951678e-10,1.165766e-10,6.769735e-11,2.5262877e-11,6.959196e-12
4FGL J2248.7-3235,342.1928,-32.5926,fsrq,21.40358,2.6508896,2.56301,0.0941891,7.503257e-12,210.73169,3.673829e-08,1.6406657e-08,2.9613625e-09,3.6583453e-10,5.8785456e-11,2.4137842e-16,7.9887314e-16,3.6274326e-19
4FGL J2248.7-4302,342.1937,-43.0496,bcu,5.444929,2.2431045,2.2297745,0.016730122,1.2484293e-12,12.07259,1.4313366e-08,1.06708024e-10,4.2224133e-10,7.514449e-11,1.348159e-11,7.637847e-12,1.2600227e-12,4.1841227e-17
4FGL J2248.9+2107,342.2469,21.1214,fsrq,57.83423,2.2471476,2.140085,0.08312999,2.1113802e-11,2436.1672,1.9261956e-08,1.8715612e-08,6.721063e-09,1.7732802e-09,4.2969886e-10,6.944363e-11,6.1773668e-12,2.9686927e-16
4FGL J2249.4-1300,342.3564,-13.0006,bll,6.1305647,2.3665051,2.3107896,-0.041383076,9.208215e-12,171.77177,3.738008e-10,2.8088454e-08,3.9742614e-09,6.4452166e-10,7.4570405e-11,1.32913455e-11,1.41876675e-11,4.675008e-12
4FGL J2249.7-5944,342.4293,-59.7443,bcu,11.643001,2.1253011,2.120827,0.0059513696,2.3445005e-12,18.179495,1.4014202e-08,4.2651935e-10,6.1489003e-10,1.4899872e-10,3.8124316e-11,1.9051396e-11,1.594226e-12,3.5092907e-21
4FGL J2249.9+0452,342.4849,4.8692,bcu,7.2103467,2.282042,2.292193,-0.02771775,2.2340782e-12,19.754728,4.5983145e-14,3.7629384e-09,6.6398215e-10,1.4383206e-10,2.2760986e-11,9.7129344e-12,4.4018957e-14,1.9711923e-12
4FGL J2250.0-1250,342.5049,-12.8485,bcu,64.16767,2.277778,2.4299443,0.122646526,8.928206e-11,9390.104,1.3993115e-07,7.7465735e-08,3.35075e-08,7.410116e-09,1.5761472e-09,2.0546395e-10,1.1643372e-11,1.2781946e-16
4FGL J2250.0+3825,342.5142,38.4247,bll,25.922829,1.7696037,1.7473212,0.019960819,7.546929e-12,44.81427,8.6858215e-10,1.4782825e-09,8.8076496e-10,3.277316e-10,1.7943697e-10,4.735824e-11,3.2200954e-11,1.02054745e-11
4FGL J2250.4-4206,342.6062,-42.1095,bll,18.298613,2.1448152,2.1291096,0.023907216,4.2761203e-12,41.081913,3.3918929e-12,3.7551393e-09,1.1264568e-09,2.9822578e-10,7.244319e-11,1.5909296e-11,6.8380206e-12,1.7120511e-12
4FGL J2250.4+1748,342.6181,17.8134,bll,8.46424,2.6158788,2.632944,-0.022967719,4.162486e-12,25.279106,7.7254704e-08,1.2629979e-08,9.930443e-10,2.5293276e-10,2.509885e-11,4.066787e-12,3.0668972e-12,4.2598777e-16
4FGL J2250.7-2806,342.6903,-28.1114,bll,55.20534,2.1904783,2.056039,0.09691457,1.7980431e-11,879.4549,3.262483e-08,1.0356021e-08,5.8095964e-09,1.5366445e-09,4.0579395e-10,6.119329e-11,1.0819048e-11,1.7687589e-12
4FGL J2251.2+5550,342.8039,55.8431,bcu,3.5578008,2.3044076,2.2056558,0.17896403,1.838616e-12,40.54647,8.350211e-11,1.069244e-10,7.21531e-10,9.049765e-11,4.0944532e-11,4.7428858e-12,5.333218e-17,2.774324e-16
4FGL J2251.5-4928,342.8789,-49.4691,bll,24.771214,1.8987992,1.7711287,0.076303974,5.1117795e-12,110.95036,2.5941738e-09,1.1956985e-09,8.3943635e-10,2.8275773e-10,1.5396753e-10,5.018799e-11,8.1616415e-12,3.363933e-17
4FGL J2251.7-3208,342.9436,-32.1396,bcu,8.611162,1.8429055,1.8864027,-0.035569455,1.6287237e-12,12.750995,3.3759576e-14,4.684966e-10,2.2026655e-10,9.627907e-11,3.1247286e-11,6.3660618e-12,7.1972714e-12,3.4671792e-12
4FGL J2252.0+8149,343.0064,81.8194,bcu,3.8450077,2.630969,2.5763576,0.24414001,1.7689472e-12,16.457716,3.7592716e-09,4.4952557e-09,8.058574e-10,8.912805e-11,7.697343e-12,3.0657597e-12,1.6712634e-16,1.06901725e-16
4FGL J2252.0+4031,343.0098,40.5232,bll,30.928034,2.0681581,1.9809209,0.054936673,9.576111e-12,33.58272,2.0987172e-10,3.7498946e-09,2.224912e-09,6.7292233e-10,2.4824018e-10,6.297605e-11,9.623821e-12,3.991676e-12
4FGL J2252.6+1245,343.1676,12.7543,bll,7.2226567,1.922469,1.9275641,0.035327453,1.7038039e-12,11.934607,4.7881237e-09,4.5907267e-18,1.6622376e-10,1.4763617e-10,2.3808176e-11,1.0251704e-11,6.34163e-12,7.7788945e-17
4FGL J2253.2-1232,343.3084,-12.5416,bcu,9.970849,2.6781166,2.7392762,0.18930493,5.388061e-12,33.65405,1.5004205e-09,9.700098e-09,2.2924556e-09,4.0534753e-10,1.7028533e-11,5.369887e-12,1.972706e-12,5.8041607e-15
4FGL J2253.3+3233,343.3365,32.5583,bcu,7.617361,2.2823539,2.29202,-0.022167517,2.4078896e-12,21.11213,6.5007873e-13,2.9204736e-09,8.408022e-10,1.6323647e-10,2.2103949e-11,7.419027e-12,4.789346e-12,5.907178e-18
4FGL J2253.7+1405,343.4483,14.091,bll,8.758787,2.0180743,1.9462323,0.11287599,2.1715032e-12,20.154367,2.4608124e-10,4.4962563e-09,2.862895e-10,1.5047642e-10,4.3747842e-11,1.3648132e-11,5.876014e-12,1.5138173e-16
4FGL J2253.9+1609,343.4963,16.1506,FSRQ,448.02448,2.3968475,2.4334388,0.108741924,7.3741524e-10,96038.06,1.572497e-06,1.0528828e-06,2.9762808e-07,5.431938e-08,9.078659e-09,7.13804e-10,4.4342544e-11,3.0895633e-17
4FGL J2254.2+4305,343.5561,43.0971,bcu,8.7124605,2.554642,2.5521822,0.0070849154,3.9644416e-12,4.7790422,1.6954797e-08,9.466834e-09,1.2456663e-09,2.0659263e-10,4.5205815e-11,2.5033669e-12,2.9158763e-12,6.085523e-17
4FGL J2254.8-2725,343.718,-27.4171,bll,14.361111,1.9877286,1.9493264,0.051364444,3.8151483e-12,61.880756,9.3681365e-09,1.2786762e-09,2.634898e-10,2.3911229e-10,7.9883544e-11,2.1782923e-11,1.5256935e-11,3.488531e-16
4FGL J2255.2+2411,343.8175,24.1853,bll,35.657955,2.0832589,2.0145493,0.04292595,1.0726211e-11,46.32078,2.0843702e-08,7.963951e-09,2.655251e-09,8.03883e-10,2.2250257e-10,6.887168e-11,1.4133468e-11,3.0541986e-12
4FGL J2255.8-6543,343.9736,-65.7304,fsrq,5.4216413,2.722632,2.6688054,0.15545778,1.7895763e-12,9.349301,8.688935e-09,3.7462886e-09,7.00079e-10,6.9700704e-11,8.834418e-12,6.636193e-14,3.9083868e-16,4.482193e-16
4FGL J2256.0-2740,344.0247,-27.6739,fsrq,9.214349,2.9019482,3.0137763,0.0844686,1.2927693e-11,95.4333,3.0676368e-08,3.6484668e-08,5.2955667e-09,4.556543e-10,2.8272282e-11,1.884318e-15,2.7946115e-17,1.8320903e-14
4FGL J2256.3-3303,344.0839,-33.066,bll,14.814501,2.1491718,2.1202183,0.029008383,3.4829977e-12,51.731056,9.375195e-14,2.4462878e-09,8.380183e-10,2.3734856e-10,7.15365e-11,1.0999348e-11,3.8290465e-12,1.7963973e-12
4FGL J2256.4-7119,344.1088,-71.3227,bcu,8.071694,1.6220903,1.3148671,0.35800377,1.0899625e-12,18.75624,8.696999e-13,3.522762e-10,3.4244545e-11,8.05359e-13,2.4500048e-11,1.4118105e-11,8.80999e-12,9.8859e-21
4FGL J2256.6-2011,344.1728,-20.1986,bll,28.68214,2.1448438,2.1208534,0.024280963,8.191529e-12,53.431458,1.4637056e-08,8.225942e-09,2.0095066e-09,5.0324334e-10,1.9572578e-10,3.447759e-11,7.895533e-12,9.690437e-23
4FGL J2256.7+1307,344.1777,13.1207,bll,6.5101438,1.9668608,1.791577,0.16287756,1.5226987e-12,15.501866,1.5811345e-08,1.7281836e-11,1.4580144e-10,8.313891e-11,3.4499587e-11,1.7939124e-11,1.1208973e-14,3.315173e-17
4FGL J2257.5+0748,344.3874,7.8014,bll,11.080722,2.271221,2.2421815,0.04396686,3.4714482e-12,116.8417,2.2004535e-08,2.7356075e-09,8.5314744e-10,2.3401722e-10,6.903654e-11,5.4285413e-12,5.349866e-12,3.0062057e-16
4FGL J2258.1-2759,344.5288,-27.9843,fsrq,68.32748,2.4455106,2.3553095,0.18776971,3.760179e-11,1482.911,7.314111e-08,4.2890786e-08,1.6123986e-08,3.225491e-09,4.6832244e-10,3.110717e-11,7.9798386e-13,6.553706e-16
4FGL J2258.3-3643,344.5757,-36.7277,bll,14.245481,2.1065428,1.9996192,0.10326285,3.1265745e-12,19.076342,2.6060817e-11,1.334439e-09,6.4572764e-10,2.348908e-10,5.1531807e-11,2.1270331e-11,2.7848307e-12,6.827925e-17
4FGL J2258.4-5524,344.6031,-55.4104,bll,17.744707,2.2297242,2.2611783,-0.036415394,3.8299927e-12,9.48613,1.0637492e-08,6.563148e-09,9.556742e-10,2.256329e-10,6.557427e-11,2.5016123e-11,5.591876e-12,7.180364e-16
4FGL J2258.5-8247,344.6389,-82.7844,bcu,15.925023,2.1353507,2.0039432,0.11745667,3.8956633e-12,40.987125,4.189516e-11,1.5793981e-09,9.721273e-10,3.134446e-10,1.2617282e-10,1.3238226e-11,3.939676e-12,1.3162142e-19
4FGL J2259.7-3549,344.9296,-35.8199,fsrq,10.108976,2.1272404,1.9003891,0.18693483,1.6778097e-12,9.497068,2.0503019e-10,2.0782307e-09,4.5626386e-10,1.5273316e-10,5.8136457e-11,5.356875e-12,3.0044363e-12,4.6000417e-17
4FGL J2259.8-1552,344.9526,-15.8809,bcu,17.42421,2.1601257,2.021817,0.11103191,3.9071927e-12,55.662933,1.3994803e-09,4.107002e-09,1.1524841e-09,3.3905595e-10,8.599735e-11,2.0803324e-11,1.8488286e-12,2.9262273e-18
4FGL J2300.1+4053,345.0338,40.8983,bll,6.240223,1.7995179,1.6222531,0.12978269,1.340591e-12,17.974619,2.2494604e-13,2.1415745e-09,1.6551256e-10,4.113816e-11,2.9453526e-11,1.37320355e-11,5.275102e-12,1.0754826e-12
4FGL J2300.3+3136,345.0879,31.6121,bll,33.297375,1.9147677,1.7222397,0.1310966,8.226175e-12,13.256473,2.3917188e-09,1.1536728e-09,1.342017e-09,6.1120886e-10,2.558047e-10,7.3472534e-11,9.743977e-12,2.7172596e-12
4FGL J2300.7-2645,345.1823,-26.7502,fsrq,8.053154,2.420191,2.3033626,0.14106473,2.2834397e-12,55.72282,1.8941767e-08,1.9920443e-09,6.4867817e-10,1.5564507e-10,3.1918915e-11,3.2626985e-12,6.0384855e-18,1.2587349e-15
4FGL J2300.8-0736,345.2084,-7.614,bcu,8.01996,1.9799263,1.9890827,-0.010150562,1.8410243e-12,14.855388,4.930831e-09,7.840867e-10,4.0503345e-10,8.927377e-11,4.5492804e-11,8.434627e-12,1.9508952e-12,3.4993143e-12
4FGL J2300.9+7108,345.2468,71.1423,bcu,9.956712,1.9646388,1.9659889,0.3183416,1.6266883e-12,23.070183,4.580968e-13,3.851373e-14,8.068285e-15,1.5298081e-10,7.198899e-11,1.3534449e-11,2.4748096e-12,5.798092e-13
4FGL J2301.0-0158,345.2627,-1.9758,fsrq,52.09671,2.3433788,2.2354667,0.08976709,1.9442377e-11,1108.3237,3.23417e-08,2.42255e-08,7.3269195e-09,1.4216165e-09,3.1063938e-10,3.1834313e-11,9.0477055e-17,8.4768934e-16
4FGL J2301.7+0608,345.4377,6.1457,bcu,7.735275,2.4318342,2.398211,0.09406628,2.927605e-12,63.636528,1.11243945e-10,4.5951376e-09,9.857437e-10,1.7775349e-10,3.4081033e-11,8.939891e-12,4.7253056e-16,8.567803e-17
4FGL J2304.3+0618,346.0776,6.3071,bcu,5.621478,2.484455,2.4704573,0.37329954,1.5114229e-12,26.626307,3.2700695e-09,9.2125313e-10,8.262001e-10,1.3891814e-10,2.3335283e-11,7.7577134e-17,3.354118e-16,2.257158e-12
4FGL J2304.6+3704,346.1726,37.0826,bll,24.515734,1.7997249,1.6493793,0.07885095,6.505645e-12,36.9767,2.0765222e-08,2.1445032e-09,9.789891e-10,2.3767446e-10,1.6810102e-10,7.2070495e-11,2.372649e-11,2.9962593e-12
4FGL J2305.6-4214,346.4038,-42.2486,bcu,4.9930835,2.4082341,2.4258225,-0.04005901,1.2443616e-12,7.1299863,9.150129e-12,1.1237682e-09,5.155015e-10,3.9577074e-11,1.6417165e-11,3.3897914e-17,3.6449207e-12,4.4564058e-17
4FGL J2306.6+0940,346.6505,9.6732,bcu,6.1131353,2.3265674,2.2955384,0.060960524,1.8424132e-12,13.873542,9.5001146e-11,1.4365161e-09,6.2388256e-10,1.06964375e-10,2.6711498e-11,6.546476e-12,7.087005e-14,4.942781e-16
4FGL J2306.6-1105,346.6506,-11.0904,bll,6.6169004,2.2555544,2.26576,-0.045039326,1.6381823e-12,10.137932,8.569922e-12,1.119833e-09,6.662624e-10,7.1850914e-11,1.7645005e-11,1.3488227e-11,2.0541572e-12,1.1311264e-19
4FGL J2306.8-3036,346.7221,-30.6037,bcu,5.0452757,1.9017931,1.8080705,0.41515216,6.4875373e-13,14.793256,1.5686317e-09,8.259778e-15,7.918612e-14,6.0213425e-11,3.440558e-11,4.1416367e-12,1.6342682e-17,3.101093e-15
4FGL J2307.4-1206,346.8643,-12.1126,bll,6.295034,2.1317866,2.1538875,-0.04037621,1.5249873e-12,7.8833284,6.0266406e-12,1.0645413e-09,5.3593074e-10,7.50633e-11,1.195592e-11,1.5613578e-11,3.7418853e-12,3.8457085e-21
4FGL J2307.5+8629c,346.8949,86.4961,bcu,5.9735045,2.761863,2.5012348,0.26419795,2.2014508e-12,17.256355,1.4177597e-08,1.9397344e-09,1.1173823e-09,1.16060946e-10,9.964324e-12,9.995637e-13,1.7584882e-20,2.0660977e-19
4FGL J2307.6+1451,346.9222,14.8644,bll,10.110684,2.223218,2.112765,0.14208218,3.7622297e-12,95.17009,4.4515374e-09,1.573938e-09,7.2284523e-10,3.0048977e-10,6.709964e-11,1.6156023e-11,1.6364525e-12,1.0965998e-12
4FGL J2307.7+6712,346.9293,67.2152,bcu,6.410888,1.9650548,1.9135246,0.19955443,1.6829453e-12,33.34039,1.8506602e-09,2.9262454e-10,3.0234502e-11,8.8143666e-11,4.9915336e-11,2.1321903e-11,5.825274e-12,8.654979e-21
4FGL J2308.6-4555,347.1577,-45.9254,bcu,5.353948,2.5427582,2.5662537,-0.06503893,1.4821307e-12,10.987209,1.3746202e-13,4.51454e-09,3.2323857e-10,8.788346e-11,9.756873e-12,1.3252603e-12,3.2109742e-12,6.3750707e-16
4FGL J2308.9+1111,347.2481,11.1992,bcu,8.722404,2.2803452,2.051639,0.18958274,1.9971934e-12,19.132833,7.255795e-09,1.2110835e-09,6.0611977e-10,2.086372e-10,4.702703e-11,3.695521e-12,1.8247307e-12,9.227585e-16
4FGL J2309.7-3632,347.4302,-36.5473,bll,20.031273,2.0146656,2.0305037,-0.012434481,4.745553e-12,9.690282,4.3589654e-14,3.387631e-09,9.364888e-10,2.7875938e-10,1.0680598e-10,2.9319765e-11,6.9336247e-12,5.2566085e-12
4FGL J2310.3-7354,347.5953,-73.9125,bcu,5.6153846,2.6896613,2.6650996,0.09993612,1.7666937e-12,26.515463,8.56404e-12,3.254321e-09,7.576116e-10,5.715203e-11,1.5290163e-11,1.2038575e-12,4.0909815e-17,3.7207926e-16
4FGL J2311.0+0205,347.7661,2.0995,bll,22.29356,2.1592152,2.0118482,0.11055833,6.025626e-12,195.0932,1.5210352e-08,3.0685263e-09,1.7728464e-09,5.925829e-10,1.1058932e-10,2.8071599e-11,2.1719568e-12,1.4152842e-12
4FGL J2311.0+3425,347.7682,34.4223,FSRQ,95.33426,2.3471231,2.2377012,0.10046472,4.1267705e-11,2648.0369,5.880627e-08,5.1070288e-08,1.5839543e-08,3.1829057e-09,6.3887023e-10,5.0787468e-11,5.495234e-12,1.2552695e-16
4FGL J2311.7+2604,347.9308,26.0831,bcu,12.008655,2.4558585,2.4280992,0.039979097,3.963754e-12,66.39347,1.127219e-08,5.2625904e-09,1.2567303e-09,2.2415819e-10,5.7451897e-11,9.103319e-12,1.2804728e-15,9.166815e-17
4FGL J2311.8+4541,347.9614,45.6908,fsrq,6.383431,2.7324927,2.699995,0.115991354,3.1203803e-12,17.437386,7.7158795e-09,5.049546e-09,1.2751822e-09,1.2276798e-10,1.992515e-11,1.8888463e-12,1.9489746e-18,7.338316e-19
4FGL J2312.2-6536,348.0628,-65.6042,bcu,4.557953,2.219904,2.1436584,0.36486405,5.649841e-13,10.205532,1.4457159e-10,1.5486221e-13,1.286454e-10,7.3902946e-11,2.3596045e-11,2.4883738e-13,5.430859e-16,1.272747e-14
4FGL J2312.5+7241,348.1396,72.6923,bcu,7.60281,2.5121756,2.4079695,0.22188123,2.5709196e-12,48.14009,1.8133839e-09,3.1717575e-09,1.155634e-09,2.1611939e-10,4.207389e-11,2.0887706e-12,7.548427e-16,2.545703e-15
4FGL J2313.4-6922,348.3533,-69.382,bcu,6.9295597,1.5913103,1.6519703,0.22597185,9.162749e-13,23.180283,1.7293493e-12,3.7729143e-18,4.3722964e-18,1.4818398e-11,2.6944311e-11,6.783933e-12,7.758239e-12,6.7843286e-21
4FGL J2313.5+3945,348.3997,39.7644,bcu,14.714167,2.722237,2.6249347,0.1831855,5.8350646e-12,134.78564,2.9179859e-08,1.127918e-08,2.530408e-09,2.8853303e-10,2.1507175e-11,2.2461603e-12,2.2997514e-17,5.3972944e-15
4FGL J2313.9-4501,348.4922,-45.0201,bcu,7.945295,2.7068188,2.9843726,0.2649672,3.0354321e-12,14.451271,2.1764768e-10,7.214301e-10,1.5216695e-09,1.0958413e-10,7.260469e-12,5.080454e-12,6.020054e-15,5.876374e-15
4FGL J2314.0+1445,348.5081,14.7532,bll,22.785648,1.8244174,1.7615404,0.05856288,6.473339e-12,23.383968,5.168886e-09,1.6930145e-09,7.5102174e-10,3.330994e-10,1.418134e-10,4.8274877e-11,3.1888967e-11,1.8160486e-12
4FGL J2315.6-5018,348.914,-50.3127,bll,12.298685,2.4005592,2.3612497,0.045178957,3.2665986e-12,61.587242,2.3686116e-08,2.4542899e-09,1.0803859e-09,1.9650745e-10,5.6617145e-11,3.147026e-15,1.5998455e-12,6.0471186e-13
4FGL J2316.9-5210,349.2458,-52.167,bll,8.536035,2.0612473,2.0854445,-0.018277273,1.5864355e-12,13.253628,2.963765e-11,2.105164e-09,3.5161193e-10,6.7098854e-11,4.133408e-11,8.886913e-12,4.12795e-12,8.647058e-18
4FGL J2317.0+3756,349.2678,37.9375,bcu,6.8072553,2.6501513,2.6285017,0.04383448,3.0442265e-12,25.08471,4.8631276e-11,5.314068e-09,8.20887e-10,1.7697059e-10,2.7291547e-11,8.160673e-17,2.162699e-17,1.0901514e-12
4FGL J2317.4-4533,349.3565,-45.5623,bll,23.282606,1.9884073,1.7565098,0.16013388,4.3857457e-12,44.43513,1.4863636e-09,3.0521476e-09,7.2194123e-10,3.4412484e-10,1.6291618e-10,3.433425e-11,6.090604e-12,3.2614094e-18
4FGL J2318.2+1915,349.5568,19.256,bcu,16.125114,2.6359181,2.5998874,0.0571972,6.8722944e-12,77.39774,4.030429e-08,1.333503e-08,2.4748281e-09,2.9694508e-10,8.120912e-11,2.028789e-12,3.46649e-16,2.6746585e-18
4FGL J2318.6-1657,349.6605,-16.9562,fsrq,6.7073836,2.4200566,2.4124641,0.030254116,1.9359547e-12,28.061289,1.3276656e-14,4.218369e-09,7.232654e-10,1.0299312e-10,2.152237e-11,7.8792334e-16,2.3983237e-12,1.5203332e-15
4FGL J2319.1-4207,349.7763,-42.1173,bll,14.529981,2.00309,1.9614245,0.04071948,3.1331227e-12,5.9198637,6.4482295e-12,2.757549e-09,5.2528343e-10,2.1019751e-10,6.608166e-11,1.7327723e-11,3.7391396e-12,1.7182028e-12
4FGL J2319.6-0456,349.9028,-4.9452,bcu,5.6637025,1.9246215,1.7786067,0.18169443,1.3689938e-12,22.204863,2.5324043e-09,5.92273e-14,1.6454774e-10,5.978946e-11,4.0896654e-11,1.0003352e-11,3.672615e-12,1.4338592e-16
4FGL J2319.7+1609,349.9448,16.1637,bll,9.302855,1.8337649,1.5004773,0.23480529,1.5295161e-12,15.337214,4.07299e-09,2.2483503e-13,1.5567125e-10,5.751154e-11,5.451603e-11,1.7923442e-11,4.2310825e-12,5.6191843e-18
4FGL J2320.8-0823,350.2228,-8.3918,fsrq,4.576431,2.6175592,2.380613,0.33143225,1.3383872e-12,23.447105,9.737323e-13,7.4046524e-10,7.926717e-10,9.860181e-11,1.3600185e-11,1.601164e-15,5.1097315e-16,1.0129185e-15
4FGL J2321.0-6308,350.258,-63.1374,bll,9.525114,1.853509,1.813308,0.051503196,1.5005478e-12,11.016557,1.8603556e-09,3.1778233e-10,1.4125376e-10,1.0822033e-10,2.9803333e-11,9.497523e-12,2.309031e-12,2.8663072e-12
4FGL J2321.0+2836,350.258,28.6031,bcu,5.96883,2.3928802,2.2945817,0.15689778,2.3463755e-12,34.82332,4.9824274e-09,4.773539e-09,6.73789e-10,1.499541e-10,4.097528e-11,1.9320036e-12,4.2078064e-16,4.9622167e-19
4FGL J2321.4+5111,350.3654,51.1945,bcu,11.293924,2.010245,1.7205943,0.21986623,2.079095e-12,26.65532,1.07633955e-08,3.926856e-14,3.81283e-10,1.0584679e-10,6.4404974e-11,3.5997823e-11,1.3166928e-12,1.7745319e-15
4FGL J2321.5-1619,350.3854,-16.3176,bll,15.375439,1.8090864,1.580676,0.16335128,2.8694965e-12,46.101578,5.825474e-16,8.307224e-11,2.0235161e-10,1.5204084e-10,1.0800361e-10,1.7644719e-11,1.3926454e-11,6.2401194e-18
4FGL J2321.7-6438,350.4332,-64.6453,bll,25.691607,2.1001532,2.078326,0.02474501,5.7683584e-12,209.17764,8.4875005e-09,5.0556723e-09,1.3660462e-09,3.7419784e-10,1.1934381e-10,2.2308494e-11,1.5928979e-11,2.3601226e-16
4FGL J2321.9+3204,350.4779,32.0737,fsrq,60.029102,2.2729967,2.1640713,0.11903611,2.2836361e-11,1460.8877,2.5463383e-08,2.3800707e-08,7.994019e-09,1.9802973e-09,4.722959e-10,4.5149592e-11,3.3090518e-12,8.5342714e-13
4FGL J2321.9+2734,350.492,27.5717,fsrq,36.10243,2.2793775,2.2392428,0.038647287,1.3129054e-11,389.68854,3.3635332e-09,1.2585468e-08,4.640609e-09,8.7432483e-10,2.2536599e-10,4.3787297e-11,1.1576327e-11,3.4073848e-18
4FGL J2322.1+4440,350.5334,44.6736,fsrq,6.794413,2.546409,2.5120053,0.084412426,2.9636e-12,12.783904,3.5036676e-13,6.0934653e-09,1.059304e-09,1.503429e-10,3.8719625e-11,3.2391685e-14,1.3981131e-16,2.2482362e-17
4FGL J2322.4-2906,350.6197,-29.1077,bcu,4.6101646,2.4447927,2.410996,0.035788324,1.3395137e-12,13.689296,4.5442782e-14,2.9594711e-09,2.4831645e-10,1.10633426e-10,1.4030419e-11,4.228947e-12,6.2578964e-16,1.2896663e-15
4FGL J2322.6-0735,350.6576,-7.5907,bcu,13.738397,2.4362943,2.421554,0.026314307,4.5993313e-12,71.53142,8.885469e-14,8.257824e-09,1.476809e-09,2.7462485e-10,6.4204544e-11,6.8513333e-12,3.1356204e-18,2.233521e-16
4FGL J2322.7+3436,350.6849,34.6125,bll,17.216204,2.008092,2.0365238,-0.031886123,4.6065556e-12,19.025211,1.7869025e-08,2.1755562e-09,1.1685096e-09,2.58816e-10,8.328435e-11,2.7903225e-11,5.672816e-12,1.0689091e-11
4FGL J2322.8-4916,350.7077,-49.2725,bll,26.74058,1.9314321,1.6746844,0.17542866,5.3247936e-12,52.994667,4.0956913e-10,2.6187033e-14,5.9974414e-10,4.1402948e-10,1.880768e-10,3.5188612e-11,1.4289897e-11,1.4801362e-12
4FGL J2322.8-4221,350.7091,-42.3543,bll,5.548983,1.6127232,1.5135605,0.1994957,7.897448e-13,14.325805,9.348244e-12,1.0321064e-11,4.8568774e-14,3.6636e-11,1.41918725e-11,1.0323022e-11,5.5231774e-12,3.9349193e-16
4FGL J2323.5-0317,350.8884,-3.29,fsrq,83.668594,2.270182,2.1645706,0.101687655,3.552275e-11,1106.4972,6.708271e-08,3.6175432e-08,1.3342749e-08,2.8543914e-09,6.1419714e-10,6.978106e-11,9.596504e-12,4.3134984e-17
4FGL J2323.6-0617,350.9157,-6.2953,fsrq,17.324966,2.4232132,2.2292473,0.19340576,4.5377872e-12,210.98393,1.0504588e-08,4.247907e-09,1.8233126e-09,4.663581e-10,5.0961478e-11,4.265169e-12,1.2693936e-15,8.562016e-16
4FGL J2323.8+4210,350.9749,42.1826,bll,54.638897,1.9067622,1.801717,0.06339449,1.9065752e-11,64.031334,7.666745e-09,5.472335e-09,3.4151058e-09,1.0545488e-09,5.154656e-10,1.9130911e-10,4.8127006e-11,2.797389e-12
4FGL J2324.7-4041,351.1817,-40.6834,bll,39.58121,1.762362,1.59832,0.083428204,1.1522447e-11,102.61761,1.0533421e-08,1.430946e-09,1.1044846e-09,5.184475e-10,2.966843e-10,1.0951466e-10,5.3429084e-11,8.739489e-12
4FGL J2324.7+0801,351.1896,8.0282,bll,24.657232,2.1733146,2.1240711,0.06340121,8.492992e-12,44.517365,2.9838656e-08,5.542244e-09,2.2642481e-09,4.930238e-10,2.021153e-10,4.044293e-11,3.0109788e-12,1.3571566e-16
4FGL J2325.2-2010,351.3075,-20.1746,bcu,9.554523,1.8541318,1.7366807,0.06522552,1.7384625e-12,19.734583,4.946054e-12,2.6339964e-10,3.8051703e-10,5.7135595e-11,4.2259397e-11,1.7659468e-11,5.997336e-12,3.2585771e-18
4FGL J2325.2+3957,351.3154,39.9542,bll,41.139606,2.1254606,1.9833175,0.11382317,1.2049747e-11,104.498505,3.968632e-09,6.509286e-09,3.4403294e-09,1.0322793e-09,3.1398856e-10,6.5131775e-11,4.021309e-12,6.473996e-18
4FGL J2325.4-4800,351.3501,-48.0022,bll,49.920807,2.0699673,2.0045383,0.03781376,1.4825079e-11,246.88864,1.4980406e-08,1.22102e-08,3.4686076e-09,1.0256065e-09,3.3888872e-10,9.701021e-11,2.9251178e-11,1.7465773e-16
4FGL J2325.4-3559,351.3586,-35.9878,fsrq,52.31122,2.3125663,2.1299975,0.1791285,1.3845239e-11,189.21405,2.5511214e-08,1.4396166e-08,5.5836833e-09,1.2701004e-09,2.2513998e-10,1.0601853e-11,1.2039323e-17,7.746356e-16
4FGL J2325.6+1644,351.4248,16.746,bll,9.6166,1.9918602,1.9023141,0.11837113,2.2942973e-12,18.749891,2.58623e-10,7.3609574e-10,2.4102473e-10,1.8446572e-10,3.9588725e-11,2.3717592e-11,1.2575378e-14,1.2449914e-17
4FGL J2325.7+1821,351.436,18.3654,bcu,15.150862,2.3999448,2.4018435,-0.006277994,4.8802316e-12,44.55234,7.2859008e-09,8.496302e-09,1.7218512e-09,2.6698588e-10,5.813373e-11,1.0280818e-11,3.6062668e-12,1.8247934e-12
4FGL J2325.9+6206c,351.4969,62.1049,bcu,2.1450288,2.638749,3.1264105,0.20990631,3.639393e-12,13.5816,1.2703691e-09,1.4526975e-09,2.2654965e-09,1.445541e-10,3.3958086e-11,8.580204e-13,7.886846e-18,9.696607e-16
4FGL J2326.2+0113,351.5748,1.2216,bcu,14.219699,2.259953,2.2458858,0.019730026,3.9635595e-12,104.27231,9.483776e-09,3.9205643e-09,9.685365e-10,3.0615777e-10,5.7025953e-11,8.567287e-12,3.534915e-12,1.8764489e-12
4FGL J2327.3+4717,351.8282,47.2885,bll,9.073881,2.1504464,2.0669646,0.07450015,2.3863001e-12,9.922986,6.2505084e-12,2.8183014e-09,4.672073e-10,1.475543e-10,5.032565e-11,1.5324596e-11,1.3400959e-12,3.1500272e-17
4FGL J2327.4+0444,351.8522,4.7433,bll,7.451003,2.378719,2.3809671,0.061450846,2.4808656e-12,17.409306,2.15158e-12,3.6119843e-09,7.1630224e-10,1.6076936e-10,3.7714793e-11,3.686919e-12,9.2161334e-17,3.0613797e-12
4FGL J2327.5-3259,351.8825,-32.9869,bcu,9.586411,2.5851042,2.4705176,0.1546423,2.6201682e-12,25.415037,1.04603055e-08,1.91799e-09,1.0274614e-09,1.5058162e-10,2.2811553e-11,2.9158432e-16,6.5002335e-16,1.2718356e-15
4FGL J2327.5+0939,351.8959,9.6543,fsrq,36.311596,2.7170525,2.7331855,0.12730232,1.7879418e-11,425.4414,5.6480758e-08,3.5712535e-08,7.2699247e-09,7.57925e-10,8.779617e-11,6.724552e-12,1.888681e-15,9.455816e-15
4FGL J2327.8-5626,351.9674,-56.4496,bcu,4.998845,1.9556352,1.8475989,0.4148217,5.324678e-13,16.192596,4.5957924e-10,4.836739e-14,1.4796711e-13,4.921396e-11,3.1274143e-11,2.2128733e-12,6.1544805e-16,1.787002e-15
4FGL J2328.3-4036,352.0817,-40.6037,fsrq,43.3837,2.3813598,2.3541417,0.07246195,1.6823895e-11,477.27798,9.458965e-09,2.5756401e-08,6.0223306e-09,1.1712195e-09,2.6287034e-10,2.9724605e-11,4.0562696e-12,4.9156095e-17
4FGL J2329.0+0832,352.2574,8.5383,fsrq,7.8340907,2.4316993,2.3907335,0.052543867,2.9069507e-12,27.642216,2.4519759e-08,9.8276445e-09,8.6444285e-10,1.5546528e-10,4.4205053e-11,8.807112e-12,1.0648427e-16,1.3100532e-15
4FGL J2329.2+3755,352.3178,37.9213,bll,25.934208,1.8826205,1.8652974,0.016214857,7.95345e-12,15.236965,1.1740584e-08,4.040745e-09,1.2810292e-09,3.6782408e-10,1.8090887e-10,6.684644e-11,2.4873407e-11,4.219034e-12
4FGL J2329.3-4955,352.3294,-49.9324,FSRQ,175.23329,2.2914443,2.176546,0.11692349,8.7600836e-11,18326.22,1.143116e-07,1.0027836e-07,3.397629e-08,7.0770634e-09,1.4249341e-09,1.5608614e-10,1.9220773e-12,2.905488e-18
4FGL J2329.3-4733,352.3394,-47.5558,fsrq,13.309629,2.65748,2.653003,0.032664385,4.8862516e-12,60.647152,1.10111795e-08,9.072153e-09,1.4898038e-09,2.4007016e-10,5.0470565e-11,9.934608e-15,7.4645945e-18,5.638206e-17
4FGL J2329.7+6101,352.4343,61.0239,bcu,16.46345,2.0446246,2.0195324,0.024528006,7.467524e-12,26.968065,3.5914313e-10,9.511474e-09,2.1524358e-09,3.8462447e-10,1.631664e-10,3.94616e-11,2.0187723e-11,1.3090349e-12
4FGL J2330.2+7759,352.5682,77.9947,bcu,12.109274,2.3990128,2.3665388,0.037431117,3.854512e-12,44.97098,2.3843528e-08,4.8250595e-09,1.1812471e-09,2.2300665e-10,6.054653e-11,8.443937e-12,1.2494622e-15,4.222021e-16
4FGL J2330.3-2332,352.5802,-23.5395,bcu,6.3400145,2.1567576,1.9082043,0.20830604,1.5100353e-12,7.1774125,1.7745275e-08,3.8007347e-11,3.5419395e-10,8.138111e-11,4.363612e-11,8.662535e-12,5.9443674e-17,1.0337993e-15
4FGL J2330.3-2948,352.5806,-29.8072,bll,8.627215,2.0875297,2.1158361,-0.034288876,1.9340473e-12,3.211673,1.059204e-12,4.277749e-10,5.2586135e-10,1.09570415e-10,3.7915907e-11,1.2786927e-11,3.2985932e-12,1.2345035e-12
4FGL J2330.4+1230,352.6212,12.5132,bcu,5.644371,2.2738135,2.1597395,0.16752043,1.6438799e-12,15.37415,8.301622e-09,2.3263816e-10,3.857537e-10,1.4667796e-10,2.1782983e-11,4.094554e-12,4.224801e-16,1.4034106e-16
4FGL J2330.5+1102,352.6287,11.0479,fsrq,11.892547,2.5500894,2.4940584,0.20942773,3.8293123e-12,46.658585,1.976451e-10,7.141106e-09,1.6098188e-09,2.9339955e-10,3.573964e-11,4.242203e-15,1.008126e-16,9.3637706e-17
4FGL J2330.6-3726,352.6603,-37.4346,bll,15.202954,2.4072325,2.4321902,-0.03339255,3.8504673e-12,15.523312,4.264945e-12,6.5610473e-09,1.1456402e-09,2.054428e-10,5.7887955e-11,1.3747991e-11,1.7407478e-12,3.1404206e-17
4FGL J2331.0-2147,352.7632,-21.7953,fsrq,40.124596,2.3723354,2.387971,0.14365637,1.5730289e-11,427.23373,4.4167674e-08,1.48832076e-08,6.983506e-09,1.2013676e-09,2.4958555e-10,1.3262238e-11,1.4741828e-19,4.1352306e-18
4FGL J2331.1-1653,352.782,-16.8977,bcu,3.687188,2.7428262,2.622956,0.1543715,1.6002249e-12,25.618193,1.15064145e-08,1.1234589e-09,6.1817407e-10,9.0014315e-11,3.4863106e-12,6.638191e-15,1.137518e-16,4.2039817e-17
4FGL J2331.2-3839,352.8239,-38.6649,bcu,6.0876412,1.4860916,1.4317268,0.10494675,8.2391185e-13,18.375906,3.2334187e-11,6.590176e-13,2.366673e-14,4.162096e-11,5.5405324e-12,8.79224e-12,6.8130462e-12,3.0024864e-16
4FGL J2331.3-1558,352.8388,-15.9777,fsrq,6.1524315,2.5705163,2.5149283,0.08423708,2.1157874e-12,39.566887,5.2564824e-09,5.656629e-09,5.693707e-10,1.4090065e-10,1.5910596e-11,3.0291034e-12,1.8723457e-19,6.750443e-18
4FGL J2331.5-0258,352.8817,-2.9765,bcu,8.04039,1.943888,1.8398491,0.09753952,2.0980685e-12,31.477346,3.5874038e-12,1.1789005e-09,4.3501036e-10,1.05253216e-10,3.768144e-11,2.628171e-11,1.7532364e-14,5.880073e-16
4FGL J2332.1-4118,353.0254,-41.3015,fsrq,8.1860075,2.2568688,2.1728604,0.1985774,2.2669893e-12,8.17226,2.0316422e-08,1.08945595e-13,6.1535954e-10,1.9031975e-10,3.3424968e-11,1.2918467e-13,1.761259e-12,3.0716808e-13
4FGL J2333.4-0133,353.3699,-1.5533,fsrq,8.975906,2.55447,2.570465,0.1450867,4.392213e-12,65.128815,2.6508876e-13,1.0207458e-09,1.5499816e-09,2.8288188e-10,3.424309e-11,3.113141e-12,8.942631e-18,2.474164e-16
4FGL J2333.9-2343,353.4912,-23.7197,bcu,8.075036,2.6149173,2.6317177,0.0747491,4.3946778e-12,30.257275,3.9536024e-11,1.06766965e-11,1.7255747e-09,2.544129e-10,3.814379e-11,1.40179514e-14,2.4398713e-17,1.3461995e-16
4FGL J2334.0-2528,353.515,-25.4767,bcu,5.43504,2.1602435,1.8307761,0.48123246,6.780469e-13,13.221467,2.517628e-12,2.3961647e-10,2.0512484e-11,1.0024296e-10,3.4139337e-11,3.8058995e-15,4.2751375e-16,1.4096918e-14
4FGL J2334.2+0736,353.5573,7.602,fsrq,11.163686,2.5281625,2.5110772,0.0563217,4.261255e-12,95.85028,3.4433643e-09,5.3897207e-09,1.4678623e-09,2.667938e-10,3.002367e-11,3.7912477e-12,1.5727646e-15,1.0900056e-15
4FGL J2334.8+1432,353.7233,14.5346,bll,27.66436,1.9911814,1.8734195,0.102319725,7.4359486e-12,126.46773,5.4294294e-09,2.3750488e-09,1.7295916e-09,5.4922294e-10,1.9132645e-10,7.2389095e-11,6.999957e-12,2.8048565e-18
4FGL J2335.4-0128,353.8688,-1.476,fsrq,10.363726,2.5347924,2.5192127,0.23195796,3.584605e-12,61.88421,1.858185e-08,8.99561e-09,1.6202427e-09,2.9466862e-10,3.705507e-11,3.5747666e-12,3.5903463e-16,1.0875512e-15
4FGL J2335.9-5811,353.981,-58.1865,bcu,4.7661996,1.8994194,1.820174,0.18878594,6.668804e-13,13.986065,1.7749732e-11,2.9274342e-13,1.74879e-12,5.5921594e-11,1.6406949e-11,4.2999476e-12,1.477284e-12,2.979831e-17
4FGL J2336.2-3136,354.0502,-31.6081,bcu,5.5229,2.2299252,2.2250881,0.004338361,9.911426e-13,16.109062,1.4827269e-15,1.3778895e-09,4.088316e-10,4.741422e-11,9.062456e-12,7.843827e-12,1.245081e-14,6.296523e-16
4FGL J2336.5-7622,354.1396,-76.3755,bll,12.8013315,2.232809,2.2068055,0.041390914,3.2165653e-12,24.063993,5.8763328e-09,1.6849515e-09,9.008712e-10,2.3656208e-10,4.834378e-11,1.5795563e-11,2.2332381e-12,6.656669e-17
4FGL J2336.6+2356,354.1535,23.9423,bcu,12.048103,1.9516135,1.9390917,0.01475487,2.8158502e-12,12.807297,4.4737902e-09,5.088621e-13,7.6201473e-10,1.383483e-10,4.4260016e-11,3.254556e-11,5.9743334e-12,1.5930869e-12
4FGL J2336.6-4115,354.1636,-41.2579,fsrq,27.122595,2.3608704,2.2687597,0.11096223,6.8843434e-12,182.7723,3.8866674e-09,8.426511e-09,2.6918339e-09,5.3984645e-10,1.0105115e-10,1.4546701e-11,2.0396425e-12,2.4858594e-15
4FGL J2336.9-5859,354.2485,-58.988,bcu,6.384162,2.3202271,2.1178403,0.16768259,1.5086359e-12,23.928307,1.2573161e-09,1.0176359e-09,4.0598955e-10,1.2337638e-10,2.8336066e-11,1.8384827e-12,1.8998413e-16,3.7353564e-17
4FGL J2338.0-0230,354.5085,-2.5106,fsrq,26.362898,2.4551406,2.3937004,0.07795072,9.4179395e-12,171.5385,1.143846e-08,1.3486977e-08,3.4349745e-09,7.067018e-10,1.0500196e-10,8.087526e-12,3.9858616e-12,4.125365e-17
4FGL J2338.1+0325,354.5288,3.4262,fsrq,6.375627,2.4594574,2.4419885,0.10086003,2.4978613e-12,16.916517,3.643758e-10,1.9716666e-09,9.399586e-10,1.4546077e-10,3.0372545e-11,6.262541e-12,3.6561965e-17,3.2769915e-17
4FGL J2338.9+2124,354.739,21.4045,bll,17.837229,2.0297945,2.0095212,0.021639965,4.6160528e-12,18.575293,2.4237418e-11,3.0462801e-09,9.145437e-10,2.943034e-10,8.507295e-11,3.219201e-11,1.2325028e-11,3.254944e-20
4FGL J2339.2-7403,354.8153,-74.0579,bll,22.210697,1.9883764,1.9362993,0.053397194,4.7219286e-12,25.910284,7.598714e-13,3.1182066e-09,9.0328534e-10,2.9386443e-10,1.0492256e-10,3.0407038e-11,1.090659e-11,1.181313e-12
4FGL J2339.3-2656,354.8377,-26.9482,bcu,3.3535802,2.4648569,2.4365163,0.030724857,1.0674094e-12,27.608923,2.565744e-09,2.0937327e-09,3.5862496e-10,2.9424206e-11,2.0111699e-11,3.1408682e-12,4.0345652e-19,1.1495366e-12
4FGL J2339.6+0242,354.9044,2.7102,bcu,10.5891075,2.4834833,2.51309,0.19001025,3.5058332e-12,29.241734,1.0109031e-08,5.9075815e-09,1.4733312e-09,2.6450664e-10,4.3646323e-11,1.8011827e-14,5.683068e-17,2.5609992e-15
4FGL J2340.5+3854,355.1284,38.9054,bcu,7.1166677,2.1145842,2.125884,-0.01026808,1.9835587e-12,13.230086,7.6059416e-11,2.177306e-09,6.4920297e-10,4.8245064e-11,5.135444e-11,1.3675787e-11,1.4393583e-12,1.29413e-12
4FGL J2340.8+8015,355.2084,80.26,bll,51.557007,1.9109637,1.7728803,0.09605405,1.8982703e-11,19.829548,2.53898e-10,3.861486e-09,2.2770736e-09,1.0868324e-09,5.69559e-10,1.7173593e-10,5.1935227e-11,7.893385e-12
4FGL J2343.6+3438,355.9063,34.6403,bll,15.779763,1.693093,1.6605692,0.035437517,3.809969e-12,28.241522,4.8079644e-12,3.0156374e-11,2.0361687e-10,1.6994998e-10,7.478904e-11,3.0216146e-11,2.0840663e-11,8.262295e-12
4FGL J2343.7-5624,355.9349,-56.4048,bcu,5.4801226,2.2053318,2.083993,0.13097438,1.1140648e-12,58.948975,4.381707e-09,1.9188302e-09,3.7823614e-10,5.5820543e-11,3.220051e-11,1.3788864e-12,6.69304e-13,4.8867574e-17
4FGL J2343.9+1539,355.983,15.6645,fsrq,6.4620934,2.5699291,2.5488567,0.07355218,2.1432114e-12,17.391459,9.6416757e-11,2.9324965e-09,8.973728e-10,7.063109e-11,3.2726533e-11,2.9481706e-12,2.6931696e-15,8.210063e-18
4FGL J2343.9+0546,355.9906,5.7788,bll,14.016774,2.1511123,2.0115144,0.20764486,3.262215e-12,39.818897,9.131779e-09,1.5153049e-09,1.1341721e-09,2.9841848e-10,9.752434e-11,1.608011e-11,4.3904158e-21,7.8204554e-17
4FGL J2345.2-1555,356.303,-15.9182,FSRQ,123.66215,2.1681778,2.045716,0.10836603,6.63051e-11,4658.108,8.01283e-08,4.7987704e-08,2.1406061e-08,5.7960334e-09,1.5696175e-09,2.213883e-10,3.482556e-11,2.0498346e-17
4FGL J2345.9+3413,356.4893,34.2279,bcu,5.391343,1.7773424,1.7770637,0.079659835,9.738527e-13,11.889207,9.494723e-13,1.0886638e-12,9.956672e-11,5.0494903e-11,2.4951789e-11,6.9254632e-12,3.162171e-12,1.5248416e-12
4FGL J2346.7+0705,356.6786,7.0931,bll,28.356554,1.9021542,1.8977361,0.0054205214,1.0205802e-11,45.87173,1.9179355e-08,1.8648525e-12,2.0446353e-09,4.8703375e-10,2.3350405e-10,6.243323e-11,3.616991e-11,1.0852142e-11
4FGL J2346.7+8008,356.6867,80.1366,bll,13.58339,2.387874,2.5384917,0.14956474,6.8710606e-12,14.675831,2.8753393e-09,4.9723763e-09,2.8086744e-09,6.2934374e-10,1.02094486e-10,1.483191e-11,9.601704e-15,5.1105383e-16
4FGL J2347.0+5141,356.7659,51.6966,bll,75.68475,1.8325304,1.7719736,0.030832885,3.1662558e-11,71.19126,4.826651e-09,6.3846666e-09,4.1085473e-09,1.8382219e-09,7.393488e-10,2.3733818e-10,8.58409e-11,4.271946e-11
4FGL J2347.9+5436,356.9809,54.6065,bcu,19.437283,1.7973218,1.6207037,0.15595013,4.2675997e-12,31.280504,6.428349e-10,5.3677437e-14,1.979691e-10,2.3095496e-10,1.10223206e-10,5.016805e-11,1.468466e-11,2.387894e-12
4FGL J2348.0-1630,357.016,-16.5161,fsrq,92.9818,2.2676253,2.2150877,0.070059195,4.9732645e-11,2053.0488,5.0076263e-08,5.05413e-08,1.7002261e-08,3.882452e-09,9.0703495e-10,1.3805776e-10,2.0716559e-11,6.9681436e-20
4FGL J2348.1-4934,357.0372,-49.57,bcu,7.528822,2.4901624,2.1994822,0.35846147,1.2102302e-12,35.29628,1.7522666e-09,2.3662332e-09,4.833737e-10,1.5852941e-10,1.436828e-11,9.288993e-18,8.7731016e-13,2.5910872e-18
4FGL J2348.3-6049,357.0883,-60.8202,bcu,5.038222,2.3122509,2.2149897,0.07763152,9.714879e-13,16.617115,9.109654e-09,2.4683673e-09,1.5280995e-10,6.4710154e-11,1.9383883e-11,3.468912e-12,2.190313e-16,1.7249581e-17
4FGL J2348.6-0426,357.1508,-4.4394,fsrq,5.592997,2.7418523,2.7095487,0.066702925,2.2216872e-12,25.063246,2.1664677e-08,2.766926e-09,9.1400165e-10,1.00466246e-10,9.719247e-15,5.4086635e-12,2.8174722e-16,6.4200955e-17
4FGL J2349.2+4535,357.305,45.5979,bll,13.608409,2.181017,2.1632495,0.017904835,3.754332e-12,54.191788,7.720797e-09,4.9585696e-09,9.028318e-10,2.1872375e-10,7.3755495e-11,2.2571662e-11,3.148252e-12,5.8774264e-18
4FGL J2349.4+0534,357.3558,5.579,fsrq,8.6948805,2.470076,2.4483454,0.045079622,3.063248e-12,25.078241,1.2984264e-10,8.073231e-09,7.671252e-10,2.0096773e-10,3.115597e-11,4.8439204e-12,7.3233715e-15,1.1454575e-16
4FGL J2350.4-0559,357.6025,-5.9923,bll,5.1918087,1.7656114,1.6267817,0.2588948,8.682801e-13,13.884126,1.1060778e-14,9.863709e-14,8.8020905e-13,4.021791e-11,1.836348e-11,1.6575456e-11,3.5801754e-12,1.4113711e-15
4FGL J2350.6-3005,357.6649,-30.087,bll,17.806358,2.0724583,2.0451236,0.02650629,4.3806395e-12,30.698626,2.2685624e-08,3.2292231e-09,1.050361e-09,2.6586067e-10,9.251664e-11,2.8892598e-11,6.889885e-12,1.3958789e-12
4FGL J2350.9-1416,357.7469,-14.2756,bcu,6.4935546,1.9886901,1.8729722,0.1262114,1.3176996e-12,16.930616,1.1926415e-08,2.4656814e-14,2.83831e-10,9.239494e-11,2.1660554e-11,1.2150584e-11,1.8742046e-12,2.087437e-18
4FGL J2351.3-7559,357.8326,-75.9865,bll,20.213116,1.9969406,1.8654349,0.08376824,4.0658627e-12,19.526693,4.0928653e-11,2.6107554e-09,6.623182e-10,3.1209066e-10,1.1817164e-10,2.673061e-11,6.2255305e-12,1.5938202e-12
4FGL J2351.7-3416,357.928,-34.2676,bcu,5.6285114,2.514932,2.3682845,0.35788035,1.2282411e-12,13.587854,8.44808e-09,1.6658036e-09,5.235003e-10,1.4333952e-10,6.4726445e-12,4.0414856e-16,6.7289575e-18,1.1987249e-15
4FGL J2352.0+1750,358.0132,17.8394,bll,16.867304,2.0805233,1.9051948,0.12829378,3.4398827e-12,48.170437,1.8914546e-08,3.0953884e-09,7.6964285e-10,2.7976046e-10,1.096455e-10,1.8664827e-11,2.937292e-12,1.2182177e-16
4FGL J2352.1-4301,358.0493,-43.0168,bcu,6.4640384,2.6835752,2.6118114,0.16533849,1.9919468e-12,19.192926,4.3836628e-09,2.7597806e-09,7.927317e-10,1.03615984e-10,8.415529e-12,6.9729027e-15,1.9742932e-19,5.7004243e-16
4FGL J2352.9+3031,358.2252,30.52,bcu,4.7704406,2.1582592,2.2085068,-0.123104684,1.1651556e-12,28.12469,2.9055651e-12,2.2318898e-09,4.679342e-10,6.0962284e-11,2.1475939e-11,2.200233e-12,6.069661e-17,3.7503503e-12
4FGL J2353.1-4806,358.2892,-48.1109,bcu,13.745934,2.2454042,2.2063775,0.05415422,2.9091922e-12,16.835802,9.262659e-10,2.391699e-09,7.6513407e-10,1.9743564e-10,5.8497325e-11,8.1425275e-12,2.6377529e-12,7.204142e-16
4FGL J2353.5+6646,358.3926,66.7697,bcu,3.7687533,2.5893736,2.8957424,0.17569153,4.009046e-12,12.987915,6.659498e-10,8.770591e-09,2.7370735e-09,2.0192971e-10,1.6574728e-11,4.624039e-12,1.7538928e-12,3.1299287e-19
4FGL J2353.5-1457,358.395,-14.9567,bll,8.072751,2.1776385,2.2041543,-0.031153733,1.901498e-12,23.44117,6.8461854e-13,3.3874548e-09,5.241891e-10,1.0249343e-10,3.0008475e-11,1.3110301e-11,2.7442402e-12,6.5669756e-17
4FGL J2353.7-3037,358.4321,-30.6219,bll,17.735819,2.1326883,1.959488,0.1406664,3.2268897e-12,13.725533,5.174598e-11,1.8700206e-09,6.9582273e-10,3.1098993e-10,1.1005877e-10,7.69957e-12,1.9078823e-12,4.4174256e-16
4FGL J2353.8-3911,358.4659,-39.1977,bcu,9.273183,2.1473546,2.0921857,0.054255866,2.0305103e-12,16.400755,5.390875e-09,4.218458e-09,5.466455e-10,1.2945944e-10,4.013189e-11,6.0047575e-12,2.9879643e-12,7.753673e-19
4FGL J2354.1+2720,358.5268,27.3494,bll,8.517075,2.119407,1.9555333,0.17158554,2.0036115e-12,8.143335,9.0839176e-11,7.268364e-12,3.7017908e-10,1.2505283e-10,6.0711144e-11,4.1032373e-12,2.3487787e-12,7.189592e-17
4FGL J2354.1-0958,358.5309,-9.9774,fsrq,3.0288236,2.394414,2.156839,0.12457554,9.644982e-13,24.855642,7.870946e-12,1.6225736e-09,1.6843338e-10,4.516295e-11,2.1730893e-11,1.6729856e-12,6.0852483e-16,1.5513071e-16
4FGL J2354.6+4554,358.6618,45.9058,fsrq,9.588159,2.3343658,2.1139693,0.21861915,2.0347038e-12,4.7263665,3.8427603e-09,1.12885334e-13,9.660704e-10,2.1313803e-10,3.613142e-11,8.7918735e-12,2.4363987e-16,2.7874713e-16
4FGL J2354.9+8151,358.7412,81.8666,fsrq,13.8807955,2.5088623,2.4787173,0.06649673,5.1643685e-12,65.049324,5.2041194e-10,7.875399e-09,1.8669084e-09,3.012272e-10,4.9258143e-11,7.289852e-12,9.612771e-13,1.0817657e-16
4FGL J2355.7-3351,358.9306,-33.8607,bcu,13.162819,2.5233703,2.5025413,0.086823605,3.7364595e-12,19.744019,2.3588538e-12,6.248212e-09,1.2908932e-09,2.3123571e-10,3.1917496e-11,5.1771773e-12,1.4059784e-19,6.816685e-16
4FGL J2356.2+4036,359.0656,40.6071,bll,15.300799,1.9186448,1.8782676,0.047392726,3.7110835e-12,17.958712,1.8460023e-08,6.52637e-14,6.150651e-10,1.9665847e-10,9.3066194e-11,2.400814e-11,8.2920745e-12,3.6339451e-12
4FGL J2357.0-4840,359.2658,-48.6707,bcu,9.822765,2.165575,2.1024961,0.06730981,1.9434118e-12,9.681638,6.208277e-10,1.5394743e-09,6.217144e-10,1.1993839e-10,3.545443e-11,1.2437804e-11,6.0250375e-16,1.7437461e-16
4FGL J2357.4-0152,359.3674,-1.8703,bll,11.575279,2.2818823,2.1872177,0.09760501,3.3066492e-12,20.712439,1.50168e-11,3.6995884e-09,7.6065665e-10,2.8101907e-10,4.968798e-11,5.290552e-12,3.144471e-23,9.96228e-23
4FGL J2357.4-1718,359.3705,-17.3108,bll,20.921095,1.6777258,1.4314126,0.12689698,4.7454146e-12,18.323479,3.2691077e-09,1.684299e-09,2.2512138e-10,1.4104538e-10,1.14957224e-10,5.30216e-11,2.7656358e-11,1.8364097e-12
4FGL J2357.8-5311,359.463,-53.1919,fsrq,15.784176,2.6007423,2.598402,0.070432425,5.79682e-12,244.14494,1.27400135e-08,1.0189593e-08,1.9334707e-09,3.1864958e-10,5.210337e-11,2.577025e-12,2.4166293e-15,3.1078216e-16
4FGL J2358.0-4601,359.5223,-46.0176,bcu,16.564283,2.4999917,2.4838638,0.02774867,4.2735624e-12,58.975075,1.9147397e-08,7.0497586e-09,1.5290824e-09,2.24788e-10,4.7455147e-11,8.113738e-12,7.7158354e-16,7.600565e-16
4FGL J2358.1-2853,359.5498,-28.8936,bcu,14.979347,2.2586176,2.104133,0.1431141,2.7775217e-12,13.313108,4.4766013e-09,8.0099527e-10,1.0641015e-09,2.4253366e-10,6.921457e-11,3.669105e-12,1.8553654e-14,3.6505958e-16
4FGL J2358.3-1021,359.5822,-10.3616,fsrq,27.282713,2.558956,2.427429,0.13814557,8.848205e-12,226.77686,2.8575077e-08,1.5191398e-08,3.8745096e-09,5.227131e-10,5.8942594e-11,1.8644077e-12,6.55208e-13,1.5721657e-22
4FGL J2358.3+3830,359.5883,38.5097,bll,17.53133,2.0461242,1.9893638,0.0688527,4.8488093e-12,42.044903,1.559587e-08,2.789631e-09,1.159863e-09,2.8331473e-10,1.05347474e-10,3.5434836e-11,4.594161e-12,8.2409963e-13
4FGL J2358.4+6547,359.6119,65.7837,bcu,7.663729,2.5227242,2.6212854,0.20850207,5.8803257e-12,16.622759,1.12502505e-08,9.120332e-09,2.2337707e-09,5.250078e-10,7.207315e-11,5.867932e-12,3.128712e-23,3.4459366e-27
4FGL J2358.5-1808,359.6387,-18.1408,bll,25.805958,1.9098594,1.7834756,0.07409136,6.0302752e-12,23.35729,1.1069366e-11,3.7810827e-10,9.0328084e-10,3.7612702e-10,1.7246915e-10,5.4155656e-11,1.5016242e-11,2.645594e-16
4FGL J2359.0+3922,359.7548,39.3669,fsrq,11.450227,2.4470038,2.423153,0.05421331,4.2416127e-12,51.000717,4.3228832e-10,6.528116e-09,1.5122783e-09,2.6538619e-10,4.460658e-11,1.2366367e-11,2.9590025e-18,7.7658634e-17
4FGL J2359.0-3038,359.7719,-30.6367,bll,22.708857,1.8376471,1.838508,-0.0005176601,5.321527e-12,16.8301,1.2206869e-10,3.0396732e-09,8.067654e-10,2.3035442e-10,1.2493417e-10,4.2264345e-11,1.7808317e-11,9.354159e-12
4FGL J2359.1+1719,359.7756,17.3225,bcu,7.1429114,2.019587,1.9066191,0.121910214,1.5608895e-12,9.731165,1.8924191e-10,5.353279e-12,1.0079425e-10,1.4711117e-10,2.3629583e-11,1.0894569e-11,3.4084259e-12,7.098173e-17
4FGL J2359.2-3134,359.8167,-31.5832,fsrq,9.180039,2.7165194,2.713735,0.02154209,2.906858e-12,95.40964,9.0763175e-09,4.876809e-09,1.2053066e-09,1.0826247e-10,1.6122692e-11,1.7946612e-12,3.8768342e-18,1.1232852e-17
4FGL J2359.3+0215,359.8329,2.2603,bcu,8.577555,1.7524989,1.5779167,0.36686593,1.3541654e-12,18.010399,6.12997e-12,2.2774375e-14,7.493262e-15,8.704089e-11,4.4132722e-11,2.2373851e-11,1.8571648e-12,5.640288e-17
4FGL J2359.3-2049,359.8357,-20.8189,bll,18.289204,1.9284763,1.9243087,0.00441424,4.093997e-12,14.498226,4.9757958e-09,3.2760503e-09,7.6725e-10,2.1251904e-10,8.682364e-11,3.267951e-11,1.3788314e-11,1.948438e-12
4FGL J2359.7-5041,359.9365,-50.6853,bcu,5.1504364,2.7144496,2.639918,0.44655374,1.1160313e-12,6.9343495,2.112895e-08,1.3984187e-09,6.366505e-10,7.809172e-11,4.7104976e-12,1.658242e-15,8.963529e-15,3.74138e-15
4FGL J2359.9-3736,359.9816,-37.616,bcu,11.475555,2.0949326,1.9044238,0.1859413,1.7523396e-12,8.082824,8.510176e-14,7.733848e-11,4.779519e-10,1.6593223e-10,6.00309e-11,7.285311e-12,1.7879027e-12,1.5588352e-19
4FGL J2359.9+3145,359.9908,31.7601,bcu,11.3073435,1.892839,1.7545345,0.13968134,2.4249723e-12,19.205082,1.8725167e-10,6.848384e-10,2.3205256e-10,1.0977259e-10,7.3457906e-11,1.5715162e-11,6.467373e-12,7.6339624e-13
