Source_Name,RAJ2000,DEJ2000,CLASS1,Signif_Avg,PL_Index,LP_Index,LP_beta,Energy_Flux100,Variability_Index,Flux_Band_1,Flux_Band_2,Flux_Band_3,Flux_Band_4,Flux_Band_5,Flux_Band_6,Flux_Band_7,Flux_Band_8,Redshift
4FGL J0001.4-0010,0.3717,-0.1699,bll,5.2516475,2.1089518,2.1180434,-0.0102216955,1.3123957e-12,9.374194,1.7131245e-13,2.0348292e-09,3.776828e-10,6.490601e-11,1.9790036e-11,1.10302305e-11,4.2458394e-12,3.4016991000000003e-16,
4FGL J0001.8-2153,0.4647,-21.8865,bcu,3.9360256,1.9064263,1.7634001,0.263591,8.967048e-13,26.910145,3.2879786e-11,3.8430675e-10,8.4626806e-11,4.425704e-11,2.8815976e-11,5.0587646e-12,4.228593e-16,1.7488195e-12,
4FGL J0002.3-0815,0.5937,-8.2652,bcu,5.2694592,2.1850238,2.1486943,0.11246348,1.4066326e-12,13.4271145,1.1449438e-08,4.8909596e-12,4.3159584e-10,1.05202284e-10,2.8835186e-11,7.873561000000001e-17,4.156357e-12,4.3559794000000004e-16,
4FGL J0002.4-5156,0.6131,-51.9355,bcu,5.8108006,1.8815914,1.6310339,0.31822664,7.1682444e-13,19.804802,7.342884e-12,8.324416e-11,1.1332964e-12,3.808019e-11,3.6703945e-11,7.354801e-12,1.388998e-14,1.1260848e-16,
4FGL J0003.3-0703,0.8297,-7.0655,bcu,4.7392464,1.8098495,1.7028366,0.11130984,9.197285e-13,7.4973464,1.6278246e-12,1.4071065e-14,2.4133795e-10,2.6715135e-11,2.3163048e-11,6.8854427e-12,5.043292e-12,1.4955896e-15,
4FGL J0003.5+0717,0.8796,7.295,bcu,5.4730215,2.1880455,2.133449,0.27131036,1.0183127e-12,12.027017,1.4085916e-12,3.1469372e-10,3.6828326e-10,9.7955775e-11,3.3767406e-11,5.864343e-12,1.91989e-15,9.80558e-15,
4FGL J0004.3+4614,1.0757,46.2427,fsrq,11.245723,2.6151664,2.5576503,0.09903291,5.3413897e-12,148.10793,3.27747e-13,9.360279e-09,1.9198632e-09,3.4316344e-10,5.169028e-11,6.2561754e-17,1.4031696e-16,6.165132000000001e-17,
4FGL J0006.4-5621,1.6103,-56.3635,bll,7.211533,2.3892572,2.3713357,0.05335334,1.6368974e-12,22.026712,8.7050696e-09,1.8121866e-09,6.245117e-10,1.0337713e-10,1.7309869e-11,5.673713e-12,1.3273417e-16,1.8687838e-15,
4FGL J0007.5-5247,1.8893,-52.7863,bcu,5.705449,2.5297203,2.4467833,0.4040833,1.1691719e-12,10.770041,1.9099565e-10,1.7379171e-09,5.2533555e-10,1.2956917e-10,8.216247e-12,5.913085e-15,1.4418757e-15,2.4295817e-15,
4FGL J0008.4+6837,2.1142,68.6216,bcu,26.44023,2.4570093,2.4489334,0.19312085,1.5295433e-11,599.92053,2.6074753e-09,1.5784769e-08,6.718207e-09,1.410482e-09,2.5078198e-10,1.5306199e-11,2.5918785e-12,3.902898e-17,
4FGL J0009.8+1340,2.4653,13.6712,bcu,5.362248,2.1793685,2.131156,0.041002452,1.3172744e-12,17.651344,6.1495804e-09,3.940846e-09,1.7937807e-10,7.6608865e-11,3.1379656e-11,4.11211e-12,7.623601500000001e-16,3.4970357e-17,
4FGL J0009.8-6358,2.4743,-63.9696,bcu,5.3157153,2.9367661,2.9344683,0.043343656,1.6585112e-12,14.886085,1.0980527e-08,5.19366e-09,3.7482675e-10,5.463458e-11,1.1986463e-11,8.346721e-15,5.94314e-17,4.2537264e-16,
4FGL J0011.4-4110,2.8502,-41.1742,bcu,4.388951,2.4706922,2.467413,0.074262016,1.1521093e-12,11.567567,1.1226703e-11,3.2819079e-09,5.243862e-10,4.5011325e-11,1.5270367e-11,3.3248179e-12,6.0456274e-18,7.2087286e-19,
4FGL J0012.0+7043,3.0032,70.7326,bcu,12.205895,2.4018137,2.389481,0.034502678,6.597056e-12,38.12263,2.0878774e-08,1.1826798e-08,2.1706268e-09,3.8181466e-10,8.326976e-11,2.2802689e-11,3.6655634000000005e-16,4.5587902e-17,
4FGL J0013.0+3355,3.2636,33.9201,fsrq,11.10404,2.2566066,2.2030294,0.07071253,2.7822326e-12,106.5736,2.9045097e-12,2.1715396e-09,8.6128266e-10,1.784295e-10,4.4031615e-11,1.3384039e-11,2.3595789e-17,5.372208e-17,
4FGL J0013.4+0950,3.3544,9.837,bcu,9.273533,1.971606,2.0196164,-0.053171266,2.3710224e-12,20.064354,2.1703738e-11,5.9821825e-10,5.1307203e-10,1.5282525e-10,3.536633e-11,6.126373e-12,1.630323e-11,5.1894178e-17,
4FGL J0014.7+5801,3.6867,58.0272,bll,11.777328,1.7710534,1.5650905,0.1726677,2.6091993e-12,15.14013,6.3635417e-09,6.753371e-13,9.4257116e-11,4.2996585e-11,8.253958e-11,2.8254113e-11,8.333497e-12,3.7275677e-12,
4FGL J0014.8+6118,3.7212,61.3037,bcu,19.224836,2.0914214,1.963949,0.11534812,7.0648517e-12,12.158702,1.2386067e-08,3.374578e-09,1.5767276e-09,5.6567573e-10,1.9157761e-10,6.156672e-11,7.39337e-12,9.080906e-13,
4FGL J0015.6+5551,3.9071,55.8636,bll,16.470945,1.820141,1.8175685,0.002194594,4.3148636e-12,13.38414,8.240198600000001e-16,3.2924425e-09,5.3434074e-10,2.1843177e-10,8.305273e-11,3.52992e-11,1.4406887e-11,8.825475e-12,
4FGL J0018.8+2611,4.719,26.1896,fsrq,7.9100785,2.8122284,2.6147585,0.24046151,2.7862957e-12,90.94286,2.8938183e-08,4.1673607e-09,1.3444122e-09,1.02341476e-10,1.16802045e-11,1.257397e-15,1.814806e-15,2.8487632e-15,
4FGL J0020.3+6919,5.0918,69.3322,bcu,3.2042253,2.6460407,2.803282,0.2107964,3.1240696e-12,7.700611,1.3511835e-10,1.0957417e-08,1.2553083e-09,2.021186e-10,2.0612553e-11,1.7528344e-13,8.958828e-16,5.465885999999999e-19,
4FGL J0021.5-2221,5.3834,-22.3583,bcu,4.5856223,2.6953835,2.6620958,0.26767126,1.4560738e-12,20.074259,1.1354119e-10,2.507634e-09,6.802469e-10,6.3343525e-11,1.0701284e-11,5.9119236e-16,2.9076050000000005e-17,1.2770298e-15,
4FGL J0024.5-0810,6.1376,-8.1809,bcu,3.9845252,2.5707269,2.6370428,0.30256197,1.335015e-12,60.350643,6.791346e-13,3.036003e-09,4.9749377e-10,1.3708798e-10,6.442586e-12,4.696359e-15,4.4150254e-15,8.829187e-15,
4FGL J0028.5+2001,7.1262,20.017,fsrq,89.21285,2.2192743,2.095452,0.1006385,4.1030332e-11,7178.108,4.6786685e-08,3.870923e-08,1.4415528e-08,3.4711187e-09,7.8386575e-10,1.2260117e-10,1.6805512e-11,1.1893264e-16,
4FGL J0028.8-0112,7.2174,-1.2022,bll,4.079314,2.110465,2.0167496,0.062022932,8.8199765e-13,18.783464,1.340534e-11,1.5136787e-09,2.8162403e-10,3.2447368e-11,2.0596351e-11,3.7309504e-12,2.718836e-12,4.8078368e-17,
4FGL J0030.2+0001,7.5526,0.0329,bll,5.1196513,2.1695535,2.1303358,0.06937565,1.1218512e-12,19.28452,4.7751945e-11,1.8879216e-10,4.2099774e-10,5.586647e-11,2.0200114e-11,9.180126e-12,1.6077580999999999e-19,2.939227e-17,
4FGL J0032.5-4724,8.1497,-47.4039,bcu,5.594671,1.6941252,1.5157311,0.17311493,8.227701e-13,14.566522,1.2352708e-13,9.835399e-13,6.316961e-11,2.5759742e-11,1.9237839e-11,6.184661e-12,6.063331e-12,8.196363500000001e-16,
4FGL J0033.3-2040,8.3457,-20.6674,bll,6.026091,1.6612482,1.6267631,0.09981667,9.125949e-13,9.559684,5.272179e-10,3.9208692e-10,2.6421744e-14,4.4925976e-11,2.5602112e-11,4.532676e-12,4.5027792e-12,1.8741196e-12,
4FGL J0035.8-0837,8.9577,-8.6324,bll,9.021272,2.1166365,1.9720685,0.23935449,1.5096249e-12,45.642834,7.642739e-09,5.6899087e-15,3.7068396e-10,1.3637495e-10,6.5130804e-11,8.6927045e-12,1.7644668e-15,1.8951125000000002e-16,
4FGL J0035.8+6131,8.9684,61.5234,bcu,7.121661,2.621857,2.6568031,0.10620599,6.0981905e-12,34.645054,5.042113e-10,1.5911874e-08,2.5382434e-09,2.921707e-10,5.102824e-11,4.371494e-12,2.0376805e-17,5.2241807e-19,
4FGL J0035.9+5950,8.9823,59.8334,bll,69.93408,1.7666059,1.6634133,0.05210748,3.38651e-11,325.57568,3.7480005e-11,8.981508e-09,3.84475e-09,1.4531536e-09,8.0155604e-10,3.3861866e-10,1.1214247e-10,4.617006e-11,
4FGL J0036.8+1431,9.2162,14.53,bcu,4.9089923,2.3721178,2.3724523,-0.005864888,1.6732693e-12,6.703183,5.673878e-09,6.4796254e-12,6.0039884e-10,9.3338844e-11,2.2696818e-11,1.5651505e-12,1.7366193e-12,5.984090600000001e-17,
4FGL J0041.3+6052,10.343,60.8783,bcu,12.913219,2.766443,2.9930482,0.59639055,8.233013e-12,7.3585534,1.5420792e-08,2.0874638e-09,4.6470197e-09,5.330098e-10,1.5996827e-11,1.994134e-12,1.0249901e-17,8.820153e-16,
4FGL J0041.9-4702,10.4839,-47.0458,bll,7.4016743,1.6857028,1.4714915,0.23060454,9.139773e-13,8.500955,1.8773613e-10,2.4890635e-16,4.6459698e-15,3.537302e-11,2.3393227e-11,1.30898825e-11,3.1200797e-12,3.812008e-16,
4FGL J0044.8+6802,11.2189,68.0382,bcu,13.438526,2.506201,2.519627,0.10791512,7.705197e-12,41.58148,2.5400466e-08,8.302437e-09,3.5924794e-09,4.803378e-10,9.318183e-11,1.592823e-11,1.1840315e-12,1.6325332e-15,
4FGL J0044.9+4553,11.2311,45.8926,bcu,5.6287265,2.4884741,2.4255219,0.09038345,2.0075447e-12,10.868496,1.12022995e-08,2.585312e-09,6.6579936e-10,1.1450694e-10,2.6332748e-11,4.829343e-12,7.5668125e-23,7.441691e-23,
4FGL J0047.0+5657,11.7535,56.9601,bll,21.445501,2.1619983,2.0362885,0.10295496,6.2906663e-12,124.22853,7.1987e-09,3.113388e-09,1.7596713e-09,4.688153e-10,1.881776e-10,3.068125e-11,7.166109e-12,1.3323756999999998e-18,
4FGL J0047.9+5448,11.9872,54.8017,bcu,7.267247,1.7160591,1.7146506,-0.0019150373,1.4801207e-12,13.863037,9.277541e-12,7.496448e-12,2.0846516e-10,2.5301117e-11,4.2842126e-11,1.1069881e-11,3.039783e-12,5.110918e-12,
4FGL J0049.2+6227,12.3112,62.4626,bcu,4.248278,2.3391886,2.2150946,0.10086147,2.8808906e-12,3.311734,1.9587967e-10,3.748347e-09,8.224423e-10,9.787109e-11,5.5506495e-11,1.194235e-11,6.6088105e-17,2.138945e-17,
4FGL J0050.8-3428,12.7183,-34.4675,bcu,3.9325433,1.9453152,1.9424825,0.0021934176,6.405429e-13,19.292635,1.4592041e-11,5.206431e-12,1.3357251e-10,4.7485824e-11,5.924171e-12,1.0430965e-12,3.618459e-12,4.0883663e-16,
4FGL J0056.5-3936,14.1458,-39.6109,bll,5.8337083,2.163942,1.9442607,0.256117,1.1640268e-12,12.461758,5.5910915e-10,1.5788622e-10,2.485638e-10,9.5331264e-11,2.5968892e-11,3.050598e-12,7.588214500000001e-16,5.286087500000001e-16,
4FGL J0057.0+4101,14.2534,41.0179,bcu,5.6262546,2.0979626,1.9907937,0.21519682,1.2319527e-12,18.846731,1.3208531e-08,3.1643754e-11,1.0297804e-12,1.2919643e-10,1.9075163e-11,1.05109055e-11,3.0010684e-15,1.9729418e-18,
4FGL J0057.3+2216,14.3415,22.273,bcu,7.820092,2.1136773,2.0389955,0.08216779,1.9919446e-12,19.256672,6.8451356e-09,7.359229e-10,4.1679565e-10,1.687852e-10,2.8190885e-11,1.3881657e-11,8.631556e-17,2.7704772e-17,
4FGL J0058.3+1723,14.577,17.3884,bll,4.63588,1.5155816,1.3945888,0.2185577,6.7635226e-13,9.572169,1.5954993e-09,1.4722914e-12,1.0485852e-15,1.3344029e-12,1.3986228e-11,7.8621745e-12,7.696631e-12,4.7565638e-17,
4FGL J0059.5-3338,14.8869,-33.6407,fsrq,5.6946473,2.8047664,2.8058672,0.015488122,1.974583e-12,17.280392,1.235094e-11,5.3083196e-09,5.1393667e-10,7.6258666e-11,1.4478292e-11,2.4559608e-14,5.660701e-16,1.7814556e-15,
4FGL J0101.3-8019,15.3324,-80.3235,fsrq,4.793159,2.7389755,2.7196255,0.12350038,2.027408e-12,19.61396,8.453118e-09,3.7080428e-09,6.744911e-10,1.0062321e-10,1.6554045e-11,6.1451906e-15,1.167546e-15,3.9039663e-17,
4FGL J0102.1+5846,15.5371,58.7781,bcu,5.192584,2.313264,2.3206823,0.052705463,3.043305e-12,20.302282,5.421063e-12,3.8231143e-09,1.5653976e-09,1.4342869e-10,5.5924234e-11,5.0881504e-12,3.768889e-12,7.101637599999999e-18,
4FGL J0102.8+5824,15.701,58.4092,fsrq,59.444836,2.2838695,2.288061,0.06728792,4.1235716e-11,952.9826,5.4720108e-08,4.026644e-08,1.3527362e-08,3.220445e-09,7.2809664e-10,1.4270991e-10,1.9235972e-11,4.9971333e-12,
4FGL J0103.5+5337,15.8787,53.6262,bll,26.588034,1.8221352,1.6934736,0.07397568,7.845164e-12,47.23652,8.025678e-09,1.3284987e-11,5.3479665e-10,4.6358367e-10,1.9353358e-10,7.1155595e-11,2.744502e-11,6.577556e-12,
4FGL J0105.5+1912,16.3962,19.2052,bll,2.943237,2.3,2.6036057,0.035673026,9.0459763e-13,28.794146,8.479463e-09,1.0162587e-09,2.2429385e-10,5.5317244e-11,1.7815688e-11,2.1028652e-12,8.686017e-16,6.9093020000000005e-18,
4FGL J0105.9+3403,16.4847,34.0644,bll,5.79123,2.7534559,2.7476764,0.08933568,2.3031108e-12,70.02037,2.4832092e-10,4.0458508e-09,1.062706e-09,7.725477e-11,4.733389e-12,2.2872077e-12,1.215247e-16,1.1098659000000001e-16,
4FGL J0107.4+0334,16.8508,3.5691,bll,8.750334,2.1854582,2.1300397,0.07915048,2.0286682e-12,60.522034,1.7574654e-12,2.3554094e-09,5.355845e-10,1.4018488e-10,3.8127265e-11,1.04489785e-11,2.4016867e-12,2.2775449e-17,
4FGL J0107.6+4950,16.9067,49.8415,bcu,5.4320664,2.2656782,2.2464833,0.028056925,1.7470902e-12,12.520213,3.2056947e-11,5.4308114e-10,5.3307686e-10,1.1196802e-10,2.5821782e-11,7.697474e-12,1.0060736e-12,3.9344260000000005e-17,
4FGL J0109.7+6133,17.445,61.5615,fsrq,34.527103,2.627819,2.6598241,0.157711,2.6603853e-11,1086.423,5.814604e-08,4.355725e-08,1.1892517e-08,1.6052708e-09,1.9828299e-10,1.3774891e-11,2.2309894999999996e-18,1.09045355e-13,
4FGL J0110.1+6805,17.5454,68.0973,bll,46.39756,1.9886951,1.9705921,0.018485911,2.2285358e-11,28.154408,1.3941963e-10,1.5567819e-08,4.6357242e-09,1.2595359e-09,4.642523e-10,1.6200587e-10,5.141137e-11,8.789905e-12,
4FGL J0110.2+4151,17.5581,41.8591,bll,5.9618673,1.8334662,1.8415029,-0.0112357,1.0699177e-12,17.463028,3.965304e-09,3.7985576e-13,3.2935968e-10,4.9862937e-11,1.6186632e-11,1.2440902e-11,1.0817103e-15,3.8964027e-12,
4FGL J0110.3-0431,17.5797,-4.5267,bcu,5.3642,2.3668318,2.3878224,0.096741565,1.648609e-12,23.517124,3.9674702e-10,3.329773e-09,5.071195e-10,1.15867094e-10,1.5637052e-11,5.1450936e-12,4.2844894e-12,2.8146127e-16,
4FGL J0111.4-7304,17.8557,-73.0719,bcu,4.8051677,2.1697872,2.1864948,0.15395357,1.293766e-12,9.580645,7.812405e-09,3.0553365e-17,3.0395977e-10,1.0171137e-10,2.8123259e-11,3.5699002e-12,4.81298e-13,2.4848706e-17,
4FGL J0112.6-3158,18.1611,-31.9743,bll,5.5944524,2.013326,1.7441348,0.26934102,1.000015e-12,15.14904,9.909975e-12,2.8337552e-10,8.8563726e-11,5.028033e-11,2.963911e-11,8.457238e-12,2.6567665e-17,7.460077500000001e-16,
4FGL J0112.8-0253,18.2061,-2.8965,bcu,4.2026606,2.0622973,1.9433079,0.3043408,1.0300475e-12,15.250021,4.3867843e-10,3.92131e-12,1.6170298e-13,7.385059e-11,3.441239e-11,2.108316e-12,3.434882e-13,3.0369247e-16,
4FGL J0114.0+6418,18.5151,64.304,bcu,7.5943418,2.132163,2.003652,0.15514944,3.5465853e-12,46.62847,2.1133683e-11,5.994677e-09,5.3270627e-10,1.5825237e-10,8.234083e-11,1.7688222e-11,3.6392087e-12,2.3257865e-12,
4FGL J0115.6-5653,18.9053,-56.8954,bcu,4.5612636,1.6842656,1.4562032,0.15516457,5.6054337e-13,4.251825,3.0074460000000005e-17,5.5253664e-13,1.1935908e-10,9.298989e-12,1.0514022e-11,5.6325313e-12,4.2248162e-12,6.940631e-16,
4FGL J0118.7-0848,19.6884,-8.808,bcu,8.304416,2.6799011,2.7323346,0.1987797,2.7157124e-12,36.526264,3.4805843e-09,6.556377e-09,1.0772446e-09,1.5156984e-10,1.3332664e-11,2.2821836000000004e-16,8.6615174e-17,4.0022197e-15,
4FGL J0121.8+1147,20.4673,11.7961,fsrq,4.344359,2.0146165,1.935229,0.111350276,9.117556e-13,10.305655,6.724702e-11,7.679188e-12,9.3876885e-11,5.880712e-11,2.1357752e-11,6.408378e-12,1.4380538e-12,4.032567e-18,
4FGL J0122.1-3004,20.5293,-30.0697,bcu,5.3957124,1.4475635,1.1488322,0.28462967,6.557921e-13,8.172603,8.709062e-13,9.431889e-12,8.5898406e-11,6.5946302e-12,8.944627e-12,4.730548e-12,1.0218961e-11,1.6075125000000002e-16,
4FGL J0123.7+4209,20.9338,42.1646,bll,5.2642193,1.8932304,1.9048933,-0.021106014,9.142585e-13,19.310022,1.2292058e-12,1.0926603e-09,2.6372654e-10,5.8795066e-11,7.062441e-12,1.1045288e-11,2.5269144e-12,2.106427e-12,
4FGL J0125.3-5112,21.3296,-51.2115,fsrq,5.328333,2.6975021,2.6761825,0.08686736,1.6392133e-12,6.626488,2.2111675e-10,2.9982066e-09,5.6141075e-10,7.2190996e-11,1.4024269e-11,2.36816e-13,8.239668000000001e-17,1.4239040000000002e-17,
4FGL J0125.4+3200,21.3656,32.0086,bcu,4.0407295,2.8849206,2.873272,0.16311128,2.210146e-12,24.466644,1.8777162e-09,5.513479e-09,7.687732e-10,6.2507256e-11,1.0417689e-11,2.4951783e-14,4.843768500000001e-16,3.0817403e-15,
4FGL J0125.8+2605,21.4745,26.0884,bcu,5.007577,2.4926414,2.4856536,0.028254291,2.1457263e-12,14.018995,8.1107805e-09,9.005448e-09,4.390863e-10,1.3846367e-10,2.591742e-11,2.6187524e-12,1.7868862e-12,1.0026629e-16,
4FGL J0126.5-1553,21.6487,-15.8849,bcu,4.6111016,2.5429344,2.465175,0.08060689,1.4601046e-12,10.698843,7.967358e-09,3.244486e-09,4.8381443e-10,7.797945e-11,1.883317e-11,3.6639244e-15,4.738813700000001e-16,7.974872400000001e-16,
4FGL J0127.3-0148,21.8421,-1.8001,bll,4.2376213,2.1907659,2.1965296,0.12762743,1.0627333e-12,12.31733,2.0495077e-09,1.2103376e-13,3.578226e-10,1.0838117e-10,8.4075634e-13,4.215582e-12,3.0214503e-12,8.133519999999999e-20,
4FGL J0128.2-1722,22.0504,-17.3752,bcu,5.766599,2.4768198,2.3763788,0.13176812,1.7048573e-12,18.774025,3.2481164e-11,1.0438298e-09,5.917678e-10,1.00005136e-10,2.7225725e-11,5.8024044e-15,3.8232905e-20,2.2640405e-15,
4FGL J0128.3+5710,22.0835,57.17,bcu,5.8571033,2.317836,2.3166802,0.0084175,2.3448856e-12,24.3672,1.1053931e-08,3.925183e-09,7.836418e-10,1.298843e-10,2.78791e-11,1.0660768e-11,2.9118346e-12,6.812507000000001e-17,
4FGL J0129.0+6312,22.27,63.2118,bcu,9.881953,2.7114627,2.8587477,0.3065984,9.63604e-12,6.49588,4.2354917e-10,1.5273903e-08,4.7105897e-09,5.4655824e-10,6.4209985e-11,3.0783205999999997e-18,1.5746861e-15,3.9067576000000004e-16,
4FGL J0131.1+6120,22.7924,61.3372,bll,38.43588,1.8156923,1.6731838,0.089775935,1.4914292e-11,100.07071,6.999611e-09,2.475368e-11,1.0956236e-09,7.610833e-10,3.9728332e-10,1.4031447e-10,5.251574e-11,1.131925e-11,
4FGL J0131.2+5547,22.8214,55.7849,bcu,16.142672,2.1350937,2.1161723,0.03403944,6.077383e-12,9.9803915,1.7567966e-09,3.295302e-09,1.7689747e-09,3.619509e-10,1.1759659e-10,3.007611e-11,1.1379097e-11,3.2110442e-13,
4FGL J0133.7-5527,23.445,-55.4502,bcu,5.355674,2.3062625,2.2501786,0.054584656,1.0565154e-12,14.627979,9.45061e-14,2.6450286e-09,1.827864e-10,7.944395e-11,9.808442e-12,7.1766265e-12,6.598499e-16,2.6038378e-16,
4FGL J0135.0+5338,23.7639,53.6351,bcu,6.5929594,2.5375915,2.4217534,0.45662788,1.8509543e-12,11.722582,4.1370585e-13,9.3056535e-10,9.768745e-10,2.3450977e-10,1.434386e-11,3.940983e-17,3.1410053e-15,7.888205e-16,
4FGL J0135.3-2728,23.8278,-27.4694,bcu,4.1197968,2.2937756,2.2860734,0.01941098,9.585972e-13,8.232309,1.1955672e-13,2.6434796e-10,3.3204875e-10,4.7624606e-11,2.0380397e-11,5.630248299999999e-19,1.5142358e-12,5.2126087e-17,
4FGL J0136.8+2032,24.2019,20.5381,bcu,4.7814684,2.6306813,2.6002746,0.061189257,1.8053899e-12,17.1097,2.2301134e-09,4.107341e-09,5.9129157e-10,1.0504189e-10,1.2791728e-11,2.460517e-13,2.2675992e-18,1.4429201e-16,
4FGL J0137.5+0847,24.3853,8.7989,fsrq,4.927248,2.8292165,2.768083,0.10785614,2.153821e-12,11.336726,3.8314574e-09,4.007627e-09,9.0876034e-10,4.8012323e-11,1.6882133e-11,9.264313e-17,3.2880646e-15,2.1721914e-15,
4FGL J0137.9+5814,24.4957,58.2494,bll,40.553074,1.9565228,1.9457812,0.012057728,1.7482531e-11,66.34927,1.722255e-08,4.504178e-09,3.2156626e-09,1.0571606e-09,3.5678807e-10,1.1348519e-10,4.7484662e-11,1.7296923e-11,
4FGL J0138.6+2923,24.6637,29.3855,bcu,8.190718,2.6827228,2.6578062,0.08305037,3.0615423e-12,98.61732,9.117381e-10,7.1593815e-09,1.1956469e-09,8.9228055e-11,2.7754828e-11,2.3821758e-12,5.892727e-18,1.7447648e-18,
4FGL J0143.3-0119,25.8474,-1.3274,bcu,3.4664354,2.5622451,2.5274494,-0.098357424,1.0638703e-12,19.146957,9.112164e-12,3.8085313e-09,3.3111566e-10,1.7838806e-15,1.6814357e-11,3.6924053e-12,3.315535e-12,5.889646e-16,
4FGL J0145.9+2319,26.4827,23.3329,bcu,7.1940575,2.3955083,2.327367,0.09740984,2.6792939e-12,26.149082,1.4795407e-08,2.1383384e-09,9.0811414e-10,1.7591464e-10,3.2236144e-11,5.5371922e-12,2.3901044000000003e-16,1.508685e-15,
4FGL J0147.6+1547,26.9015,15.7955,bcu,4.970475,2.435945,2.445716,-0.029518746,1.6053686e-12,18.654613,4.416859e-09,4.1738817e-09,3.7016595e-10,8.597686e-11,1.4432621e-11,1.0392795e-11,1.0687562e-12,7.801632499999999e-18,
4FGL J0147.6-6028,26.9157,-60.4752,bcu,5.7916536,1.8969439,1.7579237,0.19256583,8.760199e-13,10.75817,8.9399854e-10,2.0359125e-14,1.0294749e-11,5.2497694e-11,2.3112538e-11,6.1993206e-12,2.7268344e-12,8.0776754e-17,
4FGL J0147.6-0825,26.9177,-8.4245,bcu,11.389917,2.3709593,2.3420331,0.047113743,3.2032985e-12,103.08178,4.1874133e-11,4.3787747e-09,1.1136158e-09,1.948034e-10,4.5385747e-11,5.0801967e-12,2.3668576e-12,1.0785012000000001e-16,
4FGL J0148.2+5201,27.0594,52.0243,bll,23.2941,1.7966598,1.6650268,0.08819669,5.8647943e-12,24.776337,6.5133055e-10,8.2363675e-14,4.4176052e-10,3.318602e-10,1.2542797e-10,6.181745e-11,3.0186284e-11,1.3495322e-12,
4FGL J0149.8+2650,27.465,26.8496,bll,4.7474036,2.2510748,2.1787174,0.09878557,1.4988829e-12,7.1204233,2.9650708e-15,9.304922e-10,2.455338e-10,1.14156316e-10,2.9293134e-11,4.503351e-12,4.227622e-13,6.155693000000001e-17,
4FGL J0150.5-3337,27.6429,-33.6203,bcu,4.345302,2.450639,2.4357767,0.020718494,1.0970645e-12,23.210293,3.9790002e-09,2.2941917e-09,3.5743758e-10,5.463583e-11,1.545213e-11,5.627066e-13,7.461182400000001e-16,1.3844297e-15,
4FGL J0151.7+5455,27.9312,54.9172,bcu,7.1964846,2.507407,2.5524635,0.20533162,3.478519e-12,22.434282,3.7474832e-10,5.159161e-09,1.2379217e-09,2.14059e-10,3.1914433e-11,3.648807e-12,2.9998608e-12,5.9248783e-17,
4FGL J0152.6-1404,28.166,-14.0695,fsrq,4.2027283,2.7891104,2.775241,0.013257986,1.4698599e-12,25.836117,8.825364e-10,3.072801e-09,3.199843e-10,1.0047141e-10,9.009747e-14,2.2776366e-12,2.7764692000000005e-16,4.4066892e-16,
4FGL J0153.5-5107,28.396,-51.1293,fsrq,2.741277,3.0366707,3.009857,0.058899608,1.3590567e-12,21.114857,2.2986621e-12,1.8777764e-09,4.3923357e-10,5.954257e-11,1.5883475e-12,2.388601e-16,4.034571e-17,6.47017e-17,
4FGL J0154.5-6604,28.6461,-66.0793,bcu,28.280363,2.343447,2.235766,0.11644649,6.091228e-12,1091.331,2.9538073e-08,8.217406e-09,2.260594e-09,4.9914767e-10,1.2236764e-10,1.14968495e-11,8.720586e-16,9.2770415e-18,
4FGL J0155.4-0625,28.8536,-6.4224,bcu,3.8267248,2.2712429,2.2558584,0.113419496,1.0650348e-12,16.947716,1.6274441e-13,2.28305e-10,4.829287e-10,7.091959e-11,1.120636e-11,3.8898893e-12,1.0134799e-14,8.748248e-18,
4FGL J0156.1+1502,29.0316,15.0405,bcu,5.0905275,1.7818102,1.5748118,0.2094664,9.872438e-13,11.480484,3.3220302e-12,7.247928e-12,8.8298415e-16,3.4523592e-11,2.2746362e-11,1.3769383e-11,2.1213125e-12,1.6184337e-19,
4FGL J0156.6-1758,29.1655,-17.9732,bcu,6.9360294,2.2353058,2.1783884,0.06110119,1.5633553e-12,14.893923,1.6991904e-14,1.1151884e-09,3.772484e-10,9.5615994e-11,3.7604572e-11,4.7165366e-12,1.6153007000000002e-16,1.258814e-17,
4FGL J0156.9-3235,29.2453,-32.5984,bcu,5.3717523,1.8019382,1.7564975,0.042895198,7.913213e-13,12.299678,3.3481384e-10,1.7919349e-13,1.5603135e-10,4.317918e-11,1.219736e-11,5.0578764e-12,3.3357139e-12,1.6353142e-12,
4FGL J0158.2+2515,29.5735,25.2663,bll,4.151485,1.5792304,1.52329,0.2681827,7.1424144e-13,6.675652,2.7705263e-09,1.8023516e-09,3.2069784e-13,1.5941859e-11,1.257482e-11,1.1220281e-11,1.6383904e-12,4.72936e-13,
4FGL J0158.5-5005,29.6263,-50.088,bcu,17.206453,2.432668,2.382477,0.05997974,4.564568e-12,256.97952,1.2726837e-09,7.562846e-09,1.4157937e-09,2.838976e-10,7.416385e-11,5.5525103e-12,4.705328400000001e-16,1.1029808000000001e-16,
4FGL J0158.9+7037,29.7382,70.6328,bcu,4.6097827,2.3432639,2.0610645,0.3915288,1.1290369e-12,14.113807,4.6954733e-09,8.262101e-13,1.2530378e-10,1.1890411e-10,5.4495613e-11,2.3810374e-12,2.293072e-15,2.0023344e-18,
4FGL J0202.1+3939,30.5335,39.6635,fsrq,7.169045,2.5633583,2.384046,0.2586777,1.9762703e-12,54.82007,7.7522005e-10,3.2093481e-09,8.6177776e-10,1.9046364e-10,1.0867981e-11,5.4792114e-13,1.7873638e-15,7.8027833e-16,
4FGL J0202.3-0605,30.5758,-6.0977,bcu,4.5800667,2.3327591,2.3027205,0.10456308,1.2402989e-12,12.680544,6.3770777e-13,1.2475965e-09,4.2567716e-10,9.090096e-11,1.1721331e-11,4.5393466e-13,3.243764e-12,7.063451e-18,
4FGL J0203.9+5411,30.9799,54.1873,bcu,4.6231766,2.2367346,2.1255398,0.12708461,1.5354968e-12,24.222767,6.3770376e-09,6.3084856e-13,1.4446837e-10,1.4503478e-10,2.8330711e-11,3.7528596e-12,7.2114905e-13,5.0836403e-17,
4FGL J0204.1-2919,31.0473,-29.3217,bcu,3.8793015,1.9966953,1.7640967,0.36608508,4.69665e-13,20.978779,4.9672676e-11,6.6813347e-11,5.5447372e-11,4.6281607e-11,2.0936008e-11,3.8007045e-12,3.3764806000000003e-16,9.474374e-18,
4FGL J0205.2-3050,31.3011,-30.8365,bcu,4.183924,2.684005,2.4826808,0.27205375,1.3687767e-12,8.205786,1.3383489e-08,1.0614434e-09,6.0862465e-10,7.584522e-11,1.7536802e-14,9.68142e-13,1.7610793e-17,2.8096567e-18,
4FGL J0206.4+3829,31.6172,38.4948,bcu,6.4115415,1.9237809,1.7363228,0.17387125,1.3154236e-12,16.143719,1.1025929e-08,1.6342733e-09,4.604192e-13,6.867009e-11,3.8865043e-11,1.0243787e-11,2.4770038e-12,3.7321215e-17,
4FGL J0209.7+6437,32.4275,64.6314,bcu,3.1118293,2.5899715,2.888761,0.24570474,3.583725e-12,84.407776,1.2428925e-09,5.204474e-14,1.6409005e-09,2.549786e-10,2.7924576e-11,5.420446e-12,1.716329e-16,5.714633000000001e-17,
4FGL J0213.2-0503,33.3031,-5.0625,bll,4.886857,2.3356419,2.2249649,0.29085276,8.297539e-13,12.955026,7.621874e-09,1.8072622e-11,2.3890734e-10,1.2566276e-10,1.1627863e-11,7.158743e-16,1.8028104e-17,1.5019810999999998e-18,
4FGL J0214.1-4733,33.5464,-47.5577,bll,6.5354733,2.0240762,1.93682,0.05375601,1.1585683e-12,10.686037,1.2312789e-09,2.8749064e-10,2.4437077e-10,6.914562e-11,2.5067646e-11,1.1064906e-11,3.0445103e-22,2.1001052000000001e-16,
4FGL J0214.3+5145,33.5946,51.757,bll,19.306042,1.8673714,1.9048592,-0.032440078,5.4422304e-12,16.661287,1.4841669e-09,3.744075e-09,9.086376e-10,2.5869681e-10,1.3195632e-10,3.284656e-11,1.0388865e-11,1.4385753e-11,
4FGL J0214.6-4333,33.6682,-43.5527,bcu,3.8933392,1.6153065,1.4319636,0.12815104,5.076989e-13,9.464371,1.6625862e-10,6.4917777e-10,1.1757323e-10,8.869476e-12,7.695846e-12,6.911704e-12,2.0849752e-12,1.575362e-12,
4FGL J0215.2-1619,33.8031,-16.3277,bll,5.9486384,2.0758035,2.1021867,-0.03909208,1.0969296e-12,7.898153,1.6308503e-08,8.827783e-11,1.8278216e-10,7.405771e-11,1.9261988e-11,4.2085848e-17,7.1492447e-12,3.6734693e-19,
4FGL J0215.9+0521,33.986,5.3519,bcu,5.063249,2.159031,2.1340663,0.033082027,1.5802636e-12,17.71547,4.5741112e-11,3.0483676e-09,8.65466e-11,1.4251707e-10,3.4491604e-11,2.838735e-12,3.523041e-12,1.5164116e-15,
4FGL J0218.7+2640,34.6851,26.6812,bcu,4.7189894,1.8566601,1.6003793,0.3165008,8.687429e-13,8.421778,1.1832375e-09,2.5592333e-09,4.1322306e-14,3.4930496e-11,3.024659e-11,5.53039e-12,1.8925402e-12,9.641319400000001e-17,
4FGL J0218.9-2305,34.731,-23.0986,bcu,17.145775,2.5127714,2.4763863,0.061045893,4.6288455e-12,159.56801,1.8197923e-08,8.25762e-09,1.5836173e-09,2.362285e-10,7.100008e-11,2.3769222e-13,2.4806945e-16,4.4079195000000005e-16,
4FGL J0221.2-1312,35.313,-13.2046,bcu,5.354422,2.7403028,2.7505257,-0.019625062,1.7156082e-12,17.580873,1.0468774e-09,4.128652e-09,5.272308e-10,7.062421e-11,9.533076e-12,2.6484865e-12,8.0548367e-17,3.0607197e-19,
4FGL J0221.8+3730,35.469,37.511,bcu,5.925868,2.356019,2.336265,0.096711814,1.8533898e-12,20.944054,8.5019245e-09,2.1652476e-10,6.378895e-10,1.1054671e-10,2.99885e-11,1.1970993e-12,1.1516684e-12,6.588135400000001e-16,
4FGL J0223.0+6821,35.7648,68.3646,bll,14.314509,2.08546,2.0263731,0.074576825,5.2928543e-12,17.695337,3.6657026e-09,4.619332e-09,9.270591e-10,3.0440003e-10,1.274024e-10,2.5488377e-11,9.37046e-12,4.9790754e-13,
4FGL J0223.2-1653,35.8128,-16.8868,fsrq,4.9878426,2.7023692,2.8299582,0.33009067,2.0422633e-12,25.459324,1.01917355e-08,3.4860286e-09,1.01614e-09,1.2887555e-10,1.1545975e-12,8.1333844e-17,9.197673e-17,2.4116955e-15,
4FGL J0223.5+5415,35.8799,54.25,bcu,7.5294747,1.8758262,1.7695918,0.27864113,1.3737872e-12,26.246405,1.4729496e-12,1.0700922e-13,3.0980770000000003e-17,7.482862e-11,5.8025404e-11,1.4022933e-11,4.3314263e-12,1.1600267e-13,
4FGL J0225.5-5618,36.3842,-56.3049,bcu,4.4936504,1.7955229,1.6886971,0.09649027,6.8070316e-13,5.1927233,6.085331e-09,2.149415e-12,2.0648593e-10,2.5629908e-12,2.153605e-11,4.4239824e-12,4.4521305e-12,3.5320382000000005e-16,
4FGL J0227.0-1739,36.7591,-17.6637,bcu,8.027971,2.4909933,2.3162525,0.24986506,1.6908383e-12,36.125694,1.994388e-09,1.7400611e-09,6.871999e-10,1.818548e-10,2.4699827e-11,6.909512000000001e-17,1.0419246e-12,3.726801e-16,
4FGL J0227.3-6119,36.826,-61.3177,bcu,5.464711,2.3629606,2.3239625,0.0626219,1.3451927e-12,16.882336,2.1637206e-11,1.9674955e-09,4.858978e-10,7.017693e-11,2.4144785e-11,1.870106e-12,1.0555494e-15,2.535547e-16,
4FGL J0228.5-2234,37.1313,-22.582,bcu,4.798714,2.347577,2.2497346,0.115387626,1.199225e-12,18.064968,4.2614137e-12,1.2504997e-09,2.3070179e-10,9.050608e-11,2.5095837e-11,1.95984e-12,6.883766e-19,5.2566418e-17,
4FGL J0228.7+6718,37.1976,67.3064,fsrq,13.145168,2.595539,2.646034,0.18943791,7.824412e-12,47.46702,1.2057426e-10,8.130294e-09,4.1801265e-09,4.955806e-10,7.542635e-11,1.0476265e-11,5.3505136e-21,2.8746775999999997e-18,
4FGL J0230.0-5236,37.5205,-52.6054,bcu,5.6732473,2.4534972,2.248142,0.23304395,1.4369535e-12,13.757364,5.0046234e-10,6.615979e-10,4.1247228e-10,1.1967445e-10,1.33675935e-11,1.5940517e-12,2.3574874e-17,1.1791618e-15,
4FGL J0240.6+3528,40.1581,35.476,bcu,5.6667657,2.001704,1.9194386,0.049587358,1.147531e-12,13.580947,1.0218492e-12,2.231734e-09,2.967368e-10,3.39997e-11,2.849597e-11,9.71991e-12,2.0416338e-12,2.7696042e-18,
4FGL J0241.3+6543,40.3386,65.7288,bll,20.77289,2.1053672,2.087373,0.02515664,9.291025e-12,37.532578,6.869622e-12,5.7559166e-09,2.2611948e-09,6.0979194e-10,1.7449557e-10,5.3237352e-11,1.3636783e-11,1.3357391e-12,
4FGL J0242.3+5216,40.5974,52.2798,bcu,16.60853,2.6542022,2.750529,0.19156404,1.0098207e-11,149.11122,3.9375125e-09,1.2938313e-08,4.5646344e-09,5.427644e-10,7.7598546e-11,3.2717791e-12,9.363119000000001e-17,5.4494486e-23,
4FGL J0242.9+0045,40.7476,0.7526,bll,7.972815,2.0466287,1.948995,0.08157259,1.7251025e-12,11.743267,2.5926195e-09,1.4323701e-09,4.4367293e-10,5.6216524e-11,6.182254e-11,4.272512e-12,5.0576444e-12,1.2092778e-15,
4FGL J0243.7+0321,40.9314,3.36,bcu,5.341536,2.3697977,2.2971973,0.20070235,1.6122712e-12,4.6350102,4.392385e-14,2.9742785e-13,4.989936e-10,1.126385e-10,3.370816e-11,4.999881e-13,1.9568824e-15,9.862507e-13,
4FGL J0245.5-4502,41.3934,-45.0475,fsrq,6.507496,2.8884063,2.8425093,0.12737171,2.2402536e-12,10.995832,7.941581e-09,5.5001066e-09,8.347702e-10,7.2884754e-11,6.625701e-16,7.961413e-14,1.4693983e-12,1.2117434e-12,
4FGL J0248.6+5131,42.1587,51.5333,bcu,32.0265,1.9622244,1.7852387,0.11533228,1.02117195e-11,18.268427,2.1671132e-08,7.845383e-09,1.7056937e-09,6.825244e-10,3.0421737e-10,1.0697036e-10,1.4327721e-11,1.9993119e-13,
4FGL J0248.6-3511,42.1656,-35.1997,bcu,5.7772417,2.8186877,2.7780008,0.06938585,2.1243014e-12,33.281586,1.3342097e-08,3.4729741e-09,7.268387e-10,9.4505265e-11,8.7014545e-12,2.582846e-15,1.1950996e-16,3.1785272e-17,
4FGL J0249.7+4500,42.4447,45.0108,bcu,4.102583,1.5608128,1.5136604,0.21973133,6.068521e-13,18.155722,2.7813976e-09,1.4137992e-13,1.169933e-16,2.8975792e-11,1.1401061e-11,5.890126e-12,3.7918605e-12,1.4204995e-12,
4FGL J0250.3-3422,42.5813,-34.3746,bcu,2.6190345,2.3637085,2.1871703,0.19417863,6.7634966e-13,19.199276,3.8348857e-13,2.3651945e-09,2.8662563e-12,5.900367e-11,1.2415626e-11,1.6781238e-15,1.5690985e-15,1.0047897000000001e-16,
4FGL J0250.7+5630,42.6982,56.5137,bcu,14.363695,2.043944,2.0221987,0.027264662,6.108795e-12,7.687391,5.1566293e-09,4.094647e-09,1.6710543e-09,2.9071487e-10,1.3239972e-10,4.3181778e-11,9.14575e-12,1.8640389e-12,
4FGL J0253.9+5103,43.4933,51.0633,fsrq,15.3380375,2.49972,2.4946628,0.06082462,9.5327435e-12,125.448395,5.0830478e-09,1.1217149e-08,3.5528658e-09,4.9676485e-10,1.2223053e-10,1.6106404e-11,9.520934e-16,2.2754811999999997e-18,
4FGL J0254.5-7511,43.6356,-75.1938,bcu,6.593993,2.5479047,2.5244741,0.054595117,2.0000989e-12,51.042866,1.4424347e-08,4.3165618e-09,6.327479e-10,1.09865e-10,1.7782175e-11,3.2894622e-12,2.63583e-13,6.108362999999999e-19,
4FGL J0254.8+3933,43.7227,39.5638,fsrq,7.3265905,2.6592157,2.557432,0.14481196,3.2821424e-12,148.73416,3.8861853e-10,4.8538706e-09,9.818165e-10,2.1159491e-10,1.1931142e-11,2.8235806e-12,1.3328106e-16,8.178555000000001e-17,
4FGL J0259.3+5453,44.8486,54.891,bcu,5.2341843,1.9279315,0.9562544,0.4212866,1.6641262e-12,7.5322237,4.8385274e-10,5.6823227e-12,9.2635927e-10,7.448085e-11,3.3744294e-12,2.0962109e-11,5.8197345e-12,3.3741425e-17,
4FGL J0259.4+0308,44.8544,3.1487,bcu,4.3450484,1.7281469,1.6255279,0.07657361,9.114981e-13,17.186653,8.65328e-09,3.0527048e-15,2.0861587e-10,5.1848525e-11,1.6458572e-11,6.1323112e-12,4.4801055e-12,1.4899709e-12,
4FGL J0300.2-0514,45.0748,-5.2474,bcu,4.3029838,2.1513877,2.195597,-0.10601116,9.521445e-13,10.610993,9.388377e-11,2.1859803e-09,3.1113578e-10,7.102099e-11,1.1177192e-11,7.50496e-14,3.8180166e-16,3.791081e-12,
4FGL J0301.5-7156,45.4,-71.9408,fsrq,65.609764,2.2979183,2.2301073,0.053879876,1.8927816e-11,3566.3672,3.9607144e-08,2.0327356e-08,6.404327e-09,1.4281054e-09,3.1977773e-10,4.767403e-11,7.0608844e-12,1.0641377e-12,
4FGL J0303.6+4716,45.9098,47.2759,bll,62.481247,2.1517153,2.033598,0.09042272,2.5613697e-11,90.28766,3.844554e-09,1.7862513e-08,7.438811e-09,2.1489828e-09,6.159852e-10,1.0429428e-10,2.9024769e-11,4.1848404000000006e-16,
4FGL J0304.5+3349,46.1379,33.8261,bcu,8.032634,2.5753849,2.680745,0.18807971,4.1598756e-12,110.14782,9.619594e-09,2.1508901e-09,2.3443447e-09,2.3801575e-10,3.1868574e-11,5.216402e-12,4.1274044000000005e-16,4.1213015e-15,
4FGL J0304.5+6821,46.1411,68.3539,bcu,20.797136,2.6616344,2.8207328,0.20374855,1.4753223e-11,100.79706,7.727187e-09,2.7498505e-08,6.7553505e-09,8.746978e-10,8.213828e-11,1.1394572e-11,2.2117798e-15,1.707874e-15,
4FGL J0307.4+4915,46.8647,49.257,bll,33.77156,2.0706549,1.9496963,0.098186515,1.2426337e-11,29.603045,1.4343727e-08,6.462287e-09,2.651167e-09,1.0692559e-09,3.0795239e-10,9.170528e-11,1.32036665e-11,5.645601e-13,
4FGL J0311.2+6856,47.8043,68.9385,bcu,8.604619,2.2137277,2.0142357,0.1754428,2.352222e-12,25.927956,2.5215154e-08,4.5591416e-11,8.158632e-10,1.5272977e-10,9.2532024e-11,1.0597111e-11,3.2909884e-12,1.1313352e-16,
4FGL J0311.6+4134,47.9028,41.581,bcu,4.6186,2.0601666,1.8302594,0.25183105,1.1762158e-12,20.831158,1.5859992e-09,1.2943713e-12,4.2871653e-10,2.860572e-11,4.0050966e-11,3.8196217e-12,3.4798447e-12,2.1625103000000003e-16,
4FGL J0313.0+0229,48.273,2.4911,bcu,19.276619,2.4441173,2.3621075,0.11197729,7.0699176e-12,400.66788,5.2121396e-09,1.13500604e-08,2.7481342e-09,5.1930993e-10,1.1395385e-10,7.790746e-12,4.733471599999999e-18,7.091738e-18,
4FGL J0316.6-2216,49.1542,-22.2736,bll,4.129479,2.0066636,1.898027,0.14809749,6.641698e-13,12.919292,3.736297e-12,1.0600662e-12,1.9214599e-11,5.2822465e-11,1.45352445e-11,3.5269348e-12,1.6899745e-12,1.6119459000000002e-16,
4FGL J0317.9+2010,49.4767,20.1801,bcu,4.6861916,1.8283017,1.7960091,0.06608976,1.0081948e-12,10.301824,3.383172e-10,2.2035258e-12,3.787629e-13,7.742438e-11,2.6835157e-11,2.397251e-12,3.1387729e-12,2.169271e-12,
4FGL J0320.6+1125,50.1609,11.4328,bcu,6.0810175,2.117796,2.1136384,-0.00045916057,2.5645827e-12,11.052758,2.5086588e-10,1.7467456e-09,8.747354e-10,1.6162705e-10,4.3947134e-11,1.2962156e-11,2.081076e-12,4.8079912e-12,
4FGL J0321.3+0425,50.326,4.4275,bcu,4.9384246,2.632639,2.658791,-0.055437725,2.5139515e-12,22.83255,3.3195637e-11,5.3020077e-09,7.86719e-10,8.8390156e-11,2.198596e-11,3.9946e-12,2.2004779e-12,1.4633133e-17,
4FGL J0321.3-1612,50.3271,-16.2096,bll,3.6442475,2.0967913,1.8700296,0.25737938,8.48858e-13,10.655423,2.4344104e-13,2.6547995e-14,2.7430958e-10,6.034866e-11,2.1473172e-11,6.2138224e-12,5.931932e-18,3.586084e-18,
4FGL J0321.7-7500,50.4345,-75.0041,bll,7.3219776,2.413018,2.3907826,0.030670092,2.122471e-12,16.970995,1.20937385e-08,1.9124549e-09,6.529908e-10,1.5624757e-10,1.6223545e-11,7.1483054e-12,1.4028894e-12,1.6692717e-19,
4FGL J0322.4+6606,50.6146,66.1102,bcu,4.265107,2.631006,2.6237645,0.11934255,3.5371484e-12,44.011925,1.1981185e-10,3.0113396e-09,1.2785031e-09,2.0302755e-10,2.6352255e-11,1.8017585e-12,2.5857309e-16,4.1386913e-17,
4FGL J0322.6-5040,50.658,-50.6711,fsrq,4.708267,2.592304,2.5888674,0.09759753,1.2797249e-12,24.754482,1.3449328e-14,2.3423326e-09,5.802283e-10,6.154733e-11,5.1422334e-12,2.213184e-12,4.982388e-13,3.3343766e-17,
4FGL J0325.2+4705,51.3103,47.0882,bcu,9.077923,2.660265,2.6725163,0.11897571,6.499474e-12,63.237106,2.2016089e-08,1.2465146e-08,2.4967681e-09,3.212741e-10,4.335764e-11,4.638198e-13,1.4697609e-12,1.3365323e-13,
4FGL J0327.0-3751,51.7523,-37.8625,bcu,4.21184,2.4481826,2.4599168,-0.050973892,1.1465377e-12,18.068428,1.0744808e-09,3.5198133e-09,4.7895815e-10,3.4168997e-11,2.266183e-11,1.9886905e-12,2.30479e-12,2.5458687999999997e-18,
4FGL J0327.8-2202,51.9735,-22.0448,fsrq,6.2245407,2.5250034,2.5044932,0.09552677,1.741198e-12,75.21222,4.2364268e-09,3.4795515e-09,6.454891e-10,9.177813e-11,2.6385791e-11,1.2186853e-12,1.243273e-16,2.8019823e-16,
4FGL J0328.9+3514,52.2433,35.2489,bcu,6.067558,2.6449678,2.5641818,0.19896778,3.5382743e-12,36.760983,1.7718559e-08,6.3773795e-09,1.1831548e-09,2.1173654e-10,2.1422843e-11,9.033083e-15,1.9579636e-17,6.923778e-13,
4FGL J0330.6+4659,52.653,46.9834,bcu,7.090304,2.6536555,2.7077408,0.288679,3.816272e-12,22.518011,3.7296846e-09,6.9942203e-09,1.8102928e-09,2.449028e-10,3.8525762e-11,5.0481104e-13,1.0861724e-14,1.3575189000000002e-16,
4FGL J0331.8-7040,52.969,-70.6697,bll,7.93546,1.6778255,1.3813192,0.1806236,1.1009287e-12,21.230219,3.5733319e-09,5.7668883e-12,1.1072559e-10,4.4293735e-11,1.6099838e-11,1.423703e-11,6.6951032e-12,3.1489628e-17,
4FGL J0331.9+6307,52.9909,63.1309,bll,24.013233,2.1410768,2.1030264,0.052167527,1.2179608e-11,38.6274,3.677931e-09,1.0222371e-08,2.991664e-09,8.1038953e-10,2.1219651e-10,6.354693e-11,2.134447e-11,3.2949534e-14,
4FGL J0332.2-1737,53.052,-17.6272,bcu,6.1745634,2.6398392,2.5210977,0.3070644,1.8388602e-12,44.5374,3.73337e-09,3.8590575e-10,9.2314506e-10,1.4119379e-10,1.21717705e-11,4.898706e-16,5.473814e-15,4.2047486e-15,
4FGL J0332.8+1557,53.2156,15.9593,bcu,4.663363,2.2007172,1.9445101,0.2689941,1.6475241e-12,15.143547,1.0143434e-09,1.0135242e-15,4.283611e-10,1.012131e-10,4.300891e-11,4.6017894e-12,1.4943012999999998e-18,5.5612947e-13,
4FGL J0333.9+6537,53.4767,65.6188,bll,38.39438,1.969419,1.8649728,0.06861724,1.4446131e-11,103.732086,4.7520903e-09,6.873922e-09,2.1302964e-09,1.0142289e-09,3.5641876e-10,1.1906531e-10,3.6541447e-11,3.6525765e-12,
4FGL J0335.8+2733,53.9585,27.5614,bcu,5.1608806,2.2031653,2.206408,0.00083356694,1.5232342e-12,15.438975,1.8261614e-08,2.3438664e-09,5.9707217e-10,7.690075e-11,2.0936074e-11,9.549461e-12,3.479284e-12,2.802844e-17,
4FGL J0336.7-1305,54.1963,-13.0987,fsrq,8.58366,2.6458182,2.5873346,0.13800696,2.9098453e-12,85.74748,9.66518e-09,6.721255e-09,1.0488646e-09,1.8180232e-10,2.933326e-11,4.1216480000000006e-17,5.93367e-16,6.8457025e-15,
4FGL J0338.7-5319,54.6783,-53.3324,bcu,5.8885145,1.8583362,1.8237032,0.20929232,9.815871e-13,11.279867,4.3358557e-09,5.749925599999999e-18,3.4484082e-11,5.0234487e-11,3.2122416e-11,8.66655e-12,8.2654565e-13,2.1158754e-15,
4FGL J0347.0+4844,56.7527,48.7376,fsrq,6.7400627,2.5909066,2.5785043,0.093965776,5.369279e-12,35.232895,1.0444643e-08,8.169244e-09,2.1388598e-09,2.1644962e-10,5.9598076e-11,4.778843e-12,6.63978e-17,1.0997778e-12,
4FGL J0347.6-0133,56.9013,-1.5514,bcu,5.107046,1.7697121,1.5543962,0.42045856,9.059322e-13,10.7771015,4.7614988e-09,5.8066704e-14,7.0861476e-15,3.4308088e-11,3.44556e-11,1.3395881e-11,2.9481521e-12,3.4295018e-18,
4FGL J0347.7-3616,56.947,-36.2808,bcu,15.820642,2.2816715,2.2764575,0.0052244184,3.5088404e-12,125.38986,6.2653016e-09,4.066977e-09,9.0168994e-10,2.5465488e-10,5.136634e-11,1.794651e-11,1.763089e-12,4.3046573999999994e-18,
4FGL J0348.2+6035,57.0541,60.5904,bcu,11.157099,1.9110669,1.6757756,0.15826061,3.345949e-12,8.329209,4.831013e-09,8.530968e-09,1.0886788e-09,9.924455e-11,5.962025e-11,4.2172137e-11,5.630424e-12,8.7731184e-13,
4FGL J0348.6-2749,57.1538,-27.8215,fsrq,226.89351,2.0860367,1.9835417,0.07366621,1.7108989e-10,18351.875,1.08934344e-07,1.2135841e-07,4.9811373e-08,1.3721021e-08,4.0326364e-09,7.688488e-10,1.0999253e-10,5.2099384e-12,
4FGL J0348.8+4610,57.2185,46.1695,bcu,5.371578,2.7044995,2.874625,0.2993005,3.670181e-12,26.212627,2.8099615e-12,5.854274e-09,1.9811266e-09,1.7973051e-10,1.7561572e-11,1.740452e-16,9.087372e-17,3.5522129e-15,
4FGL J0348.9-4859,57.2338,-48.998,bcu,7.8575907,2.4186463,2.4257367,-0.046230037,1.6750991e-12,23.13657,6.440569e-09,3.3360588e-09,5.883772e-10,6.931601e-11,2.9299497e-11,9.54174e-15,4.9608836e-13,1.4326874e-12,
4FGL J0349.6+2410,57.423,24.1775,bcu,6.5793705,2.7938867,2.671918,0.2625554,3.2502087e-12,30.664347,8.631645e-09,4.380274e-09,1.6439301e-09,1.2617334e-10,1.23449966e-11,4.745167500000001e-16,8.642533e-15,1.2665026e-15,
4FGL J0350.6-3226,57.6594,-32.4473,bcu,6.853449,2.4055378,2.3707533,0.036313597,1.6333783e-12,99.50378,4.478769e-09,1.6975098e-09,5.559207e-10,8.367927e-11,2.2175761e-11,4.956035e-12,2.2414425e-15,6.7733964e-16,
4FGL J0351.2-6103,57.8079,-61.0526,bcu,4.1723075,2.0016036,2.0115137,-0.021557724,6.9513357e-13,18.234844,3.4282414e-11,4.3704542e-13,1.6896162e-10,4.3831043e-11,1.0626472e-11,5.052882e-12,7.05845e-13,1.5173446e-12,
4FGL J0351.6+2921,57.9172,29.358,bcu,5.9345737,2.2,2.3728478,0.05393983,2.093291e-12,36.894035,1.8646777e-09,1.6445032e-09,1.1688583e-09,1.07753535e-10,3.1038633e-11,7.82151e-12,3.1108617e-15,4.3444704000000003e-16,
4FGL J0352.0-3702,58.0082,-37.0485,bll,5.0662184,1.719149,1.4759271,0.37436035,5.865032e-13,15.089224,3.4825055e-12,2.2016013e-10,4.5548223000000005e-16,1.4639586e-11,2.0793554e-11,9.709404e-12,3.452267e-13,3.0791965999999996e-18,
4FGL J0353.0+5654,58.272,56.9026,bll,17.521986,2.0617852,2.0325053,0.039935783,7.106329e-12,104.032074,3.0689098e-10,5.5467337e-09,1.1550679e-09,4.813787e-10,1.4707673e-10,4.1045816e-11,9.38044e-12,4.5728976e-12,
4FGL J0354.4+4643,58.609,46.7231,bcu,16.852474,2.549332,2.528826,0.09543897,1.0110184e-11,114.34195,7.083099e-12,1.6885458e-08,3.936693e-09,6.025925e-10,1.2391672e-10,1.7718311e-11,2.1763972000000002e-16,1.2557484e-17,
4FGL J0354.7-1617,58.6779,-16.287,fsrq,6.5903296,2.524565,2.5095243,0.03523032,2.0357494e-12,64.97118,4.256989e-09,2.786724e-09,6.243282e-10,1.393355e-10,1.7113531e-11,2.6124313e-12,2.4726145e-15,2.1021057e-17,
4FGL J0358.5-5432,59.6317,-54.5376,bcu,2.865678,2.4361181,2.3869808,0.38470572,8.129886e-13,39.243935,1.6918617e-13,1.5052118e-10,4.5886286e-10,9.339504e-11,4.469001e-12,8.668281e-13,3.4888245e-15,1.7726805e-15,
4FGL J0358.9+6004,59.7328,60.0767,fsrq,7.2837443,2.5481799,2.5798514,0.100080155,4.9691514e-12,114.22931,1.5377939e-09,5.738964e-09,2.2824755e-09,1.8403447e-10,6.6517736e-11,9.339355e-13,1.9467834e-12,7.557119e-15,
4FGL J0359.6+5057,59.9158,50.959,fsrq,36.64287,2.6624157,2.7187707,0.14463912,4.1480826e-11,984.98206,1.4147737e-07,7.83113e-08,1.7032983e-08,2.428518e-09,2.5935393e-10,1.6794632e-11,1.2943266000000001e-22,7.8016646e-13,
4FGL J0359.6+3213,59.9206,32.2286,fsrq,4.8517404,2.6082418,2.905933,0.2876058,5.093902e-12,18.016151,7.525341e-09,9.025853e-09,2.5881026e-09,3.3591585e-10,4.1307895e-11,1.6715241000000002e-16,2.6002728e-15,5.0788705e-15,
4FGL J0401.2+8153,60.3224,81.8881,bll,4.252501,1.9137318,1.7010921,0.21645978,7.171516e-13,19.511719,1.2695247e-12,1.1852666e-13,1.7044733e-17,5.371048e-11,9.989506e-12,1.1050319e-11,5.4196654e-13,5.361692e-18,
4FGL J0402.9+6433,60.7373,64.5517,bcu,8.155136,2.12284,2.1213725,-0.00024093961,2.4060196e-12,19.033167,6.877988e-12,7.134169e-09,9.640184e-10,7.829801e-11,4.2303e-11,1.9021385e-11,4.261205e-12,9.144741e-18,
4FGL J0410.9+4216,62.736,42.2777,bcu,16.633144,2.2248445,2.1088977,0.11563517,6.220241e-12,64.39237,1.0279405e-09,4.9091393e-09,1.7501658e-09,5.611915e-10,1.4181019e-10,3.4901863e-11,3.564012e-12,6.954286e-16,
4FGL J0411.7+3041,62.9461,30.6834,bcu,4.5187354,2.382344,2.4403794,0.161016,2.2476426e-12,6.5878434,1.1098651e-10,2.7871825e-09,9.476483e-10,1.6457952e-10,2.1742622e-11,2.2139428e-12,1.7260816e-12,1.3389728e-15,
4FGL J0412.6-5434,63.1542,-54.5722,bcu,5.7574344,2.0623212,1.8295013,0.18509889,1.0064237e-12,15.576037,3.0398284e-12,3.5875106e-15,7.794647e-11,7.314392e-11,2.2908293e-11,9.230159e-12,2.0041338e-14,3.7324552e-18,
4FGL J0412.7-3927,63.1872,-39.4623,bcu,5.2874994,1.7022805,1.629444,0.09227417,7.221364e-13,13.875476,2.4366778e-14,4.3931026e-13,8.621176e-11,2.8193486e-11,1.5807019e-11,7.018338e-12,2.5716068e-12,1.1922328e-12,
4FGL J0414.6-0842,63.6584,-8.7051,bll,4.832124,2.2640643,2.2746172,-0.013841599,1.3851391e-12,23.274302,4.0334108e-11,2.0900537e-09,2.1708504e-10,1.2537185e-10,1.6302982e-11,4.525497e-12,7.43697e-17,1.8730655e-12,
4FGL J0415.2-5741,63.8016,-57.6904,bcu,3.8935602,1.6619875,0.96773136,0.30450752,4.844812e-13,11.487259,1.2288249e-08,2.1838463e-10,4.4459686e-11,3.0004683e-11,3.8504707e-12,2.1814369e-12,5.5830904e-12,6.487826e-16,
4FGL J0416.0-4743,64.003,-47.7333,bcu,3.4522119,2.438424,2.3591151,0.114080735,8.317268e-13,23.80938,6.4541506e-12,7.480954e-10,3.3383885e-10,3.0579726e-11,2.1431948e-11,1.1660071e-15,2.4247203e-18,2.2480208e-20,
4FGL J0416.4-2059,64.1224,-20.9869,bcu,4.3543563,2.4762628,2.4463396,0.038205847,1.3735088e-12,6.950974,1.8576594e-08,3.300801e-09,2.893862e-10,8.458037e-11,2.0395184e-11,1.89734e-12,3.236402e-16,3.7736965e-15,
4FGL J0420.0+0805,65.0086,8.0999,bcu,3.3597107,2.3686526,2.3783302,-0.030492727,1.6377279e-12,33.815796,8.549996e-09,3.6789432e-09,6.8185335e-10,6.7814e-11,2.0439568e-11,5.4955753e-12,1.7939899e-12,8.296782e-16,
4FGL J0420.2+4012,65.0547,40.201,bll,10.815685,1.8756078,1.6809019,0.15167509,3.0907742e-12,21.201649,7.9968886e-11,1.399368e-09,5.7570705e-11,1.6727109e-10,9.155366e-11,3.5100676e-11,8.266558e-12,3.2107396e-12,
4FGL J0421.6-0627,65.4057,-6.4582,bll,4.674631,2.1311033,2.0698555,0.04273472,1.6922689e-12,12.480354,5.139204e-10,1.0296131e-08,6.2058264e-10,7.8180684e-11,4.1294676e-11,6.4849545e-15,5.565153e-12,7.6682904e-13,
4FGL J0423.7+0831,65.928,8.5293,bcu,3.9440386,1.8152565,1.6074762,0.23256417,7.968914e-13,15.376737,2.2782029e-10,8.27263e-14,1.5168711e-13,6.167112e-11,1.08566316e-11,1.1062439e-11,2.1555709e-12,1.2973202000000002e-16,
4FGL J0423.9+4150,65.9781,41.8342,bll,57.874634,1.9531106,1.8170502,0.08796234,2.771151e-11,12.796065,1.0413937e-08,1.0141062e-08,4.5532804e-09,1.8047712e-09,8.347896e-10,2.2883538e-10,6.161181e-11,2.3689822e-12,
4FGL J0425.3+6319,66.3371,63.3262,bcu,17.094213,1.7835349,1.6593086,0.10164216,4.6415493e-12,17.126606,2.3843176e-08,6.903905e-09,9.862303e-10,1.1607682e-10,9.316868e-11,4.77474e-11,2.608866e-11,7.6991825e-13,
4FGL J0426.5+0517,66.6377,5.2855,fsrq,19.664934,2.6519978,2.4928672,0.17669468,1.0722228e-11,269.53745,2.8676766e-08,1.8251416e-08,4.7909543e-09,6.1371436e-10,7.538672e-11,6.7632362e-12,3.3773605e-13,1.1787552e-15,
4FGL J0426.5+2007,66.6405,20.1326,bcu,4.012694,2.6448867,2.6280096,0.39507657,2.5252953e-12,7.776942,4.5602927e-10,4.020273e-09,1.0076653e-09,2.5473873e-10,1.5152843e-11,2.2105281e-15,1.8738977e-12,4.4882815e-15,
4FGL J0427.5-1831,66.8856,-18.5328,bcu,4.4644456,1.753967,1.7559017,-0.00044815635,7.6296743e-13,14.989099,5.2512248e-11,4.2735116e-15,1.6421593e-10,3.495322e-11,1.1817837e-11,4.9885994e-12,2.4560753e-12,3.486466e-12,
4FGL J0428.7-5003,67.1923,-50.0654,bcu,5.1131983,2.3450537,2.2436566,0.13616684,1.112176e-12,10.924299,1.6678231e-12,2.1888902e-11,3.691375e-10,6.4475564e-11,2.3946078e-11,1.5117359e-12,6.8770664e-19,2.2134255e-21,
4FGL J0431.2-0358,67.8239,-3.9672,bcu,5.1909738,2.5802565,2.6289504,-0.088803336,1.9070153e-12,29.682016,1.3843809e-08,3.7446792e-09,6.115553e-10,1.06203386e-10,1.1552332e-11,3.7848423e-17,1.7728741e-12,1.7444966e-12,
4FGL J0433.5-1039,68.3986,-10.6607,bcu,5.315891,2.25931,2.2352126,0.05714073,1.4900626e-12,11.975921,3.899881e-13,8.335082e-10,3.6640393e-10,1.12524726e-10,3.1632197e-11,1.5568918000000002e-16,1.5913539e-12,1.9101671e-12,
4FGL J0434.3-2517,68.5914,-25.2865,bcu,6.185311,2.513778,2.4343798,0.20901422,1.4759478e-12,26.492802,2.172918e-12,6.08189e-13,6.1270483e-10,1.4279279e-10,2.2638069e-11,5.926855e-15,1.7416928e-16,3.396784e-15,
4FGL J0436.8-5223,69.2198,-52.3934,bcu,14.712892,2.6043372,2.5862389,0.05569732,3.6171352e-12,136.30548,2.7100429e-08,7.9836955e-09,1.1074976e-09,2.2906306e-10,2.9548367e-11,1.7211544e-12,4.0417862e-13,4.1466003e-21,
4FGL J0437.2-5846,69.3164,-58.7773,bcu,5.0373526,2.705032,2.695693,0.08209078,1.4749999e-12,9.885785,8.564133e-15,3.2483518e-09,5.989046e-10,3.8837957e-11,1.4197376e-11,1.1631653e-12,1.03629683e-16,3.3800972e-17,
4FGL J0440.2+4246,70.0696,42.7667,bcu,5.1294513,2.1624408,1.9467151,0.43799427,1.1784471e-12,19.926336,5.976538e-11,1.8270702e-15,4.366095e-11,7.644613e-11,7.467265e-11,6.221825e-12,1.6740934000000001e-16,1.812319e-20,
4FGL J0440.3-4332,70.0829,-43.5448,fsrq,61.567886,2.6036034,2.5771306,0.20250481,2.4291248e-11,2294.2334,6.0063414e-08,4.035536e-08,1.1048012e-08,1.4808915e-09,1.4897966e-10,3.161898e-12,8.011416e-18,6.172737e-15,
4FGL J0441.2-2953,70.3216,-29.896,bll,4.4345093,2.354919,2.2537282,0.07201467,1.0963085e-12,14.753038,6.7783045e-12,1.2388629e-09,3.9856604e-11,9.3744575e-11,2.6542137e-11,1.7629464e-17,6.0156177e-13,2.4490687e-15,
4FGL J0441.3-2617,70.335,-26.2937,bcu,3.8400636,1.6987098,1.5151664,0.22616546,5.542036e-13,14.153592,3.6546696e-10,9.51687e-10,5.542278e-12,1.2051952e-11,1.246189e-11,5.995245e-12,3.3388663e-12,1.4666566e-17,
4FGL J0444.6+3425,71.1598,34.4185,bcu,12.439099,2.1921942,2.1379445,0.06348388,6.619293e-12,29.86207,1.7422861e-08,7.478356e-09,1.7541772e-09,3.1729092e-10,1.6491626e-10,2.0858952e-11,6.6606473e-12,1.0650187999999998e-18,
4FGL J0446.3-1729,71.5979,-17.4886,bcu,4.2771616,1.8083512,1.7849337,0.017511576,9.131333e-13,11.956913,4.1513456e-11,8.424887e-11,1.4535363e-10,4.3876913e-11,1.2618452e-11,5.0503213e-12,8.85007e-12,1.2080962e-16,
4FGL J0449.6+3027,72.4186,30.4664,bcu,3.3306096,2.6149647,2.6224685,0.19068365,3.1228889e-12,14.19241,4.0455764e-11,6.8134884e-09,1.4515392e-09,1.3203677e-10,3.1208376e-11,5.1719015000000004e-17,2.137021e-24,1.8723447999999999e-25,
4FGL J0450.8-2327,72.7227,-23.4639,bcu,4.6050243,2.3084433,2.2979178,0.024688417,1.3847484e-12,13.863349,2.1326167e-08,3.715113e-09,1.9484292e-10,1.07259195e-10,2.2029613e-11,1.1147742e-12,3.1563246e-12,3.5618136e-17,
4FGL J0451.8+5721,72.9698,57.3548,bcu,8.38064,1.9172266,1.746806,0.19755611,1.5619404e-12,19.22032,8.757267e-09,2.4081408e-09,1.1775245e-10,1.1155637e-10,3.7031107e-11,2.3620805e-11,2.672546e-12,4.516817e-22,
4FGL J0452.0+2100,73.0072,21.0033,bcu,3.8167903,1.6889975,1.6522862,0.06819847,1.0051891e-12,12.558375,3.8937626e-09,3.7984264e-13,8.2034515e-13,2.1351813e-11,2.9497082e-11,5.0423394e-12,3.518412e-12,1.8324153e-12,
4FGL J0453.5-1233,73.3784,-12.5612,bcu,5.1542783,2.594017,2.598461,-0.033221684,2.0181042e-12,15.109816,8.832383e-09,4.1493e-09,5.8328936e-10,1.1388317e-10,1.1477257e-11,4.786151e-12,4.275261e-15,2.152009e-12,
4FGL J0453.9+3727,73.4897,37.4568,bcu,3.4069114,2.2367265,1.9843296,0.22188438,2.1473867e-12,28.161825,7.976017e-09,6.5020513e-09,3.606974e-11,1.14205846e-10,4.7603813e-11,1.04947925e-11,2.7094725e-15,6.663364e-20,
4FGL J0456.4-4043,74.1111,-40.7222,bcu,5.6321135,2.482117,2.5226007,-0.049611192,1.3470824e-12,24.676088,1.200928e-08,3.962016e-09,2.0816256e-10,7.2689244e-11,2.4009041e-11,1.6191714e-12,2.9667907e-12,5.4655384e-20,
4FGL J0458.6+5509,74.6735,55.1651,bcu,4.767366,2.431795,2.4668837,0.065746486,2.8211092e-12,35.979473,1.3168105e-09,6.6659696e-09,1.4194289e-09,1.251654e-10,4.5449672e-11,2.4989028e-12,2.4856454e-12,9.751081e-18,
4FGL J0459.2-2612,74.8003,-26.214,bcu,4.442114,2.3139973,2.2190938,0.08340582,1.0859962e-12,25.32915,3.246432e-08,9.576229e-10,3.345614e-10,5.8185973e-11,2.3647105e-11,3.0040744e-12,1.9787752e-17,4.097743e-17,
4FGL J0459.7-4529,74.9281,-45.4994,bcu,11.064468,2.5213573,2.485025,0.115907505,3.2649215e-12,72.40462,1.3266432e-10,3.3347436e-09,1.144617e-09,1.9249413e-10,3.646128e-11,1.0490202e-14,1.2640157e-12,1.0472038e-15,
4FGL J0500.1+5447,75.0353,54.7843,bcu,4.243559,2.3086655,2.297432,0.23160209,2.2828321e-12,12.574239,2.5954777e-10,3.162127e-15,4.649587e-10,1.1163877e-10,6.643561e-11,8.196213e-18,1.9953604e-15,2.1755252e-12,
4FGL J0500.2+5237,75.0735,52.6332,bll,17.336464,1.8597474,1.8530346,0.00830118,5.477392e-12,11.563842,1.08272356e-10,1.8943434e-14,1.4769627e-09,2.635697e-10,1.06324644e-10,3.9551706e-11,2.1920752e-11,5.4600005e-12,
4FGL J0500.4-5321,75.1215,-53.3626,bcu,4.380016,2.444998,2.2089298,0.3256104,6.9158237e-13,30.681667,5.5317437e-13,6.232498e-12,2.0364274e-10,9.276182e-11,1.7931078e-11,5.953922000000001e-17,7.01382e-16,1.7169788000000002e-16,
4FGL J0501.0-2423,75.2732,-24.3935,bcu,7.124715,2.9309754,2.8588152,0.16809368,4.057583e-12,37.74409,2.1995106e-10,1.0647574e-08,1.3623789e-09,1.6829702e-10,3.757471e-12,8.175031600000001e-16,8.746416e-16,4.8109195e-16,
4FGL J0501.7+3048,75.4313,30.8028,bcu,9.561536,2.0586183,2.0795798,-0.0269408,3.6911112e-12,7.30201,6.014513e-10,3.3683487e-09,1.0471239e-09,2.2340109e-10,6.6032874e-11,1.7895e-11,9.542936e-12,5.028141e-13,
4FGL J0502.5+3438,75.6366,34.6338,bcu,25.420633,2.4087048,2.3205128,0.12354742,1.4516487e-11,98.055336,7.3915434e-09,1.797573e-08,5.4052385e-09,1.2031904e-09,2.4481517e-10,2.6650264e-11,3.0366636e-22,7.540687300000001e-22,
4FGL J0503.6+4518,75.9202,45.3113,bcu,14.362005,1.9328458,1.8643792,0.08708231,6.1497005e-12,11.253925,2.8288841e-08,1.1408629e-12,7.176577e-14,4.2241055e-10,1.2961184e-10,4.607185e-11,1.0522806e-11,3.6725956e-12,
4FGL J0504.3-0955,76.0856,-9.9215,bcu,4.82844,2.0129929,1.9319483,0.08643124,1.1762365e-12,12.4406395,5.5501925e-10,1.5195044e-09,1.8371145e-10,8.650554e-11,2.171021e-11,3.7455672e-12,3.569829e-12,1.2684508e-17,
4FGL J0505.8+3322,76.4554,33.3742,bcu,7.6092134,2.1381269,2.0638654,0.11112717,3.4665747e-12,14.628054,6.3719567e-09,1.3025755e-10,4.3021675e-10,2.930699e-10,4.998312e-11,2.349662e-11,2.743338e-12,2.7017388e-22,
4FGL J0507.9+4647,76.9786,46.7951,bcu,9.944848,2.6991305,2.6030033,0.31349453,6.1824612e-12,26.850523,9.447395e-09,1.1369203e-08,2.5026698e-09,5.3433724e-10,4.408552e-11,4.544161e-15,2.0871862e-15,6.7914354e-17,
4FGL J0508.2+5211,77.0591,52.1886,bcu,5.1323433,2.139946,2.133746,0.062325586,1.8891618e-12,23.606098,7.289034e-16,1.5046382e-12,3.9070486e-10,1.9190519e-10,3.080498e-11,3.710083e-12,5.573906e-12,1.2948028e-15,
4FGL J0509.1-7317,77.2973,-73.2995,bcu,4.18172,2.2187135,2.2383347,-0.030593153,9.637023e-13,15.544028,1.7354987e-11,4.6408006e-09,2.2968012e-10,6.85128e-11,1.6190308e-11,2.8144123e-12,1.560436e-16,1.4286395e-12,
4FGL J0509.2+5550,77.3192,55.8343,bcu,8.261822,2.298719,2.270431,0.12448865,3.0545447e-12,23.034252,8.9973984e-10,1.9434579e-10,1.0776608e-09,2.5414065e-10,7.412256e-11,1.0293233e-11,1.4915901e-15,5.9594005e-21,
4FGL J0512.8+4041,78.2186,40.6945,bcu,18.085913,2.3208497,2.2731564,0.06526044,1.0072237e-11,61.349697,2.546153e-09,1.6978273e-08,2.5332336e-09,6.775895e-10,1.626577e-10,3.2014624e-11,2.1823327e-12,5.2385976e-16,
4FGL J0513.9-3746,78.4961,-37.7774,bll,8.055637,2.4605262,2.4212255,0.11098275,2.2068838e-12,25.567566,5.3208055e-10,1.6106336e-09,8.1898716e-10,1.6311126e-10,5.2044176e-12,6.1110266e-12,1.3712342e-12,1.798169e-15,
4FGL J0515.9+0537,78.9852,5.6219,bcu,3.7916207,2.2730536,2.0911129,0.106449716,1.6087142e-12,10.782621,2.9009177e-08,2.346921e-09,2.4965896e-10,8.0252714e-11,4.2106117e-11,7.1875175e-12,3.1424962000000005e-16,5.46957e-16,
4FGL J0516.7+2743,79.1759,27.7194,bcu,4.9175444,2.4914277,2.586317,-0.09351835,3.32901e-12,8.988401,6.2645405e-08,1.1640113e-08,3.4657668e-10,1.4742807e-10,4.0123186e-11,1.1512094e-11,1.3544768e-12,2.0525924e-18,
4FGL J0516.8-0509,79.2241,-5.1547,fsrq,7.0000205,2.8434916,2.6280022,0.33496004,3.8919033e-12,35.168266,1.4402972e-08,1.0331763e-08,1.5755561e-09,1.7481441e-10,8.135095e-18,3.5358744e-21,4.675802500000001e-22,6.020073e-15,
4FGL J0517.9-6930c,79.4848,-69.5093,bcu,5.203119,2.539184,2.7822561,0.32717884,2.2943587e-12,8.408794,7.560733e-09,2.7247755e-09,1.0429452e-09,2.0042809e-10,1.1124435e-11,4.566817e-13,2.5804742e-15,3.1308184e-15,
4FGL J0519.6+2744,79.9026,27.7405,bcu,6.41829,2.0176897,1.7410233,0.37569737,1.4700784e-12,26.826561,1.0394851e-11,5.4714875e-11,2.1299118e-14,7.219757e-11,5.991357e-11,1.916213e-11,4.1952006e-12,1.10897247e-13,
4FGL J0520.4+3607,80.1028,36.1198,bcu,5.6913834,2.639972,2.7883582,0.17324299,5.34474e-12,19.389656,8.8451255e-09,9.744918e-09,3.1273968e-09,2.1670021e-10,4.1438613e-11,4.177331e-12,3.7702876e-16,1.0150698e-15,
4FGL J0520.6+6531,80.166,65.5255,bcu,5.6734014,1.6248394,1.5020525,0.13673972,7.312697e-13,15.842907,8.8584023e-10,4.3134132e-15,1.7676879e-11,3.6938386e-11,8.933295e-12,9.314013e-12,3.221632e-12,1.1628247e-12,
4FGL J0521.4-2957,80.3694,-29.9653,bcu,4.4534206,2.022945,1.8430227,0.20263948,8.180847e-13,3.9875166,5.391801e-09,1.0725832e-09,3.4101003e-11,4.9515052e-11,2.0777184e-11,7.771924e-12,3.6557932e-20,7.815875e-14,
4FGL J0521.7+2112,80.4445,21.2131,bll,135.02632,1.9517566,1.8689257,0.043679472,1.1687418e-10,900.6554,6.098472e-08,5.0510756e-08,2.1785722e-08,7.538714e-09,2.9311125e-09,7.87183e-10,3.06754e-10,4.990998e-11,
4FGL J0521.8+5658c,80.4529,56.9669,bcu,4.4649734,2.6043046,2.6649873,0.17121272,2.8990263e-12,10.807724,4.545694e-11,6.4383143e-09,1.5465522e-09,1.1617189e-10,3.59713e-11,6.5790357e-16,2.0332323e-15,1.4545052e-13,
4FGL J0524.1-5659,81.0328,-56.9863,bcu,6.31301,2.4208972,2.3013482,0.17272538,1.4987997e-12,9.146763,3.7326444e-09,1.899313e-09,4.3237613e-10,1.0794967e-10,2.002566e-11,2.3074598e-12,8.915201e-18,1.4045291000000001e-16,
4FGL J0524.5+2839,81.128,28.6572,bcu,21.57898,2.0394294,1.9189684,0.075224034,8.236119e-12,25.523027,1.7864368e-10,6.411622e-09,1.5420945e-09,5.7093247e-10,2.3212218e-10,5.4884295e-11,1.844176e-11,2.4051037e-16,
4FGL J0524.5-2614,81.1471,-26.2389,bcu,6.3998528,2.246053,2.295892,-0.07368487,1.555861e-12,24.21599,1.7263278e-10,2.7949465e-09,4.2738496e-10,9.48742e-11,1.782844e-11,6.148629e-12,1.8171334e-12,3.1713133e-12,
4FGL J0524.6-2819,81.1732,-28.3288,bcu,5.9369516,2.6216493,2.5110795,0.14640108,1.870898e-12,43.199013,1.2270368e-09,2.477825e-09,6.295441e-10,1.1501748e-10,1.2168351e-11,4.9672894e-19,1.6756805e-15,1.747761e-13,
4FGL J0526.3+2246,81.5908,22.7778,bcu,7.901838,2.1854632,2.188909,-0.0048999046,3.458569e-12,25.910643,2.2843896e-07,1.6363582e-08,4.6767107e-10,2.2079791e-10,6.1270364e-11,1.3460694e-11,5.0488945e-12,1.7716524e-12,
4FGL J0527.3-6223,81.8385,-62.3951,bll,6.603601,2.019515,1.9261396,0.0959486,1.1500901e-12,9.344441,2.6203276e-11,7.5253406e-15,1.894397e-10,6.355973e-11,2.9350394e-11,6.7026233e-12,1.766626e-12,7.006031e-17,
4FGL J0530.4+3303,82.6095,33.0533,bcu,6.2196283,2.0416932,2.0579553,-0.016648704,2.723475e-12,16.880291,2.482174e-08,5.035022e-09,1.087613e-09,1.1366542e-10,5.442507e-11,1.2049459e-11,8.440188e-12,1.0719024999999999e-19,
4FGL J0532.7+5749,83.1939,57.8238,bcu,6.2115417,2.5469072,2.5767574,0.15204085,3.1807942e-12,15.00322,3.3390044e-11,3.3165757e-09,1.4365856e-09,1.6552641e-10,2.4877206e-11,6.0566834e-12,5.300799e-17,9.489822e-16,
4FGL J0532.9+6936,83.25,69.6066,bcu,5.5688143,2.3026028,2.3063161,-0.028470721,1.2757826e-12,13.052405,5.4172253e-09,1.6085935e-09,5.2803323e-10,3.3258864e-11,2.5227754e-11,3.7883004e-12,1.6374032e-12,1.3858915e-16,
4FGL J0533.3+4823,83.3338,48.3834,fsrq,59.144497,2.3736572,2.301231,0.078893535,3.1486844e-11,410.90997,4.30256e-08,4.012621e-08,1.1563666e-08,2.3559368e-09,4.553079e-10,7.367815e-11,2.7034282e-12,1.3377395e-12,
4FGL J0534.1-7218,83.5445,-72.3077,bll,4.0922785,2.363601,2.1417658,0.29887742,1.3022527e-12,17.387901,4.439348e-11,6.049644e-09,6.35207e-11,1.3050469e-10,2.0015222e-11,2.2159794e-12,3.3509563000000003e-17,5.863413e-16,
4FGL J0535.7-6604c,83.9471,-66.0792,bcu,5.1772623,1.8002493,1.6421299,0.2598077,1.1508907e-12,14.987414,5.5489675e-09,1.0292819e-09,1.6472747e-13,3.893183e-11,4.087684e-11,1.4054682e-11,3.2719934e-12,1.6721944e-17,
4FGL J0536.2+1733,84.0719,17.5534,bll,14.119129,2.0756063,1.8977411,0.16849886,4.5825444e-12,20.073923,7.017625e-09,5.4729272e-12,7.3612555e-10,4.1769943e-10,1.4855621e-10,3.3075456e-11,7.0745606e-12,7.134702e-18,
4FGL J0538.6+0443,84.663,4.7262,bcu,4.602253,1.8847136,1.525182,0.31986278,1.4450764e-12,14.057216,4.4691435e-11,7.124448e-10,2.8867642e-10,7.3230495e-13,3.730861e-11,1.5204176e-11,3.7156576e-12,1.9630854999999997e-18,
4FGL J0539.0+1644,84.75,16.7432,bcu,8.605903,1.9343492,1.7047272,0.24953231,2.2796422e-12,30.653633,8.761351e-11,2.1723072e-13,2.7717192e-10,7.259428e-11,9.6327786e-11,2.824708e-11,2.9449804e-12,2.032543e-16,
4FGL J0539.6+1432,84.9052,14.5443,FSRQ,16.56795,2.5947332,2.4696336,0.12890121,1.0387471e-11,215.4907,2.527946e-08,1.2323882e-08,4.1851957e-09,6.844392e-10,1.05896236e-10,4.0048915e-12,2.1460704e-12,2.6724903000000003e-16,
4FGL J0539.7-1030,84.9266,-10.5109,bcu,5.0754404,2.4192917,2.411645,-0.045432046,2.5323708e-12,11.239535,1.0517516e-09,9.422532e-09,9.395767e-10,3.7986322e-11,4.003381e-11,6.828098e-12,4.8665785e-12,1.5959713e-15,
4FGL J0539.7-0521c,84.9408,-5.3555,bcu,4.704865,2.6408474,2.8991916,0.39553538,5.062954e-12,12.838577,1.835179e-08,6.3945893e-09,3.2957355e-09,3.7332398e-10,7.0804855e-12,5.95465e-16,2.6911624e-12,1.9316237e-15,
4FGL J0540.0+1209,85.0078,12.151,bcu,8.511999,2.3876286,2.3768094,0.01859011,4.2861873e-12,11.772455,3.0098247e-11,6.3314305e-09,1.4584494e-09,2.2437696e-10,5.3696207e-11,1.5672645e-11,1.2904131e-12,2.1732079e-15,
4FGL J0542.4+3547c,85.6081,35.7849,bcu,6.141145,2.5376656,2.6957283,0.22150563,6.4239287e-12,12.964424,2.9085927e-13,1.03321565e-08,3.3471477e-09,4.5418927e-10,6.562866e-11,7.909081e-12,2.4655144e-16,7.0785977e-13,
4FGL J0542.8-3458,85.704,-34.9826,bcu,5.8217936,1.9649005,1.8993917,0.069248185,1.0719406e-12,10.257832,4.68199e-10,9.519733e-10,1.5840458e-10,5.83622e-11,2.4303719e-11,6.6127125e-12,5.489653e-12,9.843096e-16,
4FGL J0543.2+8238,85.8059,82.6344,bcu,14.68312,2.4795485,2.3991077,0.1057866,3.7052436e-12,192.52538,1.4362082e-08,3.7092138e-09,1.3401553e-09,2.4279634e-10,3.3352546e-11,5.2494922e-12,5.4953524e-13,8.9744034e-17,
4FGL J0545.0+0613c,86.2679,6.2271,bcu,7.6192822,2.6352265,2.6122522,0.4215675,5.333705e-12,19.486382,9.863579e-12,3.574825e-09,2.9165916e-09,3.7604536e-10,4.2319297e-14,4.2383983e-12,8.429883e-13,4.590782e-16,
4FGL J0548.5-5218,87.1442,-52.3153,bcu,11.148114,2.0357726,1.7443552,0.32975194,1.4312712e-12,38.630116,4.083999e-09,6.222051e-14,1.6039649e-10,1.4496516e-10,6.9040294e-11,6.80642e-12,1.4507076e-12,2.5992866e-16,
4FGL J0549.0+3258c,87.2698,32.9686,bcu,9.531918,2.0407085,1.9714773,0.08683777,3.8074648e-12,14.060861,1.5696626e-08,2.9336673e-09,5.113317e-10,2.445849e-10,7.79707e-11,2.4935146e-11,6.5966304e-12,9.546966000000001e-23,
4FGL J0550.9+2552c,87.7457,25.871,bcu,5.862156,2.6018722,2.458488,0.26408318,4.8012115e-12,8.894594,1.863287e-09,3.558403e-09,1.9973088e-09,4.2743512e-10,7.7033074e-11,1.8126293e-15,8.549455e-17,1.7320528e-12,
4FGL J0551.0-1622,87.7503,-16.3808,bcu,5.5506325,2.3512573,2.2533236,0.5521902,9.918445e-13,57.998928,7.5834944e-13,2.6783008e-13,2.2108701e-10,1.6930173e-10,2.9580692e-11,8.785345e-13,4.36564e-14,8.12365e-16,
4FGL J0552.4+3755,88.1033,37.92,bcu,9.406657,2.5778177,2.5202677,0.15795313,5.5287806e-12,11.564671,9.985199e-09,7.266524e-09,2.5705185e-09,3.2592706e-10,7.111109e-11,5.7859225e-12,8.4510583e-13,1.9547453e-21,
4FGL J0554.3-1009c,88.5897,-10.1525,bcu,6.405726,2.6186466,2.5972447,0.29918927,4.485908e-12,8.359143,3.548051e-11,1.0086023e-08,2.3362168e-09,3.800666e-10,1.4752012e-11,2.2554515e-12,1.7796239000000002e-16,6.4812657e-15,
4FGL J0554.4-2757,88.6104,-27.9564,bll,6.060359,1.5423665,1.3480009,0.20923525,9.061476e-13,18.636013,5.688368e-09,2.1628412e-15,4.465144e-14,2.6788222e-12,2.0498271e-11,1.0254221e-11,7.596773e-12,1.6789085e-12,
4FGL J0555.6+3947,88.9015,39.7878,fsrq,22.582521,2.7542827,2.648592,0.22147267,1.5010328e-11,229.66248,7.7199374e-08,2.7087456e-08,6.7393113e-09,6.937714e-10,5.88675e-11,1.1463573e-12,2.9240596e-17,4.7207825e-16,
4FGL J0557.2+7705,89.3129,77.0854,bcu,6.846141,2.1546376,2.0750725,0.111665525,1.4606015e-12,17.42794,3.8918545e-11,1.6177774e-10,3.7382586e-10,9.562544e-11,2.4336639e-11,9.207514e-12,8.8037325e-13,6.677516500000001e-16,
4FGL J0557.4-0302,89.3743,-3.0455,bcu,4.509168,2.5060515,2.5594862,0.11172847,3.492158e-12,6.150016,8.737139e-12,3.8223034e-09,1.6797503e-09,1.1368047e-10,3.4305947e-11,6.431339e-12,1.4178979e-13,3.6071545000000005e-21,
4FGL J0559.6+3044,89.9039,30.7471,bcu,8.558101,1.6433537,1.5867844,0.23543735,2.1084987e-12,14.02037,4.981737e-09,5.8528577e-12,3.194926e-15,1.3440993e-12,6.0860164e-11,2.1294454e-11,8.033036e-12,1.6373422e-12,
4FGL J0559.7-1817,89.9458,-18.2984,bcu,5.250633,2.5674126,2.5796666,-0.036478467,2.1036551e-12,7.498399,1.7620113e-08,5.0780313e-09,8.2308504e-10,7.5206286e-11,2.1779814e-11,8.323533e-12,1.8622606000000002e-16,8.751254e-18,
4FGL J0600.3+1244,90.0816,12.7444,bll,13.408011,1.5504045,1.4077872,0.16120638,4.26034e-12,16.013317,3.0048156e-12,1.0804206e-15,5.712821e-18,7.284281e-11,7.726004e-11,6.027373e-11,9.859106e-12,1.360219e-11,
4FGL J0601.0+3838,90.2687,38.6345,bll,22.023596,2.006946,1.9904296,0.02103905,8.637991e-12,11.2917185,1.0808388e-12,6.800093e-09,2.060406e-09,4.7397414e-10,2.0119932e-10,4.1391238e-11,2.1304394e-11,6.385148e-12,
4FGL J0601.4+2320,90.3703,23.3478,fsrq,9.513901,2.7780752,3.119243,0.56931704,9.4843855e-12,13.351126,1.1510372e-08,1.1550373e-08,5.5239173e-09,4.3224285e-10,2.8412994e-11,5.4732165e-12,3.2908714e-15,5.4033613e-16,
4FGL J0603.0-2936,90.7622,-29.6108,bcu,4.6984367,2.496543,2.4290967,0.16152793,1.4277502e-12,5.5285563,3.6423645e-11,1.250367e-09,6.18332e-10,7.888815e-11,1.91635e-11,5.450477e-13,6.678495499999999e-19,2.6026495e-17,
4FGL J0603.9+2159,90.9815,21.9848,bcu,11.826188,2.5215383,2.519913,-0.018150646,1.1051251e-11,20.661388,1.02033255e-07,1.4193698e-08,4.9147952e-09,3.2197345e-10,1.6320768e-10,9.20469e-12,7.385081e-12,1.6082048e-15,
4FGL J0608.8+5553,92.2005,55.899,bcu,5.022601,2.4909613,2.4192648,0.15710376,1.8597522e-12,16.662624,1.2227569e-10,3.7626274e-10,7.326836e-10,1.04793584e-10,2.3274688e-11,2.2443397e-12,2.5915603000000003e-16,3.2430777000000004e-16,
4FGL J0609.5+1402,92.3996,14.0395,bcu,7.935744,2.6105363,2.8376527,0.29125538,8.1198225e-12,7.9297194,4.1349027e-10,6.9888255e-09,4.356451e-09,4.8690296e-10,3.7353353e-11,8.829301e-12,5.872660500000001e-16,9.039254e-16,
4FGL J0610.7+1656,92.6761,16.946,bcu,5.942814,2.7178035,2.8389106,0.4233044,7.500068e-12,6.9360256,2.6198715e-10,6.154354e-09,4.5441855e-09,5.1342697e-10,4.035644e-11,4.499632e-15,5.6113646e-16,1.710643e-15,
4FGL J0611.6+2803,92.9237,28.0561,bll,10.706359,2.401088,2.3783548,0.04177886,6.9911065e-12,30.5629,1.2331167e-08,9.3644195e-09,2.0859863e-09,4.5241264e-10,9.055415e-11,1.5352872e-11,1.8860289e-12,9.034858e-23,
4FGL J0613.6+7108,93.4141,71.1355,bll,8.484193,2.0941036,2.0974545,-0.0038373566,1.8670404e-12,33.579628,1.8995128e-09,2.9130125e-09,4.7269566e-10,1.09603535e-10,3.3591012e-11,1.1068296e-11,4.2003814e-12,2.0401204e-15,
4FGL J0613.6+1709,93.4217,17.1516,bcu,4.6845293,2.56436,2.4590628,0.3941763,3.3138535e-12,50.759796,1.1354754e-08,3.2048305e-11,5.384025e-10,4.6228643e-10,8.117561e-11,2.7691228000000003e-16,2.1783363000000002e-17,1.0240617e-15,
4FGL J0614.9+2426,93.7394,24.4475,bcu,7.4879537,2.3285444,2.277488,0.22219229,3.146099e-12,10.389354,7.452463e-12,1.4023959e-14,8.55979e-10,3.1226574e-10,9.234487e-11,1.0126035e-11,8.059993e-18,7.287012e-16,
4FGL J0616.1-1732,94.0356,-17.5474,bll,5.6307,1.7818943,1.3947723,0.41745546,1.0015238e-12,12.050216,5.9556995e-09,1.2146596e-12,3.80819e-11,1.788343e-11,2.9645696e-11,1.5381458e-11,2.4993078e-12,9.467557e-16,
4FGL J0617.9-0319,94.4951,-3.3303,bcu,4.4183292,2.6479013,2.546303,0.13468702,3.203064e-12,33.449406,1.7957602e-08,3.9293715e-09,7.565184e-10,2.3739966e-10,2.336866e-11,3.879929e-15,1.5981482e-18,7.746016e-19,
4FGL J0618.9-1138,94.7482,-11.636,bcu,6.000437,2.4846816,2.443751,0.1644019,4.2655298e-12,29.637934,1.0054088e-09,6.999057e-10,1.2770212e-09,3.30352e-10,3.2679606e-11,6.413616e-12,8.013614000000001e-17,4.0440453000000005e-16,
4FGL J0620.0+5733,95.018,57.5595,bcu,4.7465515,1.9905553,1.7707063,0.18085329,8.5847925e-13,10.714285,7.644678e-11,3.4888278e-10,9.718429e-11,2.7841738e-11,2.3048587e-11,7.279914e-12,2.0839886e-12,8.741337000000001e-17,
4FGL J0620.7+2643,95.1766,26.7291,bll,11.720515,1.5881367,1.5711347,0.053768765,2.9152577e-12,10.787833,1.3539984e-10,8.3788683e-13,7.4160587e-17,9.176248e-11,5.6793095e-11,2.3070929e-11,1.8660089e-11,8.347095e-12,
4FGL J0621.2-4648,95.3015,-46.8071,bcu,5.7528734,2.6969438,2.6515644,0.072259866,2.0747906e-12,11.855616,8.5193935e-12,3.4371364e-09,8.055658e-10,1.0414011e-10,1.3750185e-11,5.4944306000000005e-16,6.119031700000001e-16,2.265455e-16,
4FGL J0621.8+1746,95.4517,17.7789,bll,8.464605,1.936458,1.965878,-0.029056873,3.6787214e-12,29.252375,6.7177757e-09,7.90024e-09,7.9142726e-10,1.9750174e-10,5.797201e-11,3.0490787e-11,9.932817e-12,4.9071858e-12,
4FGL J0622.9+3326,95.7296,33.4335,BCU,53.31614,2.2398374,2.1586695,0.06665077,2.77075e-11,2808.651,4.7485134e-08,2.3818405e-08,9.336908e-09,2.0457478e-09,5.9581967e-10,7.4022684e-11,1.870306e-11,1.4577438e-12,
4FGL J0623.2+3044,95.8231,30.7395,bll,14.727509,1.982233,1.7359515,0.16635993,3.9461247e-12,25.453712,9.743732e-09,2.8597391e-09,5.6892563e-10,2.2167758e-10,1.3689573e-10,4.269942e-11,4.89184e-12,1.69631e-12,
4FGL J0623.6-3351,95.9063,-33.8541,bcu,32.75206,2.339804,2.2078662,0.13139077,1.139603e-11,641.7705,1.5377903e-09,1.0142946e-08,4.60817e-09,9.248782e-10,1.9723241e-10,1.7440637e-11,4.0404837e-12,1.1936966499999999e-17,
4FGL J0624.1-6330,96.0406,-63.5097,bcu,5.766102,2.1054149,2.1210647,-0.012901962,1.3240567e-12,19.295176,7.0502827e-13,8.798865e-10,2.8453348e-10,8.52334e-11,2.8229016e-11,4.1045015e-12,6.9118296e-12,2.5607672e-16,
4FGL J0624.2-2943,96.0616,-29.7178,bcu,6.064482,1.9742693,1.9783019,-0.009187442,1.3554735e-12,9.416288,9.054788e-09,1.89178e-09,1.2190109e-10,9.893544e-11,2.79137e-11,3.5392917e-12,4.2378453e-12,1.8007299e-12,
4FGL J0626.8-2603,96.7166,-26.0581,bcu,4.2187486,2.546008,2.5381153,-0.054933026,1.7978379e-12,9.089716,1.6102785e-08,1.4102849e-09,6.243165e-10,9.868551e-11,1.0955716e-11,8.390473e-12,2.1794376e-12,1.4073876e-15,
4FGL J0627.0+2623,96.752,26.3959,bcu,5.167546,1.5975456,1.5558299,0.1675908,9.457326e-13,11.395206,1.1606258e-08,1.8150703e-11,2.789519e-18,2.0944258e-11,2.137224e-11,1.0743799e-11,3.5156114e-12,1.3988546e-12,
4FGL J0628.6-6711,97.152,-67.1871,bcu,4.3479977,2.5752702,2.4660773,0.118562214,1.4830302e-12,31.43851,6.6782784e-09,2.1504056e-09,4.1738887e-10,1.03894e-10,1.3416771e-11,7.43148e-15,1.2919893e-15,7.019880000000001e-18,
4FGL J0629.6+2435,97.4084,24.5877,bcu,9.657403,2.0334332,1.9164708,0.22684966,2.456943e-12,28.222475,8.667015e-12,1.9610754e-14,1.7954446e-10,2.0577708e-10,9.373104e-11,2.4163591e-11,2.2423276e-12,2.4011934e-15,
4FGL J0630.1-2010,97.5433,-20.1794,bcu,5.082344,2.0180573,2.0123227,-0.0030626429,1.8006486e-12,13.150255,5.1717113e-11,2.5763913e-09,1.0224795e-09,5.7749888e-11,5.9203024e-11,1.9670717e-12,5.537176e-12,1.7232965e-12,
4FGL J0630.2+3228,97.5576,32.4681,bcu,4.9195952,2.0974638,2.066839,0.036863383,1.5518579e-12,11.935559,6.8517262e-12,2.4936643e-11,2.145925e-10,1.3375819e-10,2.087948e-11,5.7221493e-12,8.189298e-12,3.7886653e-16,
4FGL J0631.1+2020,97.7766,20.3406,bcu,14.253211,2.4517086,2.307849,0.15949006,6.13263e-12,71.33468,2.9734359e-08,4.653515e-09,2.121351e-09,5.725642e-10,1.15017114e-10,1.695432e-11,4.108191e-18,1.02421484e-22,
4FGL J0632.0-1032,98.0226,-10.5335,bcu,11.59439,2.3540986,2.321656,0.09556252,7.2595263e-12,6.0787077,7.730925e-09,7.0539645e-09,2.0913071e-09,5.593592e-10,9.7189756e-11,1.0406505e-11,5.1479055e-12,7.936211e-16,
4FGL J0636.7+7139,99.1828,71.6615,bcu,26.04981,2.3493035,2.3266904,0.03220725,7.806715e-12,422.67773,1.6498315e-10,1.1497683e-08,2.475883e-09,4.6598353e-10,1.274203e-10,1.8981785e-11,3.9261823e-12,1.2303442000000002e-16,
4FGL J0638.7+2753,99.6887,27.8903,bcu,5.665834,2.0094976,1.9544425,0.089152925,1.6449978e-12,8.227973,7.770521e-10,3.9202277e-14,3.6181048e-11,1.5553123e-10,2.912584e-11,6.488766e-12,8.046694e-12,2.0270025000000002e-16,
4FGL J0640.0-1253,100.0213,-12.896,bll,17.985044,1.7386497,1.6893077,0.04597257,6.122593e-12,7.506714,9.933281e-09,3.011544e-09,4.97997e-10,2.6625643e-10,1.4131603e-10,4.734194e-11,2.2965945e-11,1.1451884e-11,
4FGL J0640.7-1924,100.181,-19.4092,bcu,4.552612,2.7257218,2.696142,0.10325741,3.1934908e-12,16.26896,1.4842883e-08,3.299416e-09,1.3123379e-09,1.049456e-10,2.1233348e-11,1.0786715e-12,1.1116398e-12,9.345295499999999e-18,
4FGL J0640.8+2432,100.2165,24.5421,bcu,6.2680573,1.7893038,1.6606491,0.2418648,1.5849508e-12,24.309708,2.4920715e-13,1.1883127e-14,2.434817e-10,1.5569488e-11,5.0172082e-11,1.8835595e-11,7.098144000000001e-17,2.3563024e-12,
4FGL J0641.7-0320,100.4371,-3.3466,FSRQ,20.563713,2.688613,2.6548,0.19018587,2.0713703e-11,430.4848,6.968283e-08,3.718191e-08,8.409153e-09,1.2056192e-09,1.0123408e-10,2.4939005e-13,2.2119855999999998e-20,1.3918359e-15,
4FGL J0643.3+0857,100.8345,8.9525,fsrq,27.626427,2.5331647,2.6143105,0.18549472,2.5329175e-11,425.22513,6.6887225e-08,3.4961875e-08,1.19118555e-08,1.7388702e-09,2.1312885e-10,1.9740643e-11,1.346371e-12,5.767652e-14,
4FGL J0643.4-3314,100.8513,-33.2392,bcu,4.22966,2.442373,2.364645,0.18406472,1.6419521e-12,23.704027,1.7694776e-11,1.5185517e-09,5.3240473e-10,1.04601786e-10,2.6407036e-11,2.6611127e-19,2.4296433e-12,1.1321199e-18,
4FGL J0644.7+3917,101.1994,39.2842,fsrq,4.1163273,2.1243625,2.1708581,-0.047413807,1.1533428e-12,12.817199,2.1449292e-08,1.0026567e-09,2.6223165e-10,6.9839655e-11,2.0138802e-11,4.9266025e-12,2.117101e-12,2.3725944999999996e-18,
4FGL J0647.7-4418,101.9253,-44.3058,bcu,9.636272,2.2428553,2.0705492,0.1988381,1.945052e-12,13.904289,9.769146e-09,3.2336006e-10,5.8526334e-10,1.8659609e-10,6.390001e-11,5.797041e-12,3.16639e-17,1.7171545e-15,
4FGL J0648.1+1605,102.0403,16.0928,bcu,6.6455936,1.9470593,1.8526685,0.112019315,1.9691234e-12,14.812788,2.8255797e-11,2.9237898e-10,1.755356e-14,1.5367399e-10,5.0153503e-11,7.1231692e-12,4.922679e-12,1.7770016e-12,
4FGL J0648.2+1745,102.0746,17.7651,bcu,6.5974503,2.22327,2.2856867,-0.08415705,2.1897545e-12,17.099205,1.1705449e-12,5.930485e-09,8.596456e-10,1.0909352e-10,3.0200255e-11,1.1511703e-11,1.5743348e-12,1.9178253e-12,
4FGL J0648.4-1744,102.1161,-17.7396,fsrq,91.61296,2.389437,2.3155937,0.118093096,7.081202e-11,4786.469,1.4891536e-07,9.39444e-08,2.7998043e-08,5.525479e-09,1.024204e-09,1.0469229e-10,9.939336e-12,1.0048475e-17,
4FGL J0648.4-6941,102.1172,-69.6927,bll,4.4315,1.8387619,1.7707977,0.18217859,6.65515e-13,9.619024,1.2212199e-09,1.2942172e-11,1.0190028e-14,5.2274445e-11,6.7122943e-12,1.0153907e-11,1.9801773e-12,5.7136865e-19,
4FGL J0648.7+1516,102.1905,15.2808,bll,38.209976,1.7294226,1.604624,0.062447157,1.4528321e-11,51.90195,4.5405586e-11,1.8808118e-10,1.1846715e-09,6.3940075e-10,3.502161e-10,1.5309876e-10,3.8026325e-11,2.1440438e-11,
4FGL J0649.3+2230,102.3396,22.5059,bcu,6.855744,2.1060908,2.1029959,0.007168954,2.3164452e-12,19.31225,1.83335e-10,4.5130342e-14,6.8859773e-10,1.7910728e-10,4.1093347e-11,5.5434884e-12,5.041393e-12,1.4985424e-12,
4FGL J0650.2+5620,102.5506,56.3421,fsrq,4.8562965,2.4448826,2.43245,0.020475961,1.4383156e-12,20.810194,6.3146515e-09,1.9394624e-09,4.933419e-10,9.033345e-11,1.1606847e-11,5.201594e-12,3.1046036e-15,1.3134227e-13,
4FGL J0650.2-1636,102.5717,-16.6012,bcu,24.538519,2.56888,2.5298815,0.11815985,1.7268147e-11,170.04144,2.8495736e-08,2.184785e-08,7.3391306e-09,1.154644e-09,1.4605596e-10,1.5518304e-11,1.69849e-12,2.035704e-18,
4FGL J0650.5-2851,102.629,-28.861,bcu,6.5272045,2.5935204,2.5473475,0.17331454,2.606767e-12,30.860775,3.5702196e-12,6.625893e-09,8.681864e-10,1.7743995e-10,3.4617035e-11,1.5690075e-12,5.322352e-18,5.0017355e-17,
4FGL J0651.5+7956,102.8887,79.9476,bcu,6.305482,2.3757498,2.4213264,-0.034310263,1.316964e-12,7.747486,2.0440129e-10,2.1403272e-09,2.7982086e-10,8.402194e-11,1.8410756e-11,5.2667497e-12,2.5755819e-17,4.0478897000000005e-16,
4FGL J0652.5+1932,103.1448,19.5486,bcu,6.8676066,2.5787296,2.3687415,0.34959683,2.18441e-12,11.010153,9.950174e-12,1.2339266e-09,7.8038964e-10,2.8818303e-10,1.6617197e-11,5.6277726e-13,1.2807441e-14,3.7548323e-15,
4FGL J0653.6+1636,103.4105,16.6106,bcu,10.282541,2.0948496,2.0316324,0.063780956,3.3176489e-12,20.20598,5.9806254e-10,5.185628e-09,7.4788464e-10,2.2235737e-10,6.6383454e-11,1.7704309e-11,2.705093e-12,1.9769893e-12,
4FGL J0654.3+0923,103.578,9.3874,bcu,6.41435,2.1079388,2.0897274,0.04773677,2.3152261e-12,27.021664,5.1518846e-12,1.0413402e-09,6.0851185e-10,1.4742482e-10,3.9913666e-11,1.6630454e-11,7.983237e-13,1.7589308e-12,
4FGL J0656.0+2420,104.0198,24.3448,fsrq,5.0434575,2.6804614,2.671042,0.20301348,2.849326e-12,27.661335,2.337072e-10,7.203407e-10,1.1105378e-09,1.3174789e-10,1.19061054e-11,3.508513e-12,8.143439000000001e-17,6.840252700000001e-16,
4FGL J0656.3-0322,104.0765,-3.3686,fsrq,26.142519,2.5463917,2.615822,0.18634847,2.4413584e-11,138.79819,5.479554e-09,4.3043524e-08,1.1395182e-08,1.6608663e-09,2.3409116e-10,1.5674352e-11,1.2611507e-15,2.8641970000000004e-17,
4FGL J0656.3-2404,104.097,-24.0682,bll,6.8834887,2.3250082,2.3282068,-0.023510681,2.6344111e-12,11.82565,6.314772e-09,3.752396e-09,9.861665e-10,9.843021e-11,5.3059182e-11,4.333585e-12,2.354385e-12,1.6895216e-12,
4FGL J0658.6+0636,104.6599,6.611,bcu,10.888583,1.9479092,1.8213779,0.09528595,3.5950485e-12,14.157754,7.821044e-09,6.101808e-09,2.2112191e-10,1.9050327e-10,9.459898e-11,2.6724923e-11,5.6297926e-12,1.9834132e-12,
4FGL J0659.9+1709,104.9847,17.1522,fsrq,9.751144,2.5923903,2.5483067,0.07358629,4.3627996e-12,49.39721,1.1090912e-08,8.690091e-09,1.449928e-09,2.5907676e-10,2.9705613e-11,4.0787356e-12,2.3279507e-16,1.9355166e-16,
4FGL J0700.2+1304,105.075,13.0674,bll,17.054016,2.0537448,1.9862796,0.069941364,5.670941e-12,6.4916744,5.489949e-10,5.040189e-09,1.2416622e-09,3.206566e-10,1.411244e-10,2.5244536e-11,1.0556784e-11,1.8627118e-12,
4FGL J0702.7-1951,105.678,-19.8517,bll,40.037594,2.1416502,2.0521216,0.065054156,1.9806615e-11,159.157,2.957115e-08,1.5205185e-08,5.130742e-09,1.5097509e-09,4.811645e-10,1.0895099e-10,1.6758133e-11,2.5284655e-17,
4FGL J0703.3-1042,105.8287,-10.7092,bcu,3.7019181,2.278204,2.2695246,-0.011959402,3.3050513e-12,4.266809,1.2676836e-10,4.603986e-09,3.0876819e-09,1.7252125e-10,2.4525321e-11,1.3763528e-11,6.5847622e-12,6.641666e-16,
4FGL J0703.3-0050,105.8367,-0.8436,bll,24.611385,2.2452407,2.1450872,0.12671699,1.1699933e-11,141.01003,1.0504965e-09,2.5303166e-09,4.0494736e-09,1.021184e-09,2.7810745e-10,5.020785e-11,1.3930411e-12,2.3864505e-17,
4FGL J0706.1+0246,106.5454,2.7772,bcu,7.989764,1.642911,1.6330261,0.04525254,2.0972503e-12,13.793873,1.3691263e-10,1.7722288e-10,4.3846422000000006e-16,6.989489e-11,6.3931346e-11,1.1765302e-11,7.789111e-12,5.8019553e-12,
4FGL J0709.2-1527,107.3095,-15.4512,bll,13.369087,1.7827995,1.6811829,0.0940548,4.718e-12,24.142263,8.3034e-09,7.094426600000001e-16,3.639483e-11,2.3082303e-10,1.3169119e-10,3.2864416e-11,2.6976726e-11,3.525878e-12,
4FGL J0709.3+0540,107.3392,5.6788,bcu,9.959411,2.1006138,2.0189166,0.083102025,3.726547e-12,33.12409,7.203747e-09,9.01912e-10,9.929595e-10,1.6994153e-10,9.678994e-11,1.9899296e-11,6.917546e-12,1.3044364400000001e-20,
4FGL J0709.7-0255,107.4451,-2.9301,fsrq,33.522633,2.3235216,2.2631469,0.06625167,1.8242796e-11,337.63077,1.2939768e-08,2.166724e-08,6.6132855e-09,1.2892937e-09,3.2508105e-10,4.189488e-11,1.0342595e-11,4.206673e-18,
4FGL J0713.0+5738,108.2598,57.6345,bcu,9.07228,2.4943998,2.4610262,0.057907287,3.8784947e-12,113.049644,4.0272115e-09,4.694055e-09,1.267041e-09,2.0810001e-10,4.7253156e-11,6.0963075e-12,6.578661e-15,1.4941883e-17,
4FGL J0718.2-1324,109.5539,-13.4164,bcu,4.3530407,2.2877743,2.303222,0.05390372,2.501712e-12,19.153337,5.493746e-15,4.437318e-09,5.816799e-10,1.8216381e-10,3.6682185e-11,6.0088917e-12,4.714631e-12,5.8479006e-18,
4FGL J0719.6-3927,109.9156,-39.4511,bcu,4.1826496,2.3157425,2.3075404,0.06406751,1.7692966e-12,14.34072,1.11052545e-08,7.856764e-10,5.8526256e-10,1.4754702e-10,2.0705488e-11,2.599837e-12,3.760856e-12,2.5601278e-17,
4FGL J0720.0-3507,110.0044,-35.1226,bcu,7.4479823,2.5095646,2.5138013,0.025788007,3.7738038e-12,68.041214,1.1618981e-08,3.7501517e-09,1.5848552e-09,1.7037759e-10,2.4496852e-11,1.18973035e-11,4.535359e-12,1.6120302999999999e-19,
4FGL J0721.3-0222,110.3253,-2.3687,bll,7.373902,1.8103627,1.6663588,0.13061689,1.8585643e-12,13.373615,2.0096397e-11,2.9144722e-09,9.808168e-11,1.0640793e-10,2.8980951e-11,1.526013e-11,1.1313489e-11,1.5552407e-18,
4FGL J0721.3+0405,110.3475,4.0914,fsrq,25.743517,2.5725534,2.4670777,0.10569587,1.3256326e-11,136.26424,2.9195585e-08,2.3409156e-08,5.3453633e-09,7.8279605e-10,1.1612121e-10,8.980596e-12,2.0086854000000001e-16,8.4123247e-14,
4FGL J0723.0-0732,110.7523,-7.5441,bll,15.243702,2.0514781,2.0586627,-0.010235696,5.996154e-12,13.62964,2.1022186e-11,5.2579865e-09,1.9140611e-09,3.1147823e-10,1.08089426e-10,2.8749295e-11,2.3855636e-11,1.8418236e-12,
4FGL J0725.5+0216,111.3901,2.2749,bcu,18.581915,2.054575,1.9364291,0.07980184,5.6976954e-12,24.61949,9.854929e-09,3.5466976e-09,1.0512715e-09,5.072319e-10,1.1390654e-10,4.751759e-11,1.2518997e-11,1.7986532e-16,
4FGL J0725.5-0504,111.3911,-5.0747,bcu,7.0466204,2.059545,2.0687308,-0.041082032,2.2478902e-12,14.79897,1.6609245e-12,3.4115821e-09,7.6432743e-10,1.4442122e-10,3.4716313e-11,6.6582764e-12,6.4829817e-12,1.830144e-12,
4FGL J0725.6-3530,111.4194,-35.5009,bcu,7.3574367,2.0218623,2.007483,0.008247014,2.0195816e-12,23.09593,3.7397977e-11,6.8884454e-09,6.1962746e-10,8.559203e-11,3.684508e-11,1.5453945e-11,5.0066015e-12,1.6291902e-19,
4FGL J0725.8-0054,111.4698,-0.9134,bcu,27.765549,2.0427215,2.0586853,-0.016248416,1.0306782e-11,35.200188,2.163493e-08,8.141399e-09,2.2202482e-09,5.731246e-10,2.3106934e-10,6.830313e-11,1.5058722e-11,8.65255e-12,
4FGL J0728.0-4740,112.0165,-47.6699,fsrq,3.8715343,2.1562116,1.7219197,0.30465338,1.4664076e-12,10.527521,4.9664788e-08,9.156502e-09,2.857952e-10,1.4986503e-11,4.175972e-11,6.9043365e-12,2.8193808e-12,5.132958e-16,
4FGL J0729.1-3131,112.2819,-31.5261,bcu,7.571353,2.32572,2.278679,0.114341125,3.641463e-12,14.984753,2.339199e-08,4.3118544e-09,1.3048308e-09,2.315686e-10,6.564926e-11,3.0252541000000004e-16,2.4869802e-12,2.6313009e-15,
4FGL J0730.3-1141,112.5776,-11.6888,fsrq,134.91803,2.3083932,2.2272675,0.08641022,1.11938576e-10,3103.0686,1.6316697e-07,1.3368512e-07,4.137372e-08,8.572065e-09,1.8475214e-09,2.538115e-10,2.1931646e-11,1.7519108000000002e-16,
4FGL J0730.5-0535,112.6354,-5.5842,bll,28.018559,2.2104354,2.1835647,0.040056985,1.2175472e-11,64.67528,1.1976246e-08,1.4296649e-08,3.3490537e-09,7.610341e-10,2.5302416e-10,3.5036047e-11,6.8587185e-12,1.8855124e-12,
4FGL J0731.2-1403,112.8105,-14.0656,bll,8.528998,2.2114205,2.080945,0.3292267,2.6071077e-12,11.51032,2.2234884e-08,2.066221e-09,5.747366e-10,3.4035955e-10,9.776743e-11,5.859179e-12,1.6934667e-19,4.6894134999999994e-18,
4FGL J0731.8-3009,112.9639,-30.1553,bcu,8.297899,2.0275948,1.9098488,0.16736941,2.9652494e-12,24.288841,7.691236e-09,2.149874e-09,3.1751857e-10,2.4429817e-10,5.0203154e-11,2.4631401e-11,2.879715e-12,1.3190957e-17,
4FGL J0733.0+4915,113.2659,49.2568,bcu,5.0507393,2.2268,2.2617955,-0.03990614,1.2427292e-12,12.202076,5.23408e-12,2.7210156e-09,2.3334976e-10,1.02746665e-10,1.09990185e-11,6.2238704e-12,3.082191e-12,7.089878e-18,
4FGL J0733.5+3517,113.3761,35.2938,bll,6.3647194,2.146712,1.9465944,0.17018878,1.5937506e-12,10.889427,8.522838e-11,1.5761309e-09,2.2826167e-10,1.1089e-10,3.8370102e-11,1.0179207e-11,1.8818434000000002e-16,2.4329620000000003e-17,
4FGL J0733.7+0205c,113.4379,2.0908,bcu,4.1666465,2.7545958,2.6707256,0.17851827,2.7624298e-12,14.490856,1.6507965e-11,6.9268635e-10,1.1321332e-09,1.391542e-10,1.474058e-11,1.4377463e-14,1.0480572e-15,1.0443353000000001e-16,
4FGL J0738.4+1539,114.6058,15.6602,bcu,5.6792054,1.9348649,1.6951916,0.2961834,8.8959927e-13,13.0469475,1.0237607e-10,2.127986e-13,6.1014066e-15,8.560525e-11,3.4034664e-11,7.507464e-12,2.1657988e-12,6.027605600000001e-16,
4FGL J0738.9-6736,114.7427,-67.6038,fsrq,11.242895,2.5381687,2.532412,0.021216678,6.711622e-12,187.5877,7.534676e-11,1.2326976e-08,2.5043632e-09,4.5430845e-10,4.785395e-11,1.2560109e-11,9.791291e-13,2.6402078e-16,
4FGL J0740.0-0753,115.0209,-7.8985,bcu,6.2341466,2.5773187,2.5840385,0.088430986,3.1542705e-12,28.797522,1.3435153e-13,5.084623e-09,1.2716701e-09,1.6862464e-10,1.7636838e-11,1.8012739e-12,1.8054917e-12,1.977902e-15,
4FGL J0741.4-8132,115.3538,-81.5409,bcu,4.2388396,1.8214688,1.6785805,0.29676485,8.225383e-13,14.0428295,8.6879826e-10,2.4509637e-14,3.315246e-12,3.374072e-11,2.6811397e-11,1.17225535e-11,2.2136373e-12,3.389653e-16,
4FGL J0743.6-3805,115.9062,-38.0937,bcu,5.834506,2.4252458,2.4016092,0.08527153,3.638085e-12,50.270363,5.253239e-09,5.0713327e-09,9.421903e-10,2.8925545e-10,3.3771014e-11,5.9264867e-12,3.6286172e-12,6.055462e-16,
4FGL J0744.1-6211,116.0302,-62.1954,bcu,4.05689,1.5204209,1.2105943,0.3846425,6.501879e-13,10.186432,3.1882243e-11,4.666024e-10,4.4135022e-11,4.6961756999999994e-18,1.1915172e-19,1.2912849e-11,4.275608e-12,3.0070790999999997e-19,
4FGL J0745.4-2447,116.3619,-24.7995,bcu,4.3232203,2.8420258,3.119611,0.40662056,5.843903e-12,18.51481,1.1470996e-08,1.0593387e-08,3.1063445e-09,8.781995e-11,2.5816498e-11,1.672123e-17,5.0534515e-15,3.9981713e-15,
4FGL J0746.5-0710,116.6316,-7.1804,bcu,16.546766,2.2099712,2.1034112,0.16961347,5.008809e-12,26.896437,4.656089e-12,2.268228e-09,1.4941149e-09,5.049123e-10,1.4322481e-10,1.8398557e-11,6.803581e-15,1.2385124e-16,
4FGL J0747.3-3310,116.8328,-33.1778,bll,21.965317,2.2964206,2.2854376,0.03339075,1.7648919e-11,135.87971,1.1391108e-08,1.6329738e-08,6.161822e-09,1.0353054e-09,2.9559935e-10,5.5355078e-11,1.2697287e-11,7.615852e-15,
4FGL J0747.6+7209,116.9239,72.1649,bcu,6.365955,2.4518964,2.398941,0.049920082,1.4785332e-12,31.465384,1.9045519e-08,3.7736574e-09,4.189725e-10,8.362724e-11,2.3706153e-11,3.0737997e-12,5.1729086e-16,1.751554e-15,
4FGL J0748.0-1638,117.0059,-16.6437,bcu,14.111153,2.6186252,2.6007378,0.15140338,7.497261e-12,66.09985,1.6878532e-08,1.463248e-08,3.1662235e-09,4.1369708e-10,7.0978085e-11,2.3705248e-12,1.2339492e-17,7.852499e-15,
4FGL J0749.0-3904,117.267,-39.0709,bcu,7.451394,2.0655828,2.0661309,-0.0006040114,3.0074107e-12,8.847169,1.9575118e-11,3.640043e-12,1.1755951e-09,1.6106852e-10,5.04592e-11,1.9337396e-11,6.880362e-12,2.0466775e-12,
4FGL J0749.0-2956,117.2727,-29.948,bcu,5.835334,1.9804273,1.8110816,0.15239409,2.2738278e-12,13.052333,1.2214391e-12,2.938204e-09,2.6495298e-10,1.8243455e-10,3.4433397e-11,2.3523242e-11,2.61129e-12,8.899142500000001e-17,
4FGL J0749.5+1026,117.3871,10.449,fsrq,3.4941971,2.857799,2.9068923,0.23459534,2.5183915e-12,14.415025,1.2799417e-08,8.679662e-09,1.1171203e-09,7.5490315e-11,1.3682128e-11,1.3443153000000002e-16,5.670101e-16,7.5680025e-17,
4FGL J0749.9+3112,117.4754,31.2087,bcu,4.103771,2.452208,2.3840039,0.098748505,1.2605697e-12,9.116832,9.128553e-12,2.6553737e-09,3.6407502e-10,7.79603e-11,2.0380949e-11,3.4588379e-16,1.0622435e-15,1.09744045e-14,
4FGL J0750.0+8238,117.5109,82.6382,bcu,5.7847314,2.628444,2.421155,0.115534835,1.4660285e-12,35.76675,1.7657287e-09,1.7610068e-09,3.331223e-10,1.0918186e-10,1.43524715e-11,2.53996e-15,1.8203712e-15,5.727358e-16,
4FGL J0751.9+3314,117.9826,33.2361,fsrq,43.286934,2.4388146,2.3153691,0.12861452,1.3850817e-11,2246.3665,3.0354144e-08,2.0167548e-08,5.7413057e-09,9.715755e-10,1.6141287e-10,9.193353e-12,1.6702361e-12,1.3874939e-13,
4FGL J0752.3-1631,118.0914,-16.5318,bcu,21.514982,1.9979753,1.7705446,0.15941432,5.6862687e-12,39.39336,1.6067775e-08,9.761462e-10,8.80469e-10,4.0995835e-10,2.2662305e-10,3.3462354e-11,1.5577003e-11,3.8263228000000005e-16,
4FGL J0753.9+0923,118.4907,9.3904,bcu,7.505925,2.4596407,2.474448,0.2405701,1.9710223e-12,57.48355,9.116562e-11,2.2102566e-09,7.842921e-10,1.7344905e-10,3.7334868e-11,3.5165906e-17,6.130794300000001e-16,3.1080561e-12,
4FGL J0754.4-1148,118.6105,-11.8052,bll,41.87455,2.1521056,2.0340767,0.09613105,1.6457884e-11,43.825447,8.9436485e-09,1.03565085e-08,5.0748175e-09,1.3748169e-09,3.6317607e-10,9.621869e-11,7.1370752e-12,4.998116e-16,
4FGL J0754.5+3911,118.6435,39.1968,bll,4.589475,1.9216198,1.7756855,0.20071693,9.934076e-13,11.536307,1.277886e-13,2.4460653e-15,1.2199074e-10,3.758695e-11,3.698493e-11,6.9723463e-12,1.5724212e-12,1.312911e-15,
4FGL J0756.6-7723,119.1718,-77.3895,bcu,5.262592,2.0884686,1.9433057,0.2828338,1.1404233e-12,8.558477,4.4418575e-12,2.989814e-12,1.6380917e-10,5.840505e-11,3.179453e-11,5.729686e-12,3.1760486e-14,1.9030977e-17,
4FGL J0757.1-3729,119.2835,-37.4955,bll,8.214813,1.8993118,1.7472476,0.23826258,2.3953224e-12,26.704844,8.849976e-11,1.5620568e-14,2.6390855e-11,7.886211e-11,9.1599006e-11,2.406837e-11,9.32835e-12,1.4876375e-12,
4FGL J0800.4-2257,120.1113,-22.9572,bcu,9.91118,2.4712663,2.433394,0.38064176,3.682551e-12,35.83864,5.605108e-12,1.15617065e-10,1.9274178e-09,3.6403697e-10,5.941694e-11,3.9124786e-17,7.2793595e-17,3.4354951e-15,
4FGL J0801.1+1335,120.2789,13.5853,bll,4.354326,2.2683117,2.2215729,0.041690495,1.3638343e-12,10.037491,9.921184e-09,7.31764e-10,4.8189686e-10,4.8347947e-11,4.003022e-11,4.870172e-12,1.2324631e-15,1.81597e-16,
4FGL J0803.0+2439,120.7508,24.6583,bll,5.2054915,1.9436674,1.9736581,-0.032283068,1.0598113e-12,15.491969,3.639679e-10,1.0004173e-09,3.4245282e-10,5.3072994e-11,5.5061415e-12,9.330081e-12,6.683549e-12,1.0746026400000001e-16,
4FGL J0803.5+2046,120.8883,20.7678,bcu,5.4890127,2.5785248,2.4456704,0.39484024,1.483198e-12,41.820812,1.8299069e-11,1.4023167e-09,7.321694e-10,1.4787875e-10,2.3163361e-14,7.012984e-15,1.0691347e-15,1.2601119e-12,
4FGL J0804.0-3629,121.0076,-36.4854,bll,26.133951,1.9576306,1.6872739,0.2170746,9.975759e-12,40.391365,4.2396926e-09,2.2213138e-09,1.3134572e-09,6.007579e-10,3.8625905e-10,9.412959e-11,2.3854443e-11,4.640316e-24,
4FGL J0805.8-2331,121.4651,-23.533,bcu,6.704265,2.1464791,2.1450162,0.025663627,2.3143148e-12,14.093425,4.7324774e-12,9.448907e-10,7.879411e-10,1.5739646e-10,3.290257e-11,1.3100167e-11,4.3731733e-12,7.704686e-17,
4FGL J0806.1-0458,121.539,-4.9792,bcu,4.698041,2.1487339,1.939846,0.3465452,7.755981e-13,15.559356,4.031964e-09,2.522851e-09,4.0165624e-11,1.0510597e-10,2.6902789e-11,7.6091035e-12,2.1209940000000002e-17,1.2912893e-15,
4FGL J0806.9-2151,121.7403,-21.8513,bcu,5.824511,2.152631,2.0838974,0.12664181,1.8092644e-12,8.412773,5.685155e-12,2.4223463e-09,3.541445e-10,9.790013e-11,5.402404e-11,4.1412798e-12,2.2403561e-12,1.1421184000000001e-21,
4FGL J0807.3-1954,121.8376,-19.916,bcu,5.5406604,2.221383,2.2132938,0.0056186635,1.8683466e-12,10.297961,2.0526239e-10,2.885529e-09,5.3690574e-10,1.3502681e-10,1.74512e-11,9.300707e-12,1.6125122e-12,1.6378752e-12,
4FGL J0809.3+3121,122.348,31.3533,bll,5.4168625,2.2853749,2.184313,0.2211697,1.102016e-12,20.82889,8.813635e-13,5.442424e-10,3.208557e-10,1.2763371e-10,2.6451417e-11,1.5611258e-12,1.7739482e-12,1.4588679000000001e-21,
4FGL J0809.9-7028,122.4803,-70.467,bcu,4.900957,2.0411031,2.0400019,-0.034417607,1.1922476e-12,22.965302,1.3967088e-14,3.576512e-13,2.8989353e-10,1.111001e-10,9.8673205e-12,6.723669e-12,2.4010143e-12,2.2899248e-12,
4FGL J0810.5+6139,122.6432,61.6578,bcu,4.2817407,2.0151691,1.9012389,0.06109729,8.523271e-13,10.819014,1.0591314e-08,4.0414783e-09,2.962692e-10,1.7900055e-11,2.0760083e-11,5.9176062e-12,3.3656797e-12,4.1176548e-17,
4FGL J0810.9-4926,122.7287,-49.4364,bcu,4.8421807,2.4850447,2.4615722,0.07579375,2.5935345e-12,8.133714,4.3240224e-08,3.7887014e-09,8.973413e-10,1.1168672e-10,4.1958572e-11,5.6826627e-12,1.0156305499999999e-17,1.5514599e-15,
4FGL J0813.4+2531,123.3556,25.5319,fsrq,4.7036057,3.2695603,3.1671388,0.18189743,2.1109418e-12,14.375155,1.2214113e-08,7.335916e-09,5.736255e-10,4.767372e-11,4.217059e-16,3.2115988e-21,4.3082598e-18,9.1360577e-17,
4FGL J0814.5-2642,123.6266,-26.7026,bcu,4.9389496,2.354406,2.1880443,0.25999582,1.4292657e-12,19.835388,7.280681e-09,4.3006085e-10,3.918979e-10,1.7128822e-10,3.6349108e-11,3.9580964e-12,2.5434256e-15,3.640641e-17,
4FGL J0816.7-2420,124.1916,-24.3427,bcu,15.098283,2.5547404,2.5728252,0.08207046,8.306325e-12,153.68752,2.1177747e-11,1.711927e-08,3.2743914e-09,4.4569523e-10,6.814885e-11,7.172139e-12,4.44493e-16,3.0547087e-13,
4FGL J0819.4+4035,124.854,40.5968,bll,6.718914,2.0253334,1.8835065,0.13187502,1.4560369e-12,17.302528,3.5480643e-09,7.169893e-10,2.5124008e-10,6.16552e-11,4.2059876e-11,9.841302e-12,9.313649e-16,1.5397178e-12,
4FGL J0820.1-2801,125.0399,-28.0255,bcu,5.83915,1.5983996,1.5219992,0.19762418,1.3199721e-12,12.062108,7.0013156e-10,7.08326e-13,1.10691424e-13,1.6365543e-11,3.304063e-11,9.749878e-12,1.0197137e-11,1.6041282e-12,
4FGL J0820.6-0318,125.1514,-3.3049,bcu,4.8786063,1.9300373,1.9336236,0.006738909,1.195845e-12,15.066093,6.027416e-14,4.889515e-10,1.6818498e-11,1.0871054e-10,1.554888e-11,8.3620316e-12,4.056007e-12,1.7718235e-12,
4FGL J0820.7-5758,125.182,-57.9806,bcu,4.9048576,2.7887173,2.6493793,0.25671032,2.5203442e-12,36.631664,1.0400347e-09,4.8967874e-09,1.196619e-09,1.4639866e-10,1.1957036e-11,3.9576114000000004e-16,7.055976e-15,6.5718318e-15,
4FGL J0822.4-2630,125.6172,-26.502,bcu,3.2656994,2.2323313,2.2071195,0.06124593,1.0833612e-12,14.988607,6.375917e-10,3.1376063e-15,6.237098e-10,8.444945e-12,3.082897e-11,3.058902e-12,3.4467895e-15,5.453413999999999e-19,
4FGL J0822.9+0538,125.7327,5.6428,bcu,4.68178,1.8968624,1.7297337,0.074275754,8.9630907e-13,8.594029,7.0779245e-09,1.1882165e-09,2.3162498e-10,2.3360282e-11,1.5296372e-11,9.426096e-12,3.0812638e-12,1.0987658999999999e-18,
4FGL J0823.7-4838,125.9466,-48.641,bcu,7.4653344,2.8787642,2.8957996,0.08714168,8.81722e-12,24.977953,2.1372081e-08,2.9054153e-08,2.60057e-09,3.025693e-10,4.229876e-11,1.9460113e-12,1.8855212e-15,2.0709648000000003e-21,
4FGL J0824.7-1035,126.1901,-10.5985,bcu,2.6843314,2.628398,2.335527,0.24428084,1.3063373e-12,17.411045,4.9567954e-09,1.565983e-13,4.1794762e-10,1.15121176e-10,9.959533e-13,8.0746993e-20,1.1124378e-12,1.1603446999999999e-19,
4FGL J0825.9-3218,126.4796,-32.3075,bcu,16.99692,2.6511292,2.6007383,0.19423823,9.488165e-12,108.708305,1.8148949e-08,1.6025275e-08,4.4459783e-09,5.04866e-10,7.185909e-11,7.786933e-13,3.5010486e-18,3.0749813e-16,
4FGL J0825.9-2230,126.4991,-22.5055,bll,102.10135,2.0073147,1.9208462,0.057467896,5.007287e-11,388.63098,3.7095436e-08,2.5048225e-08,1.12811875e-08,3.4926213e-09,1.3510276e-09,3.2637648e-10,7.637404e-11,1.7086623e-12,
4FGL J0827.6-3735,126.9137,-37.5918,bcu,7.3678584,2.8619065,2.9056122,0.31442562,8.574329e-12,74.80061,3.6081765e-08,1.584288e-08,4.190245e-09,3.536327e-10,8.14374e-12,1.06051906e-13,2.350543e-15,3.6181466e-15,
4FGL J0828.7-2422,127.1802,-24.3744,bll,7.092465,2.0896857,1.9846017,0.12186821,1.9924993e-12,18.722517,4.765693e-12,2.0640722e-09,3.4375383e-10,1.15558944e-10,5.813278e-11,8.292461e-12,8.3932687e-13,2.881745e-13,
4FGL J0829.4+4019,127.3581,40.3189,bcu,8.268681,2.3457377,2.2976782,0.050017145,2.1866048e-12,29.015026,3.437388e-09,1.2692943e-09,5.698966e-10,1.4218028e-10,3.804293e-11,6.2078094e-12,1.6256769e-12,6.455268999999999e-19,
4FGL J0830.1-0946,127.5427,-9.7728,bcu,7.621814,1.8769256,1.764853,0.100129224,1.6495276e-12,22.836252,8.041904e-11,1.2499123e-09,1.9647103e-10,8.510897e-11,3.0848775e-11,1.9494559e-11,5.7246673e-12,7.623627500000001e-22,
4FGL J0833.0+3300,128.261,33.0138,bll,5.852578,1.7195909,1.6552315,0.15590094,1.1734572e-12,21.321188,6.99426e-09,2.2069072e-14,2.4657698000000002e-17,6.65728e-11,2.8793235e-11,5.8016786e-12,8.74911e-12,6.39884e-19,
4FGL J0835.0+6243,128.7684,62.7193,bcu,4.1866403,2.9687366,2.9514575,0.15295675,1.6927508e-12,9.158851,4.2587184e-12,5.8034173e-09,6.416466e-10,1.1583071e-11,5.3279733e-12,8.148617e-13,2.5845969999999998e-20,2.067261e-14,
4FGL J0835.8+1517,128.9613,15.2955,bll,4.847881,2.4159205,2.406562,0.038062517,1.5918095e-12,23.475918,1.920252e-13,5.70547e-10,7.798127e-10,6.4781756e-11,2.2207229e-11,2.7867717e-12,4.1185186e-18,7.7127136e-15,
4FGL J0835.9-2120,128.9862,-21.3456,bcu,4.0776114,1.8747994,1.9680374,-0.06429207,8.400662e-13,14.049184,6.173081e-11,3.658566e-09,1.7462162e-10,3.6157567e-11,8.607546e-12,8.212761e-12,3.4829067e-12,1.4071685e-12,
4FGL J0836.0-8015,129.0037,-80.2565,bcu,5.032773,1.693763,1.4949082,0.13677314,7.63337e-13,18.233454,8.558232e-13,2.0918532e-14,1.3658677e-10,4.981708e-11,7.086136e-12,5.7304435e-12,7.58403e-12,5.574327e-25,
4FGL J0837.4+2454,129.3682,24.9004,fsrq,4.6237197,2.720763,2.7022567,0.022076415,1.8971944e-12,13.243206,3.3369343e-08,3.4270724e-09,7.257918e-10,5.5683232e-11,2.1205886e-11,1.1241936e-15,3.2703863000000003e-16,7.349908e-16,
4FGL J0840.1-0225,130.0394,-2.4326,bcu,6.08323,1.5085825,1.498325,0.04589606,9.54792e-13,26.143017,9.845994e-09,5.807306e-14,2.3480014e-15,3.2545213e-11,2.093505e-11,6.9456992e-12,5.539823e-12,3.651984e-12,
4FGL J0840.9-7044,130.2395,-70.7487,bcu,3.7538311,2.4575984,2.4478374,-0.04292834,1.3854598e-12,15.657282,1.5521806e-11,3.961688e-09,5.154449e-10,4.453835e-11,2.002703e-11,1.1980397000000002e-16,2.7303212e-12,6.595448500000001e-16,
4FGL J0841.0-2744,130.263,-27.7468,bcu,4.5994563,2.6767998,2.872364,0.24648772,2.6897924e-12,19.440237,7.4256734e-10,5.357663e-09,1.1152432e-09,1.279993e-10,7.287327e-12,1.3098769e-14,1.5217557e-14,4.0702534e-15,
4FGL J0841.3-3554,130.3406,-35.9041,bll,38.432007,1.8228648,1.5522588,0.18887036,1.359741e-11,44.511967,8.619556e-09,2.1157492e-10,1.1474516e-09,7.050441e-10,4.3677473e-10,1.6818737e-10,3.1833123e-11,8.810483000000001e-17,
4FGL J0843.0-0853,130.7739,-8.8878,bcu,4.003971,2.590437,2.4766057,0.23983768,1.5612126e-12,30.641653,3.667539e-09,1.6763018e-09,6.829634e-10,1.01585795e-10,7.0415943e-12,4.8703073e-12,1.0295088e-17,3.6721806000000003e-16,
4FGL J0843.1+5034,130.7877,50.5741,bll,4.666768,1.6759331,1.4689591,0.15392125,5.4330124e-13,11.941535,5.8438907e-09,1.5617501e-12,6.156545e-11,1.7834076e-11,1.1639784e-12,9.9481265e-12,1.2138362e-12,1.4354933e-12,
4FGL J0844.9-5458,131.2478,-54.9721,bll,44.07962,2.1179607,2.0224688,0.07147242,1.7054398e-11,20.895359,4.570202e-09,1.3140752e-08,4.4460244e-09,1.2678847e-09,4.4148565e-10,1.0014778e-10,1.5483856e-11,2.1992160000000003e-17,
4FGL J0845.7-5556,131.4473,-55.949,fsrq,12.293074,2.2745543,2.274689,-0.003007579,4.690326e-12,2.287864,3.1038026e-12,5.3895963e-09,1.3529307e-09,3.1707398e-10,6.26803e-11,1.7701434e-11,4.601135e-12,1.3109829e-12,
4FGL J0846.5-2609,131.6416,-26.16,bcu,8.276408,2.5290966,2.5526552,0.29386246,2.708087e-12,15.652924,3.6965764e-11,4.229189e-09,1.0391239e-09,2.8730213e-10,1.2733137e-11,4.1474554e-12,4.3982e-15,1.3053583e-15,
4FGL J0848.7-6942,132.1811,-69.7133,bcu,4.125908,1.7173808,1.5409327,0.11878821,6.454371e-13,17.306484,6.859187e-11,5.727552e-10,1.8550264e-10,7.5016827e-13,1.620626e-11,3.3267633e-12,3.3475746e-12,2.4676428e-12,
4FGL J0848.9+0205,132.2375,2.087,bll,5.38826,2.3589947,2.3351207,0.0239303,1.6648651e-12,7.563434,5.711918e-13,1.2596321e-09,6.396338e-10,7.778205e-11,2.9485955e-11,6.0576375e-12,2.7358130000000003e-17,4.979032e-17,
4FGL J0849.4-2911,132.3511,-29.1863,bcu,14.445695,2.1382933,2.1057982,0.03652755,4.598685e-12,48.839394,4.7954787e-15,5.489511e-09,1.1357364e-09,2.881673e-10,8.0143975e-11,3.4433036e-11,3.1490713e-12,9.1489637e-17,
4FGL J0849.8-3541,132.4516,-35.6877,bcu,24.393354,2.346873,2.2371776,0.10179996,1.08546045e-11,168.99345,1.8533848e-08,1.4456964e-08,3.3425247e-09,9.780108e-10,1.9141808e-10,1.8079998e-11,6.1784015e-12,1.5947123e-15,
4FGL J0851.9-5229,132.993,-52.4977,bcu,7.033854,2.4138052,2.315357,0.12468821,4.8551467e-12,33.09635,2.5998537e-09,2.1041966e-09,1.7171732e-09,1.6422495e-10,8.695644e-11,1.7684885e-11,4.3446643e-17,1.2915774e-16,
4FGL J0851.9+4845,132.9934,48.7566,bcu,7.0117435,2.5068972,2.4872139,0.06333447,3.6156425e-12,63.74754,2.0494468e-12,6.5639982e-09,1.213352e-09,2.368008e-10,3.857381e-11,2.6943885e-12,3.7091726e-16,1.2928731e-14,
4FGL J0852.5-5755,133.1418,-57.9304,bcu,60.83401,2.3011653,2.2070198,0.092931665,2.8926125e-11,1577.2587,6.21138e-08,2.6881262e-08,1.02165245e-08,2.3668143e-09,5.3239846e-10,8.288594e-11,8.827826e-12,3.98067e-16,
4FGL J0852.9-3824,133.2476,-38.4025,bcu,4.4227896,2.5519,2.4577382,0.08442676,3.0627326e-12,22.753933,2.9034386e-10,9.3592085e-09,9.2637115e-10,1.2572914e-10,4.192296e-11,3.5290724e-12,8.204265e-17,9.00531e-17,
4FGL J0853.1-3657,133.2934,-36.9565,bcu,27.132502,1.9586886,1.8493813,0.06344005,1.0344038e-11,11.015191,2.2134468e-08,7.2274636e-10,1.7226092e-09,6.0631017e-10,2.8831082e-10,7.8401376e-11,3.5342687e-11,1.5234245e-12,
4FGL J0856.4-5309,134.1229,-53.1638,bcu,6.4200506,2.201149,2.190635,0.008662681,2.7217853e-12,13.909256,5.485379e-10,8.1709635e-09,7.5489354e-10,1.6846106e-10,3.698158e-11,1.3445878e-11,4.317166e-12,1.528379e-17,
4FGL J0857.7+0137,134.4279,1.6254,bll,6.347662,2.3223085,2.3732066,0.1665239,1.915861e-12,4.800542,3.741636e-12,2.9957543e-09,5.775334e-10,1.1913034e-10,3.334859e-11,3.192943e-13,2.1388593e-17,1.8981242e-12,
4FGL J0858.0-3130,134.5063,-31.5076,bll,12.181055,1.8881328,1.8351264,0.056023963,3.5131921e-12,26.586279,7.586044e-15,2.4973585e-09,4.333649e-10,1.5673048e-10,8.1661476e-11,2.8095927e-11,1.43683225e-11,3.3720554000000002e-16,
4FGL J0859.2+0047,134.8184,0.7865,bll,5.598409,1.7719414,1.5090753,0.20397024,1.2801903e-12,15.743216,2.3694375e-11,1.7838843e-13,2.64617e-10,4.3622307e-11,3.406874e-11,1.0428645e-11,7.2497694e-12,5.98316e-16,
4FGL J0859.4+8345,134.867,83.7558,bll,4.2861476,1.7335976,1.6609824,0.11871781,4.843867e-13,14.671006,5.629703e-09,7.6426597e-16,9.8371665e-11,7.515411e-12,1.3568841e-11,5.165541e-12,1.2794447599999998e-17,1.2616727e-12,
4FGL J0902.5-4801,135.6467,-48.0226,bcu,7.3388877,2.6889753,2.9754155,0.37388512,1.1044963e-11,10.02633,3.652972e-10,8.507487e-09,5.170828e-09,7.5687034e-10,6.2034225e-11,3.382354e-14,1.3573121e-15,2.5326892e-13,
4FGL J0903.5+2847,135.8936,28.7935,bll,4.1420765,2.519664,2.3583896,0.14247634,1.3578135e-12,17.305992,9.337998e-09,4.2842876e-09,3.1431713e-10,7.667123e-11,2.2896303e-11,1.6547221e-19,2.315048e-18,7.280000400000001e-16,
4FGL J0904.5-3513,136.1404,-35.2308,bcu,12.569874,2.583127,2.4577713,0.15995854,6.4305857e-12,154.44624,2.06201e-08,1.2215584e-08,2.2064304e-09,5.0661203e-10,5.445266e-11,2.976485e-12,1.5861696e-12,1.8034255e-12,
4FGL J0904.9-5734,136.2315,-57.5833,bcu,177.62144,2.2176414,2.1528542,0.058547333,1.376291e-10,15892.668,1.4732542e-07,1.2786658e-07,4.402327e-08,1.0532269e-08,2.705571e-09,4.744356e-10,9.059898e-11,1.1914915e-11,
4FGL J0906.7+4950,136.6943,49.8499,fsrq,4.472897,2.4125972,2.377897,0.022809746,9.741274e-13,29.073002,8.71582e-13,1.00670194e-10,3.5908193e-10,3.619501e-11,2.0924389e-11,1.1902984e-12,4.497252e-15,1.0904504e-12,
4FGL J0907.1+0856,136.7897,8.9489,bll,3.984595,2.0887058,1.5601702,0.3676322,1.0413727e-12,10.589989,3.0662089e-13,2.4674274e-09,1.2702338e-10,3.6453503e-11,3.4008726e-11,6.795251e-12,1.3786890599999998e-17,5.1131523e-20,
4FGL J0907.8-1002,136.9521,-10.0466,bcu,4.241082,2.0983994,2.086197,-0.04337507,1.1465632e-12,12.379854,7.710385e-13,5.3073773e-10,4.0823198e-10,7.028076e-11,1.3371121e-11,4.346624e-12,3.4264364e-12,1.7299967e-12,
4FGL J0908.5-8751,137.1494,-87.8662,bcu,6.293156,2.9054148,2.8959444,0.05160531,3.1568474e-12,28.6995,2.6208868e-08,7.3617588e-09,1.2586666e-09,7.423483e-11,2.5424983e-12,4.07357e-12,1.5475422e-16,4.444317e-16,
4FGL J0909.1+6647,137.2797,66.7864,bcu,5.4707613,2.060687,2.0669734,-0.0073488983,9.242537e-13,8.5372095,1.2487283e-10,5.3859118e-12,2.7439834e-10,6.0073405e-11,1.3682982e-11,4.8929623e-12,2.5637133e-12,2.8031795e-15,
4FGL J0911.0-5047,137.7507,-50.7966,bcu,6.597881,2.5165796,2.548069,0.042857274,8.498457e-12,33.8212,3.768822e-10,2.0003311e-08,3.3491008e-09,4.0062148e-10,7.1260595e-11,2.52448e-11,5.0043682e-14,1.5730851e-16,
4FGL J0912.2+3004,138.0563,30.0779,bcu,4.38687,2.2495687,2.169355,0.08151728,1.136324e-12,7.214272,5.3209828e-09,7.447697e-12,1.8613587e-10,9.873098e-11,1.1273892e-11,8.059711e-12,6.93181e-16,3.47837e-17,
4FGL J0913.9+1732,138.4922,17.5342,bcu,4.192244,2.343264,2.3671598,-0.0352729,1.2079634e-12,11.55618,8.575601e-09,1.9321746e-09,4.1032558e-10,2.6107252e-11,2.027647e-11,9.686249e-12,2.8669876e-15,3.8692542999999997e-20,
4FGL J0915.1-3738,138.7886,-37.642,bcu,5.2149906,2.1441097,1.9945229,0.20942424,1.7719754e-12,17.739098,7.926879e-11,1.396447e-09,1.2454976e-10,1.3402777e-10,4.1423365e-11,4.1189547e-12,1.363147e-12,1.7107221999999998e-18,
4FGL J0918.9-0625,139.7281,-6.4178,bcu,7.394333,2.3539677,2.2924192,0.221187,2.2419339e-12,21.562237,9.004005e-11,2.5905078e-09,7.4237677e-10,1.712032e-10,2.0702358e-11,6.4199037e-12,3.1174621000000003e-16,2.5965033e-12,
4FGL J0919.3-2202,139.8482,-22.0472,bcu,6.0153804,1.9078759,1.7440535,0.17414735,1.3576476e-12,14.595338,3.510358e-09,8.055543e-10,7.4175875e-14,8.922914e-11,3.0711943e-11,1.5179857e-11,3.4501476000000004e-16,1.06283865e-13,
4FGL J0920.2-3835,140.0695,-38.5999,bcu,5.8857374,2.0248291,2.0291538,-0.011124882,1.7383869e-12,8.8546505,1.4618924e-08,1.3201916e-11,6.483487e-10,1.0664032e-10,2.177496e-11,1.1693392e-11,4.1128967e-12,3.0215115e-13,
4FGL J0920.3-0443,140.1,-4.7311,bcu,7.183488,2.6654203,2.6583564,0.033662826,2.899729e-12,31.628672,2.005155e-10,8.322704e-09,1.0139737e-09,1.5231773e-10,1.1161136e-11,4.938014e-12,4.2160532e-17,1.0144748e-15,
4FGL J0921.2-8211,140.3211,-82.1859,bcu,8.676761,2.2201161,2.2311285,0.17979571,1.7672685e-12,78.539276,6.1301042e-12,3.9183917e-12,5.6818444e-10,1.7884538e-10,4.8284206e-11,2.5005846e-12,1.4956501e-12,1.2852452e-12,
4FGL J0922.6-2116,140.6748,-21.2789,bcu,4.2618084,2.8651304,2.775542,0.15569307,2.2552656e-12,9.9100685,1.0376258e-09,6.488671e-09,8.998031e-10,7.96355e-11,6.9460154e-12,4.4279918e-17,3.3067898e-17,2.8965198e-15,
4FGL J0922.7-3959,140.6918,-39.9867,fsrq,31.010553,2.5953314,2.531659,0.11757269,1.7034986e-11,849.16895,5.2938447e-08,3.1270183e-08,7.120099e-09,9.12917e-10,1.7626857e-10,8.3944214e-12,5.432133e-13,1.230508e-20,
4FGL J0923.5+4210,140.8925,42.1752,bcu,4.8268065,2.7335515,2.6698177,0.073908165,1.8677134e-12,41.460896,3.3565403e-10,3.909253e-09,4.4038007e-10,1.3360879e-10,4.349245e-13,1.4452786e-14,3.1514892e-13,4.39314e-17,
4FGL J0928.3+7444,142.0867,74.7477,bcu,5.1184444,2.094046,2.1313074,-0.03938969,7.1453667e-13,9.575699,6.5294916e-09,5.238085e-10,1.003489e-10,4.8588782e-11,1.5694794e-11,1.4059625e-15,3.1681786e-12,3.2150488e-16,
4FGL J0929.2+7302,142.3123,73.045,bcu,4.6205406,2.26126,2.1575286,0.10270261,9.0822944e-13,13.3943405,1.1818268e-08,4.8290422e-14,2.5190483e-10,4.8278714e-11,2.2062e-11,6.3033515e-14,1.2236602e-12,1.9153777e-17,
4FGL J0932.8+3337,143.2181,33.6302,bcu,5.62395,2.2286615,2.1684017,0.08585315,1.0409657e-12,23.63264,3.4488825e-12,5.329686e-10,1.983924e-10,9.466329e-11,1.2210628e-11,3.810172e-12,1.6473419e-12,1.2860773e-15,
4FGL J0933.5-0013,143.3778,-0.2198,bcu,4.4536033,2.5789928,2.4227796,0.22177996,1.5977847e-12,17.271862,3.5312426e-09,2.0152797e-09,4.2803447e-10,1.2459238e-10,1.2444202e-11,3.9947602000000004e-17,9.81552e-19,7.422525e-18,
4FGL J0933.5-5240,143.3964,-52.6753,bcu,10.645611,2.0440154,1.8651481,0.21798003,3.4816672e-12,16.976248,7.874206e-12,1.5436384e-12,4.3619573e-17,2.6518648e-10,1.2565664e-10,3.6115614e-11,6.967347e-12,1.3729951e-14,
4FGL J0935.4-6911,143.854,-69.1845,bcu,5.1358895,2.210717,2.239435,-0.030881856,1.5235505e-12,16.122103,1.1507463e-08,2.0199156e-09,3.599878e-10,4.40312e-11,3.5028622e-11,6.774235e-12,2.4778192e-12,3.7104807e-19,
4FGL J0937.0-2044,144.2608,-20.7357,bcu,4.036965,2.3679092,2.2417796,0.35742986,8.349742e-13,10.969001,6.5511156e-09,1.3093496e-11,2.220393e-10,1.4713114e-10,1.2163419e-11,2.094987e-12,4.854036700000001e-16,3.2513288e-15,
4FGL J0938.9-6403,144.747,-64.0518,bcu,10.524885,2.3834324,2.3866515,-0.011156868,4.3806824e-12,29.735798,1.1018698e-08,8.054624e-09,1.2526055e-09,2.8436664e-10,4.0216937e-11,1.6215656e-11,4.7174088e-12,2.5481022e-19,
4FGL J0940.7-6105,145.1788,-61.0855,bcu,9.455597,2.535138,2.4633174,0.15004209,4.3138193e-12,34.31734,1.27681745e-11,5.5743934e-09,1.5744219e-09,3.5870024e-10,5.2514416e-11,3.0279418e-12,2.4114766e-16,9.826251e-15,
4FGL J0947.9+1121,146.9914,11.3629,bll,4.6360173,1.9410377,1.9424653,-0.009027772,9.327082e-13,22.649513,1.2656755e-08,2.0244968e-09,2.0575748e-10,3.1379253e-11,2.1991171e-11,8.72066e-12,2.8915993e-12,3.258211e-13,
4FGL J0950.2-1623,147.551,-16.3965,bcu,5.3088493,2.1642885,2.15554,0.01105738,1.2212648e-12,16.79471,2.9121974e-12,1.1017793e-09,3.5745468e-10,6.401341e-11,2.6627124e-11,4.6790354e-12,3.4110798e-12,2.8966028e-16,
4FGL J0952.3-4342,148.0918,-43.7103,bcu,5.207964,2.4800491,2.473421,0.045578808,2.489209e-12,15.727868,1.3502492e-08,3.9666923e-09,1.0208896e-09,1.2308674e-10,2.3441266e-11,8.312657e-12,4.700084499999999e-18,4.2699728000000003e-16,
4FGL J0952.6-5048,148.1566,-50.8112,bcu,6.340854,2.1709454,2.0910444,0.1456502,2.7175048e-12,34.998203,9.381598e-12,6.9184618e-15,4.412966e-10,1.6110009e-10,6.468276e-11,9.565445e-12,3.9541963e-12,2.1108862e-17,
4FGL J0953.1-3005,148.2779,-30.0979,bcu,8.191658,2.6395307,2.5928638,0.3005505,2.9546723e-12,136.28613,9.379203e-09,4.933096e-09,1.5511123e-09,1.6349941e-10,2.060301e-11,5.121521399999999e-18,3.148947e-16,1.286517e-18,
4FGL J0955.2+0835,148.8192,8.5907,bll,4.1294956,2.2777088,2.0513299,0.1669052,1.1161177e-12,18.354609,1.4945034e-08,2.2126954e-09,2.9104952e-10,5.5479378e-11,2.6527334e-11,3.9105694e-12,6.350015400000001e-16,1.4273617e-16,
4FGL J1002.3-1200,150.5962,-12.006,bcu,4.1412945,2.1895466,2.147994,0.04977485,1.1279219e-12,41.862106,1.6656643e-11,8.810989e-12,3.2917435e-10,7.826433e-11,8.889577e-12,1.1852732e-11,9.865642e-19,1.7040521000000002e-16,
4FGL J1002.7+1218,150.6805,12.3055,fsrq,6.483234,2.8001113,2.836611,-0.07066196,2.6037044e-12,28.375904,9.102424e-09,6.5494414e-09,7.273678e-10,9.039285e-11,9.829879e-12,3.9899503e-12,2.2518383e-12,2.4753585000000003e-16,
4FGL J1006.8-5007,151.7204,-50.1329,bcu,5.0327687,2.6724706,2.6402984,0.3263477,2.7693381e-12,35.094524,6.6279916e-12,3.2134584e-09,1.3855346e-09,1.8417554e-10,9.438591e-12,6.4355774e-14,1.2077566e-14,4.875554e-16,
4FGL J1008.1+4706,152.0359,47.112,bll,6.726264,1.5067064,1.4211155,0.19972876,7.6246626e-13,17.587482,2.6503624e-10,9.288671e-12,7.513768e-15,1.4667415e-11,1.1277814e-11,1.3453572e-11,2.8750355e-12,9.14521e-13,
4FGL J1010.2+8251,152.566,82.8641,fsrq,3.869984,2.3457487,2.1051311,0.30692527,9.149479e-13,14.225013,5.2946293e-11,4.191505e-15,1.5677375e-10,7.573325e-11,1.0940853e-11,4.8015736e-12,1.4958695999999998e-18,6.293782399999999e-18,
4FGL J1011.1-2300,152.7923,-23.0126,bcu,4.8097105,2.5370865,2.477092,0.08581112,1.928604e-12,25.039244,5.0684183e-12,2.6974545e-09,6.955581e-10,1.1291295e-10,9.266714e-12,5.795451e-12,7.167653e-15,2.5231590000000002e-17,
4FGL J1012.3-1232,153.0773,-12.5498,bcu,7.058945,2.3909254,2.4018245,-0.022831198,2.270482e-12,11.584559,3.4919858e-09,4.1216386e-09,6.832017e-10,1.3901098e-10,2.3555302e-11,2.6683631e-12,4.085323e-12,9.286194e-16,
4FGL J1013.3-2551,153.3359,-25.8595,bcu,7.0673227,2.6886652,2.5936122,0.37578166,2.2700622e-12,16.099237,1.0509626e-08,4.7369095e-09,1.0994927e-09,1.4693549e-10,8.050895e-12,4.71999e-16,6.2065996e-15,3.1662773e-14,
4FGL J1014.9-4508,153.7325,-45.143,bcu,13.282544,2.3660493,2.3626678,0.055380527,5.219942e-12,14.240982,1.5007571e-13,1.902766e-12,1.8977313e-09,3.4946274e-10,5.1953636e-11,1.8383718e-11,3.22493e-12,1.8122094e-15,
4FGL J1016.4+7703,154.1099,77.06,bcu,4.640077,1.7645345,1.6753954,0.4335287,3.6385662e-13,13.726203,1.5829944e-09,2.7967596000000003e-16,8.028641e-15,1.4211457e-11,1.4411966e-11,6.5997767e-12,1.1192233e-16,4.2676246000000006e-16,
4FGL J1017.2-1549,154.3184,-15.8274,bcu,4.770369,1.780528,1.7102417,0.08452869,8.3323544e-13,12.641249,2.473928e-09,9.184959e-14,2.053509e-11,4.192712e-11,1.7256661e-11,5.4114022e-12,5.526019e-12,8.252458e-16,
4FGL J1017.4+2538,154.365,25.6428,bcu,6.351251,1.4899096,1.339253,0.2006375,8.5765867e-13,19.236122,1.31248e-09,9.333395e-10,8.084021e-13,5.0702684e-12,1.7346027e-11,4.8159007e-12,1.045305e-11,6.1719452999999996e-18,
4FGL J1018.6+3126,154.6541,31.443,bll,4.3356943,1.6668879,1.5168937,0.18301156,5.951466e-13,9.045235,1.6970531e-11,1.1715427e-10,9.599049e-15,1.174118e-11,1.680387e-11,6.429533e-12,8.016812e-13,1.5504401e-12,
4FGL J1021.3+3805,155.344,38.0878,bll,4.529096,1.9050511,2.032023,-0.10764961,8.574587e-13,21.99982,8.277904e-12,1.7908225e-09,2.5826874e-10,3.817443e-11,1.7513758e-11,3.2328563e-12,4.4803276e-12,2.4514512e-12,
4FGL J1021.9+5123,155.4937,51.3868,bll,5.2825975,2.085899,1.6700256,0.31880152,8.2775974e-13,15.4859705,3.0112748e-13,8.961507e-10,7.540696e-11,5.0463266e-11,2.7345503e-11,3.781572e-12,2.5214835e-15,1.2700509000000001e-16,
4FGL J1028.7-6431c,157.182,-64.5306,bcu,6.1885424,2.743237,2.6566105,0.33320332,4.094402e-12,12.951395,2.7067468e-08,1.8989328e-09,2.3411342e-09,2.6313957e-10,2.7535066e-12,1.2482747e-12,1.0396247e-14,1.5313777e-15,
4FGL J1031.8-2609,157.9531,-26.1623,bcu,7.1709957,1.8003497,1.6885796,0.11607045,1.5048347e-12,11.62124,6.1898078e-12,1.9282238e-09,1.4208063e-10,5.892963e-11,3.749317e-11,1.24546744e-11,6.217446e-12,1.8221353e-12,
4FGL J1032.3-1358,158.0851,-13.9829,fsrq,4.768374,2.594546,2.56522,0.091926455,1.9058153e-12,30.16641,4.0429418e-10,2.942303e-09,6.5961625e-10,1.000414e-10,2.2840098e-11,6.5780917e-15,3.2787377000000005e-16,2.4967401999999998e-18,
4FGL J1033.5-5035,158.381,-50.586,bll,29.776564,1.8668407,1.6889379,0.102468684,9.5513545e-12,24.447205,1.496527e-08,1.8207956e-09,1.0521103e-09,5.061894e-10,2.9280428e-10,8.162082e-11,3.2619372e-11,3.0707047e-12,
4FGL J1034.7-4645,158.6942,-46.7519,bll,6.0732636,2.1176903,2.1048195,0.0080808075,1.7778309e-12,15.693618,2.3590674e-10,2.13097e-09,2.2673612e-10,1.2506908e-10,2.4720021e-11,1.3514405e-11,3.2553042e-12,4.403751999999999e-19,
4FGL J1035.9-3108,158.9872,-31.1461,bcu,4.880871,2.1602151,2.0523744,0.09846937,1.1793076e-12,13.16271,2.1054172e-09,7.596984e-10,2.937443e-10,3.4741543e-11,3.55195e-11,7.369992e-12,3.1607866000000002e-24,3.3175909999999997e-20,
4FGL J1036.6-3741,159.1673,-37.6853,fsrq,6.4158964,2.8292677,2.8362277,0.3049081,2.5502643e-12,21.11094,1.2604999e-08,4.4542667e-09,1.2222859e-09,6.392459e-11,4.9113474e-12,7.17795e-15,4.93279e-15,8.1858806e-15,
4FGL J1037.0-1954,159.272,-19.9048,bcu,5.2683363,2.0343754,2.1042295,-0.060840722,1.1670908e-12,11.060763,1.4171444e-09,1.16122025e-11,3.2295927e-10,6.881598e-11,1.913659e-11,2.017619e-12,8.643775e-12,1.4281871e-15,
4FGL J1038.5+3926,159.633,39.4384,bll,3.5788853,1.982032,1.939561,0.048737355,6.8515517e-13,19.96663,1.2253958e-10,1.6590176e-12,2.0445338e-10,4.5104292e-11,1.4078007e-11,2.6621693e-12,1.5439339e-12,1.9748363000000002e-16,
4FGL J1038.8-5312,159.7129,-53.2069,fsrq,18.603287,2.7222974,2.522204,0.32698992,1.0145141e-11,812.84296,1.9725691e-08,1.0190655e-08,5.314299e-09,6.9923317e-10,3.6195894e-11,1.8119566e-15,1.6441834999999999e-18,3.046062e-16,
4FGL J1039.6+0535,159.9102,5.5913,bcu,8.26905,2.0004826,2.0533102,-0.061034348,1.7255769e-12,9.755289,2.2439366e-08,6.3440178e-09,4.6676446e-10,8.3948765e-11,2.5522667e-11,1.102218e-11,6.239659e-12,2.5139522e-12,
4FGL J1040.5+0947,160.1301,9.7947,bll,4.9709735,1.7579561,1.5453006,0.3325559,7.7303767e-13,8.597359,1.7717734e-09,3.694708e-12,3.5466327e-13,1.753632e-12,2.9371117e-11,1.2505562e-11,1.9276603e-12,3.536837e-15,
4FGL J1041.3-6437,160.335,-64.6169,bcu,7.2414775,2.524172,2.4866018,0.1940205,3.7137693e-12,21.03953,1.0663834e-09,7.420629e-09,9.52562e-10,4.24206e-10,4.5213815e-11,3.7541034e-12,1.5648338e-17,1.9405742000000001e-16,
4FGL J1041.5+0607,160.3816,6.1257,fsrq,6.3114867,2.7922497,2.8904722,0.10405805,7.1401916e-12,108.85242,7.409095e-10,1.0146666e-08,2.626682e-09,3.3999809e-10,1.4709801e-11,2.8082686e-12,2.6531893e-12,5.9658006e-17,
4FGL J1045.3+2751,161.3406,27.8515,bll,5.939741,1.9997435,2.0121667,-0.016778193,1.1088189e-12,21.960737,1.5433908e-12,1.5889052e-12,4.48738e-10,4.3792123e-11,1.9413285e-11,7.8255345e-12,3.554334e-12,1.6816243e-15,
4FGL J1045.9+7538,161.4868,75.6485,bcu,4.1141367,1.9342788,1.8623165,0.09292876,6.1095367e-13,5.7898874,7.923159e-09,1.4401016e-09,3.897045e-14,4.9709493e-11,7.620744e-12,4.975912e-12,3.6099897e-12,2.688292e-16,
4FGL J1047.2-5517,161.8002,-55.2931,bcu,10.936428,2.6002417,2.528057,0.09061718,8.836252e-12,59.760002,1.6337706e-08,9.830594e-09,2.9919274e-09,5.061868e-10,7.616814e-11,3.6262879e-12,1.5174757e-17,2.0926105e-16,
4FGL J1047.4+0031,161.8516,0.5289,bcu,4.5518665,2.1022582,2.1074946,0.24183592,1.2541357e-12,7.984591,1.03292125e-10,3.1649856e-09,4.6610164e-12,8.170714e-11,3.6775572e-11,2.5315691e-12,1.3477946e-12,5.923888299999999e-18,
4FGL J1047.8-6216,161.9609,-62.2745,bcu,21.202023,2.4979694,2.4509068,0.09465489,1.617962e-11,116.93907,1.33544855e-08,1.9320611e-08,6.5136825e-09,1.0982902e-09,2.3358043e-10,2.9402175e-11,5.971301700000001e-16,3.7889345e-17,
4FGL J1047.9-4642,161.991,-46.715,bcu,10.295006,2.6858346,2.6554048,0.07736124,5.2692447e-12,65.016914,3.5245332e-08,9.983177e-09,1.8476731e-09,2.380577e-10,3.3878778e-11,2.7448276e-12,2.1320157e-12,4.3402487e-19,
4FGL J1048.0-1912,162.0042,-19.212,fsrq,6.003094,2.4735394,2.438023,0.051189438,1.929004e-12,11.306626,1.8109618e-12,2.382276e-09,7.730675e-10,9.804624e-11,1.3367684e-11,8.136323e-12,8.260185e-17,1.6815428e-15,
4FGL J1048.5-4114,162.1456,-41.2461,fsrq,4.8290486,2.028564,1.9264226,0.1325285,1.1824608e-12,24.571983,7.433519e-13,9.988321e-13,2.5603816e-10,2.8121422e-11,4.2090487e-11,5.3224218e-12,7.6933903e-19,1.524368e-12,
4FGL J1050.6+2027,162.664,20.4617,fsrq,4.519159,2.982454,2.96775,0.03530997,2.392005e-12,25.562263,2.4070127e-08,6.710523e-09,7.836219e-10,7.527672e-11,8.468655e-12,3.294674e-16,1.8281942e-17,1.4200094e-15,
4FGL J1050.6-5248,162.6699,-52.8102,bcu,7.841529,2.539276,2.5163414,0.033219066,5.7461193e-12,42.84037,3.7246338e-08,1.8966396e-08,1.8757227e-09,2.8481595e-10,6.6059005e-11,7.654536e-12,6.815002e-13,1.9659434e-15,
4FGL J1051.2-6517,162.8163,-65.2997,bcu,15.512173,2.253179,2.2041166,0.08507656,6.474723e-12,14.645811,8.6705825e-09,2.281932e-09,2.3243099e-09,5.0890353e-10,1.353824e-10,3.5470318e-11,5.594219e-17,1.6106478e-12,
4FGL J1053.3-1134,163.3303,-11.5726,bcu,4.9631753,2.8666759,2.8412802,-0.07080438,2.3894708e-12,17.103867,4.2033724e-11,7.3507818e-09,7.587296e-10,3.345089e-11,2.6150486e-11,4.488779e-16,1.1253488e-12,1.1636308e-18,
4FGL J1053.9+8628,163.4904,86.4725,bcu,3.6693769,2.074379,2.0860727,-0.011133159,8.5594915e-13,21.13013,3.652487e-11,5.07679e-10,4.308965e-10,2.4097075e-11,2.22977e-12,8.47878e-12,2.5237518e-12,1.5925245e-15,
4FGL J1056.0+0253,164.0027,2.8935,bll,5.3645782,1.4658315,1.3714298,0.10541376,1.0107422e-12,12.11959,7.027621e-12,3.1005678e-13,6.209957e-12,1.3159928e-11,1.7406897e-11,9.88065e-12,5.294449e-12,5.5793755e-12,
4FGL J1057.8-0100,164.4635,-1.0054,bll,4.105639,1.8104769,1.7787931,0.053783648,8.392691e-13,6.9417276,1.9842794e-11,3.60747e-09,1.6668452e-12,7.4508004e-11,1.8635577e-11,1.8836978e-12,1.9451903e-12,2.2633226e-12,
4FGL J1058.0+4305,164.5181,43.0938,bll,6.630008,2.2522237,2.2479064,0.004067933,1.2826894e-12,31.11705,1.2921775e-08,1.2660817e-14,5.177806e-10,6.979303e-11,1.7359229e-11,7.38317e-12,1.4339355e-12,3.293358e-16,
4FGL J1101.6-4358,165.4071,-43.9671,fsrq,4.86086,2.6905353,2.712309,0.25570366,2.453667e-12,21.892647,2.3692666e-11,3.824517e-09,1.0708465e-09,1.4425532e-10,1.545263e-11,2.4389592e-14,8.030266e-16,4.459882e-15,
4FGL J1102.0-6054,165.5107,-60.9097,bcu,21.023537,2.5363362,2.8555593,0.26568374,3.7107168e-11,7.2921624,5.1436437e-09,2.8362011e-08,1.7028668e-08,3.4790142e-09,3.866737e-10,2.9996106e-11,1.0971344e-11,8.0144875e-14,
4FGL J1102.1+2249,165.5471,22.8323,fsrq,6.7508125,2.6848357,2.5581331,0.25577363,1.8975366e-12,12.357045,1.0878975e-11,1.9897743e-09,9.885961e-10,1.0774171e-10,9.040456e-12,1.5532655e-15,1.0399314e-15,7.139533e-16,
4FGL J1102.9-5628,165.7386,-56.4774,bcu,7.4071455,2.2188454,2.1380575,0.07322216,3.3260916e-12,8.267791,9.0580946e-11,7.1458515e-09,2.1184962e-10,2.6007718e-10,5.0585293e-11,2.0642899e-11,1.0823041e-12,7.622807000000001e-17,
4FGL J1103.2+8603,165.8184,86.0628,bcu,6.5137973,2.394792,2.3866527,0.038993116,2.465523e-12,20.240608,7.782461e-09,7.5636347e-10,7.7887463e-10,1.2743635e-10,3.281017e-11,1.0821701e-11,5.844118e-18,1.0472231e-14,
4FGL J1103.9-5357,165.9757,-53.9647,bll,82.22847,2.1519477,2.0033214,0.110101566,4.0808575e-11,894.15564,5.673284e-08,2.6027388e-08,1.1276652e-08,3.5710728e-09,1.083614e-09,1.850671e-10,3.0201192e-11,2.8867316e-17,
4FGL J1104.0+0020,166.017,0.3352,bll,5.6019115,2.318239,2.2863483,0.034552794,1.787588e-12,13.252012,2.2617243e-08,4.2307954e-10,3.5737602e-10,1.6603031e-10,1.0000632e-11,7.507789e-12,4.432918e-15,3.6813322e-17,
4FGL J1105.7+6037,166.4393,60.6216,fsrq,4.903369,2.4384787,2.295473,0.20368387,9.884421e-13,21.87077,1.0830525e-12,1.4395353e-09,2.963015e-10,7.2969686e-11,8.418011e-12,2.4556856e-12,7.095662e-18,7.0427886e-23,
4FGL J1108.8-6833,167.2242,-68.5646,bcu,5.3497996,2.5417538,2.5315754,0.1613176,2.6655815e-12,9.681352,2.2226202e-15,5.2194653e-09,8.2048723e-10,1.4448558e-10,3.5329607e-11,1.7308165e-15,2.4642904e-16,9.046605e-16,
4FGL J1111.4-4624,167.8557,-46.4119,bcu,4.6622734,2.6213453,2.6544142,0.22658339,2.5475971e-12,12.894093,1.0096116e-08,7.652008e-09,8.154691e-10,1.2684397e-10,2.3614865e-11,5.20967e-13,2.686648e-14,1.200988e-15,
4FGL J1111.5+3455,167.8794,34.9289,bll,4.17192,1.8466233,1.8479841,-0.009699486,1.0082153e-12,16.913298,3.399661e-10,6.1903165e-12,1.4588596e-10,6.17038e-11,2.3964095e-11,6.4543596e-12,1.4638966e-12,1.2923729e-12,
4FGL J1112.0+2607,168.0122,26.1284,bll,5.097279,2.0893269,1.9945781,0.13615179,1.0046241e-12,15.171227,1.1753305e-10,2.9225036e-09,8.7515704e-13,1.0366274e-10,1.6242436e-11,3.687609e-12,2.3678707e-12,4.3855067e-15,
4FGL J1113.6-1920,168.4048,-19.3359,bcu,6.0282226,2.3575628,2.0589674,0.18862665,1.9731456e-12,33.687363,3.418173e-11,2.2964457e-09,3.3136077e-10,1.3791765e-10,4.654884e-11,9.129646e-15,2.6836847000000004e-16,1.7939261e-20,
4FGL J1116.3-4000,169.0942,-40.0046,bcu,6.282374,1.965743,1.9253391,0.121465944,1.5959542e-12,19.273361,3.1065737e-09,3.2917828e-14,1.1979308e-10,1.05168305e-10,4.393763e-11,8.579038e-12,4.029943e-12,3.7674093e-16,
4FGL J1117.2+0008,169.3012,0.1435,bll,9.942618,1.6980373,1.5259687,0.15062627,2.2099148e-12,14.94078,2.0832192e-12,3.8996996e-13,2.1726518e-11,6.6838014e-11,6.3137294e-11,9.211771e-12,1.7055206e-11,1.8536208e-12,
4FGL J1117.2-5337,169.3179,-53.6266,bcu,26.175304,2.0232089,1.8584098,0.1027904,7.624393e-12,12.518235,5.902456e-12,6.552055e-09,1.3657516e-09,5.1353705e-10,2.4600352e-10,6.682726e-11,2.2989423e-12,8.981059e-16,
4FGL J1117.5-4839,169.3881,-48.6638,bcu,1.5871462,2.4,2.1978724,0.28784522,8.305141e-13,43.628384,2.585956e-12,4.1166645e-10,3.0595992e-10,9.040606e-11,2.6345237e-12,4.657421e-13,3.5122236e-15,2.6180005e-17,
4FGL J1117.7-3650,169.4377,-36.8349,bcu,7.6002398,2.0707333,1.9751667,0.08046692,2.1236515e-12,14.122037,3.53021e-10,1.7499825e-09,1.3962395e-10,1.5805576e-10,5.7907956e-11,8.498405e-13,5.0651766e-12,1.2650791e-15,
4FGL J1118.0-1620,169.5012,-16.3439,bcu,5.171094,2.8792074,2.7188034,0.3333494,2.258516e-12,20.812496,5.5055114e-12,4.7213233e-09,1.0213903e-09,8.3395346e-11,2.5151029e-14,1.02402116e-13,1.1656303e-14,4.4830345e-15,
4FGL J1123.5-6418,170.8892,-64.3109,bcu,6.2480264,2.5216374,2.4498882,0.25254953,4.3061887e-12,73.22657,2.498054e-08,4.944531e-09,1.3054925e-09,4.6087803e-10,6.6787825e-11,4.6525553e-12,1.4977547e-12,4.7505657e-18,
4FGL J1125.0-5804,171.2543,-58.0822,bcu,12.559536,1.7571664,1.456657,0.35013613,3.3203397e-12,14.978628,1.5337974e-08,2.5788647e-15,9.910331e-14,2.5340147e-11,8.948961e-11,5.3120876e-11,9.87197e-12,6.4397695e-13,
4FGL J1127.3+3755,171.8378,37.9236,bcu,6.655941,2.4340017,2.3867543,0.08603271,2.8701906e-12,12.539663,8.642005e-10,5.3762967e-09,9.1205254e-10,2.0037837e-10,3.9147543e-11,1.9058394e-12,7.041872e-15,1.7163571e-17,
4FGL J1132.3-5606,173.0826,-56.1139,bcu,4.672969,2.4005988,2.2899234,0.15258303,2.4409064e-12,12.117731,1.509759e-11,2.7587163e-10,5.8525673e-10,1.69296e-10,4.484705e-11,1.6020173e-12,3.1956614e-17,1.7500515000000002e-16,
4FGL J1132.8-5328,173.2227,-53.4682,bcu,5.745455,2.5980964,2.5969396,0.031131394,3.1343509e-12,35.917244,5.4134435e-09,5.3976534e-09,9.49618e-10,1.7935968e-10,4.4119083e-12,6.8872148e-12,1.7945051e-12,3.864738e-17,
4FGL J1133.8-2048,173.451,-20.811,bll,8.539312,1.8781209,1.5410987,0.3422741,1.4675777e-12,17.824095,5.386022e-12,2.4298537e-13,1.3888721e-10,6.148597e-11,7.970533e-11,1.0771745e-11,3.0053755e-12,1.2712689000000001e-17,
4FGL J1134.7+6612,173.6776,66.2107,bll,6.131091,2.4604895,2.2517622,0.20881784,1.1919144e-12,15.564826,6.0940613e-09,1.5491779e-09,3.8606862e-10,8.018576e-11,1.482926e-11,1.6077699e-12,1.1483574e-16,4.2787846000000004e-16,
4FGL J1136.0-6824,174.0207,-68.4113,bcu,11.629091,2.450986,2.4448872,0.06409063,6.355526e-12,17.689854,2.5898504e-11,4.8698383e-09,2.4707043e-09,3.4971806e-10,6.340713e-11,2.231165e-11,6.9953725e-17,2.725741e-20,
4FGL J1139.0+5530,174.7715,55.5088,bll,5.6001835,1.5570718,1.4396157,0.17572357,5.828034e-13,17.638529,3.6299186e-11,1.0767966e-10,9.431061e-15,6.2834807e-12,1.42368044e-11,8.209434e-12,2.1696e-12,1.2620122e-12,
4FGL J1139.6+1149,174.9131,11.8182,bcu,4.462909,2.7790833,2.754574,0.13765526,1.869313e-12,12.074066,1.28752676e-14,4.5630757e-09,6.991188e-10,4.740586e-11,2.0102517e-11,2.5017224e-16,2.0037623e-14,4.194605599999999e-18,
4FGL J1143.7-1014,175.9465,-10.2402,bcu,4.8038087,2.266686,2.1661947,0.4970188,7.733006e-13,9.081441,5.364186e-11,5.3766773e-13,1.2492103e-10,1.2223873e-10,3.306593e-11,5.3806565e-15,8.288931e-16,6.7876723e-15,
4FGL J1143.9+1558,175.9899,15.9739,bll,3.961811,1.8375244,1.5786502,0.25437373,6.498233e-13,11.351638,2.1459645e-09,6.7351263e-10,1.0782007e-10,1.3809562e-11,1.1699112e-11,1.0117498e-11,1.8380321e-12,1.7767755e-17,
4FGL J1145.5-0340,176.3941,-3.6753,bll,6.1652737,1.9580772,1.9638736,-0.0059905485,1.2567206e-12,10.847117,6.441091e-14,2.2807505e-09,1.7498894e-10,6.936021e-11,2.4772791e-11,7.084641e-12,5.7725513e-12,3.5629589000000004e-16,
4FGL J1145.6+5552,176.4098,55.8798,bcu,3.7670114,2.257392,2.1192908,0.14462337,6.4445275e-13,18.35618,2.2536233e-09,3.5180234e-10,6.652611e-11,6.044106e-11,7.5567e-12,4.4127826e-12,1.7128952e-16,6.363669e-16,
4FGL J1145.7-6949,176.4382,-69.8314,fsrq,12.261848,2.7330766,2.8719547,0.23903178,7.14093e-12,132.6091,1.1055257e-09,1.661349e-08,3.4021104e-09,3.8162765e-10,2.0431094e-11,4.418007e-12,1.1799941e-17,1.5886791000000001e-16,
4FGL J1145.7-1528,176.4459,-15.4828,bcu,3.0794754,2.5613942,2.4182994,0.43092787,8.539174e-13,58.304306,1.6069205e-12,2.2914923e-09,4.920445e-10,7.631536e-11,1.2224026e-11,2.2237192e-18,5.9258743e-15,9.707708e-16,
4FGL J1146.4-0926,176.6036,-9.4467,bcu,2.5593898,2.5,2.3831642,0.0055613266,1.0081844e-12,70.77135,2.7743237e-09,2.5180735e-09,2.3135177e-10,5.1592276e-11,1.3585098e-11,6.653155e-12,4.072099e-18,1.0589787e-15,
4FGL J1147.4-6758,176.8737,-67.981,fsrq,8.276233,2.5421526,2.661722,0.3287437,3.905495e-12,13.312146,2.9529357e-10,6.4257e-09,1.8347265e-09,4.3578882e-10,4.072523e-11,6.804992e-15,2.0136715e-20,3.2364226e-16,
4FGL J1149.1+2819,177.277,28.3304,bcu,5.7327633,2.2346153,2.0501456,0.13899723,1.3952708e-12,19.41864,9.604376e-09,3.9829797e-09,2.431173e-10,8.976302e-11,3.232936e-11,6.6462335e-12,1.6082929e-21,1.2752702e-20,
4FGL J1149.2+6246,177.3205,62.7678,bll,5.5012627,2.3143845,2.1147346,0.18953796,9.701519e-13,12.085999,1.149182e-08,2.2682928e-10,2.1751405e-10,7.634607e-11,1.4530172e-11,4.7037894e-12,4.1054717e-17,1.9799355e-20,
4FGL J1150.0+1033,177.5053,10.5556,bll,4.519141,2.032582,2.074178,-0.05250304,9.913689e-13,16.612003,1.3723316e-08,2.2840758e-09,8.890805e-11,7.3108235e-11,1.7251109e-11,3.6461316e-12,3.908597e-12,3.3901672e-15,
4FGL J1153.7-3210,178.4283,-32.1824,bcu,4.173948,2.4149175,2.293439,0.16575153,1.8144103e-12,16.592375,1.9911607e-12,4.196381e-13,2.46599e-10,1.6867084e-10,3.077449e-11,2.2190046e-13,1.0594213e-15,4.260506e-15,
4FGL J1155.2+4320,178.8135,43.3409,fsrq,4.462245,2.728165,2.730117,-0.05693093,1.4211833e-12,11.954227,4.737037e-11,3.590561e-09,4.4302315e-10,4.17338e-11,1.482683e-11,2.0773559e-12,6.4526954e-16,1.3912423e-12,
4FGL J1155.6-6547,178.9093,-65.7945,bcu,7.240668,2.6815171,2.8170178,0.30586725,5.984084e-12,12.633297,2.8108499e-12,1.0106979e-08,2.9115523e-09,4.1594028e-10,2.9529573e-11,1.3154585e-15,3.8615725e-19,1.706632e-16,
4FGL J1155.8-1217,178.9688,-12.2848,bcu,5.367174,2.3158364,2.2114627,0.19032839,1.7479542e-12,12.677404,1.1400222e-08,1.4608928e-12,6.3609584e-10,8.476667e-11,4.2787666e-11,3.521204e-12,7.27315e-16,4.1976414000000003e-16,
4FGL J1156.6+0640,179.1636,6.6728,bcu,6.9917583,2.5156422,2.4482565,0.08533572,2.0827012e-12,34.47297,2.4141513e-09,3.0083256e-09,4.854085e-10,1.6626239e-10,2.1945739e-11,1.7516333e-15,6.7782504e-13,7.231057e-16,
4FGL J1156.8-1537,179.224,-15.6181,bcu,10.783278,2.3567367,2.29172,0.08962896,3.4263306e-12,105.33111,6.198332e-11,3.0158056e-09,1.0258361e-09,2.4450392e-10,4.7753863e-11,7.385055e-12,1.7660481e-12,2.304787e-18,
4FGL J1158.9+0956,179.7309,9.9487,bcu,7.950351,2.4579418,2.4318259,0.26961946,4.2399773e-12,30.72403,7.556905e-09,4.0011776e-09,1.896834e-09,4.0881903e-10,2.4999508e-11,5.939013e-12,2.0431757e-12,5.0987542e-15,
4FGL J1202.5-0528,180.6291,-5.4709,fsrq,12.9848175,2.878966,2.7479432,0.19312118,6.1878254e-12,289.00516,7.1694695e-09,1.4586903e-08,2.3883941e-09,2.0098485e-10,3.0040543e-12,4.8589765e-15,2.4761614e-12,4.7567884e-15,
4FGL J1202.9+5141,180.7372,51.6899,bcu,3.990103,2.4943395,2.5152721,-0.07282816,9.64979e-13,18.125416,5.472696e-13,2.8600036e-09,2.8745606e-10,3.7640183e-11,1.0416975e-11,2.733945e-12,1.5223537e-12,9.3666915e-17,
4FGL J1203.7+5821,180.9378,58.3638,bll,10.26104,2.4153836,2.451661,-0.05208609,2.1414853e-12,47.55705,2.7534142e-09,3.6074979e-09,7.2911044e-10,1.1617303e-10,2.238762e-11,8.191116e-12,3.5798745e-12,4.58794e-13,
4FGL J1204.4+3750,181.1076,37.8406,bcu,3.7859595,2.7746642,2.6443186,0.35733175,1.0788187e-12,10.472645,6.908014e-11,1.4860565e-09,5.13111e-10,7.0386336e-11,9.025468e-13,2.9936977e-16,4.3350244e-15,3.854944e-15,
4FGL J1204.8+0407,181.2027,4.12,fsrq,5.3483896,2.7262633,2.6919124,0.048840832,2.1235323e-12,38.656883,3.4664358e-09,5.3580016e-09,4.9021376e-10,1.2436079e-10,1.05929284e-11,1.4131933000000001e-21,8.446093e-18,1.4642909e-12,
4FGL J1209.7+2548,182.4444,25.8007,fsrq,5.331422,2.1016202,1.9812222,0.14621013,1.0928553e-12,11.845188,1.3620566e-11,1.2349564e-10,1.8904811e-10,5.7128306e-11,3.3861386e-11,6.0801906e-12,2.2129603999999997e-18,1.5792871e-17,
4FGL J1210.3+3928,182.5993,39.4798,bll,6.046887,2.1054676,2.1399658,-0.05243958,1.0853075e-12,14.422933,3.567652e-11,1.9791464e-09,3.029838e-10,5.090016e-11,2.4277419e-11,2.5513454e-12,3.069591e-12,1.5566428e-12,
4FGL J1211.8-4817,182.9577,-48.2948,bcu,4.305691,2.3345652,2.3474452,-0.060571168,1.5648659e-12,7.7246556,4.619448e-09,3.3291365e-09,6.013429e-10,5.91731e-11,1.778179e-11,1.1324362e-11,7.521890300000001e-16,1.2271526e-12,
4FGL J1212.1+6412,183.0372,64.2019,bcu,6.76547,2.3018641,2.290146,0.056390762,1.6907114e-12,22.309937,3.397502e-12,1.01036006e-10,6.9969475e-10,8.8366835e-11,3.230813e-11,3.4755237e-12,1.0031559e-12,7.4130076e-19,
4FGL J1214.6-1926,183.6702,-19.4481,bcu,4.5096135,2.5254903,2.3508635,0.50414056,1.133503e-12,16.295034,1.6660467e-08,9.733088e-11,4.1815e-10,1.8070852e-10,4.355762e-14,6.7813026e-15,1.09483e-15,3.055251e-16,
4FGL J1215.0+5351,183.7663,53.8528,bll,5.6513495,2.1751292,2.1891737,-0.02049052,9.244591e-13,22.486456,2.637368e-10,1.5143761e-09,2.2326543e-10,7.6692416e-11,2.9169056e-12,1.3581528e-11,2.5604241e-15,1.6494771e-15,
4FGL J1216.2-6121,184.0505,-61.3587,bcu,5.0374403,2.5877085,2.7117918,0.37300807,4.3686335e-12,12.103719,6.964899e-11,1.6922193e-09,1.8348032e-09,5.811093e-10,1.2135522e-11,3.7512844e-12,2.1802482e-15,3.0798825e-15,
4FGL J1216.3-1032,184.0787,-10.5338,fsrq,8.677343,2.6750386,2.555852,0.3047054,3.3106393e-12,24.509617,3.2701197e-10,4.1296007e-09,1.5378361e-09,2.4583874e-10,7.2712374e-12,3.1696645e-13,1.6175043e-18,5.825174e-15,
4FGL J1219.8+6600,184.9702,66.0037,fsrq,5.1906567,2.660622,2.6217723,0.14423226,1.2386184e-12,19.148632,1.1947032e-10,1.5260222e-09,4.699209e-10,6.26068e-11,3.0241105e-12,1.1579995e-12,9.295329e-13,2.1078817000000002e-17,
4FGL J1221.1+4742,185.291,47.7149,bll,5.08265,1.5293053,1.2196509,0.22387086,5.7947755e-13,13.116111,1.4721491e-12,1.25145345e-11,2.5093336e-10,1.194387e-11,1.9738562e-12,6.807478e-12,5.1740227e-12,1.4158179e-12,
4FGL J1221.2+6910,185.304,69.1681,bcu,4.1931534,2.1310291,2.2740788,-0.09014102,6.6257205e-13,14.192808,2.4196698e-09,3.923743e-09,2.0992971e-10,3.548059e-11,8.759913e-12,4.3265114e-12,1.7060254e-12,2.1648926000000003e-16,
4FGL J1221.9+3543,185.4895,35.7262,bll,4.6235437,2.1113539,2.0813143,0.035620287,9.378406e-13,12.684429,5.6683935e-11,7.3316326e-14,4.0635084e-10,3.1574514e-11,1.7407726e-11,8.989297e-12,1.2817904e-12,1.1964071499999999e-17,
4FGL J1223.8+4649,185.9647,46.8243,bll,4.9382033,2.302821,2.3235445,-0.022833474,1.03273e-12,9.3083,1.083927e-10,1.2630706e-09,1.9484271e-10,6.5883576e-11,1.8619604e-11,3.762294e-12,9.031280000000001e-18,6.619047e-15,
4FGL J1223.9-0545,185.9965,-5.7548,bcu,4.4182634,2.5991974,2.5219238,0.13563721,2.1194869e-12,23.572168,8.047291e-09,1.9869502e-09,8.831737e-10,9.3696655e-11,2.3814343e-11,2.140197e-12,1.058509e-15,8.436985e-15,
4FGL J1225.0+0330,186.2519,3.5098,fsrq,15.313387,2.6255875,2.4772286,0.18254074,7.568229e-12,236.33784,8.620038e-08,1.0942588e-08,2.1243234e-09,5.1171756e-10,3.8492758e-11,4.0310984e-12,2.2417678e-12,2.480764e-16,
4FGL J1225.4-1550,186.3699,-15.847,bcu,2.8586173,1.6991763,1.4204427,0.38063055,5.260286e-13,16.83617,1.3817345e-14,7.4052404e-14,1.6995745e-11,5.025945e-14,1.0855434e-11,1.0569167e-11,1.6857951e-12,2.2840234999999996e-18,
4FGL J1225.6-4937,186.414,-49.6176,bcu,10.728079,2.6819024,2.629393,0.246233,5.289137e-12,65.496506,2.6883344e-08,7.998717e-09,2.3996103e-09,3.6511463e-10,3.6589946e-11,1.1050172e-13,1.5465622e-14,3.8284627e-15,
4FGL J1225.8-2941,186.465,-29.6971,bcu,4.497316,2.422546,2.3649068,0.078557655,1.835776e-12,24.44256,3.1395524e-12,1.3724135e-11,4.914523e-10,1.3283064e-10,2.3776488e-11,2.5600314e-12,3.6921686e-18,2.948964e-17,
4FGL J1227.8+6053,186.9749,60.8841,bcu,4.278662,2.1618044,2.2391372,-0.07495675,7.110415e-13,10.769219,9.177729e-11,3.2930776e-12,3.3134756e-10,2.973648e-11,1.4201992e-11,4.721584e-13,2.3293281e-12,1.021675e-15,
4FGL J1229.1+5521,187.2977,55.352,bcu,6.159335,2.7239575,2.693356,0.048449986,1.6118596e-12,26.081636,8.613538e-10,1.6921144e-09,6.4569056e-10,6.3733095e-11,1.2738317e-11,2.8309076e-15,5.9462536e-18,8.691341000000001e-18,
4FGL J1229.7-5304,187.4442,-53.0704,bll,15.120987,2.1950264,2.2087178,-0.018765746,5.592749e-12,22.69214,1.4648423e-08,4.679258e-09,1.7211195e-09,3.3571346e-10,8.441154e-11,3.143973e-11,4.4771235e-12,2.915539e-12,
4FGL J1234.0-5735,188.5194,-57.5961,bcu,32.303253,2.009879,1.8643433,0.10828485,1.3597682e-11,29.506721,8.469912e-09,9.267889e-12,2.1528759e-09,1.0610643e-09,3.6960054e-10,1.2209642e-10,2.319079e-11,1.3337185e-12,
4FGL J1234.2+2813,188.5695,28.2326,bll,4.758938,1.9165139,0.8508251,0.36595067,8.89125e-13,9.451197,2.2003845e-09,7.895071e-10,3.6700284e-10,4.3744963e-11,7.953175e-12,1.16450235e-11,3.6127913e-12,2.2129325e-17,
4FGL J1235.1-1405,188.7953,-14.0893,bll,7.343733,1.6425589,1.4196293,0.3338931,1.3195275e-12,23.192055,2.7885896e-09,1.2563764e-14,3.3304956e-15,1.0061778e-12,4.2351237e-11,1.443614e-11,7.533571e-12,8.02605e-18,
4FGL J1237.0+3019,189.2534,30.319,bll,5.023595,1.5678886,1.0861179,0.3696907,6.7863445e-13,9.121277,1.734874e-13,3.000334e-11,1.5304675e-12,2.1852856e-11,1.6870368e-12,1.5359687e-11,5.597274e-12,1.0976645e-15,
4FGL J1239.5+4134,189.8934,41.5683,bll,5.293075,1.6924202,1.4154072,0.23830628,6.358003e-13,11.378216,6.4152426e-09,1.8643661e-13,6.360778e-11,1.272343e-11,1.5489278e-11,7.197583e-12,3.6577833e-12,2.4673736e-17,
4FGL J1240.1-6846,190.0475,-68.7734,bcu,12.864968,2.3044486,2.2312093,0.12030513,4.680364e-12,13.36827,8.866094e-12,2.0773039e-09,1.6875505e-09,3.6579173e-10,1.1120065e-10,2.0440327e-11,1.5320844e-12,6.907261e-17,
4FGL J1240.4-7148,190.116,-71.8156,bcu,20.939856,1.858923,1.7915698,0.05588153,6.6085284e-12,42.294502,1.834274e-10,4.6092888e-10,1.254237e-09,2.721009e-10,1.3896545e-10,7.182499e-11,1.4836634e-11,3.783284e-12,
4FGL J1241.6+3844,190.423,38.7469,bcu,4.272422,2.263842,1.9915695,0.22499536,9.75254e-13,15.3089075,9.272103e-09,2.5551996e-09,1.9066439e-10,5.892092e-11,2.9498713e-11,3.3426498e-16,2.866327e-14,9.529425e-16,
4FGL J1242.6+7635,190.666,76.5856,bll,4.749827,1.8283241,1.815083,0.1359775,6.5911095e-13,11.773239,2.7887297e-11,1.9196487e-14,1.9692828e-13,5.4330363e-11,1.5102029e-11,1.8991137e-12,3.7071886e-12,1.8018371e-12,
4FGL J1250.2+3157,192.5535,31.9582,bll,5.1411114,1.7169174,1.5324033,0.28827503,6.9943725e-13,9.455412,7.9567304e-13,5.4644084e-10,6.446411e-13,1.8344217e-11,2.993363e-11,2.9092835e-12,5.1865573e-12,2.198809e-16,
4FGL J1251.3-1719,192.837,-17.321,fsrq,4.5222645,3.1042466,3.069409,0.056577943,2.5915038e-12,21.241653,2.7218832e-08,7.242912e-09,8.763724e-10,6.599854e-11,1.5164404e-17,6.7989223e-13,3.81575e-17,4.2811103e-17,
4FGL J1252.8-3321,193.2202,-33.3564,fsrq,5.2463613,2.2061536,2.1600366,0.12093198,1.7057298e-12,20.205025,4.086044e-10,7.907886e-12,2.7684918e-10,1.8138581e-10,2.5974292e-11,1.5691292e-12,3.0123631e-12,3.3484051999999998e-18,
4FGL J1254.9-7141,193.7267,-71.6931,bcu,8.375783,2.5185843,2.4975827,0.12083954,4.2431735e-12,166.6429,2.3244842e-08,9.021741e-09,1.4600992e-09,2.3783484e-10,4.6905056e-11,3.7342256e-12,1.48123e-12,2.6042760000000002e-17,
4FGL J1256.1-5919,194.0333,-59.3198,bcu,14.725992,2.1035404,2.0842009,0.0200043,6.995856e-12,17.750338,1.6829904e-09,3.990968e-09,1.94827e-09,3.9988052e-10,1.2474458e-10,4.547311e-11,1.4084064e-11,2.8242805000000004e-16,
4FGL J1259.5+2332,194.8872,23.5491,bcu,4.464665,2.806695,2.82785,-0.040004067,1.8532886e-12,11.070178,9.382232e-09,3.7393315e-09,5.1353843e-10,8.772818e-11,1.2102008e-11,5.384694e-13,3.9729307000000003e-16,1.6242349000000002e-16,
4FGL J1300.3+5353,195.0868,53.899,bll,4.088537,2.5034962,2.3088162,0.3515113,1.1094835e-12,13.152541,3.7809604e-12,2.7634302e-09,3.391623e-10,8.710704e-11,9.552616e-12,1.0826144e-17,1.2597848e-14,1.5065227e-17,
4FGL J1302.7+4750,195.687,47.8495,bll,3.953756,2.563531,2.6156533,-0.04136676,1.0607525e-12,14.8452,3.7208678e-09,3.8240433e-09,2.1091867e-10,5.408523e-11,1.4048953e-11,3.4360368e-12,3.3708155e-16,4.9359315e-16,
4FGL J1304.0-5539,196.0049,-55.6515,bcu,7.399993,2.7341459,2.8084462,0.17852955,6.2712405e-12,29.521414,2.6723672e-08,7.62352e-09,2.691246e-09,1.9941654e-10,3.855245e-11,1.0325342e-12,5.421740400000001e-16,3.340715e-12,
4FGL J1305.9+3858,196.4776,38.9759,bll,4.721614,2.2032075,2.1812608,0.14076215,1.012921e-12,14.784183,7.258129e-13,2.7985255e-15,2.73931e-10,9.29394e-11,1.342184e-11,2.8305784e-16,2.8992507e-12,2.850441e-17,
4FGL J1306.5+1926,196.6291,19.4391,bcu,4.2804785,2.8327515,2.8962488,-0.1281249,1.6844805e-12,6.388157,1.0413698e-11,4.3722266e-09,6.057596e-10,6.3403844e-12,8.447008e-12,3.562922e-12,2.4541035e-12,1.1571542000000002e-16,
4FGL J1307.1-0344,196.7818,-3.7498,bcu,5.6448727,1.9302909,1.730679,0.22500929,1.3102334e-12,20.179787,6.742918e-10,9.0368085e-10,2.5707025e-10,4.7321782e-11,3.407138e-11,1.5683281e-11,2.0696123e-17,3.7238684000000005e-16,
4FGL J1308.1-3801,197.0294,-38.0178,bcu,5.0450897,1.8127,1.7267324,0.058582265,1.0554601e-12,10.24524,1.0353634e-10,1.1296464e-09,2.3432262e-10,8.944157e-12,3.6823437e-11,4.692511e-12,3.2609063e-12,1.5862328e-12,
4FGL J1308.4-6706,197.1104,-67.1081,bcu,17.820942,2.360241,2.2649999,0.12956095,8.607359e-12,146.371,3.1967186e-11,6.6572534e-09,2.8934486e-09,8.29526e-10,1.4423872e-10,3.0133895e-11,1.2046299e-12,2.5191297000000004e-16,
4FGL J1310.1-0450,197.5428,-4.8433,bcu,4.4267797,2.5081215,2.4936721,0.023203058,1.8270557e-12,24.962225,2.1187086e-12,7.608577e-09,5.4229243e-10,6.2825634e-11,2.8909344e-11,6.3239388e-12,3.203256e-16,1.1094424e-15,
4FGL J1310.7-5553,197.6837,-55.8867,bcu,6.110724,2.7290182,2.643635,0.38133675,3.5073559e-12,87.43603,3.1328578e-09,8.903759e-09,1.4172515e-09,3.1478076e-10,2.3530034e-11,1.8997831e-13,1.2954419000000002e-16,1.2694239e-16,
4FGL J1313.6+0159,198.4232,1.9936,bll,4.689617,2.5687497,2.5196407,0.058032032,1.9301342e-12,14.993507,8.38076e-11,3.0844975e-09,6.0682015e-10,8.2274645e-11,3.1700885e-11,7.499922e-15,5.302309e-16,4.0504886e-20,
4FGL J1314.7-0901,198.6865,-9.0322,bcu,5.8188605,1.9099958,1.8107337,0.08529013,1.3034287e-12,23.91477,3.1997825e-12,8.640304e-15,2.7526104e-10,6.1669427e-11,2.7480363e-11,1.3071469e-11,2.5068311e-12,1.2097057e-15,
4FGL J1315.1-5333,198.7978,-53.5649,bll,31.434862,2.4331331,2.4026637,0.098746695,1.9668704e-11,388.41278,2.4356787e-08,2.0791196e-08,6.8317916e-09,1.5574793e-09,2.8363945e-10,3.9099227e-11,5.149645e-12,5.319194e-16,
4FGL J1315.4+8453,198.8673,84.8871,bcu,6.4256916,2.5491796,2.548966,0.0007451258,2.065031e-12,13.803203,5.2508067e-11,5.005115e-09,6.0489724e-10,9.992404e-11,2.3318158e-11,3.440429e-12,4.1677446e-17,7.393229e-16,
4FGL J1315.9-6349c,198.9926,-63.8294,bcu,6.3556333,2.401291,2.3972192,-0.017103685,8.693127e-12,19.689184,1.3833102e-09,1.0077231e-08,1.5261108e-09,5.1824783e-10,1.2950156e-10,1.2631794e-11,9.339543e-16,2.2977052e-12,
4FGL J1316.7+2054,199.1905,20.9098,bcu,4.502608,2.1990342,2.3139253,-0.07640146,1.0162926e-12,17.627243,1.5339682e-10,2.1511248e-09,2.8219685e-10,3.132746e-11,1.8819673e-11,7.637447e-12,1.4952427e-12,2.1921480000000002e-17,
4FGL J1317.1+6613,199.2822,66.222,bcu,6.0205,2.5474372,2.5475152,-0.006436759,1.3924018e-12,11.802333,1.3008988e-10,1.4193e-09,5.880558e-10,6.53443e-11,7.506605e-12,1.2910867e-12,1.7741983e-12,1.8390834e-15,
4FGL J1317.6+7450,199.4106,74.8383,bcu,7.148808,2.2865133,2.1789074,0.12456448,1.2504171e-12,12.307836,7.5799744e-10,1.3438206e-09,3.0545455e-10,1.0233154e-10,1.7189389e-11,2.8819644e-12,1.1475494e-12,3.8720382e-18,
4FGL J1322.0-5921,200.5183,-59.3571,bcu,4.2692966,2.2635038,2.0073156,0.18402113,2.7633245e-12,9.098207,1.1635857e-10,1.9312699e-11,6.773553e-10,1.4136396e-10,5.403718e-11,1.3729864e-11,4.1425817e-17,6.4309484e-13,
4FGL J1325.3+6621,201.3416,66.3574,bll,4.6056347,1.9860713,1.9362085,0.05428566,6.256714e-13,9.870865,6.0187085e-12,4.940878e-10,1.9126026e-10,2.657639e-11,1.165671e-11,4.589915e-12,2.9739698e-12,6.9371194e-16,
4FGL J1326.1-6800,201.5352,-68.0014,bcu,6.334782,2.7149239,2.8827496,0.4654617,4.30316e-12,8.0625725,6.220308e-10,3.125344e-09,2.1774125e-09,2.913323e-10,3.5729013e-12,3.6124647e-12,2.3308405e-15,2.581983e-15,
4FGL J1326.1+2933,201.538,29.5529,bll,8.781392,2.014101,1.9234512,0.09151863,1.775749e-12,22.273104,5.5191676e-12,1.3499638e-11,3.9516018e-10,9.774294e-11,4.5604277e-11,1.1460759e-11,1.6828493e-12,1.0546045000000001e-16,
4FGL J1326.2+4115,201.559,41.2593,bll,9.986667,2.452916,2.4363234,0.030774849,2.185851e-12,29.963697,3.4574241e-09,3.6907788e-09,5.5871896e-10,1.5130505e-10,2.864665e-11,6.910878e-16,8.087032000000001e-17,1.3977971e-12,
4FGL J1326.6+0152,201.6598,1.8798,bcu,4.923274,1.8999202,1.8429233,0.06461848,1.0403494e-12,26.455376,3.0542526e-12,1.0046155e-09,2.4271715e-10,2.6712951e-11,3.3686675e-11,6.395141e-12,2.8333993e-12,1.7867259999999998e-19,
4FGL J1326.8-5256,201.7201,-52.9376,bll,46.341568,2.3238049,2.1979156,0.11721762,2.4011584e-11,483.15335,2.5047498e-08,2.3744088e-08,8.037487e-09,2.1400366e-09,4.7346493e-10,5.3905765e-11,5.4083634e-12,9.94871e-13,
4FGL J1327.0+3154,201.7683,31.9013,bcu,4.4791355,2.2047007,2.2073057,-0.03083931,9.999613e-13,17.909376,2.4546414e-09,2.7894398e-09,3.5180375e-10,5.3705373e-11,1.20763035e-11,8.685011e-12,9.776131e-13,2.0997384e-17,
4FGL J1328.6+1145,202.1667,11.7627,bll,8.40855,1.7424585,1.5068398,0.18945856,1.5751096e-12,17.230825,1.6757613e-13,2.8155795e-13,2.0501993e-10,6.617308e-11,1.9716895e-11,1.9070969e-11,1.0365207e-11,5.525282e-16,
4FGL J1329.0-5607,202.2672,-56.1186,bll,54.115337,2.4575326,2.3555543,0.13574462,3.65115e-11,1163.9688,3.3681054e-08,4.7096865e-08,1.43991725e-08,2.951303e-09,4.9268706e-10,4.2733234e-11,5.7020846e-12,3.0187198e-16,
4FGL J1330.2-7003,202.5616,-70.0586,bcu,37.442696,2.4710271,2.3646946,0.1379386,1.8194071e-11,1070.7053,3.733869e-08,2.5189212e-08,7.587281e-09,1.3593752e-09,2.3289548e-10,2.8998132e-11,1.8271315000000001e-16,3.9780423e-18,
4FGL J1330.4+2416,202.612,24.2727,bll,4.9916368,2.390276,2.438783,-0.052595105,1.2220496e-12,9.5393305,8.998951e-11,1.9923512e-09,2.3864946e-10,7.560783e-11,2.1194794e-11,4.2318447e-14,2.291444e-12,1.3381872999999998e-18,
4FGL J1333.0-6626,203.2648,-66.4387,bcu,5.7090526,2.7035794,2.6489875,0.24942291,4.2664067e-12,27.960173,1.2394536e-12,3.4839744e-09,2.044025e-09,2.9413513e-10,4.3347922e-11,2.2704204e-17,3.4747366e-17,7.559543e-18,
4FGL J1336.2+2107,204.0507,21.1204,bll,6.4126706,1.981005,1.7651709,0.16662979,1.4648378e-12,9.279198,5.7326856e-12,4.862497e-10,9.920553e-14,5.4388157e-11,5.6036422e-11,5.5368206e-12,3.5922944e-12,1.54001e-16,
4FGL J1336.5-1529,204.1488,-15.4921,bcu,15.001639,2.249832,2.2223895,0.051224723,4.978991e-12,281.48257,2.3953459e-12,3.5949632e-09,1.4226976e-09,3.5689907e-10,7.740231e-11,1.7688786e-11,8.103152e-13,1.6021531e-12,
4FGL J1338.1-0931,204.5312,-9.5174,bcu,4.4087186,1.87968,1.9283876,0.13107729,9.215635e-13,12.228985,7.822631e-14,1.2402568e-15,7.994226e-15,1.1165972e-10,1.2355068e-11,5.9978307e-12,3.6004305e-12,3.3241768e-17,
4FGL J1340.1+3857,205.0427,38.9623,bcu,7.068578,2.5364563,2.443775,0.16361855,1.7763285e-12,41.102886,4.08343e-12,3.3704122e-09,5.853272e-10,9.083098e-11,2.3430617e-11,2.5906254e-14,7.023577e-17,2.4177992999999998e-18,
4FGL J1340.4+6926,205.1099,69.4446,bcu,12.294093,2.5586634,2.5477068,0.079879336,2.7896687e-12,162.74739,4.0707764e-15,4.3062203e-09,1.2159939e-09,1.13268485e-10,3.406046e-11,1.2305052e-12,2.162786e-15,1.4033428e-12,
4FGL J1341.7-3907,205.4326,-39.1223,bcu,7.66099,1.9897165,1.933049,0.04664892,1.9206362e-12,28.426208,6.1041866e-11,4.2124013e-10,3.6039044e-10,7.170029e-11,5.2082644e-11,1.2151028e-11,4.203284e-12,5.5339055e-16,
4FGL J1346.3+7227,206.5988,72.4612,bcu,5.174455,2.322686,2.2280574,0.1293787,9.513122e-13,21.46786,2.144792e-11,2.5149047e-09,2.4516703e-10,5.765935e-11,1.8976555e-11,5.8638007e-13,8.044862e-13,3.9949786000000004e-17,
4FGL J1347.4+7309,206.8557,73.1545,bcu,4.9962883,2.8718674,2.8639865,0.09926729,1.6925608e-12,12.952372,2.9553437e-09,2.492281e-09,7.008233e-10,4.1622573e-11,1.1309224e-11,9.5933926e-17,9.978285e-18,1.2658706000000001e-16,
4FGL J1347.9-0618,206.9929,-6.3013,bcu,4.372519,2.1370764,2.2028642,0.5349373,6.7869885e-13,16.512922,4.5623448e-14,8.47148e-15,5.8390126e-11,1.4358578e-10,1.6581412e-11,7.813576e-16,9.506491e-20,1.9357631e-17,
4FGL J1348.9+0756,207.2452,7.9449,bll,9.638933,1.971622,1.9878886,-0.021199178,2.010579e-12,16.79524,4.4907637e-12,2.7750704e-09,3.974447e-10,1.3756044e-10,2.4734997e-11,1.3006009e-11,9.265314e-12,1.8524405e-12,
4FGL J1349.5-7153,207.3767,-71.8837,bcu,8.59216,2.5238273,2.521791,-0.03555776,4.4236633e-12,4.3044434,3.299558e-08,6.456131e-09,2.0785278e-09,1.4786077e-10,3.6919454e-11,1.245764e-11,2.3481312e-12,1.3543613e-12,
4FGL J1353.6-6640,208.4055,-66.6719,bll,34.061646,1.9488754,1.9301,0.019352552,1.4947278e-11,61.13835,2.8111296e-11,4.3379695e-09,2.6889186e-09,8.708134e-10,3.030145e-10,9.9832975e-11,5.0554304e-11,6.9757256e-12,
4FGL J1354.1-8750,208.5448,-87.8397,bcu,4.590312,2.5227387,2.526241,0.032806743,1.965535e-12,8.37815,1.7502439e-08,2.9503715e-12,6.753251e-10,1.1831028e-10,1.4579055e-11,1.89895e-12,1.3815989e-12,1.8367385e-16,
4FGL J1354.7+0623,208.6951,6.3899,bll,6.413306,2.020668,1.8205373,0.18647563,1.4785358e-12,13.550798,1.9976334e-10,7.774737e-10,1.6371006e-10,7.590838e-11,4.4045476e-11,9.427259e-12,3.0499972e-17,2.0117142000000001e-16,
4FGL J1356.2-2454,209.0635,-24.9101,bcu,5.509272,2.6059716,2.4842777,0.16661611,2.4008618e-12,17.897,3.7423373e-11,5.799133e-09,5.744537e-10,1.7531836e-10,1.6292372e-11,1.1022073e-12,3.4745793e-15,7.357113e-16,
4FGL J1358.9-0703,209.7392,-7.0621,bcu,7.4196258,2.1981008,1.941465,0.30971354,1.3973551e-12,17.852621,7.819021e-17,1.4590307e-09,3.7270848e-10,1.4250923e-10,6.4363764e-11,2.3689531e-12,4.168125e-15,2.110522e-15,
4FGL J1359.4+1809,209.8631,18.1611,bcu,4.3402734,2.0577512,2.0582223,-0.020916814,1.1363036e-12,4.236891,1.3568266e-15,3.483669e-10,2.6225117e-10,6.01849e-11,2.692433e-11,4.749298e-12,1.2799808e-12,2.2504977e-12,
4FGL J1400.6-5605,210.1567,-56.0879,bcu,15.459061,2.5204124,2.4895024,0.08787136,9.5221305e-12,99.6863,2.1827386e-08,1.1541781e-08,4.09679e-09,5.896263e-10,1.1446285e-10,1.9568349e-11,1.6521902e-16,4.1972442e-19,
4FGL J1403.6+3606,210.9023,36.1117,bcu,5.1318617,1.9760827,1.9290954,0.03210699,7.0849874e-13,8.641778,2.0887658e-11,1.491242e-11,8.983682e-11,3.9327003e-11,1.8270973e-11,2.8371613e-12,3.763247e-12,7.2262144e-16,
4FGL J1406.5-0054,211.6411,-0.9007,bll,5.0159683,2.6207247,2.6355743,-0.035758916,1.9480637e-12,9.975566,6.326653e-09,3.6629126e-09,6.1546135e-10,5.0281262e-11,1.9461065e-11,5.360644e-12,8.417497399999999e-19,4.5491195e-17,
4FGL J1407.1+5312,211.7921,53.2083,bll,4.3677564,2.2395194,2.109554,0.13335593,8.608758e-13,18.013542,1.4676285e-10,3.0107203e-09,2.533328e-10,4.5848617e-11,1.948615e-11,2.4471681e-12,8.5132926e-17,2.0955174e-15,
4FGL J1407.5-2706,211.8913,-27.1041,bll,7.698543,1.9180939,1.9978954,-0.062390115,1.805623e-12,19.646753,3.108675e-11,4.991454e-09,2.3317345e-10,7.736541e-11,3.596716e-11,1.3735509e-11,6.610246e-12,3.0403033e-12,
4FGL J1408.7+3617,212.1754,36.2885,bcu,5.6088653,2.406206,2.4225857,-0.037028573,1.2470687e-12,15.506968,8.060902e-12,2.4567217e-09,4.1569542e-10,5.985215e-11,1.6194518e-11,7.0131097e-12,7.915121e-16,2.156384e-16,
4FGL J1409.7+5940,212.4382,59.672,bll,6.834245,2.306121,2.2423248,0.06299987,1.1885458e-12,17.887695,7.636659e-10,1.0278792e-09,3.641317e-10,6.980275e-11,2.5646417e-11,1.392701e-12,5.1955976e-13,1.5075834e-20,
4FGL J1410.3+6058,212.5967,60.977,bll,6.350613,1.6144496,1.4919845,0.12342759,6.698734e-13,19.997292,3.540345e-09,7.75213e-10,1.2223548e-11,1.6930936e-11,1.3703952e-11,6.074746e-12,5.0514575e-12,1.0393217e-12,
4FGL J1412.2+2132,213.0705,21.5425,bcu,4.2737637,2.3558936,2.2410989,0.17071763,1.3283642e-12,27.9904,2.5616887e-15,4.2237797e-10,3.299304e-10,1.182513e-10,1.5679529e-11,1.7417556000000001e-16,2.3773485e-12,1.0753875e-15,
4FGL J1414.5+0826,213.6421,8.4372,bcu,4.74736,2.864585,2.7326455,0.12670709,2.1198943e-12,14.926022,1.1580288e-08,5.851743e-09,5.4092675e-10,1.1002991e-10,4.1351913e-12,8.412343e-16,4.841814e-13,8.6213594e-18,
4FGL J1415.9-1002,213.976,-10.0483,fsrq,5.535283,2.796215,2.4939873,0.39692798,2.1012744e-12,15.280668,4.4662016e-10,1.4072105e-09,1.1771737e-09,1.4962535e-10,8.0479595e-14,8.569677e-16,1.2199146e-13,7.475791e-15,
4FGL J1416.0+1320,214.0034,13.3386,bcu,63.183285,2.0689065,1.9917266,0.047497556,2.2729726e-11,2138.6946,5.7896665e-09,1.6336589e-08,5.5834795e-09,1.7619396e-09,4.722091e-10,1.3007496e-10,2.865233e-11,5.2003723e-12,
4FGL J1416.0+3443,214.0143,34.7202,bcu,9.191514,2.6816428,2.5830393,0.26465568,2.4277737e-12,183.20078,1.8091509e-12,2.5959859e-09,1.0319081e-09,1.876466e-10,6.2140336e-12,1.9785394e-15,6.0996185e-15,7.108019e-16,
4FGL J1417.9+4613,214.4818,46.2327,fsrq,3.5222347,2.9572616,2.9091017,0.081037,1.2328994e-12,37.11335,6.1888645e-12,2.5713531e-09,5.496335e-10,2.7151614e-11,3.0139862000000003e-16,6.5957537e-15,2.028881e-16,6.804692e-15,
4FGL J1419.6-5153,214.9222,-51.8901,bcu,14.867191,2.461779,2.4480941,0.05456993,9.283e-12,4.85104,7.5406476e-10,9.653787e-09,3.0016416e-09,5.719252e-10,8.686348e-11,2.117916e-11,1.379794e-12,1.6485865e-12,
4FGL J1421.1+3859,215.2922,38.9966,fsrq,7.1576853,2.6130855,2.5305753,0.1587976,2.1350478e-12,38.773148,1.15343e-08,6.3244157e-09,4.8969323e-10,1.431355e-10,1.6855635e-11,9.176991e-15,2.185174e-15,8.140738e-16,
4FGL J1422.5+3223,215.6371,32.385,fsrq,130.02838,2.2391915,2.168116,0.05219629,4.9980315e-11,9982.744,6.739613e-08,5.2924726e-08,1.6832763e-08,3.6658e-09,8.4918683e-10,1.8705626e-10,2.144242e-11,1.5134207e-12,
4FGL J1423.6-7829,215.9156,-78.485,fsrq,24.106903,2.4116025,2.312049,0.11924715,7.86074e-12,270.6631,4.901167e-13,9.918532e-09,2.81603e-09,6.1677474e-10,1.4785327e-10,1.29794136e-11,7.246909e-15,1.0072983e-14,
4FGL J1424.5+3433,216.1304,34.5555,bll,5.430914,1.7579281,1.4342028,0.328022,6.9887694e-13,10.070165,1.3513065e-11,9.959283e-10,4.9166885e-14,8.210643e-14,2.8748708e-11,6.405449e-12,3.2806945e-12,5.3024824e-16,
4FGL J1424.5+3705,216.1447,37.0954,bll,5.659997,1.6761582,1.5287865,0.15057267,8.070363e-13,9.13761,2.4614252e-12,1.2034294e-09,1.9948247e-13,4.3616634e-12,2.0924727e-11,9.42936e-12,3.3881739e-12,1.350401e-12,
4FGL J1424.8-6808,216.2169,-68.1489,bcu,31.631945,2.4969108,2.413627,0.15631224,1.7618436e-11,146.95398,3.9551593e-09,2.2800371e-08,7.4364346e-09,1.3914574e-09,1.7977751e-10,2.8814446e-11,4.0401473e-16,1.6783929e-15,
4FGL J1425.8+1423,216.4644,14.3863,fsrq,4.0130987,2.420201,2.2880833,0.18673077,1.658082e-12,22.123413,1.2560893e-08,3.5124992e-09,4.9535653e-10,1.09012174e-10,3.2773284e-11,4.864716e-18,1.9272354e-15,2.2511528e-16,
4FGL J1428.3+5635,217.0828,56.5947,fsrq,6.0273046,2.5607958,2.514874,0.08428814,1.5189578e-12,17.914743,4.7597766e-09,9.751863e-10,5.1404386e-10,8.488334e-11,2.0036839e-11,1.1114406e-15,9.1462346e-17,2.4409065e-15,
4FGL J1428.7-1017,217.1991,-10.2964,bcu,8.360599,1.6287905,1.3483728,0.25939298,1.6211983e-12,11.490404,9.1556146e-10,1.7887337e-15,7.264937e-12,2.1766016e-11,3.77094e-11,1.6226562e-11,1.0188432e-11,4.8272920000000004e-17,
4FGL J1430.5+3647,217.6397,36.7963,fsrq,7.9208937,2.5630412,2.5531561,0.025407165,2.2395287e-12,26.850996,1.28844775e-08,4.4358384e-09,9.058033e-10,8.60375e-11,2.4732619e-11,1.742958e-12,2.3237487e-15,1.1404578e-12,
4FGL J1431.0-4458,217.7661,-44.98,bll,5.6162558,2.5389354,2.5042236,0.10628847,3.343067e-12,32.140697,5.737548e-11,6.817036e-10,8.9032326e-10,2.2279208e-10,3.1321674e-11,2.5769794e-12,1.3148997e-12,9.364851e-16,
4FGL J1433.7-7304,218.4321,-73.0795,bll,6.377969,1.6464454,1.127758,0.33808953,1.0290219e-12,16.85725,1.6085265e-08,3.5764918e-09,2.2543381e-13,2.8466937e-11,1.6479268e-11,7.122218e-12,1.0935862e-11,8.5213484e-20,
4FGL J1434.5+5428,218.6252,54.4833,bcu,6.6472363,2.8838718,2.8774886,-0.016036583,2.2360072e-12,92.44337,1.0984205e-08,5.640716e-09,9.234375e-10,5.5023253e-11,2.4680939e-12,1.2682835e-12,3.2220199e-12,2.7869054e-16,
4FGL J1437.3-3239,219.3259,-32.6569,bcu,4.221713,2.8488336,2.6491146,0.24036823,2.5274314e-12,49.072266,1.39692204e-08,6.631659e-09,9.1369523e-10,1.05854756e-10,4.5173972e-13,6.398321e-15,9.222111e-16,1.2875549e-15,
4FGL J1438.1-2201,219.5402,-22.0305,fsrq,4.464941,2.697867,2.5756261,0.13835731,2.2393947e-12,26.358437,1.6686332e-08,2.9963574e-09,9.0643026e-10,1.1146958e-10,5.7022646e-12,6.0975666e-14,3.5729297e-18,5.007095e-16,
4FGL J1438.4+2924,219.6139,29.4101,bll,4.896191,1.7384886,1.5297816,0.42288578,6.0657317e-13,8.813168,2.6231267e-11,2.2770388e-11,8.099874e-15,9.86423e-12,3.6321134e-11,5.9795094e-12,2.3783138e-17,7.539669000000001e-17,
4FGL J1438.6+1205,219.6598,12.0855,bll,5.5988812,2.095613,2.076107,0.015689077,1.2762007e-12,7.782104,7.818203e-09,1.4133529e-09,4.598443e-10,6.5100314e-11,2.2039742e-11,7.148994e-12,3.6100936e-12,3.3723857000000004e-16,
4FGL J1449.6-2137,222.422,-21.6271,fsrq,11.635051,2.3211892,2.2861555,0.060887482,4.3915652e-12,111.6559,6.751511e-11,4.131036e-09,1.4185665e-09,2.5640692e-10,8.7988505e-11,8.041724e-12,2.952116e-15,1.9343808000000002e-16,
4FGL J1451.8-3851,222.9562,-38.8536,bcu,3.576862,2.2085652,2.2091274,-0.0007679293,1.1100229e-12,11.590989,3.7269606e-12,2.5982744e-10,4.8466614e-10,5.1319e-11,2.0987283e-11,1.7901390000000002e-22,4.9520995e-12,3.1277562000000003e-16,
4FGL J1454.8-2456,223.7199,-24.9468,fsrq,7.238271,2.5880275,2.5029578,0.28602603,2.8620424e-12,46.293835,7.57754e-09,4.1665817e-09,1.1311153e-09,2.5329538e-10,1.3397122e-11,2.2404116e-12,1.6790435e-16,2.0922558e-16,
4FGL J1455.0+0247,223.7616,2.7958,bll,5.33125,1.9087484,1.6733991,0.460195,7.4554073e-13,7.252242,1.900816e-11,3.8135898e-13,4.4091862e-11,3.9018368e-12,4.3487523e-11,1.18166015e-11,4.0604533e-16,1.0967662e-15,
4FGL J1458.1+4119,224.5255,41.3274,bcu,5.0003476,1.8868229,1.5641857,0.41475725,5.6703345e-13,22.873758,3.587184e-12,1.1291564e-14,7.4548194e-11,1.3498119e-11,3.2605467e-11,8.266046e-12,1.9684817000000002e-16,1.5279414e-16,
4FGL J1459.0-5353,224.7741,-53.8928,bcu,5.9495077,2.4240465,2.5066943,0.16685762,4.7106403e-12,25.57894,7.068262e-09,2.658911e-10,1.1886657e-09,4.2897705e-10,3.6263645e-11,5.2889364e-12,6.34622e-17,3.0272005e-12,
4FGL J1503.3-8136,225.8319,-81.6159,bcu,4.4758434,2.504258,2.4842057,0.27753976,1.5186279e-12,7.4720144,5.631528e-09,2.9286455e-09,6.367144e-10,1.650783e-10,1.0193441e-11,4.644475e-12,2.0473733e-15,5.226768e-16,
4FGL J1503.6-6427,225.91,-64.4517,bcu,10.418844,2.3970568,2.4118428,0.112679854,5.9598624e-12,86.61561,9.396955e-11,9.234964e-11,2.6874123e-09,4.6866516e-10,1.1668308e-10,9.764625e-12,3.6403367e-12,3.3539818e-17,
4FGL J1503.7-5801,225.9257,-58.0299,bcu,26.210323,2.555295,2.5035887,0.2998523,3.3053695e-11,10.895832,5.846224e-10,6.755001e-09,1.4246152e-08,3.779704e-09,4.7857357e-10,3.4152365e-11,2.5336636e-12,4.3315143e-12,
4FGL J1503.9-4247,225.997,-42.7999,bcu,9.102422,2.5450866,2.5526326,0.33283427,3.2292413e-12,17.034357,2.3704408e-10,5.5037974e-11,1.3277475e-09,3.3124237e-10,4.0953147e-11,3.3934827e-15,4.5676085999999996e-18,1.018189e-15,
4FGL J1507.2-1651,226.8071,-16.8609,fsrq,4.161322,2.482241,2.4883,-0.069236495,1.9203977e-12,9.966793,1.4911752e-08,3.5869205e-09,8.3253604e-10,6.502545e-11,8.062251e-12,7.289119e-12,2.6271216e-12,5.508078e-15,
4FGL J1508.5-4951,227.1437,-49.8622,bcu,17.30693,2.8397682,2.8773088,0.16294432,1.6334142e-11,68.87392,2.9588787e-09,4.0998454e-08,6.272142e-09,6.6391265e-10,7.026998e-11,9.589637e-13,8.630039000000001e-17,2.489794e-15,
4FGL J1510.4-3017,227.6063,-30.2936,bcu,4.2240305,2.574532,2.5946722,0.12679681,2.6530477e-12,18.233988,2.3180133e-10,6.1344493e-12,9.950891e-10,1.4709647e-10,2.2370083e-11,4.0243256e-12,1.0517405e-15,6.180037000000001e-17,
4FGL J1512.9-5639,228.2495,-56.6553,bcu,23.514719,2.2909577,2.133685,0.12813841,1.9598548e-11,243.84196,1.9432884e-08,1.12057945e-08,6.446164e-09,1.5220578e-09,5.7401983e-10,9.3462606e-11,1.2120813e-11,1.8945541e-15,
4FGL J1513.0-6549,228.2712,-65.828,bcu,4.194693,2.5680692,2.620911,0.17477378,2.867655e-12,16.796976,1.570984e-11,2.4433526e-09,1.400953e-09,1.0150079e-10,2.4795927e-11,4.1473327e-12,2.5137952e-15,8.460019000000001e-17,
4FGL J1513.4-0753,228.3685,-7.8903,bll,5.25612,1.7576158,1.517798,0.27028582,1.281339e-12,6.580374,4.8708208e-11,9.3058485e-11,3.075118e-14,1.4517553e-11,3.8399714e-11,9.435665e-12,6.849382e-12,5.3431397e-18,
4FGL J1514.8-4748,228.7002,-47.8141,fsrq,28.490204,2.400728,2.3186765,0.07833831,1.5494312e-11,74.34161,5.337123e-09,2.0152855e-08,5.382441e-09,1.1640516e-09,2.3982735e-10,3.2480036e-11,3.1379539e-12,2.8922883e-17,
4FGL J1515.7-2321,228.9344,-23.3645,bcu,5.5817285,1.9020027,1.8647399,0.13530162,1.7063592e-12,9.796313,2.6443457e-08,1.9351503e-11,1.7961937e-13,1.1899655e-10,4.79287e-11,9.269887e-12,4.036873e-12,1.3060838e-12,
4FGL J1516.0+2424,229.0096,24.408,bll,4.8367705,1.6241704,1.4877928,0.19690098,7.7845304e-13,11.087048,1.622741e-09,8.952369e-13,7.902256000000001e-17,3.045785e-11,5.8469484e-12,1.4034936e-11,1.5669218e-12,1.4270167e-12,
4FGL J1516.4-1523,229.1084,-15.3853,bll,4.466269,1.8019258,1.6773896,0.14054772,1.0713387e-12,12.7758665,1.1857486e-14,3.7359287e-13,2.690025e-10,1.9356348e-11,2.5140222e-11,8.5494875e-12,6.156522e-12,4.849736e-21,
4FGL J1517.3+6630,229.3307,66.5075,bcu,5.939362,2.5429022,2.4124057,0.18429402,1.5699858e-12,20.937607,5.044981e-11,1.9744024e-09,4.6668497e-10,1.1286591e-10,1.5370573e-11,7.272870500000001e-16,5.5938373e-16,2.3716319e-17,
4FGL J1521.7+1650,230.4373,16.8397,bcu,4.282721,2.6378546,2.6465812,0.33654347,1.4336713e-12,8.974245,2.434325e-12,1.9416115e-09,5.6964217e-10,1.3677823e-10,7.347092e-12,1.807904e-12,1.12256e-15,5.461882e-15,
4FGL J1523.1+3413,230.7842,34.2306,bcu,4.9905367,2.4868145,2.512265,-0.019361038,1.3421165e-12,37.73892,1.688701e-08,2.3078204e-09,3.906384e-10,6.68425e-11,2.1579504e-11,1.9321897e-12,9.812187e-16,2.0301403e-17,
4FGL J1523.2+2818,230.8247,28.3127,bcu,5.1379232,2.710627,2.6801445,0.027836688,1.838961e-12,4.9738927,4.104824e-09,4.5822897e-09,4.911744e-10,1.12819885e-10,9.809397e-12,3.2994236e-16,6.811273e-16,3.5716097e-17,
4FGL J1524.2+1523,231.0535,15.3853,fsrq,8.667118,2.819853,2.79167,0.07257913,3.8886806e-12,38.530567,3.497371e-08,9.868335e-09,1.2961573e-09,1.4989368e-10,1.40367926e-11,8.689261e-18,4.0447598e-12,3.9118377e-17,
4FGL J1524.8-5904,231.2077,-59.0679,bcu,12.375398,2.1673348,2.052868,0.12642133,8.562756e-12,26.255335,3.3508618e-09,1.7240676e-08,2.0289004e-09,4.0388504e-10,2.0027943e-10,4.5378565e-11,2.7685243e-12,2.0939442e-12,
4FGL J1525.7-4334,231.4281,-43.5747,bcu,5.1841283,2.710917,2.8423285,0.35100004,3.0647305e-12,3.19675,4.253886e-11,4.5966235e-09,1.6718227e-09,1.2307083e-10,1.9568135e-11,1.610919e-12,4.6984905e-15,3.8113425e-15,
4FGL J1527.4+1717,231.8711,17.2923,bcu,5.3620896,2.6945705,2.7640886,0.2670416,1.917889e-12,14.912669,7.689292e-13,1.4298795e-09,1.0779092e-09,7.663392e-11,1.2949302e-11,5.8269427e-13,2.2152487e-15,4.733622e-15,
4FGL J1532.7+2342,233.1866,23.708,bcu,6.9537916,2.5352747,2.518779,0.10968185,2.7905727e-12,69.0769,1.8986277e-09,1.2475065e-09,9.785648e-10,1.672138e-10,3.3662517e-11,4.1402933e-16,9.593588e-13,4.959736e-19,
4FGL J1535.8-4730,233.9586,-47.5085,bcu,3.8048337,2.6374347,2.638619,0.0849083,3.7586973e-12,25.080341,6.91211e-08,5.734475e-09,1.7758736e-09,1.4774493e-10,3.446431e-11,1.1329302e-12,3.6787313e-13,1.8191632e-21,
4FGL J1536.9-3731,234.2386,-37.5322,bcu,5.243551,2.1157646,2.1285744,0.054898437,1.8553308e-12,10.471893,5.7875856e-13,5.0831874e-15,4.784961e-10,1.3656899e-10,2.7409143e-11,1.2470817e-11,2.5954356e-12,1.0918728e-15,
4FGL J1540.1+4142,235.0281,41.7113,bll,3.854065,1.8189448,1.7622039,0.1363207,5.097317e-13,8.618455,2.743647e-14,6.481509e-10,2.1861038e-14,2.4998692e-11,1.13792925e-11,5.291868e-12,1.5706942e-12,1.0755108e-12,
4FGL J1541.1+3451,235.2762,34.8614,bcu,4.560315,2.5856364,2.6274207,-0.06999785,1.272246e-12,15.149299,3.4010406e-14,2.2455018e-09,2.7414754e-10,7.384119e-11,1.45879e-11,1.6104112e-12,2.0487605e-12,1.5889304000000002e-16,
4FGL J1543.3+1026,235.8495,10.443,bcu,5.4107246,2.551102,2.5418003,0.046625115,2.4807734e-12,31.17535,1.1333561e-08,5.638098e-09,6.822708e-10,1.4981368e-10,2.1688368e-11,2.4877656e-12,1.1556802e-15,1.8298809e-12,
4FGL J1543.6+6551,235.9023,65.8647,bcu,4.9558616,2.2740877,2.2668421,0.019968497,1.0712236e-12,20.980928,1.1481378e-09,1.0379495e-09,1.3312708e-10,6.724994e-11,2.2444576e-11,5.618933e-12,3.7909873999999996e-18,1.6984540000000003e-17,
4FGL J1544.3-0649,236.0785,-6.8255,bcu,32.574852,1.8731236,1.782346,0.04969003,1.2771554e-11,599.8132,3.5178297e-13,3.2328715e-09,1.669833e-09,7.662633e-10,3.3575484e-10,8.567269e-11,3.6717854e-11,1.4967558e-11,
4FGL J1544.7+5017,236.1828,50.2871,bll,7.677568,2.283591,2.2756755,0.011806619,1.5188882e-12,31.9701,1.8014379e-09,2.223115e-09,5.214955e-10,7.6754963e-11,2.9339007e-11,4.6810112e-12,1.3067599e-12,2.5505800999999997e-19,
4FGL J1545.0-6642,236.2507,-66.7017,bll,16.61969,1.6479299,1.6149987,0.032445848,3.8733114e-12,11.495285,2.8955413e-11,1.2611447e-09,2.8523686e-10,1.4210702e-10,5.7220197e-11,4.2565028e-11,1.7761988e-11,8.481606e-12,
4FGL J1546.4-2903,236.6231,-29.0558,bcu,5.375702,2.0674589,2.029482,0.10518801,1.884413e-12,8.660015,9.22006e-13,6.343823e-10,6.360988e-10,1.182635e-10,4.9837464e-11,2.9251224e-12,6.1510224e-12,5.823439e-16,
4FGL J1547.9-6403,236.9922,-64.0511,bcu,7.3498034,2.7846513,2.9341128,0.3058116,4.6662396e-12,16.075754,1.5964785e-10,8.2830685e-09,2.3149271e-09,1.619538e-10,2.1584864e-11,1.3454842e-12,1.4260604e-15,7.9751074e-15,
4FGL J1548.3+6615,237.0982,66.2639,bcu,3.682555,2.1458404,2.165996,-0.02354125,6.8633174e-13,17.113783,2.759198e-11,8.421829e-10,3.1506417e-10,2.5844084e-11,1.6201858e-11,2.361053e-14,2.6224988e-12,1.4621084e-16,
4FGL J1548.4-2109,237.1025,-21.1656,bcu,4.994332,1.8339185,1.592782,0.21987998,1.424349e-12,23.428507,1.2336124e-11,3.0931693e-09,1.4508433e-10,4.6909356e-12,4.4466198e-11,1.30420666e-11,6.2311354e-12,2.7249976000000003e-16,
4FGL J1549.0+4821,237.2583,48.3617,bll,5.966565,1.759166,1.5949161,0.36222035,6.171771e-13,10.814897,1.4086436e-14,5.9124204e-15,2.842798e-11,2.7784995e-11,2.6438143e-11,7.198132e-12,1.2118715e-12,1.7423675e-21,
4FGL J1549.0+7846,237.2624,78.783,bcu,5.903453,1.9577751,1.8904366,0.07396733,7.7133563e-13,17.026485,1.1798296e-11,8.623591e-10,1.9378924e-11,5.672433e-11,1.5938993e-11,4.8431376e-12,2.7346272e-12,5.0818746e-21,
4FGL J1553.3+0600,238.3284,6.0127,bll,5.519327,2.1856506,2.0638914,0.370772,9.36429e-13,22.75245,1.5793067e-11,6.905121e-13,1.0135674e-11,1.7040919e-10,2.4949485e-11,4.823423e-12,2.0681102e-14,4.134127e-15,
4FGL J1553.5-6910,238.3897,-69.1818,bcu,6.40591,1.8923824,1.8374127,0.17828508,1.4689777e-12,13.8483095,8.26975e-14,5.1300513e-12,3.570537e-14,1.09443433e-10,4.3083186e-11,1.09840435e-11,2.4475704e-12,1.0239335000000001e-16,
4FGL J1554.0-0243,238.5185,-2.7314,bcu,7.827368,2.4969885,2.640091,0.32664514,3.8690474e-12,78.07377,2.9228653e-09,2.295322e-09,1.8327763e-09,3.8518586e-10,1.8265804e-11,1.1716152e-11,1.5769201e-15,3.8467565e-16,
4FGL J1555.2-4149,238.8244,-41.8282,bcu,13.9918,2.6011014,2.5749943,0.13845147,1.0056869e-11,81.94589,9.8143e-09,1.6562236e-08,4.0389425e-09,6.1826744e-10,9.1388584e-11,1.1282678e-11,6.481286e-15,1.3476157e-15,
4FGL J1556.1+2812,239.0464,28.2068,bcu,5.399745,1.8783829,1.5866864,0.3718303,6.1917886e-13,17.048605,1.1462753e-11,1.3759798e-15,4.550677e-11,1.1170854e-12,3.1757617e-11,7.96956e-12,5.4529966e-17,1.142187e-16,
4FGL J1556.6+1417,239.1532,14.2857,bcu,3.920046,2.4751766,2.3293793,0.34741578,9.914313e-13,15.684686,6.4800644e-11,5.459866e-10,4.7679144e-10,1.2220601e-10,1.7476387e-11,6.2517266e-15,8.465587700000001e-16,3.0152584000000005e-16,
4FGL J1558.1+6239,239.5386,62.6538,bcu,4.76321,2.6769671,2.6883466,-0.013948888,1.3754458e-12,9.863694,7.494737e-09,1.2274423e-09,3.9194595e-10,6.7632906e-11,1.4582207e-11,5.783701e-15,3.3042031e-15,3.7816370000000004e-17,
4FGL J1558.9-6432,239.7377,-64.5404,bll,41.985756,1.9714097,1.949519,0.023855245,1.7293248e-11,24.254803,1.1420293e-10,6.3624435e-09,3.1825718e-09,1.0218196e-09,3.7236084e-10,1.1871971e-10,3.8640355e-11,1.3048204e-11,
4FGL J1559.8-0425,239.9645,-4.4309,bcu,4.8933406,2.6229339,2.5687551,0.15527156,3.4896571e-12,35.518105,1.9527864e-09,7.352815e-09,1.1469066e-09,2.1019447e-10,2.6631622e-11,3.8444157e-12,2.8323816000000003e-16,7.407721000000001e-17,
4FGL J1600.3-5811,240.0983,-58.184,bll,16.837542,2.3556457,2.3362963,0.052535255,1.10617175e-11,4.8769403,1.5826134e-11,5.6126264e-09,4.0158743e-09,6.614862e-10,1.5662714e-10,2.9595097e-11,5.500456e-12,2.2288923e-17,
4FGL J1602.0-0641,240.5039,-6.6856,bcu,5.597662,2.3326325,2.282644,0.23366997,1.810172e-12,14.9780655,8.592243e-13,7.060409e-10,7.2849854e-10,1.7963064e-10,4.5315043e-11,2.978566e-12,2.4319398e-12,8.864462e-15,
4FGL J1603.5+1552,240.8816,15.8733,bcu,4.887029,2.3258517,2.3049695,0.09714934,1.6531298e-12,17.97694,3.3482677e-09,6.949521e-14,6.692112e-10,6.823288e-11,4.1417095e-11,2.5653849e-16,2.1050013e-12,7.825199e-17,
4FGL J1603.8-4903,240.9665,-49.0617,bll,64.54491,1.9891381,1.8928365,0.058147866,5.9411094e-11,535.7979,9.1995064e-11,2.2706608e-08,1.1488057e-08,3.808678e-09,1.4963771e-09,4.5229048e-10,1.6368405e-10,2.2143695e-11,
4FGL J1604.5-4441,241.1277,-44.6903,bll,28.245876,2.3455954,2.3005733,0.09427415,2.0632785e-11,296.58002,2.7002065e-09,1.698099e-08,7.0549993e-09,1.6980781e-09,4.1397022e-10,3.7458224e-11,1.262666e-11,1.6654435e-12,
4FGL J1604.7+1734,241.1857,17.5717,bll,5.119643,2.0603247,1.7493273,0.41321725,7.1559664e-13,14.681427,6.60778e-09,3.185562e-10,1.0299582e-12,7.7060636e-11,3.9546616e-11,2.1762785e-12,9.288008999999999e-19,2.5074091e-17,
4FGL J1604.9-3414,241.2289,-34.2385,bcu,4.181231,1.7535186,1.6366023,0.25781986,1.0325554e-12,19.968857,1.650606e-15,5.37231e-12,1.837224e-13,1.353993e-11,2.9471e-11,1.14098436e-11,3.1293223e-12,2.1392113e-18,
4FGL J1605.8+7208,241.4536,72.1386,bcu,4.9116616,1.8828874,1.7323138,0.14524308,6.4669624e-13,15.714665,1.3856397e-11,1.6951288e-10,1.6666452e-10,1.5647717e-11,1.828521e-11,3.5809684e-12,2.0423368e-12,8.0076066e-13,
4FGL J1606.2+1346,241.568,13.768,bll,7.8197494,1.8213629,1.7874012,0.04914504,1.8780116e-12,15.060159,5.0249846e-11,2.0194261e-11,7.232669e-11,5.693724e-11,6.6424394e-11,4.518117e-12,6.581224e-12,3.5161416e-12,
4FGL J1606.6+1324,241.6681,13.4042,bcu,4.0225487,2.3362186,2.2956066,0.09756238,1.5591538e-12,15.022502,5.0051865e-11,1.4330255e-09,6.697321e-10,1.0224844e-10,2.2516208e-11,7.0832845e-12,5.99538e-17,1.1737572e-16,
4FGL J1606.8-0351,241.7117,-3.8625,bcu,6.3585396,2.3160138,2.2476628,0.109935835,2.8130772e-12,122.29174,7.52055e-09,2.5163776e-09,8.7384977e-10,1.5617599e-10,5.887891e-11,8.050044e-12,1.0465744e-14,2.8489215e-18,
4FGL J1607.8+2541,241.9749,25.6834,bll,4.509964,1.8745476,1.8124859,0.0821081,8.220803e-13,17.11991,9.663002e-09,1.6963418e-10,1.3862514e-10,3.0627452e-11,2.4332189e-11,5.36681e-12,1.760986e-12,1.4253645e-12,
4FGL J1608.0-1625,242.0209,-16.4185,bcu,4.4222116,2.6261873,2.6402733,0.23406386,3.1091978e-12,13.372525,6.9551526e-13,5.1935656e-09,1.7399553e-09,1.3497516e-10,1.5320918e-11,3.557804e-12,3.50595e-18,1.6371785e-15,
4FGL J1610.3-3958,242.5981,-39.9737,fsrq,13.701763,2.598758,2.6226456,0.08537598,1.1517954e-11,35.806805,1.2754765e-12,1.6790102e-08,4.1235486e-09,6.5439937e-10,9.826354e-11,1.674793e-11,3.4401688e-15,4.4011554e-17,
4FGL J1611.1+2501,242.7811,25.0176,bcu,5.814475,2.6220672,2.5941331,0.046859283,2.529312e-12,56.458454,2.418419e-08,2.3567988e-09,8.182573e-10,1.4535552e-10,2.2118089e-11,2.6688938e-12,6.1164344e-18,4.1109164000000004e-16,
4FGL J1611.3-0930,242.8388,-9.5078,bcu,5.245358,2.1267712,2.016732,0.08433903,2.10008e-12,38.86559,1.2356207e-08,5.273409e-09,2.0338684e-10,8.412739e-11,6.452419e-11,8.689193e-12,3.3841086e-13,2.2417145000000004e-16,
4FGL J1612.4-0554,243.1206,-5.9098,bll,3.8778622,2.5631354,2.567072,-0.0042971773,2.533663e-12,19.876446,1.4756321e-13,3.7137804e-09,1.3701935e-09,5.9580396e-12,3.367021e-11,8.160465e-12,2.3876241e-16,4.2491504e-13,
4FGL J1613.5-4225,243.3822,-42.4223,bcu,4.553166,2.5661886,2.580182,0.08980379,4.846638e-12,13.378981,7.304672e-09,3.258912e-14,2.140852e-09,2.0735832e-10,3.6196345e-11,3.78652e-12,3.0625307e-12,1.2237703000000002e-16,
4FGL J1614.4+5028,243.6016,50.4723,bcu,4.646346,1.7650267,1.6144145,0.22220278,6.561414e-13,12.406475,6.309858e-11,5.851189e-13,3.4735374e-11,1.6218697e-11,1.9308138e-11,8.119979e-12,1.2365354e-12,1.5771638e-19,
4FGL J1614.8-0850,243.7106,-8.8379,bcu,4.5984564,1.6931815,1.7852534,-0.06519097,1.1585645e-12,15.361105,3.580721e-10,2.181489e-17,5.843587e-11,5.534146e-11,1.3203909e-11,5.176309e-12,1.2723202e-11,5.765215e-13,
4FGL J1616.5-3500,244.1297,-35.0019,bcu,4.986881,2.7957973,3.0223198,0.3621044,4.348035e-12,7.7657647,1.1953819e-12,8.526756e-09,1.631309e-09,1.9122316e-10,1.1342354e-11,1.6281310999999998e-19,8.175206e-15,4.3137923e-15,
4FGL J1617.3-5849,244.3486,-58.8257,fsrq,17.447836,2.5493531,2.5611367,0.19905892,9.81121e-12,109.06793,8.006624e-11,1.0345013e-08,4.3493777e-09,7.358592e-10,1.2522171e-10,5.1570245e-12,1.503297e-13,5.763341300000001e-16,
4FGL J1618.8+0620,244.7164,6.3458,bll,6.540555,2.1991997,2.0398614,0.14769955,2.0915914e-12,22.643513,5.4779275e-11,2.2356432e-09,2.7242456e-10,1.4910019e-10,5.467971e-11,5.34808e-19,4.6316e-13,9.449883000000001e-23,
4FGL J1621.3-0030,245.3455,-0.5091,bll,5.427302,1.6307698,1.4496524,0.2191046,1.2718053e-12,15.932593,1.5843845e-13,5.746173e-10,4.8970853e-12,2.9798376e-11,2.6119353e-11,1.1438431e-11,9.8288e-12,5.801703e-13,
4FGL J1622.9+4401,245.7389,44.026,bll,5.1341133,2.1006293,1.9881116,0.11980062,8.072344e-13,10.573806,1.8486315e-13,9.50022e-10,9.6967746e-11,5.5806408e-11,1.8851053e-11,2.4485275e-12,1.9137868e-12,8.995029e-18,
4FGL J1624.9-4210,246.2297,-42.1764,bcu,6.9933934,2.7842753,2.907345,0.34357902,8.04656e-12,7.0412965,1.0658589e-12,1.3495548e-08,3.3100271e-09,4.890586e-10,4.8800883e-11,8.1136704e-17,1.338363e-15,1.4272997e-16,
4FGL J1625.2-3600,246.3117,-36.009,bcu,7.2576094,2.6159747,2.7504005,0.18142611,5.937089e-12,18.65783,1.8677425e-14,8.508284e-09,2.6236948e-09,3.785007e-10,3.537711e-11,7.914293e-12,2.5279534000000004e-16,8.435146e-16,
4FGL J1626.0+5436,246.5071,54.6068,bcu,1.1708415,2.8,2.687985,0.32067895,5.263127e-13,31.184885,5.506203e-12,1.6352022e-09,1.1947413e-10,4.3445667e-11,2.1968284999999997e-18,4.149942e-17,9.5322785e-17,7.280855e-15,
4FGL J1626.5-7435,246.6358,-74.594,bcu,4.3725643,2.1918535,1.9971615,0.2761994,1.2199204e-12,9.904129,8.721445e-09,1.778397e-09,2.8782459e-11,8.007195e-11,3.3321443e-11,4.3639207e-12,2.6217287e-16,1.9404575e-17,
4FGL J1628.8-6149,247.2171,-61.8313,fsrq,16.401928,2.6723783,2.7874048,0.22020094,1.0256923e-11,108.037445,3.6180747e-08,1.6919465e-08,4.4307185e-09,6.367017e-10,6.55068e-11,2.1128026e-12,1.2896681e-15,2.5610468e-17,
4FGL J1631.0-5302,247.7563,-53.0406,bcu,6.8251414,2.6206408,2.5972497,0.05347703,8.012105e-12,7.432589,2.0401868e-12,1.6360405e-08,2.2975695e-09,4.112714e-10,3.9356553e-11,2.2930255e-11,1.5754728000000001e-16,2.1795066e-15,
4FGL J1631.2+4926,247.8008,49.4481,fsrq,7.0177298,2.4974592,2.4908993,0.0065052295,1.8376182e-12,12.934232,6.0267194e-11,2.9439617e-09,7.3698087e-10,6.5990456e-11,2.977357e-11,1.0856629e-15,1.6742664e-15,1.4880222e-12,
4FGL J1631.5+4219,247.8785,42.3264,bll,4.939358,1.8695691,1.7623951,0.08302637,7.3619165e-13,14.92718,2.0822841e-13,2.150965e-09,1.0575311e-10,3.707836e-11,1.8825299e-11,5.432337e-12,1.314932e-12,1.3575642e-12,
4FGL J1633.5+2806,248.3896,28.106,bcu,4.9486184,2.60576,2.4753041,0.15298848,1.666309e-12,15.013174,1.790582e-09,3.924377e-09,5.3172206e-10,9.3800794e-11,1.3444697e-11,2.1232081e-15,2.1395754000000003e-16,8.400716e-18,
4FGL J1635.3+0911,248.8298,9.1844,bcu,4.9815803,2.673161,2.6839957,0.16337891,2.8343764e-12,32.138058,1.20261445e-08,3.839527e-09,1.1548241e-09,1.3230383e-10,2.0211272e-11,2.2047975000000003e-16,6.952964e-16,1.408995e-16,
4FGL J1636.3+7128,249.0954,71.4803,bcu,6.990795,2.83154,2.8311932,0.021646867,2.117255e-12,11.71301,3.1968336e-12,4.927184e-09,8.281005e-10,5.3774218e-11,1.20455815e-11,1.9006994e-12,2.4079352e-16,9.156868e-13,
4FGL J1636.9-4103,249.2432,-41.0655,bcu,9.568906,2.550721,2.5948896,0.14352241,8.508567e-12,26.137394,1.3796458e-13,6.5347336e-09,3.2611986e-09,6.1390293e-10,9.2561486e-11,1.6744042e-11,1.7198852e-16,2.0837273e-12,
4FGL J1637.2+4327,249.3249,43.4565,bll,6.390117,1.944915,1.7851518,0.12436468,1.0357389e-12,8.747939,9.8307e-09,1.1891847e-10,2.878082e-10,3.1847504e-11,2.8333547e-11,6.9777266e-12,3.4293057e-12,7.381355000000001e-17,
4FGL J1637.8-3449,249.467,-34.8189,bll,27.74031,1.9169945,1.714394,0.12796497,1.12828765e-11,35.300575,9.132239e-09,6.6032495e-09,1.2623086e-09,6.246781e-10,3.5378064e-10,1.1262454e-10,3.3561202e-11,3.2466744e-12,
4FGL J1642.3-8108,250.5855,-81.1375,bll,5.510499,2.3692203,2.3797133,-0.03369723,1.7978111e-12,21.243454,2.0413786e-12,5.388426e-09,7.1644646e-10,5.632212e-11,1.751301e-11,1.0928865e-11,1.3372198e-12,1.0423802e-18,
4FGL J1642.4+6855,250.6169,68.9266,fsrq,4.83904,2.3799365,2.3719597,0.015804205,1.5674422e-12,15.4691,1.6769903e-11,4.609134e-11,2.7307e-10,7.248177e-11,3.2304655e-11,4.343462e-12,1.6092425e-14,1.7008385000000002e-16,
4FGL J1643.0-7714,250.7719,-77.2488,bll,5.465239,2.5094373,2.510851,-0.026973817,2.1310768e-12,11.670294,5.9244933e-14,4.8690576e-09,1.0166329e-09,5.3357988e-11,2.1938269e-11,9.6923155e-12,6.681259e-18,4.8960474e-15,
4FGL J1644.5-4602c,251.144,-46.0478,bcu,7.8597307,2.641428,2.8129864,0.37108198,2.1713836e-11,9.571395,1.1750149e-09,1.3848146e-10,8.373331e-09,2.3288302e-09,2.612798e-10,4.72597e-14,5.348508e-14,9.010463e-13,
4FGL J1644.8-2154c,251.2231,-21.9105,bcu,7.5608907,2.3824928,2.349702,0.12077656,6.50084e-12,9.14217,5.0944106e-12,9.701937e-09,1.4029301e-09,4.958581e-10,7.2944296e-11,1.866786e-11,1.3263465e-12,5.179921e-18,
4FGL J1647.6-1210,251.9003,-12.1753,bcu,4.8972406,2.5659258,2.6134856,0.2749705,3.6364447e-12,35.434185,1.7143858e-11,2.3926716e-09,1.881768e-09,1.7547794e-10,6.937388e-11,7.563651e-15,2.5769406e-15,3.150578e-17,
4FGL J1648.1-2920,252.0402,-29.3402,bcu,5.567527,2.650048,2.54608,0.31875867,3.2887538e-12,13.339843,1.8456112e-11,4.042259e-09,1.312608e-09,3.2652445e-10,5.49805e-12,4.218073e-12,1.297916e-14,5.013546e-18,
4FGL J1649.3+8252,252.3422,82.8755,bcu,5.45818,2.1672869,1.958285,0.2568471,1.1379646e-12,9.668664,1.6478705e-08,5.264619e-10,1.0261724e-10,6.3376256e-11,3.107819e-11,4.5242746e-12,7.742338e-13,2.1654918e-17,
4FGL J1650.3-5045,252.5894,-50.7515,bll,42.208862,2.339621,2.2892163,0.046263393,3.4986326e-11,351.87646,9.065554e-13,3.9272223e-08,1.1744866e-08,2.4614113e-09,5.600314e-10,1.13467284e-10,1.9781564e-11,1.3019889e-16,
4FGL J1651.0-1523,252.7592,-15.3883,bcu,4.6587806,2.4245706,2.4442308,0.21870992,3.2608653e-12,18.288715,7.8239126e-19,5.141787e-09,8.037922e-10,4.1141224e-10,2.5780895e-11,1.0585346e-11,2.9151822e-21,1.6320222e-15,
4FGL J1654.0-3509,253.5107,-35.1552,bcu,9.542669,2.3245704,2.3232238,0.0029128483,7.333067e-12,15.068517,2.0990049e-10,7.3455073e-09,1.8634798e-09,4.3705228e-10,1.034916e-10,1.9225056e-11,7.873925e-12,1.1625706e-12,
4FGL J1655.1-2239,253.79,-22.6527,bcu,4.422346,1.8927819,1.9190056,-0.027838128,1.7073852e-12,12.402117,2.1547298e-13,6.9577843e-10,2.8862654e-10,7.517622e-11,2.8452483e-11,1.4031127e-11,4.1239937e-12,4.0341953e-12,
4FGL J1655.9+3248,253.9909,32.8081,bll,5.3640575,2.6176817,2.5814977,0.08615099,1.5811287e-12,12.651371,9.718487e-13,2.1267128e-09,6.3206146e-10,6.860417e-11,9.873355e-12,3.903977e-12,2.3753742000000003e-16,1.4993218e-16,
4FGL J1656.3-3301,254.0946,-33.0189,fsrq,15.724507,2.831575,2.9306505,0.25883886,1.497761e-11,157.86981,7.0581294e-08,2.939108e-08,6.628528e-09,5.690731e-10,5.950028e-11,2.1908911e-12,1.8023126e-17,3.5006687e-20,
4FGL J1657.7+0738,254.4417,7.6334,fsrq,5.2012405,2.8374467,2.8019862,0.034149017,3.3196553e-12,23.071524,2.7643317e-08,6.273417e-09,8.472343e-10,1.8675998e-10,1.14008455e-11,8.192866e-15,9.858322e-16,2.8086647e-14,
4FGL J1659.7-3131,254.9455,-31.5209,bcu,24.502222,2.229608,2.2090652,0.02641978,1.6164193e-11,123.52654,2.0089761e-08,2.2203409e-08,4.4129993e-09,9.636981e-10,3.0146424e-10,5.9446226e-11,1.613303e-11,1.7868763e-12,
4FGL J1701.7-5621,255.4389,-56.3588,bcu,4.6329656,2.4724078,2.4907026,0.026794069,3.1006035e-12,13.66485,5.320186e-10,2.054247e-12,1.6642201e-09,1.2934444e-10,2.5584163e-11,1.08591565e-11,1.5782904e-12,7.44415e-17,
4FGL J1705.3-6946,256.3427,-69.7753,bcu,4.169761,2.5251603,2.5068302,0.0100585045,1.7846188e-12,22.118452,1.672419e-08,4.322317e-09,4.363799e-10,7.056079e-11,2.5364736e-11,5.0075248e-12,8.84296e-16,2.001135e-18,
4FGL J1705.5-7423,256.385,-74.3953,bll,6.749749,1.6251721,1.6553063,-0.04448492,1.0315008e-12,12.5508375,1.138989e-08,6.5533506e-10,8.3212964e-11,5.2934716e-11,1.1826812e-11,9.9053404e-12,4.5547884e-12,2.6978734e-12,
4FGL J1706.9+4543,256.7427,45.7248,fsrq,7.2899966,2.749087,2.6671607,0.11394183,2.5982404e-12,38.32647,3.3655686e-11,5.224335e-09,8.5686774e-10,1.3812135e-10,1.584904e-11,4.2614026000000006e-16,6.931788e-16,1.3903885e-18,
4FGL J1707.9+0016,256.9886,0.2731,bcu,5.1297784,1.9908657,1.8913318,0.110561736,1.6030405e-12,33.701077,6.9041667e-10,2.4680558e-14,6.5745304e-10,5.462244e-11,3.6004966e-11,1.2243159e-11,3.7336865e-12,2.47621e-19,
4FGL J1709.0-3525,257.2514,-35.4315,bcu,5.8782744,2.6148994,2.6444755,0.12962678,9.0651315e-12,8.9873495,1.7406798e-11,2.4357123e-08,2.200666e-09,4.2318327e-10,6.740424e-11,7.6612995e-12,1.2742805e-12,2.080957e-12,
4FGL J1710.3-3943,257.5945,-39.7223,bcu,15.102393,2.6037123,2.6100924,0.26555675,3.6419173e-11,15.567029,2.8950377e-12,2.0980357e-08,1.4557827e-08,3.2882845e-09,5.2781085e-10,1.0960673e-11,6.075778400000001e-16,2.0546175e-15,
4FGL J1711.1+0242,257.7765,2.7005,bcu,4.0053744,1.8564676,1.8717484,0.24373893,1.0898016e-12,13.473423,8.441655e-09,7.333659e-15,1.5254737e-11,4.3364411e-13,5.178915e-11,8.635906e-12,3.430445e-16,2.652187e-12,
4FGL J1711.1-4600c,257.7816,-46.0058,bcu,4.205027,2.5828087,2.7704165,0.3349792,4.990063e-12,16.439022,5.7555063e-08,3.5893014e-10,2.7104594e-09,4.1115822e-10,8.2356996e-11,7.0926304e-17,2.6022927e-12,3.937751e-12,
4FGL J1711.6-5027,257.903,-50.454,bcu,11.496775,2.6178644,2.6154146,0.058754064,1.039584e-11,26.528671,4.0058814e-11,1.6091763e-08,4.376346e-09,3.8296932e-10,1.0136138e-10,2.9462804e-12,3.017663e-12,1.7210596e-15,
4FGL J1712.5-3142,258.1404,-31.702,bcu,6.3534365,2.7176192,2.7478178,0.31408378,6.371424e-12,6.3091106,1.4406636e-11,2.2448239e-09,2.877022e-09,4.3127812e-10,3.8341556e-11,4.1848833e-12,1.03683106e-16,7.082096e-16,
4FGL J1713.2-3417,258.3235,-34.294,bcu,4.1041484,2.0805144,2.030796,0.12896156,2.9767469e-12,13.0598135,1.7143348e-09,2.6004562e-10,1.327517e-12,5.9980666e-11,7.8772155e-11,1.9202747e-11,2.4850607000000004e-16,2.159229e-12,
4FGL J1715.4-4025,258.869,-40.4294,bcu,9.158828,2.2044146,2.08064,0.1452423,7.514222e-12,29.634794,1.144367e-10,2.3151963e-09,1.5662308e-09,6.1261435e-10,2.3731628e-10,4.6945402e-11,8.2292775e-12,7.534582e-16,
4FGL J1716.3-3421,259.0805,-34.352,bcu,8.190568,2.4867158,2.3618345,0.24186599,6.688819e-12,17.828634,1.9421694e-08,7.72151e-09,1.1351593e-09,7.72932e-10,1.6390218e-10,1.6005792e-11,3.2413923e-16,8.544330500000001e-16,
4FGL J1716.6-6707,259.1546,-67.1177,bcu,4.018412,2.357963,2.353981,0.0076796613,1.3102978e-12,14.673829,9.764439e-09,3.0686031e-09,2.1411457e-10,5.7779784e-11,2.9469586e-11,3.1491613e-12,2.4967193e-16,7.767151e-18,
4FGL J1717.5-3342,259.3985,-33.7003,bll,20.246254,2.523559,2.5240955,0.12311701,2.5914534e-11,257.51065,1.4549387e-10,5.5826284e-08,1.0294034e-08,2.0124e-09,3.5438366e-10,2.5978135e-11,5.700827e-12,6.982227e-17,
4FGL J1717.6-5154,259.4026,-51.909,fsrq,18.794525,2.523451,2.5248764,0.21207893,1.0805304e-11,503.75323,2.5198638e-10,1.54434e-08,5.364658e-09,8.9070734e-10,1.4401895e-10,1.1382412e-11,3.0142573000000003e-16,5.7686145e-15,
4FGL J1718.0-3055,259.5229,-30.9298,bcu,12.412182,2.1957395,2.009353,0.20469831,6.20643e-12,15.368287,6.845743e-17,4.0607418e-12,1.991017e-09,4.974708e-10,2.34117e-10,3.4410672e-11,3.761065e-12,6.750622999999999e-20,
4FGL J1720.0-5101,260.0239,-51.0167,bcu,5.837846,2.8400114,3.054476,0.53945976,4.959886e-12,11.38411,1.3023832e-09,8.5969285e-09,2.5608027e-09,2.4157915e-10,7.388965e-14,1.3739457e-12,2.0784494e-12,1.2420903e-15,
4FGL J1725.4+5254,261.3613,52.9144,bcu,4.140591,1.8584167,1.8644555,-0.0094804,6.618652e-13,14.561615,1.25761455e-08,8.7562074e-10,1.1845995e-10,3.0869415e-11,1.0430474e-11,6.563497e-12,1.5062903e-12,1.4984136e-12,
4FGL J1727.9-0654,261.9879,-6.9124,bcu,4.60787,2.6226308,2.6012356,0.15006232,5.18969e-12,11.9923315,1.4642281e-09,1.1288032e-08,1.6277493e-09,2.4721772e-10,5.590383e-11,9.851996e-15,4.538338e-16,1.4511073e-15,
4FGL J1730.6+3805,262.6642,38.0855,bcu,5.6077614,2.1692502,2.2097194,-0.051514704,1.2922284e-12,16.802885,1.4243335e-08,2.2498581e-10,4.3068735e-10,7.5887525e-11,2.2066569e-11,8.227991e-12,2.7244505e-16,2.1326825e-12,
4FGL J1731.6-3002,262.9192,-30.0457,bll,17.457537,2.24462,2.125208,0.1844616,1.386669e-11,21.068777,3.3396813e-10,2.2187124e-11,1.9635331e-09,1.5104674e-09,3.970222e-10,7.739105e-11,1.1891771e-11,3.2733055e-15,
4FGL J1731.9-2719,262.9821,-27.3294,bcu,8.252483,2.3283453,2.3464239,0.030551339,1.0565511e-11,14.309699,2.1795843e-15,1.6620834e-08,3.2591352e-09,8.7832575e-10,1.1758722e-10,1.34254986e-11,1.1677339e-11,1.1468858e-12,
4FGL J1733.4+1521,263.3507,15.3547,bcu,4.8918304,2.5957813,2.4097655,0.23161921,2.3127728e-12,33.292355,1.0123802e-08,2.2989113e-09,6.207166e-10,1.7139067e-10,2.666811e-11,3.6324812000000003e-16,1.3863886e-16,1.111021e-16,
4FGL J1733.4-3943,263.3722,-39.725,bcu,12.357638,2.2305553,2.2265468,0.02671082,1.0098438e-11,20.197855,1.295267e-07,4.1636135e-09,3.100569e-09,5.6672067e-10,1.8901596e-10,2.9705446e-11,1.1726802e-11,2.3100217e-12,
4FGL J1733.4+4517,263.3728,45.2892,bll,4.186156,1.8900181,1.8758324,0.014535462,6.6266946e-13,9.795759,7.038171e-14,8.9432595e-10,5.694763e-13,5.099702e-11,9.973881e-12,7.1480604e-12,6.967134000000001e-18,1.4983523e-12,
4FGL J1735.0-0132,263.7734,-1.5493,bcu,5.303769,1.850502,1.7656423,0.20043132,1.4410605e-12,8.726424,4.5693802e-15,1.573288e-14,2.0730321e-13,4.7664272e-11,4.4840433e-11,8.306384e-12,6.7830208e-12,1.6739156e-16,
4FGL J1736.9-3357,264.23,-33.9633,bcu,6.1145945,2.5381413,2.5733578,0.22366677,8.685233e-12,14.104983,1.2505006e-09,4.3149959e-10,2.9413683e-09,9.0195224e-10,1.53507e-10,1.3503835e-11,2.083513e-14,1.2239951e-15,
4FGL J1737.6-1503,264.4203,-15.0589,bcu,3.8017573,2.6254442,2.6910195,0.27485797,4.147488e-12,26.331373,6.060875e-09,7.591944e-09,1.3821779e-09,1.998722e-10,1.8879374e-11,3.0593956e-12,4.0118943e-16,2.9175037e-12,
4FGL J1738.0+0236,264.5065,2.6116,bcu,4.50509,2.8241417,2.802155,0.18815026,3.82876e-12,10.258484,1.4879658e-08,5.730906e-09,1.5313708e-09,1.0944077e-10,1.5784711e-12,4.2122707e-12,2.7032998e-12,1.0719531e-12,
4FGL J1738.3+3228,264.584,32.4823,fsrq,4.5490007,2.8648348,2.969994,-0.118162684,1.822292e-12,23.359936,3.188616e-08,3.5135037e-09,4.709892e-10,3.7008202e-11,2.0413237e-11,1.7334921000000002e-16,1.2437737e-12,1.0164391000000001e-17,
4FGL J1738.8+3822,264.7157,38.3727,bcu,6.762518,1.89355,1.862273,0.035593532,1.0519718e-12,8.218057,6.18858e-11,3.6462586e-10,1.5085641e-10,8.465187e-11,1.0926947e-11,8.952925e-12,2.7596092e-12,1.4041098e-12,
4FGL J1738.8-3418,264.7225,-34.31,bcu,5.2969923,2.5024312,2.428621,0.29887483,5.1375904e-12,8.15363,6.44163e-10,5.4857545e-09,2.5343567e-09,6.334772e-10,1.191088e-10,5.9556435e-12,2.8484452e-12,6.8663034e-18,
4FGL J1741.5-3119,265.3781,-31.3302,bcu,7.9118,2.488503,2.6329963,0.23776574,1.6400669e-11,9.170983,3.761133e-10,6.92442e-09,3.595245e-09,1.4869553e-09,3.243048e-10,1.7638809e-11,5.030889e-12,4.16341e-12,
4FGL J1741.8-2537,265.4577,-25.6206,bcu,13.4785795,2.1772804,2.1662216,0.018895715,1.3461667e-11,18.887566,1.8978598e-10,2.9931286e-08,4.572249e-09,8.096153e-10,2.0906149e-10,7.8933304e-11,1.4735756e-11,2.7652455e-12,
4FGL J1742.4-1518,265.6097,-15.3079,bcu,5.312349,2.557073,2.6239178,0.19989085,5.619163e-12,13.050784,9.8553256e-11,1.0332171e-08,1.7800613e-09,3.1766165e-10,3.555549e-11,4.7894345e-12,7.332093e-15,9.945408e-13,
4FGL J1743.9-1824,265.9848,-18.4132,bcu,9.113689,2.648308,2.5138276,0.49105144,6.3075573e-12,9.437126,5.7880575e-11,7.0475585e-09,2.4814155e-09,7.742465e-10,3.5830956e-11,2.0499674e-12,2.1981006e-17,1.7085367e-15,
4FGL J1743.9+3747,265.9996,37.794,fsrq,4.912381,2.191728,2.0322406,0.1923933,1.0685306e-12,16.094042,1.3918767e-12,1.4534754e-15,2.9568722e-10,5.6434024e-11,2.9925368e-11,1.5401549e-12,1.0468485e-12,2.8311756000000005e-16,
4FGL J1744.1+4635,266.0325,46.595,bcu,4.1928215,1.6470338,1.6012149,0.1154518,5.1154437e-13,15.7248955,3.2821163e-12,2.2445386e-13,4.0990183e-11,1.4131495e-11,1.2422205e-11,5.3762736e-12,1.8122034e-12,2.3026316e-12,
4FGL J1744.9-1727,266.235,-17.4514,bcu,28.345709,1.9088213,1.8974575,0.011601471,1.720583e-11,20.006702,3.46552e-12,4.1004897e-09,3.3585787e-09,8.8638163e-10,3.5793246e-10,1.0741242e-10,6.9908274e-11,8.969775e-12,
4FGL J1745.1+4102,266.2927,41.0389,bcu,5.0400267,2.2933385,2.2206264,0.07788698,1.2711624e-12,22.415768,3.1800949e-09,3.4173472e-10,3.5333106e-10,6.761501e-11,2.8620854e-11,1.7809322e-12,8.265672e-13,2.6946106e-16,
4FGL J1746.8-5235,266.7199,-52.5868,bcu,12.667715,2.5413046,2.5138614,0.2070704,5.8914883e-12,244.67946,1.1145263e-10,7.780457e-09,2.469499e-09,4.4032844e-10,8.907236e-11,2.6692097e-12,1.3268492000000002e-16,5.1288857e-15,
4FGL J1747.4+2330,266.8689,23.5048,fsrq,4.869782,2.94953,2.8454227,0.1928332,4.1839527e-12,14.489731,3.3549963e-08,9.3230526e-09,1.5790562e-09,8.597551e-11,2.2218139e-12,3.6464145e-13,2.3523574000000003e-16,2.6523058e-15,
4FGL J1747.4+2759,266.8689,27.9949,bcu,5.956325,2.7114496,2.7219203,-0.026725078,2.5766654e-12,66.21199,4.02875e-08,6.8564847e-09,6.7079653e-10,1.2829521e-10,2.124435e-11,1.6050423e-12,1.2208068e-17,9.4841245e-18,
4FGL J1747.6-4211,266.9087,-42.1929,bcu,7.4937057,2.5181732,2.4455097,0.1821254,4.044277e-12,44.790405,8.696992e-12,4.61138e-09,1.6171474e-09,2.7683897e-10,6.66381e-11,9.471502e-13,7.3807133e-13,3.0966963e-15,
4FGL J1748.5-0854,267.1366,-8.9017,bcu,6.556986,1.8818351,1.8769268,-0.0027491136,2.6257093e-12,11.258642,1.7054749e-08,4.145998e-12,6.0895566e-10,1.0316154e-10,5.4851262e-11,1.24069826e-11,1.5718399e-11,1.0269294e-12,
4FGL J1749.0-2327,267.2518,-23.4554,bcu,7.933901,2.753057,2.9208324,0.32103166,1.2654323e-11,16.385805,5.632957e-10,2.0978973e-08,5.869938e-09,6.770854e-10,5.327727e-11,2.5991034e-12,1.1121694e-12,1.1267208e-16,
4FGL J1750.2+4704,267.551,47.0777,bll,2.6345878,1.7398477,1.7382671,0.042041983,4.976396e-13,9.54794,5.643393e-12,1.0763026e-12,1.7124302e-12,1.2158533e-11,1.547848e-11,1.290691e-13,3.0892305e-12,1.3576788e-12,
4FGL J1751.6-1750,267.9064,-17.838,bcu,6.7731705,2.1775994,2.1751986,0.014261011,4.950718e-12,13.008594,4.855052e-10,7.683947e-10,1.3845383e-09,2.8849692e-10,7.988748e-11,2.0737143e-11,8.514079e-12,2.471284e-12,
4FGL J1752.1+4531,268.0298,45.5316,bcu,4.1566772,2.4048686,2.3702366,0.07841167,1.037709e-12,18.52632,5.3566197e-12,6.12133e-10,4.6160406e-10,3.4861967e-11,2.2948098e-11,1.7397137e-13,1.3602823e-13,5.818708e-16,
4FGL J1752.6-1010,268.1596,-10.1763,bcu,5.672071,2.5144155,2.5256677,0.104360044,6.019898e-12,13.261765,3.299875e-08,7.586434e-09,2.0310396e-09,3.8105824e-10,3.448142e-11,9.444138e-12,2.0023638e-12,8.4158723e-23,
4FGL J1753.3-3325,268.3497,-33.4169,bcu,12.356327,2.4642003,2.364252,0.4652684,7.356352e-12,4.086544,6.319422e-11,4.5764694e-13,2.545053e-09,1.0365967e-09,1.5502692e-10,2.4505894e-12,3.028365e-12,6.6831713e-17,
4FGL J1753.4-5913,268.3596,-59.2257,bcu,5.3665442,1.9715079,1.77307,0.15089822,1.3310166e-12,7.4647927,2.9390284e-12,2.3627806e-11,5.5102332e-14,7.720075e-11,3.3383407e-11,9.401197e-12,4.775853e-12,2.8039824e-16,
4FGL J1758.2+6532,269.5598,65.5393,bcu,7.227444,2.4131405,2.2947936,0.18082274,1.841408e-12,14.239397,2.5546898e-08,1.5350763e-09,5.978282e-10,1.2314591e-10,3.0152474e-11,4.7911158000000003e-17,4.287334e-18,1.6125466e-12,
4FGL J1758.3-3028,269.5981,-30.4684,bcu,12.438481,2.3145037,2.2266743,0.14665213,8.913392e-12,15.02488,8.1497653e-10,3.6358025e-10,2.262208e-09,8.38212e-10,2.2455528e-10,3.14703e-11,9.140724e-12,1.0634489599999999e-17,
4FGL J1758.7-1621,269.685,-16.3556,bcu,8.467657,2.5865302,2.5496638,0.32605422,6.796203e-12,35.44951,6.3933615e-11,4.699173e-13,2.8994742e-09,7.1357187e-10,9.543931e-11,5.677598e-14,1.6674278000000002e-16,2.295842e-16,
4FGL J1759.1-3849,269.7931,-38.8217,bcu,14.366592,2.3028321,2.028413,0.4141075,4.7733705e-12,22.305801,1.2926583e-10,3.648495e-09,1.1305623e-09,5.4595967e-10,2.3079502e-10,2.2361553e-12,2.706465e-16,5.919987e-14,
4FGL J1801.5+2123,270.3972,21.3971,bcu,4.028306,2.4254878,2.4400396,-0.043945123,1.6334386e-12,8.539379,1.0631978e-08,4.008005e-09,6.2382055e-10,7.195965e-11,2.0130734e-11,2.1015505e-12,1.9433663e-12,5.2132982e-17,
4FGL J1801.8+2951,270.4549,29.8532,bcu,4.909278,1.8347983,1.704573,0.24933659,9.945562e-13,14.58114,2.1278067e-14,1.648029e-09,4.4506272e-14,7.988545e-11,1.989512e-11,1.0726251e-11,1.756279e-12,7.520790700000001e-16,
4FGL J1802.6-3940,270.6711,-39.6687,fsrq,58.34715,2.3889592,2.3272378,0.09956278,3.994787e-11,3046.668,6.4061865e-08,5.057782e-08,1.5414667e-08,2.9097282e-09,6.1852606e-10,7.6970125e-11,2.712134e-12,4.5932956e-17,
4FGL J1803.5+2756,270.8796,27.9403,bcu,6.6276736,2.2385054,2.1790252,0.080465235,1.9955485e-12,19.285128,9.2553236e-11,2.7663363e-09,4.7234144e-10,9.9010036e-11,4.8022617e-11,9.241582e-12,1.3812294e-17,1.2000697e-12,
4FGL J1803.9+0342,270.9939,3.7053,fsrq,4.58737,2.196376,2.0896955,0.20558615,1.9753264e-12,53.77227,2.7939211e-12,6.871183e-12,4.4421845e-11,1.6835056e-10,4.0019675e-11,9.471474e-12,1.0757565e-12,3.1077186000000003e-21,
4FGL J1804.4+5249,271.1186,52.8323,bcu,5.137108,1.8823683,1.8420885,0.029378505,8.2101497e-13,11.506158,1.8574342e-08,2.2007618e-09,1.294793e-10,3.5796647e-11,1.8600463e-11,7.659485e-12,9.672557e-13,1.1950614e-12,
4FGL J1806.2+6143,271.5673,61.726,bcu,6.4051924,2.976851,2.9573245,0.06358709,2.2936056e-12,24.28958,1.5547678e-09,6.847266e-09,7.0311135e-10,7.022008e-11,5.290625e-12,1.4098495e-12,3.6748734e-16,3.856268e-21,
4FGL J1809.6-2443,272.4027,-24.7248,bcu,5.362606,1.7769885,1.6668705,0.15720148,2.625666e-12,9.999611,1.6876732e-09,1.9890303e-09,8.696081e-10,9.341026e-12,5.0915775e-11,2.5385598e-11,1.0601154e-11,4.418193e-12,
4FGL J1810.0-4550,272.5231,-45.8391,bcu,4.397953,2.687002,2.6824589,-0.0119233625,3.3720654e-12,17.971388,3.1026932e-09,1.3792425e-08,1.2737641e-09,1.1656719e-10,2.7859161e-11,2.0723132e-12,2.3606165e-12,6.203804300000001e-16,
4FGL J1811.2-2759,272.8079,-27.9956,bcu,7.1506886,1.9570401,1.9265921,0.056625955,3.281921e-12,16.268688,4.446852e-12,9.966039e-11,6.2108846e-10,1.6404574e-10,7.675666e-11,2.209338e-11,9.306813e-12,2.3835382e-12,
4FGL J1814.2+4114,273.5578,41.2358,fsrq,4.465415,2.6666894,2.636668,0.07091628,1.657742e-12,14.344097,1.271313e-08,2.9201412e-09,6.761429e-10,6.3318704e-11,1.36252684e-11,2.08547e-12,2.7458517e-15,1.0602112e-20,
4FGL J1815.2-2715,273.8131,-27.2574,bcu,8.530437,2.3799074,2.4178882,0.17630054,5.3899858e-12,15.244358,2.5703025e-11,9.156714e-12,1.783148e-09,4.7676274e-10,1.2259266e-10,2.04075e-11,1.4357392e-12,3.4538204999999997e-18,
4FGL J1816.7+0951,274.1885,9.8562,bcu,5.123679,2.34203,2.2933638,0.09546134,2.6041927e-12,11.291736,1.9917065e-08,3.3906864e-14,7.358266e-10,1.6947937e-10,4.2439052e-11,7.9274165e-12,1.3630663e-12,1.6130256e-18,
4FGL J1817.9+2707,274.4893,27.1185,bcu,4.198398,2.717951,2.6867595,0.067607835,2.3277062e-12,14.844209,5.998947e-09,6.88598e-09,7.2863565e-10,8.556339e-11,2.450371e-11,1.3860753e-12,1.7008849e-15,1.0291358000000001e-16,
4FGL J1823.6-3453,275.9109,-34.8952,bcu,44.667873,1.8039707,1.7245551,0.040843353,2.1636342e-11,52.969833,7.551314e-13,1.2343075e-09,2.3679425e-09,1.0680593e-09,5.4865745e-10,1.6191645e-10,8.9062785e-11,2.0037813e-11,
4FGL J1824.5+0107,276.125,1.1251,bcu,10.1756525,2.6407077,2.6362815,0.07340485,1.3387729e-11,45.03,7.3454254e-10,2.9562807e-08,5.4763443e-09,5.5277855e-10,1.2822016e-10,5.8516395e-12,2.6357018e-12,9.728158e-24,
4FGL J1826.1-2922,276.5493,-29.3757,bcu,5.8773136,2.3601944,2.3522623,0.039962683,3.780267e-12,48.588963,2.3972133e-10,7.1390254e-09,8.500889e-10,2.5344749e-10,3.289321e-11,1.6751508e-11,1.2729243e-12,5.0143466e-16,
4FGL J1827.4+3424,276.8623,34.4065,fsrq,4.08951,2.774319,2.7281282,0.2517029,1.9363398e-12,17.52689,5.6673515e-09,4.3860955e-09,6.69812e-10,9.6784435e-11,6.8555067e-16,1.933448e-12,1.8873188000000002e-16,1.92378e-16,
4FGL J1828.5-5920,277.1422,-59.3495,bcu,4.576826,1.8059084,1.6390939,0.31126034,7.1139394e-13,9.6339855,3.059352e-10,1.6621896e-15,2.7527261e-14,1.03460174e-11,1.7622598e-11,1.3205148e-11,1.2994416e-12,1.362784e-16,
4FGL J1829.0-2417,277.2585,-24.2906,bll,12.895326,2.0506613,2.0465682,0.006211972,7.0296945e-12,20.794975,5.5002216e-09,2.7193474e-09,1.2202794e-09,4.1859358e-10,1.6376703e-10,2.9994333e-11,1.1792009e-11,5.0614773e-12,
4FGL J1830.0+3958,277.5034,39.9679,bcu,6.414437,2.7699428,2.6409512,0.1912085,3.3397588e-12,62.750603,2.0098964e-08,8.374837e-09,1.6735335e-09,1.4761442e-10,6.842447e-12,8.266546e-13,1.9346675e-15,3.6098134e-15,
4FGL J1830.1+0617,277.5363,6.2878,fsrq,11.444273,2.400445,2.3568225,0.07798106,8.627993e-12,245.86787,7.091504e-12,1.4471702e-08,2.1838498e-09,5.110669e-10,1.3501267e-10,1.2458547e-11,3.8583668e-12,1.0241286e-12,
4FGL J1830.7-2713,277.6924,-27.2281,bcu,13.505876,2.22829,2.155737,0.08596688,8.154326e-12,10.873187,4.618438e-13,4.7464312e-09,1.9198754e-09,5.297988e-10,1.5465168e-10,3.229362e-11,4.3343155e-12,8.183677e-16,
4FGL J1833.6-2103,278.4101,-21.0574,FSRQ,203.58696,2.5047958,2.4187708,0.119409755,3.473976e-10,37330.152,8.422745e-07,5.2650057e-07,1.4340317e-07,2.3605311e-08,3.728987e-09,3.0134129e-10,3.1636326e-12,8.135407999999999e-20,
4FGL J1834.7-5858,278.6874,-58.9818,bll,7.96847,2.466625,2.4212108,0.13175924,3.1871424e-12,27.89818,4.989928e-12,2.1705482e-12,1.1765481e-09,2.0419326e-10,4.306981e-11,1.8427584e-12,1.3864836000000002e-16,3.9198753e-18,
4FGL J1835.5+1349,278.8835,13.8176,bll,7.7688546,2.2511435,2.049448,0.17933041,3.6847318e-12,18.516857,2.4471525e-08,1.7095005e-09,8.140382e-10,2.154587e-10,8.674282e-11,1.30363975e-11,6.440106e-16,6.862968e-18,
4FGL J1835.7-0541,278.9307,-5.6984,bcu,4.235305,2.318945,2.3298597,0.017113509,8.597677e-12,10.62673,2.607943e-08,7.713445e-11,6.549508e-09,8.3153706e-10,5.0421046e-11,2.6906359e-11,6.0263175e-12,2.8147246e-12,
4FGL J1837.3+1052,279.3296,10.8785,bcu,7.000172,2.4749079,2.470335,0.020711517,4.6934193e-12,40.701103,9.441867e-10,9.050906e-09,2.2574653e-09,1.6180891e-10,7.064381e-11,1.10682965e-11,2.6399743e-16,1.3933808e-15,
4FGL J1837.4-1646,279.351,-16.7732,bcu,7.520334,2.7913904,2.6472597,0.31182486,7.199879e-12,13.806188,9.300163e-12,1.0474386e-08,3.554914e-09,5.018039e-10,3.5038923e-11,1.6703692e-15,4.0930852000000003e-17,2.9666895e-15,
4FGL J1838.5+5733,279.6498,57.5551,bll,6.568826,2.1443272,2.0913575,0.074934356,1.462022e-12,21.118351,5.176695e-13,4.7087854e-09,5.551551e-11,1.1890422e-10,2.499412e-11,9.3729885e-12,2.0754e-12,7.5460064e-18,
4FGL J1839.6-7107,279.9142,-71.1243,fsrq,9.787242,2.8670664,2.8169434,0.15978956,4.4239343e-12,70.636536,1.4302241e-08,1.1698293e-08,1.6609089e-09,1.5016055e-10,1.27687045e-11,5.527118e-13,5.9265423e-19,3.881446e-15,
4FGL J1840.3-3037,280.0891,-30.6171,bcu,5.1593633,2.4897702,2.4716713,0.2659734,2.2876744e-12,9.138118,9.26023e-14,2.3324778e-09,1.2494153e-09,1.9635153e-10,3.7708107e-11,3.0767817e-15,2.3851815e-16,1.5126823000000001e-16,
4FGL J1840.5+3707,280.1475,37.1172,bcu,5.5603046,2.963359,2.8248374,0.42877924,2.3846747e-12,19.79906,5.7029118e-11,6.2089245e-09,1.1307275e-09,7.006661e-11,9.390781e-18,1.3271971000000002e-16,2.8318304e-15,3.5732784e-15,
4FGL J1842.4+7613,280.6115,76.2171,bcu,5.3669977,2.5871964,2.5801768,0.0074278675,1.6690972e-12,29.149439,1.3433685e-09,2.505812e-09,6.0301975e-10,6.838658e-11,2.270192e-11,2.9434905e-12,4.7173634e-17,1.1383834e-15,
4FGL J1843.8-2011,280.9592,-20.1961,bcu,9.599654,2.420378,2.1205614,0.43009803,3.551437e-12,19.52567,6.3143497e-12,3.4141415e-14,8.6329877e-10,5.1711957e-10,1.1298344e-10,1.3226082e-13,2.4681749000000004e-16,1.3296388e-15,
4FGL J1844.4+1547,281.1174,15.7888,bll,39.84988,2.0663114,1.9558474,0.09885617,1.9646756e-11,99.017365,3.3585693e-12,1.1468686e-08,4.0644723e-09,1.5232615e-09,5.733771e-10,1.2880651e-10,2.6380705e-11,3.4321096e-12,
4FGL J1845.0+1613,281.2623,16.2186,bcu,13.515158,2.2953641,2.2853544,0.025867559,8.6443665e-12,74.11014,6.030878e-11,5.597232e-09,3.0072118e-09,5.334384e-10,1.3158985e-10,3.0782828e-11,7.2282414e-12,7.905523e-18,
4FGL J1849.2-1647,282.3148,-16.7835,bll,13.701247,1.7664992,1.7655085,-0.0002031847,4.9985246e-12,5.838021,1.5451704e-11,5.948386e-11,9.11818e-10,2.0453499e-10,8.5126656e-11,4.3084324e-11,2.346689e-11,1.032978e-11,
4FGL J1850.1-0758,282.5394,-7.9701,bcu,10.0557785,2.1714327,2.179693,-0.012688978,6.91064e-12,14.135084,2.1277762e-09,1.956695e-08,1.9220041e-09,4.0547288e-10,1.00792694e-10,3.7264e-11,1.12671044e-11,3.5788141e-12,
4FGL J1851.5+3406,282.8762,34.1049,bcu,6.8195353,2.339126,2.2837,0.12241568,2.2265044e-12,26.209272,1.0079787e-09,1.9881992e-11,5.4605703e-10,1.9048356e-10,2.3195454e-11,9.003037e-12,6.109611e-16,6.610296e-16,
4FGL J1855.4+7350,283.8528,73.8402,fsrq,10.511966,2.7451415,2.6708698,0.17031099,4.1392146e-12,133.42322,1.3289736e-08,7.655718e-09,1.6155585e-09,2.1530235e-10,1.7878385e-11,2.3269052e-18,9.130993e-13,1.0414078e-15,
4FGL J1855.8-2028,283.9749,-20.4694,bcu,7.0358095,2.208942,2.0490804,0.14386553,3.13147e-12,31.182238,5.18818e-13,6.6294437e-10,4.6301296e-10,1.5883603e-10,8.745733e-11,1.1699596e-11,1.194663e-12,1.4406679000000002e-17,
4FGL J1857.8+3544,284.4562,35.7434,bcu,6.4115596,2.044943,2.045825,0.0016164598,1.4499654e-12,7.630421,9.3102476e-10,1.2390001e-09,3.8492312e-10,1.0985409e-10,1.9883819e-11,9.148342e-12,6.23006e-12,1.7865162e-16,
4FGL J1857.9+0313c,284.4784,3.2185,bcu,8.074249,2.6065927,2.8948534,0.27794507,3.2458883e-11,13.962794,3.2712137e-09,9.0193176e-08,1.0464634e-08,2.3158255e-09,2.8475095e-10,2.3993913e-11,9.118015e-12,5.409487e-16,
4FGL J1858.1-1821,284.5268,-18.3569,bcu,4.377033,2.1800299,2.1840692,-0.0003791778,1.7511006e-12,12.067453,2.781028e-10,3.449636e-12,7.7270784e-10,7.663866e-11,2.0677219e-11,1.6436562e-11,1.472502e-12,5.8509437999999995e-18,
4FGL J1858.5+0640,284.63,6.6766,bcu,10.543343,2.3220916,2.3218837,0.008666551,1.5142604e-11,36.191586,1.8189747e-08,1.8404657e-08,8.295042e-09,8.005466e-10,1.8975757e-10,5.363647e-11,1.2711188e-11,1.1760783e-12,
4FGL J1859.0+2329,284.7715,23.4993,bcu,8.5320835,2.261947,2.2890534,-0.037539065,3.7856354e-12,12.137232,1.9209674e-15,7.384569e-09,1.3207409e-09,1.6411585e-10,6.054771e-11,1.8986453e-11,5.1406522e-12,9.6588484e-24,
4FGL J1901.0+6208,285.2614,62.1436,bcu,5.9876914,2.6330483,2.6099637,0.025403766,1.8603654e-12,14.407074,1.7798176e-11,5.141161e-09,4.384314e-10,1.1900149e-10,1.558216e-11,1.5668244e-12,1.8066255000000002e-16,1.3535718999999998e-18,
4FGL J1901.0-1739,285.2623,-17.6506,bcu,4.8085275,2.5324779,2.4780807,0.060213137,3.5081447e-12,21.90564,3.5999265e-10,1.0259766e-08,4.2450762e-10,1.8981759e-10,5.943507e-11,1.9674574e-12,3.1044305e-13,6.3611734e-15,
4FGL J1902.4-0629,285.6021,-6.4843,bcu,8.251523,1.866222,1.8916068,-0.0364872,3.0302442e-12,20.883446,3.3854757e-08,1.99693e-10,7.3044204e-10,1.7092598e-10,6.313975e-11,1.7012778e-11,7.874397e-12,6.4455043e-12,
4FGL J1902.8+3201,285.7152,32.0189,fsrq,21.600153,2.5534024,2.5400624,0.033591744,9.69363e-12,461.9834,4.6951715e-08,1.5967903e-08,3.471776e-09,4.710703e-10,1.0399935e-10,1.2409624e-11,3.1556715e-12,8.611852e-15,
4FGL J1907.2+0126,286.8176,1.4449,bcu,8.2185135,2.2671301,2.259586,0.016871827,7.069939e-12,16.79504,4.628822e-09,5.9539533e-09,1.923087e-09,4.933632e-10,1.1836512e-10,1.3863673e-11,5.8006933e-12,1.7938327e-12,
4FGL J1907.7-1232,286.9402,-12.5382,bcu,4.65244,2.3404124,2.3383331,0.0018332815,2.9879896e-12,15.295976,3.1132437e-08,5.9174426e-13,1.1391853e-09,1.7985625e-10,2.714146e-11,1.3993219e-11,1.19752e-12,8.696262e-14,
4FGL J1911.5+0311,287.8984,3.1842,bcu,7.810947,1.9695219,1.896159,0.3444219,2.6235008e-12,10.7000675,2.3193886e-08,1.1760733e-13,1.5989498e-16,1.6848169e-10,1.08648965e-10,3.215278e-11,5.0463904e-12,2.2675038e-16,
4FGL J1912.0+1612,288.0206,16.2021,bcu,5.4428596,2.5966003,2.584103,0.025176566,6.8614953e-12,40.626987,3.7659277e-08,2.0253351e-08,1.3545398e-09,3.631139e-10,7.031739e-11,1.0962001e-11,3.1200872e-14,2.8056696e-17,
4FGL J1912.1-0803,288.0284,-8.0589,bcu,22.874544,2.3626664,2.3395028,0.04360498,1.675023e-11,136.746,6.755859e-10,1.3518042e-08,5.364281e-09,1.0117348e-09,2.6533237e-10,3.55934e-11,1.053465e-11,9.1381885e-18,
4FGL J1912.2-2056,288.0509,-20.9481,fsrq,4.7151303,2.5981853,2.3558562,0.47359234,1.6489192e-12,13.80651,3.4504004e-11,9.732717e-12,6.6543365e-10,2.5148011e-10,2.240103e-11,5.703974e-14,5.4586234e-15,7.752238e-17,
4FGL J1912.4+3738,288.1193,37.6495,fsrq,7.210755,2.591985,2.5688114,0.103057116,3.196989e-12,12.073207,2.3632097e-14,5.8511613e-09,1.4283486e-09,1.3242467e-10,3.3854346e-11,2.9340664e-15,1.4434918e-12,1.6900883e-17,
4FGL J1913.2+0512,288.308,5.2059,bcu,6.372838,2.7446537,2.8459864,0.21940784,1.0672899e-11,13.510173,6.8204015e-10,2.0714596e-08,4.6948774e-09,5.075453e-10,8.5442986e-11,3.047277e-13,8.014353000000001e-17,2.6259803000000003e-16,
4FGL J1915.3+1149,288.8357,11.8178,bcu,12.388215,2.5944066,2.744183,0.31465364,2.4744162e-11,11.939968,2.2979858e-10,2.713116e-08,1.2758941e-08,2.2002213e-09,3.293716e-10,4.696697e-15,1.964787e-16,1.0602318e-12,
4FGL J1916.8+4201,289.2088,42.0251,bcu,5.280546,2.4445977,2.4379158,0.014071153,1.7850198e-12,11.600284,8.935278e-14,4.3070187e-09,5.8752847e-10,8.607586e-11,2.76399e-11,3.3829874e-17,1.7066369e-12,4.2716687e-16,
4FGL J1919.2+0618,289.8136,6.3107,bcu,7.28813,2.7255447,2.9325738,0.22944169,9.736339e-12,11.462308,4.0906517e-10,1.3257408e-08,5.0812985e-09,4.7234117e-10,3.0463625000000004e-16,8.342395e-12,4.729465e-12,2.6715965000000002e-17,
4FGL J1919.4-4550,289.8547,-45.844,fsrq,5.9626007,3.1283975,3.0590613,0.11021488,3.5698066e-12,21.206459,3.9784762e-08,9.2655865e-09,9.216569e-10,1.3276803e-10,4.652478e-12,1.9724634e-15,1.4234807000000001e-16,2.8627666e-17,
4FGL J1921.7+5817,290.4473,58.2965,bcu,4.951117,1.9108994,1.8826609,0.03499849,8.296421e-13,13.907639,3.111625e-09,1.9711583e-09,6.8915223e-15,8.588814e-11,1.1378359e-11,7.1910962e-12,3.681255e-13,1.1460234e-12,
4FGL J1922.2+2314,290.5662,23.2477,bcu,11.20822,2.2044208,2.133003,0.09798698,6.7286953e-12,17.429075,9.066524e-12,5.375776e-09,1.6953424e-09,3.5124134e-10,1.5992849e-10,2.0213418e-11,9.123704e-12,7.8240444e-16,
4FGL J1922.6-6324,290.6558,-63.4082,bcu,5.8947654,2.2110326,2.1276042,0.2512618,1.0310393e-12,45.0467,7.536389e-09,1.6300538e-12,3.6490902e-10,1.1901866e-10,2.2791357e-11,8.8559255e-12,8.162867e-16,1.3175663e-17,
4FGL J1923.5+7354,290.886,73.902,fsrq,4.4616513,2.7318451,2.6771,0.14094326,1.919557e-12,6.452478,5.8857643e-09,4.537487e-09,7.280086e-10,8.709359e-11,1.5914608e-13,6.650609e-12,5.5530157e-17,4.3351315e-17,
4FGL J1925.0+2815,291.2683,28.2643,bcu,19.129208,1.9968646,1.9663746,0.03753262,6.6843527e-12,18.404068,8.219228e-12,4.1647024e-09,1.5696959e-09,3.6959294e-10,1.472315e-10,5.5624432e-11,9.1389145e-12,2.9094901e-12,
4FGL J1925.1-3358,291.2856,-33.9797,fsrq,5.2448754,2.7222137,2.6827383,0.16328463,3.1438443e-12,24.526842,3.5242493e-09,7.696328e-09,8.5598295e-10,2.09431e-10,4.9307286e-16,1.4828477e-12,1.7604718e-13,6.752031e-17,
4FGL J1925.7+1227,291.4312,12.4639,bcu,9.985257,2.4755073,2.4561377,0.11771088,1.12597084e-11,119.76204,3.4601463e-08,1.01490185e-08,4.408275e-09,8.965902e-10,1.8016372e-10,2.2144392e-11,6.9273493e-13,1.1620568e-16,
4FGL J1926.1+2059,291.5316,20.9948,bll,4.2670956,2.6704206,2.7644215,0.0990984,7.2516745e-12,8.644712,6.372026e-10,2.527059e-08,2.148663e-09,3.474935e-10,5.384096e-11,1.073479e-12,1.3206811e-12,6.80467e-17,
4FGL J1930.3+0911,292.5854,9.1975,bcu,9.992687,2.8098893,3.0065687,0.27296776,1.4269526e-11,61.46948,3.5794767e-09,2.0737168e-08,6.4795405e-09,4.606606e-10,6.11239e-11,1.367825e-15,4.2883217e-17,1.1809918e-14,
4FGL J1931.1+0937,292.784,9.6314,bll,51.743275,1.8430037,1.6547822,0.1034865,2.8787119e-11,96.95094,3.575519e-08,8.174032e-09,2.9977336e-09,1.4391871e-09,7.623822e-10,3.027064e-10,1.1090041e-10,1.2514129e-11,
4FGL J1931.2+5958,292.8234,59.9744,bcu,4.256256,1.6244189,1.5830986,0.16485667,5.9599873e-13,13.140389,1.3427505e-11,2.1268788e-12,6.9995344e-13,3.8491953e-17,1.4670248e-11,6.8488878e-12,2.7015469e-12,1.5345266e-12,
4FGL J1931.5+5229,292.894,52.4838,bcu,5.523094,2.5155754,2.5190659,-0.0015586765,2.0481167e-12,17.086697,1.8936621e-11,3.2446317e-09,8.2248264e-10,7.320369e-11,2.0593393e-11,7.365802e-12,1.6183552e-19,5.0811086e-13,
4FGL J1933.3+0726,293.341,7.44,bll,29.679762,1.8753916,1.8321722,0.040224306,1.3094066e-11,29.45439,2.0269471e-10,9.871388e-09,1.8368425e-09,6.043906e-10,3.1880676e-10,1.0468866e-10,3.7501342e-11,1.00919065e-11,
4FGL J1934.5+6139,293.6352,61.6522,fsrq,6.082778,2.2216175,2.2143884,0.05576084,1.3843547e-12,23.02696,1.7556255e-10,1.374336e-13,4.627812e-10,1.03893005e-10,1.2573725e-11,1.028136e-11,5.170517999999999e-19,5.462301e-19,
4FGL J1942.1+4011,295.539,40.1984,bcu,13.311375,2.2374227,2.2331405,0.004572376,5.679258e-12,31.822695,5.86846e-09,8.079144e-09,1.6047241e-09,2.874409e-10,1.3147043e-10,1.0285126e-11,9.547349e-12,1.2232867e-18,
4FGL J1942.7+1033,295.696,10.5584,bll,53.306038,1.8574362,1.7764152,0.041836247,2.8550549e-11,89.46213,3.5777778e-10,5.0809423e-09,3.8807344e-09,1.5446645e-09,7.0004463e-10,2.441579e-10,8.975419e-11,2.3041444e-11,
4FGL J1943.6-0533,295.9249,-5.5665,bcu,5.3999934,1.9401584,1.904842,0.052647024,2.2857514e-12,5.9259806,4.1205355e-12,4.1455914e-09,5.405878e-11,1.5882955e-10,3.979784e-11,2.197649e-11,4.4891534e-12,2.1294319e-17,
4FGL J1943.9-2705,295.9981,-27.0903,bcu,6.0480437,2.264479,2.259364,0.019289756,2.421742e-12,12.212735,1.6825156e-11,4.1856447e-09,6.7020456e-10,1.7875383e-10,2.1765348e-11,1.3163086e-11,1.9818643e-12,1.3912759e-15,
4FGL J1944.0+2117,296.0049,21.2904,bcu,17.990492,1.5023783,1.3002404,0.20046976,7.381316e-12,15.64259,7.5329476e-10,3.0979963e-12,2.0076822e-15,2.7678875999999997e-18,1.2736878e-10,7.353875e-11,4.8940803e-11,1.3938865e-11,
4FGL J1944.2+3921,296.0679,39.3645,bcu,15.639561,2.1617978,1.9775317,0.15689114,4.3589342e-12,18.922304,6.5960304e-10,4.710992e-10,1.1183862e-09,4.1067322e-10,1.344761e-10,2.1709997e-11,2.1080756e-12,1.3281651e-18,
4FGL J1946.0+0937,296.5129,9.6193,bcu,8.206696,2.0340211,2.0207038,0.010888611,2.9322495e-12,14.6793,2.347138e-10,9.1488584e-14,5.444555e-10,1.3018495e-10,7.425456e-11,1.3248575e-11,9.763947e-12,7.232547000000001e-18,
4FGL J1946.4+6031,296.6041,60.5333,bcu,4.1270947,1.9805614,1.9350537,0.17167275,7.2858267e-13,15.94683,5.434671e-12,3.4130524e-13,3.727421e-13,6.514977e-11,1.9462678e-11,3.8445987e-12,1.4094816e-12,1.536266e-16,
4FGL J1948.3+1207,297.0993,12.1167,bcu,6.6698637,2.58987,2.5316231,0.41851982,3.1820807e-12,12.173059,2.2732715e-11,1.7169416e-09,1.5167921e-09,3.7890044e-10,3.4797804e-11,1.618178e-12,2.0998812000000003e-16,1.4725385999999998e-18,
4FGL J1949.0+1314,297.2503,13.2451,bcu,13.872195,2.430501,2.4044027,0.09388389,7.497989e-12,44.05929,2.0298147e-11,1.0942763e-08,2.573754e-09,6.0174205e-10,1.06806335e-10,1.7534292e-11,3.0303743e-12,2.2772608e-16,
4FGL J1949.2+7250,297.3178,72.8435,bcu,8.313279,2.5585394,2.5509074,0.19343671,2.8370529e-12,98.92984,2.4147349e-08,6.7254873e-09,1.1673212e-09,2.2292042e-10,4.1259517e-11,2.078082e-12,1.5142415000000002e-16,2.047373e-15,
4FGL J1949.4+1247,297.3707,12.7931,bcu,4.320544,2.4619727,2.4400294,0.068306655,3.0546366e-12,43.31656,3.7916076e-10,1.4675041e-12,1.2102536e-09,1.6677013e-10,4.1583237e-11,6.7317467e-12,5.0459514e-15,1.218686e-16,
4FGL J1949.5+0906,297.3902,9.1054,bll,16.240795,2.026916,2.0065053,0.01412537,6.216292e-12,32.815716,3.012528e-08,9.458146e-09,1.316436e-09,2.843098e-10,1.535595e-10,4.456631e-11,1.140169e-11,1.7622004e-12,
4FGL J1949.9-6134,297.4908,-61.5678,bcu,3.620443,2.3959162,2.3213117,0.14349103,1.3488261e-12,23.781727,8.332607e-09,8.333499e-13,4.292095e-10,1.0874707e-10,1.3700964e-11,4.050964e-12,7.3046864e-17,3.1243078000000004e-16,
4FGL J1950.0-7321,297.5093,-73.3641,bcu,5.431879,2.0876923,2.0752673,0.0019527018,1.3379261e-12,19.30517,4.7824865e-12,1.9981098e-13,3.2263311e-10,8.375483e-11,3.261811e-11,5.437178e-12,1.2347103e-15,1.2452463e-12,
4FGL J1950.6+3456,297.6642,34.9434,bcu,6.5080943,1.9346336,1.5202186,0.30874944,1.9730257e-12,18.681696,1.1965643e-11,1.986214e-12,2.6552656e-13,1.1898749e-10,3.0699946e-11,2.6163736e-11,1.9732623e-12,1.1449151e-15,
4FGL J1950.8+1211,297.7222,12.1995,bcu,12.970852,2.5284984,2.424514,0.29446608,5.745003e-12,12.754576,2.2671859e-10,6.3241807e-09,2.6286286e-09,5.76386e-10,9.794886e-11,2.547507e-12,1.2962388e-15,1.09860936e-14,
4FGL J1951.2-0951,297.8161,-9.8568,bcu,3.2157118,2.663126,2.6971877,0.15261145,2.4231225e-12,12.15642,5.950906e-09,4.7742925e-09,9.959901e-10,6.560709e-11,3.4576633e-11,2.03165e-13,3.309967e-20,7.330321600000001e-16,
4FGL J1951.6-4624,297.902,-46.4156,bcu,4.23601,1.9879037,1.9234585,0.13500346,1.0211336e-12,16.694685,5.5055113e-11,5.3393227e-14,5.0979648e-11,1.0977453e-10,9.580295e-12,9.974398e-12,9.640382e-13,7.153215e-18,
4FGL J1953.0+7651,298.2542,76.8514,bcu,5.433513,2.1785247,2.0388045,0.17679946,1.2609343e-12,15.065256,1.8534294e-08,2.8996494e-10,2.5253588e-10,8.1455516e-11,3.28198e-11,1.7517264e-12,2.2737975e-12,5.839112e-16,
4FGL J1955.2+1358,298.8201,13.9824,fsrq,16.244642,2.4438539,2.3270507,0.1237655,7.573702e-12,210.46684,2.9168525e-11,1.1220524e-08,2.7412543e-09,6.3843936e-10,9.703617e-11,1.0167079e-11,4.335971e-12,2.9809188000000003e-16,
4FGL J1958.1+2438,299.5284,24.6417,bcu,12.434516,2.0262213,2.0153782,0.041096352,6.9029058e-12,17.212635,4.0933463e-12,1.1740472e-10,1.0052053e-09,4.2866666e-10,1.7304556e-10,2.5063866e-11,1.1812088e-11,5.764005e-12,
4FGL J1959.0+3844,299.7663,38.7368,bcu,12.344509,2.7221456,2.5638018,0.2645218,7.787266e-12,42.37643,3.7871595e-09,1.0989693e-08,3.791112e-09,5.0944177e-10,7.47727e-11,3.4125675e-13,4.2965945e-16,4.525631e-16,
4FGL J2000.0+4214,300.0028,42.2371,bcu,5.3784747,2.4823127,2.5065227,-0.067147635,3.4343997e-12,60.726025,2.52347e-08,1.0455789e-08,1.0020378e-09,1.8112288e-10,3.5809255e-11,7.337457e-12,3.4553266e-13,1.1099801e-12,
4FGL J2000.9+6614,300.2368,66.2476,bcu,4.969864,2.1929507,2.069199,0.23452094,1.4212241e-12,7.078605,4.3778983e-10,7.1989974e-09,2.0036377e-10,9.699436e-11,3.260919e-11,2.9691148e-12,1.7311816000000003e-16,8.123072e-15,
4FGL J2001.2+4353,300.3018,43.8862,bll,60.965855,2.0027843,1.8763152,0.08057528,3.1166826e-11,1443.3435,3.8465213e-08,1.5528343e-08,5.4139737e-09,2.2713151e-09,8.687879e-10,2.2676797e-10,5.744011e-11,5.9602024e-12,
4FGL J2001.5-0818,300.3754,-8.3162,bcu,6.1033273,2.2950492,2.2975388,-0.03267191,2.7363368e-12,19.794727,1.3155614e-10,4.206669e-09,7.8256573e-10,1.7925628e-10,2.566761e-11,1.43934e-11,5.875516e-12,7.271635e-18,
4FGL J2003.6+2333,300.9025,23.5634,bcu,5.938274,2.51558,2.538146,0.346832,3.6632928e-12,9.768396,6.4835e-11,5.02037e-09,1.7706588e-09,3.3858644e-10,5.506271e-11,6.3116503e-15,3.2540745e-13,1.8277508e-15,
4FGL J2009.9+3544,302.4892,35.746,bcu,6.6310506,2.3104527,2.245296,0.052253123,6.4645867e-12,35.657352,9.857252e-10,6.2963577e-09,2.5409084e-09,3.1409253e-10,1.2385784e-10,1.4231097e-11,4.5192045e-12,1.3431637000000002e-16,
4FGL J2010.2-2523,302.5571,-25.3945,fsrq,0.4749338,2.8,,,6.831169e-13,119.51795,1.8660208e-08,2.0885211e-09,9.8991676e-11,3.5926796e-11,3.2508796e-12,1.1761809e-14,3.7058443000000004e-16,7.0328013e-16,
4FGL J2012.0+4629,303.0204,46.488,bll,78.69911,2.0254116,1.8910981,0.09070575,4.6222057e-11,570.5496,1.2614862e-08,2.2431092e-08,9.220361e-09,3.4721688e-09,1.3100535e-09,3.4172284e-10,7.025236e-11,5.256694e-12,
4FGL J2013.0-3828,303.2686,-38.4768,bcu,5.338764,2.2703369,2.1735413,0.33439946,1.2129358e-12,10.068209,3.2600493e-13,6.636533e-14,3.2569963e-10,1.8894519e-10,2.5539213e-11,3.4515992e-12,3.5217603e-18,1.3773275e-12,
4FGL J2015.5+3710,303.8924,37.176,FSRQ,28.320824,2.482489,2.668175,0.16702506,7.223601e-11,267.60178,1.9363573e-07,2.8746747e-09,2.2373984e-08,6.262106e-09,1.0918803e-09,9.968197e-11,4.755677e-12,1.4526897e-15,
4FGL J2018.5+3852,304.6373,38.8715,bcu,18.349016,2.0948112,1.8224992,0.21237668,9.347432e-12,12.276935,1.3163466e-08,1.8208067e-12,9.423118e-10,6.240462e-10,3.671019e-10,9.1153814e-11,1.1101609e-11,8.7034655e-13,
4FGL J2021.4-2048,305.3693,-20.8019,bcu,8.170425,2.5204475,2.484665,0.06631021,3.354403e-12,30.03693,6.180431e-11,5.7884737e-09,1.3643965e-09,1.5359719e-10,4.3712516e-11,4.326827e-12,1.6010041e-16,7.52118e-16,
4FGL J2023.2+3153,305.823,31.8876,bcu,12.097651,2.0868044,2.0669854,0.04159666,6.7668813e-12,24.365702,1.0088515e-11,8.1244185e-09,2.9840286e-09,3.5026435e-10,1.1258927e-10,5.3134924e-11,7.622851e-12,2.7802296e-12,
4FGL J2023.4+4127,305.8711,41.4508,bcu,10.662079,2.2772396,2.2663407,0.07233229,1.42788645e-11,18.31777,1.5164184e-10,2.01551e-10,2.7824458e-09,1.1430517e-09,2.2161706e-10,3.5372164e-11,2.0504381e-11,2.1885739e-15,
4FGL J2023.8-4828,305.9727,-48.4726,bll,4.272764,2.1743,2.0699935,0.09010161,1.2845674e-12,9.991941,6.898102e-11,1.9780415e-09,1.3586354e-10,8.901133e-11,3.510201e-11,8.6888e-13,3.693061e-12,4.6481573e-20,
4FGL J2024.8+2734,306.2059,27.5705,bcu,4.4464025,1.9441248,1.7709714,0.22982843,1.4538534e-12,18.842836,1.3883273e-12,3.2398455e-15,4.258118e-11,8.081656e-11,2.8520401e-11,1.544654e-11,3.0939582e-12,1.01952935e-20,
4FGL J2025.3+3341,306.3412,33.6891,bll,18.326307,2.6561403,2.8436875,0.21472889,2.8329894e-11,144.05247,1.5314892e-09,7.534912e-08,1.2473208e-08,1.6571475e-09,2.25502e-10,2.500471e-12,2.4911514e-15,3.3562016e-15,
4FGL J2026.6+3449,306.6528,34.8291,bcu,12.034351,2.112239,2.107215,0.00949693,7.8610885e-12,11.105837,4.4294737e-08,7.308237e-09,3.025603e-09,4.2622025e-10,1.3319906e-10,5.2119534e-11,1.0628832e-11,1.09930226e-16,
4FGL J2029.5+4925,307.375,49.4221,bll,25.115232,2.4725385,2.3265076,0.2541457,1.4285611e-11,166.63773,8.84345e-09,1.0259522e-08,5.8370007e-09,1.5467716e-09,2.1045582e-10,1.9482286e-11,4.0806640000000005e-17,3.0950737e-16,
4FGL J2030.8-6959,307.7045,-69.9927,bcu,8.493951,2.2023542,2.2282326,-0.024374874,2.1614542e-12,19.17167,5.060487e-12,3.4293093e-09,5.5230126e-10,1.1655941e-10,3.4233255e-11,1.3998684e-11,2.259858e-12,1.3566878e-17,
4FGL J2031.8+1619,307.9534,16.3198,bcu,5.545565,2.4651673,2.4687083,-0.0072104717,2.385911e-12,20.10879,2.370921e-12,5.5470433e-09,8.163594e-10,6.629306e-11,4.7492645e-11,4.6010635e-12,4.3468735e-17,5.3184193e-16,
4FGL J2031.9+2403,307.9785,24.0631,bcu,4.590425,1.8640943,1.8103873,0.072717965,1.3470667e-12,7.161318,6.885185e-13,2.9211846e-09,9.054462e-13,7.201513e-11,4.2257038e-11,3.0450165e-12,7.278534e-12,2.9422388e-17,
4FGL J2032.3-5816,308.0859,-58.2792,bcu,4.0986037,2.366829,2.3722796,-0.01771265,1.4695544e-12,18.30949,4.3556686e-12,4.4060884e-09,5.266682e-10,4.9915568e-11,2.7776377e-11,7.412625e-12,6.985436e-16,2.2914306e-16,
4FGL J2035.9+4901,308.9807,49.028,bcu,16.02056,2.1122587,2.0583642,0.06970445,8.89124e-12,18.708998,6.809641e-10,5.5646323e-09,2.6332656e-09,4.963271e-10,2.0195792e-10,4.6971996e-11,1.6419846e-11,2.4143912000000004e-16,
4FGL J2038.7+5117,309.6938,51.2851,fsrq,22.966518,2.6067865,2.469733,0.25541618,1.792579e-11,158.92795,1.4855328e-09,6.6984702e-09,8.507132e-09,1.6493732e-09,1.9425295e-10,3.2571845e-12,2.3557568e-15,5.2393913e-13,
4FGL J2039.3+2150,309.833,21.8453,bcu,8.405124,2.6822991,2.6446881,0.19740169,3.5540587e-12,27.204004,5.442832e-09,9.77617e-09,1.2217771e-09,2.4353092e-10,1.908957e-11,1.0454679e-18,5.8798294e-17,4.0363047e-15,
4FGL J2039.5+5218,309.883,52.3126,bll,16.103704,1.8370702,1.7853518,0.0728175,5.468394e-12,7.1143293,4.5418372e-10,5.1299476e-09,1.0892952e-13,3.8134385e-10,1.06013635e-10,4.520165e-11,1.337209e-11,6.199638e-12,
4FGL J2040.0+1237,310.0205,12.6179,bcu,3.8145864,2.0080535,1.6738939,0.25545895,1.0421504e-12,9.4042015,3.954084e-08,5.750879e-10,1.3624286e-13,5.1334853e-11,3.9235178e-11,5.449501e-12,1.891157e-13,2.1907931e-17,
4FGL J2042.1+4209,310.546,42.1578,bcu,10.106578,2.5785096,2.808907,0.3762422,1.5631083e-11,13.185508,3.5293727e-08,9.578623e-09,5.578839e-09,1.6715219e-09,1.4931616e-10,2.694476e-12,1.7856857e-14,6.9561814e-15,
4FGL J2046.9-0235,311.7472,-2.5867,bcu,5.697091,2.6757388,2.672758,0.017964873,2.5100649e-12,28.122286,1.3346584e-08,5.6655853e-09,8.404713e-10,9.5156e-11,2.6566095e-11,1.4106325e-12,3.9793248000000004e-16,3.4976958000000004e-16,
4FGL J2047.1-7400,311.7846,-74.0033,fsrq,4.5709205,2.6766176,2.6637006,0.035253994,1.9178248e-12,7.593382,1.5856447e-08,1.6094607e-09,7.2060957e-10,5.844094e-11,2.5833698e-11,4.225155e-17,2.5150216e-16,1.6987189000000002e-16,
4FGL J2049.0-4020,312.259,-40.3488,bcu,5.6819425,2.127707,2.1506348,-0.049518846,1.4734826e-12,42.197964,3.426883e-13,1.3345467e-09,5.4229954e-10,7.038658e-11,1.5665417e-11,1.3184957e-11,2.3640380000000002e-18,1.6412294e-12,
4FGL J2049.9-2453,312.4825,-24.8854,bcu,5.941784,2.3210478,2.3441703,-0.04164603,2.1402754e-12,25.96514,3.077872e-08,1.5929857e-13,5.384305e-10,1.833781e-10,2.3322927e-11,4.342418e-12,1.2989478e-12,1.7877212e-12,
4FGL J2053.8+2922,313.4539,29.3693,bll,34.39025,1.8236498,1.6768852,0.085184895,1.2336053e-11,26.915615,3.1268982e-08,5.092142e-09,1.1716826e-09,6.5671596e-10,3.269106e-10,1.1360693e-10,5.3820615e-11,1.6520845e-12,
4FGL J2054.5+4731,313.6486,47.5223,bcu,6.1660604,1.9755832,1.9455833,0.043940995,2.8094046e-12,14.710021,3.574645e-09,2.192247e-09,1.4214182e-09,7.3315826e-11,5.2863696e-11,2.5259043e-11,5.622414e-12,5.6273985e-13,
4FGL J2055.1-1028,313.7805,-10.4696,bcu,5.5070095,2.2558599,1.977648,0.27067557,1.9490893e-12,28.478489,8.8880026e-13,2.6573126e-09,2.4291438e-10,1.8240005e-10,3.8873814e-11,4.6813803e-12,2.5445034999999998e-19,5.445708e-18,
4FGL J2055.4-0504,313.8694,-5.0822,bll,6.5532036,2.2950878,2.2929466,0.0030302696,2.1554568e-12,10.161546,1.4713281e-08,1.4241656e-09,7.0652234e-10,1.3370466e-10,2.673499e-11,9.114104e-12,2.1855887e-12,1.6937974000000003e-16,
4FGL J2056.7+4939,314.1913,49.6663,bcu,38.270737,1.8601846,1.8434398,0.018236281,2.2773538e-11,30.425533,2.0264914e-09,1.8397543e-10,2.7472244e-09,1.1240141e-09,5.2979277e-10,1.5875101e-10,7.200524e-11,2.5472544e-11,
4FGL J2059.1-4103,314.7811,-41.0644,bcu,9.666155,2.506957,2.5172985,0.4535671,2.6972e-12,9.386049,1.503215e-16,8.684227e-10,1.402764e-09,2.617878e-10,2.9082427e-11,2.8176174e-15,1.2957856e-15,1.7274977e-12,
4FGL J2100.0+2103,315.0012,21.0615,bcu,7.4545107,2.4408388,2.3712225,0.09938768,3.4651778e-12,20.094357,1.409603e-08,6.6403167e-09,7.6309736e-10,2.919138e-10,3.0083592e-11,6.145351e-12,1.820933e-15,2.2099497e-16,
4FGL J2102.3+4702,315.5784,47.0422,bcu,19.397877,2.2715812,2.2418168,0.051987175,1.5474138e-11,49.64172,6.64934e-11,2.3578903e-09,4.567209e-09,1.0236713e-09,2.3713348e-10,6.082555e-11,1.4098523e-11,7.733243000000001e-17,
4FGL J2103.4-7816,315.8673,-78.2774,bcu,3.449177,2.4435272,2.279454,0.3837777,8.829866e-13,10.405998,1.8604924e-12,7.365394e-10,1.6479781e-10,1.3030722e-10,2.3565937e-11,1.1316749e-16,4.3926348e-17,8.138989e-16,
4FGL J2106.7+3549,316.6892,35.8264,bcu,6.694719,2.486582,2.4770415,0.1634142,3.5630609e-12,27.045324,4.0725638e-11,3.9426618e-09,1.1803499e-09,2.6191682e-10,3.007773e-11,5.2031907e-12,6.079143300000001e-16,4.7706435e-13,
4FGL J2107.1-1453,316.7997,-14.8934,bcu,6.6758265,2.392973,2.402461,-0.030855143,2.197445e-12,22.553469,7.702323e-09,4.3302593e-09,7.3450457e-10,9.2074334e-11,3.0063372e-11,5.9836324e-12,6.7410548e-12,3.0829162000000003e-16,
4FGL J2107.9+6006,316.9796,60.1044,bcu,4.0786977,2.688821,2.8366346,0.27524722,3.4779005e-12,7.5299897,1.3115296e-10,5.407989e-09,1.4998844e-09,2.0474052e-10,3.6924776e-11,1.6674434e-17,8.773618599999999e-18,2.5428662e-15,
4FGL J2108.0+3655,317.0034,36.9297,bll,15.591379,2.068986,2.009186,0.070489824,5.564653e-12,14.576388,8.6288277e-10,1.577104e-09,9.9026e-10,3.8041026e-10,1.14327034e-10,3.6490318e-11,5.659943e-12,1.8908196e-15,
4FGL J2108.3-4824,317.0893,-48.4087,bcu,2.9443362,2.5128317,2.543763,0.06195447,1.3609969e-12,16.741114,8.069435e-12,6.384401e-10,4.8992627e-10,7.880756e-11,1.159946e-11,3.2729724e-12,8.413782e-15,6.412098e-16,
4FGL J2108.7+7532c,317.189,75.5361,bcu,4.2587776,2.5259616,2.5305924,0.5370135,1.4434182e-12,12.425514,4.691018e-09,6.249039e-14,4.4175893e-10,2.5180785e-10,4.0639406e-12,1.1021679e-12,8.499586500000001e-16,7.702973e-17,
4FGL J2109.7-4109,317.4435,-41.1575,fsrq,4.848684,2.2123723,2.1683302,0.051673178,1.423822e-12,10.45361,7.318677e-14,1.1697734e-09,5.793351e-10,4.2741026e-11,4.2846587e-11,3.388223e-12,1.6639356e-12,9.580531e-18,
4FGL J2110.2-1021c,317.5641,-10.3603,fsrq,5.747397,2.599468,2.5392623,0.12168167,2.7932149e-12,13.883614,1.525573e-08,3.226062e-09,1.2685206e-09,1.3820653e-10,1.3330841e-11,4.6179554e-15,2.3233967e-12,3.9465538e-17,
4FGL J2112.9-4818,318.2342,-48.3068,bcu,4.726767,2.4370143,2.4270313,0.0252315,1.6087322e-12,17.669897,1.9171276e-11,3.6553303e-09,5.242205e-10,9.195608e-11,2.3385271e-11,1.4234457e-17,1.8718339e-12,3.7571001000000004e-16,
4FGL J2113.9+1120,318.4977,11.3378,bcu,12.842701,2.5117192,2.434794,0.15729989,4.5999476e-12,167.3585,1.97838e-08,7.660583e-09,2.0909319e-09,3.02132e-10,5.598169e-11,9.220141e-13,1.9224062e-13,1.494651e-16,
4FGL J2114.7-2538,318.6817,-25.6381,bcu,4.193279,2.5488417,2.5373824,0.013649348,1.6582574e-12,19.526947,4.545828e-10,3.844183e-09,6.141168e-10,9.101472e-11,8.507591e-12,5.771065e-12,1.1575171000000002e-16,1.0013393e-15,
4FGL J2115.8+6753,318.9543,67.8851,bcu,6.529582,1.858505,1.6415071,0.3350766,1.2773908e-12,8.988713,1.0544858e-08,8.1776447e-10,2.0517659e-16,1.8371715e-12,4.9749725e-11,1.6093257e-11,4.456992e-12,1.422088e-15,
4FGL J2116.3+1015,319.0755,10.2529,bcu,3.4726918,2.4076197,2.2479753,0.48401493,7.709906e-13,11.006176,4.0601734e-11,7.597124e-15,2.0720783e-10,1.4981691e-10,1.0496663e-11,1.5650721e-14,2.5376859e-17,7.205629300000001e-16,
4FGL J2117.4+6159c,319.3703,61.9923,bcu,5.6175017,2.6769354,2.8907006,0.32037574,3.9045715e-12,7.993061,2.9291725e-10,8.546162e-09,1.9873234e-09,2.2117161e-10,2.7033284e-12,5.6985514e-12,1.4498675e-14,2.2293316e-24,
4FGL J2118.2+5752,319.5508,57.8703,bcu,6.2106285,2.5806837,2.6262183,0.12748268,4.7023817e-12,78.3744,8.001934e-09,8.820782e-09,1.6786911e-09,2.7321076e-10,3.3335255e-11,5.7844766e-12,1.0701469e-13,2.1931038e-15,
4FGL J2118.2-5419,319.5721,-54.3291,bcu,5.953277,1.8234701,1.8571533,-0.037957344,1.1481521e-12,19.58215,1.0472193e-13,2.0543256e-09,1.193286e-10,5.865748e-11,2.1732432e-11,1.1586101e-11,1.6589363e-12,2.9935705e-12,
4FGL J2119.4+4652c,319.8665,46.8708,bcu,6.1054916,2.0904543,1.9167358,0.5412694,1.5992768e-12,8.999704,1.7264576e-08,5.8529494e-13,2.6117658e-10,1.1272764e-11,8.997935e-11,2.358965e-11,1.7590505999999998e-23,5.0631663000000005e-22,
4FGL J2119.5-4541,319.8817,-45.6947,bcu,4.8450565,2.551056,2.547311,0.015031456,1.9311926e-12,10.553699,8.942835e-09,4.058782e-09,5.5428845e-10,1.1199268e-10,1.2837488e-11,4.4914975e-12,1.6026886000000002e-16,6.314457e-18,
4FGL J2120.6-6114,320.161,-61.2396,fsrq,7.494725,2.4063127,2.3502114,0.10513425,2.0529153e-12,30.746723,3.8990233e-09,4.3253863e-09,6.4465505e-10,1.2301216e-10,2.7725223e-11,4.8685587e-12,7.132105300000001e-16,5.0178106e-17,
4FGL J2120.7+4428,320.1938,44.4813,bcu,4.728368,2.5519488,2.5497139,0.062036306,3.594504e-12,13.291774,3.6362073e-09,9.460183e-09,1.306499e-09,1.6243389e-10,3.8088796e-11,6.7414984e-12,1.8095584000000002e-16,3.3073698000000003e-16,
4FGL J2127.5+7420,321.8937,74.3375,bcu,4.0980797,2.659363,2.5905175,0.19362321,2.6683991e-12,8.577899,3.302568e-09,3.853295e-09,9.857631e-10,1.5584987e-10,1.0983641e-11,1.7094791e-12,2.1170434e-15,4.802134e-16,
4FGL J2127.5-5744,321.8986,-57.7406,bcu,5.389694,2.0892186,1.9750283,0.20682193,1.3042496e-12,15.195459,8.966772e-13,5.7864685e-10,1.6176552e-10,1.0456403e-10,3.2333025e-11,4.8227702e-12,1.628676e-12,2.5276305000000003e-16,
4FGL J2128.7-1940,322.1952,-19.6735,bcu,4.1873393,2.0753129,1.7736526,0.1799853,8.91531e-13,5.2916,7.2100853e-10,8.2147333e-10,1.8981085e-10,3.730023e-11,2.4129974e-11,8.824891e-12,2.4441672999999997e-18,1.1155427e-15,
4FGL J2130.0+2610,322.5079,26.1826,bcu,6.359903,2.2158487,2.1147785,0.11758297,2.0350698e-12,20.043877,9.677978e-09,2.6944498e-09,5.2956417e-10,1.3452378e-10,3.937726e-11,1.0014136e-11,8.660943e-16,3.0130132000000004e-16,
4FGL J2133.6+8002,323.4049,80.0386,bcu,4.50656,1.8114055,1.6847441,0.43381068,4.789754e-13,14.68732,1.024082e-11,4.852396e-13,6.319119e-18,1.9258731e-18,2.3352336e-11,5.613241e-12,1.3290768e-12,1.1278476e-20,
4FGL J2136.5+4259,324.1411,42.9938,bcu,10.738797,2.6495,2.6092744,0.09310057,7.3245455e-12,249.31241,1.4924629e-08,1.3446412e-08,2.7796518e-09,3.0727243e-10,7.4747944e-11,6.1677297e-15,1.631761e-17,1.4478754e-16,
4FGL J2138.3-4933,324.5944,-49.5575,bcu,4.3943453,2.7814455,3.1002336,0.4847844,2.2829e-12,33.558422,3.9395607e-09,5.629931e-09,1.1835967e-09,5.856004e-11,3.772424e-12,2.1441437999999997e-18,1.609036e-12,2.2488020000000002e-17,
4FGL J2139.1+3724,324.7882,37.4131,bcu,4.935351,2.6971576,2.757979,0.31513032,2.486767e-12,15.597889,1.351252e-12,1.2273594e-13,1.2828435e-09,1.8651522e-10,3.4320536e-13,5.174752e-15,5.724456e-17,4.5362456e-15,
4FGL J2139.2-2214,324.8211,-22.2461,bcu,7.3082123,2.5783932,2.5622926,0.04459632,2.6250358e-12,12.04383,8.357142e-09,6.8121517e-09,8.4915935e-10,1.5711493e-10,2.3874965e-11,3.1706458e-12,1.2731355000000002e-16,1.5589858e-12,
4FGL J2139.2-2444,324.8232,-24.7454,fsrq,4.7609262,2.572517,2.5571685,0.021269623,1.8159465e-12,13.200027,9.46651e-10,3.819074e-09,6.157673e-10,8.0782166e-11,1.7146647e-11,6.1939867e-12,1.0060027000000001e-16,4.7404607e-16,
4FGL J2139.9+3910,324.9929,39.1711,bcu,4.0891924,2.764028,2.757894,0.03418878,3.006955e-12,26.733158,1.1326994e-08,7.9282785e-09,1.1720105e-09,8.8301685e-11,1.255511e-11,1.3971682e-12,1.5212452e-12,4.0738758e-14,
4FGL J2142.1+4501,325.5291,45.0182,bcu,7.582013,1.8735083,1.6536686,0.24290341,1.3337092e-12,16.592867,1.20694645e-08,1.2082265e-13,5.8007522e-11,4.5309315e-11,4.188516e-11,1.858806e-11,3.5411216e-12,6.644628e-17,
4FGL J2144.8-1817,326.2132,-18.2988,bcu,5.8344073,2.0233593,1.9560013,0.052571345,1.3370812e-12,20.328619,2.081727e-09,1.413053e-13,2.4286237e-10,1.0479588e-10,1.977515e-11,1.0582883e-11,2.6180536e-12,1.3486535e-17,
4FGL J2146.8+0425,326.708,4.4266,bcu,6.411876,2.7564957,2.7159286,0.09384005,2.9798124e-12,30.804974,1.1199911e-08,3.5082062e-09,1.1543175e-09,1.346419e-10,9.815151e-12,4.389221e-12,5.479968e-18,1.4822682e-19,
4FGL J2149.1+6104,327.2897,61.0705,bcu,8.512004,2.7850373,2.897773,0.2927998,6.7186105e-12,24.295162,1.3078957e-08,1.6968485e-08,2.9504543e-09,3.0836317e-10,2.7501118e-11,1.636016e-13,2.6475598e-16,7.431046e-16,
4FGL J2151.4+4156,327.8604,41.9409,bll,16.289658,1.9966658,1.7039059,0.27443355,3.5503612e-12,26.253952,1.6738138e-08,3.5011666e-13,3.6620385e-10,2.7416888e-10,1.3687271e-10,4.2409246e-11,4.60008e-12,7.0875995e-16,
4FGL J2151.7-2749,327.9251,-27.8234,fsrq,6.1676145,2.6181073,2.5269053,0.15191416,3.03657e-12,38.068756,1.1199647e-08,6.351743e-09,1.0761729e-09,1.8674848e-10,1.7793232e-11,5.465265e-13,3.2403447000000004e-16,4.4924245e-16,
4FGL J2155.2+2249,328.8129,22.8327,fsrq,10.207195,2.593416,2.5189154,0.116066694,3.9491774e-12,136.21863,1.3929081e-08,7.1864927e-09,1.2357575e-09,2.3863184e-10,3.4027406e-11,4.2570022e-13,3.5370047e-16,1.9519436000000003e-16,
4FGL J2155.3+6602,328.8341,66.0359,bcu,6.6988215,2.697208,2.8655314,0.19860534,4.574886e-12,17.655794,3.1701052e-08,9.091565e-09,2.1413171e-09,1.8866478e-10,3.8431314e-11,1.8838255e-14,2.1684225e-17,1.3227863e-15,
4FGL J2157.0+1002,329.2659,10.0337,fsrq,4.2601237,2.6275923,2.4731889,0.34441882,1.3764868e-12,7.2849913,3.780362e-09,1.4822654e-12,7.4558676e-10,1.2747371e-10,1.4572447e-11,6.907435600000001e-16,2.9265852e-15,3.8914316e-15,
4FGL J2158.5-7550,329.6348,-75.8359,bcu,5.574963,2.3336318,2.3303382,0.00090358517,1.8965801e-12,18.994354,1.5409345e-08,8.293107e-11,8.05099e-10,7.964733e-11,4.233883e-11,1.2188741e-12,5.2553897e-19,1.3675766e-12,
4FGL J2200.6+0232,330.1565,2.5362,fsrq,7.790198,2.5824058,2.572974,0.0337699,3.0425866e-12,27.375654,7.716962e-11,4.920456e-09,1.0867713e-09,1.3657682e-10,2.7616381e-11,6.900227e-12,1.3463605e-12,1.8717898e-17,
4FGL J2201.0-5907,330.2553,-59.1167,bcu,5.95236,1.9764185,1.9225298,0.17833701,1.1136972e-12,11.345844,1.3047418e-13,1.3598621e-14,9.323952e-11,9.385782e-11,2.7935845e-11,2.4093717e-12,2.7791632e-12,6.179269000000001e-23,
4FGL J2201.5+2950,330.3958,29.8469,bcu,7.016649,2.1046553,1.9935017,0.12311029,1.8042562e-12,19.474257,3.854411e-11,6.2681403e-13,5.1412613e-10,8.700625e-11,4.9264655e-11,7.515084e-12,2.735789e-12,6.11993e-19,
4FGL J2201.8+5048,330.4532,50.8053,fsrq,48.702934,2.6801965,2.5924618,0.16013855,3.4443542e-11,4187.405,1.1719356e-07,6.2589095e-08,1.4899485e-08,1.8607552e-09,1.956444e-10,1.0916506e-11,6.738253e-16,1.3540025e-15,
4FGL J2201.9-1706,330.4866,-17.1065,bll,6.9207573,1.6595788,1.6966089,-0.06593135,1.023529e-12,12.716653,4.491178e-09,4.712923e-10,3.3063927e-10,6.541093e-11,1.255683e-14,1.2250445e-11,7.3596025e-12,2.0353712e-12,
4FGL J2202.8-2328,330.7225,-23.472,fsrq,4.287818,2.5831287,2.8202977,0.47525832,1.2872294e-12,24.276995,6.9887065e-12,3.5454548e-10,8.147147e-10,8.84031e-11,4.8271885e-13,3.3921691e-12,4.0952463e-15,5.1760625e-15,
4FGL J2203.6+6751,330.9093,67.8529,bcu,5.1236424,2.6554804,2.7269492,0.14311105,3.2550445e-12,10.219568,4.160242e-11,1.00262225e-08,1.3250637e-09,1.5801442e-10,2.1012048e-11,1.4061621e-12,6.0265873e-15,2.3540359000000003e-16,
4FGL J2205.0+7432,331.2719,74.5462,bcu,6.4394274,2.2240841,2.5532327,0.40448877,1.4269292e-12,79.54853,2.495589e-12,2.5823668e-14,3.4444966e-10,2.5138064e-10,2.6715505e-11,2.7990073e-12,1.1711375e-12,1.9631746e-12,
4FGL J2207.0+3607,331.7735,36.1241,bcu,6.121782,1.9867185,1.9120319,0.09665342,1.4831436e-12,12.345804,2.1144435e-09,4.0219442e-12,1.760298e-10,9.242328e-11,2.1283723e-11,1.9691804e-11,1.9278425e-17,1.4411006e-12,
4FGL J2207.2-2122,331.8099,-21.3724,fsrq,4.105916,2.6486511,2.5039809,0.16032098,1.573888e-12,13.801697,1.2339478e-09,3.4083971e-09,4.3940337e-10,1.08839986e-10,8.18964e-12,8.187219e-15,1.7361792e-19,4.067878e-16,
4FGL J2208.1-4507,332.0443,-45.1261,bcu,4.4397182,1.9878563,1.9396194,0.031551383,8.0380093e-13,14.362683,5.0737086e-09,1.9780038e-13,1.1904146e-10,5.395596e-11,1.8164739e-11,5.2619406e-12,5.327882e-14,3.0319613000000003e-16,
4FGL J2210.5+3623,332.626,36.39,bcu,5.1495137,2.2232683,2.2301056,-0.037921637,1.3699432e-12,7.533883,2.276684e-08,1.481485e-09,6.17233e-10,8.722272e-11,6.0664273e-12,9.273077e-12,2.9024801e-12,1.4955025999999998e-18,
4FGL J2210.9-0026,332.7469,-0.4471,bll,4.5722504,2.0430508,1.9296634,0.11037241,1.4145675e-12,14.862591,4.4187525e-09,3.7160544e-09,3.178927e-11,8.99979e-11,3.4144472e-11,5.477093e-12,6.413227e-12,1.268331e-16,
4FGL J2211.9+0821,332.9864,8.3509,bcu,5.6564765,2.5066636,2.505394,0.00062907115,2.0516369e-12,6.822394,5.493299e-13,6.6212262e-09,5.4767685e-10,1.2387964e-10,1.6920921e-11,4.6612536e-12,3.0178133e-17,1.1940594499999998e-17,
4FGL J2213.9+5948c,333.4995,59.8056,bcu,3.422834,2.4325795,2.510255,0.087526664,3.5086482e-12,17.697039,8.3978303e-11,8.117454e-09,1.3970365e-09,2.2444953e-10,3.9163207e-11,5.688876e-12,4.1387705e-13,1.6189901e-12,
4FGL J2215.4+6105,333.8724,61.0863,bcu,4.832701,2.648941,2.7055373,0.21256612,4.292039e-12,14.09954,8.3095086e-11,6.730424e-09,2.0427195e-09,2.7934502e-10,4.342828e-11,6.2506527e-13,1.3849519e-15,1.1761061e-17,
4FGL J2221.8+3358,335.4661,33.9753,bcu,5.1634583,2.1928737,2.1285474,0.06904237,1.3052521e-12,15.298048,1.1994932e-09,1.51262e-09,3.0247335e-10,8.34693e-11,2.296768e-11,6.282539e-12,1.5643673e-12,5.421272e-22,
4FGL J2222.8+1209,335.7098,12.1568,bcu,7.975287,2.3642542,2.2098076,0.18194155,1.9759639e-12,59.61063,5.19599e-10,1.0087622e-09,6.659864e-10,1.9498625e-10,4.8731744e-11,1.9970888000000002e-17,1.6815669999999999e-19,6.200677999999999e-19,
4FGL J2223.0+6746,335.7737,67.7729,bcu,4.30036,2.4773943,2.4701912,0.15098745,2.7398455e-12,8.1058,2.5839011e-10,6.644148e-09,1.0548646e-09,2.0170111e-10,3.2453398e-11,2.8071297e-15,1.3183266e-12,1.4886452e-17,
4FGL J2223.4+5814,335.8733,58.2385,bcu,5.8852487,2.816053,3.079486,0.43475476,8.04678e-12,5.8257713,3.6752674e-08,1.4212185e-08,3.945749e-09,3.5503403e-10,1.7238818e-11,6.111105500000001e-16,1.1059649e-12,2.7504714e-15,
4FGL J2224.3+7737,336.0901,77.6201,bcu,6.1139607,2.6518397,2.4688237,0.36151382,2.1726516e-12,9.178006,6.6379224e-10,1.7613998e-09,9.478204e-10,2.1611121e-10,1.1906652e-11,9.488903e-13,1.0558256e-12,1.9057648000000002e-16,
4FGL J2226.5+6901c,336.6294,69.0208,bcu,8.509948,1.9028639,1.8290339,0.076973505,2.0671052e-12,11.740665,1.9979726e-10,3.5336564e-13,4.2553092e-10,1.0673639e-10,4.0545376e-11,1.9299699e-11,2.222429e-12,2.6140442e-12,
4FGL J2228.0-1918,337.0028,-19.3026,bcu,4.961005,2.5632737,2.5892246,-0.04619178,1.7012347e-12,24.652452,1.6393772e-08,2.643094e-09,5.5289423e-10,9.472997e-11,7.430025e-12,6.1576113e-12,1.556222e-12,2.0345015e-17,
4FGL J2228.0-4155,337.0038,-41.9324,bcu,5.8617406,1.891721,1.8643874,0.06771875,9.655902e-13,16.61115,3.7340106e-10,4.7945974e-15,7.309073e-11,8.743809e-11,1.3811968e-11,8.435086e-12,3.6774537e-12,8.334273999999999e-20,
4FGL J2229.5+2549,337.3959,25.819,bcu,4.3312016,2.3746047,2.160553,0.17838754,1.2256189e-12,21.293827,8.988941e-09,8.1207974e-10,2.7388003e-10,6.000134e-11,3.110998e-11,1.971573e-12,8.78376e-17,8.382989e-16,
4FGL J2231.6+2754,337.9043,27.906,bcu,5.899574,1.7939874,1.6031353,0.17522426,9.862179e-13,11.765366,5.5343854e-09,1.2330368e-09,1.5574094e-11,5.2009726e-11,1.4176437e-11,1.2792412e-11,4.474113e-12,1.5228697e-15,
4FGL J2232.3+7616,338.0921,76.267,bcu,4.5361013,2.2019112,2.185855,0.08272911,1.1071341e-12,13.916444,7.0208945e-09,1.4011693e-10,2.8160782e-10,8.652714e-11,1.6511943e-11,3.102016e-12,3.1382397e-12,1.25832965e-17,
4FGL J2232.3+6246,338.0988,62.775,bcu,6.5726333,2.5547829,2.6168003,0.10016041,6.496684e-12,6.4506764,5.6134465e-11,7.856465e-09,2.356927e-09,3.7680215e-10,7.139581e-11,7.993824e-13,4.06907e-13,1.6598856e-12,
4FGL J2237.4+5124,339.3732,51.415,bcu,7.6075315,2.2422721,2.2037187,0.08383014,2.5441595e-12,16.948662,9.215352e-13,8.159257e-14,4.3127138e-10,2.1465696e-10,4.3867434e-11,6.4362036e-12,1.9611914e-12,1.8576862e-15,
4FGL J2239.5-2440,339.8896,-24.6705,bcu,4.7821474,1.5937794,1.5262966,0.09807161,6.2314514e-13,12.589726,1.1296565e-10,2.0448646e-14,5.4192494e-11,5.7365766e-13,1.2059938e-11,1.2701642e-11,3.1198063e-17,1.8506514e-12,
4FGL J2240.4+5133,340.1126,51.5608,bcu,10.822039,2.498965,2.5580747,0.18737677,4.1845897e-12,84.26189,1.1058082e-08,6.579549e-09,1.9543482e-09,3.38284e-10,5.5497607e-11,2.5624169e-12,1.6880449e-15,3.135327e-15,
4FGL J2240.9-1825,340.2383,-18.4319,bcu,2.9118433,2.3,2.462794,0.2056246,8.58806e-13,25.249846,1.0376523e-11,6.3350362e-12,4.096507e-10,6.764424e-11,8.72774e-12,1.6403095e-12,2.3223757e-13,5.3796604e-17,
4FGL J2241.1-4122,340.2789,-41.3771,bcu,4.904166,1.9306123,1.8357903,0.07963047,7.2321077e-13,9.540468,2.714094e-12,1.1263236e-09,2.0444826e-10,2.1702633e-11,1.1612672e-11,9.808776e-12,1.7193047e-12,8.678246e-17,
4FGL J2241.5+0454,340.3846,4.9045,bcu,5.981707,1.8884617,1.8884174,-0.00097284804,1.3353094e-12,21.597721,1.0848186e-10,5.654673e-14,3.2886874e-11,1.1471213e-10,1.2445439e-11,1.2856642e-11,7.287601e-12,4.0452678e-19,
4FGL J2243.5+3220,340.8795,32.3407,bcu,4.0853105,1.8880616,1.863741,0.2179779,7.547193e-13,10.79922,1.8496067e-08,7.7793777e-10,3.0899288e-15,6.4841715e-11,2.4158304e-11,4.0305302e-12,1.4984686e-12,1.3165765e-15,
4FGL J2245.8-5609,341.4548,-56.1533,fsrq,4.9845443,2.1182542,2.1469674,-0.0458549,9.302601e-13,13.25748,1.0315623e-12,2.3997132e-10,4.2073225e-10,3.9882406e-11,1.2445815e-11,3.536808e-12,4.9845275e-12,8.735026e-16,
4FGL J2246.5-1204,341.6311,-12.0807,fsrq,9.2463,2.7856781,2.7434154,0.14320607,5.822904e-12,92.76886,1.2633977e-10,7.3604096e-09,2.1006024e-09,2.892843e-10,7.372317e-12,4.072639e-12,9.426042e-15,2.0974731000000002e-17,
4FGL J2247.1+4658,341.7781,46.9755,bcu,3.3648798,2.275301,2.1464531,0.23694211,1.2314027e-12,18.686161,5.0793637e-11,3.0820737e-13,3.36203e-10,8.011769e-11,2.5800948e-11,1.509408e-12,3.7279595e-13,8.266608e-20,
4FGL J2247.5-3700,341.8965,-37.0043,fsrq,4.5403605,2.5835905,2.5799358,0.0020675855,1.3571156e-12,11.834817,4.125315e-09,3.1372753e-09,4.6371743e-10,4.363212e-11,2.3796548e-11,2.671276e-15,3.3091401999999998e-18,1.647473e-12,
4FGL J2248.7-4302,342.1937,-43.0496,bcu,5.444929,2.2431045,2.2297745,0.016730122,1.2484293e-12,12.07259,1.4313366e-08,1.06708024e-10,4.2224133e-10,7.514449e-11,1.348159e-11,7.637847e-12,1.2600227e-12,4.1841227e-17,
4FGL J2248.9+2107,342.2469,21.1214,fsrq,57.83423,2.2471476,2.140085,0.08312999,2.1113802e-11,2436.1672,1.9261956e-08,1.8715612e-08,6.721063e-09,1.7732802e-09,4.2969886e-10,6.944363e-11,6.1773668e-12,2.9686927e-16,
4FGL J2249.9+0452,342.4849,4.8692,bcu,7.2103467,2.282042,2.292193,-0.02771775,2.2340782e-12,19.754728,4.5983145e-14,3.7629384e-09,6.6398215e-10,1.4383206e-10,2.2760986e-11,9.7129344e-12,4.4018957e-14,1.9711923e-12,
4FGL J2250.0-1250,342.5049,-12.8485,bcu,64.16767,2.277778,2.4299443,0.122646526,8.928206e-11,9390.104,1.3993115e-07,7.7465735e-08,3.35075e-08,7.410116e-09,1.5761472e-09,2.0546395e-10,1.1643372e-11,1.2781946000000002e-16,
4FGL J2251.2+5550,342.8039,55.8431,bcu,3.5578008,2.3044076,2.2056558,0.17896403,1.838616e-12,40.54647,8.350211e-11,1.069244e-10,7.21531e-10,9.049765e-11,4.0944532e-11,4.7428858e-12,5.3332180000000004e-17,2.774324e-16,
4FGL J2252.0+8149,343.0064,81.8194,bcu,3.8450077,2.630969,2.5763576,0.24414001,1.7689472e-12,16.457716,3.7592716e-09,4.4952557e-09,8.058574e-10,8.912805e-11,7.697343e-12,3.0657597e-12,1.6712634e-16,1.0690172500000001e-16,
4FGL J2255.8-6543,343.9736,-65.7304,fsrq,5.4216413,2.722632,2.6688054,0.15545778,1.7895763e-12,9.349301,8.688935e-09,3.7462886e-09,7.00079e-10,6.9700704e-11,8.834418e-12,6.636193e-14,3.9083868000000005e-16,4.482193e-16,
4FGL J2256.3-3303,344.0839,-33.066,bll,14.814501,2.1491718,2.1202183,0.029008383,3.4829977e-12,51.731056,9.375195e-14,2.4462878e-09,8.380183e-10,2.3734856e-10,7.15365e-11,1.0999348e-11,3.8290465e-12,1.7963973e-12,
4FGL J2300.7-2645,345.1823,-26.7502,fsrq,8.053154,2.420191,2.3033626,0.14106473,2.2834397e-12,55.72282,1.8941767e-08,1.9920443e-09,6.4867817e-10,1.5564507e-10,3.1918915e-11,3.2626985e-12,6.038485499999999e-18,1.2587349e-15,
4FGL J2301.7+0608,345.4377,6.1457,bcu,7.735275,2.4318342,2.398211,0.09406628,2.927605e-12,63.636528,1.11243945e-10,4.5951376e-09,9.857437e-10,1.7775349e-10,3.4081033e-11,8.939891e-12,4.7253056e-16,8.567803e-17,
4FGL J2305.6-4214,346.4038,-42.2486,bcu,4.9930835,2.4082341,2.4258225,-0.04005901,1.2443616e-12,7.1299863,9.150129e-12,1.1237682e-09,5.155015e-10,3.9577074e-11,1.6417165e-11,3.3897914e-17,3.6449207e-12,4.4564058000000004e-17,
4FGL J2306.6+0940,346.6505,9.6732,bcu,6.1131353,2.3265674,2.2955384,0.060960524,1.8424132e-12,13.873542,9.5001146e-11,1.4365161e-09,6.2388256e-10,1.06964375e-10,2.6711498e-11,6.546476e-12,7.087005e-14,4.942781e-16,
4FGL J2306.8-3036,346.7221,-30.6037,bcu,5.0452757,1.9017931,1.8080705,0.41515216,6.4875373e-13,14.793256,1.5686317e-09,8.259778e-15,7.918612e-14,6.0213425e-11,3.440558e-11,4.1416367e-12,1.6342682e-17,3.101093e-15,
4FGL J2307.5+8629c,346.8949,86.4961,bcu,5.9735045,2.761863,2.5012348,0.26419795,2.2014508e-12,17.256355,1.4177597e-08,1.9397344e-09,1.1173823e-09,1.16060946e-10,9.964324e-12,9.995637e-13,1.7584882e-20,2.0660977e-19,
4FGL J2307.7+6712,346.9293,67.2152,bcu,6.410888,1.9650548,1.9135246,0.19955443,1.6829453e-12,33.34039,1.8506602e-09,2.9262454e-10,3.0234502e-11,8.8143666e-11,4.9915336e-11,2.1321903e-11,5.825274e-12,8.654979e-21,
4FGL J2308.6-4555,347.1577,-45.9254,bcu,5.353948,2.5427582,2.5662537,-0.06503893,1.4821307e-12,10.987209,1.3746202e-13,4.51454e-09,3.2323857e-10,8.788346e-11,9.756873e-12,1.3252603e-12,3.2109742e-12,6.3750707e-16,
4FGL J2310.3-7354,347.5953,-73.9125,bcu,5.6153846,2.6896613,2.6650996,0.09993612,1.7666937e-12,26.515463,8.56404e-12,3.254321e-09,7.576116e-10,5.715203e-11,1.5290163e-11,1.2038575e-12,4.0909815e-17,3.7207926e-16,
4FGL J2311.8+4541,347.9614,45.6908,fsrq,6.383431,2.7324927,2.699995,0.115991354,3.1203803e-12,17.437386,7.7158795e-09,5.049546e-09,1.2751822e-09,1.2276798e-10,1.992515e-11,1.8888463e-12,1.9489746e-18,7.338316e-19,
4FGL J2312.2-6536,348.0628,-65.6042,bcu,4.557953,2.219904,2.1436584,0.36486405,5.649841e-13,10.205532,1.4457159e-10,1.5486221e-13,1.286454e-10,7.3902946e-11,2.3596045e-11,2.4883738e-13,5.430859e-16,1.272747e-14,
4FGL J2312.5+7241,348.1396,72.6923,bcu,7.60281,2.5121756,2.4079695,0.22188123,2.5709196e-12,48.14009,1.8133839e-09,3.1717575e-09,1.155634e-09,2.1611939e-10,4.207389e-11,2.0887706e-12,7.548427e-16,2.545703e-15,
4FGL J2317.0+3756,349.2678,37.9375,bcu,6.8072553,2.6501513,2.6285017,0.04383448,3.0442265e-12,25.08471,4.8631276e-11,5.314068e-09,8.20887e-10,1.7697059e-10,2.7291547e-11,8.160673e-17,2.1626990000000002e-17,1.0901514e-12,
4FGL J2318.6-1657,349.6605,-16.9562,fsrq,6.7073836,2.4200566,2.4124641,0.030254116,1.9359547e-12,28.061289,1.3276656e-14,4.218369e-09,7.232654e-10,1.0299312e-10,2.152237e-11,7.879233400000001e-16,2.3983237e-12,1.5203332e-15,
4FGL J2320.8-0823,350.2228,-8.3918,fsrq,4.576431,2.6175592,2.380613,0.33143225,1.3383872e-12,23.447105,9.737323e-13,7.4046524e-10,7.926717e-10,9.860181e-11,1.3600185e-11,1.601164e-15,5.1097315e-16,1.0129185e-15,
4FGL J2321.0+2836,350.258,28.6031,bcu,5.96883,2.3928802,2.2945817,0.15689778,2.3463755e-12,34.82332,4.9824274e-09,4.773539e-09,6.73789e-10,1.499541e-10,4.097528e-11,1.9320036e-12,4.2078064000000004e-16,4.9622167e-19,
4FGL J2321.4+5111,350.3654,51.1945,bcu,11.293924,2.010245,1.7205943,0.21986623,2.079095e-12,26.65532,1.07633955e-08,3.926856e-14,3.81283e-10,1.0584679e-10,6.4404974e-11,3.5997823e-11,1.3166928e-12,1.7745319e-15,
4FGL J2322.4-2906,350.6197,-29.1077,bcu,4.6101646,2.4447927,2.410996,0.035788324,1.3395137e-12,13.689296,4.5442782e-14,2.9594711e-09,2.4831645e-10,1.10633426e-10,1.4030419e-11,4.228947e-12,6.2578964e-16,1.2896663e-15,
4FGL J2322.8-4221,350.7091,-42.3543,bll,5.548983,1.6127232,1.5135605,0.1994957,7.897448e-13,14.325805,9.348244e-12,1.0321064e-11,4.8568774e-14,3.6636e-11,1.41918725e-11,1.0323022e-11,5.5231774e-12,3.9349193000000006e-16,
4FGL J2325.9+6206c,351.4969,62.1049,bcu,2.1450288,2.638749,3.1264105,0.20990631,3.639393e-12,13.5816,1.2703691e-09,1.4526975e-09,2.2654965e-09,1.445541e-10,3.3958086e-11,8.580204e-13,7.886846e-18,9.696607e-16,
4FGL J2327.8-5626,351.9674,-56.4496,bcu,4.998845,1.9556352,1.8475989,0.4148217,5.324678e-13,16.192596,4.5957924e-10,4.836739e-14,1.4796711e-13,4.921396e-11,3.1274143e-11,2.2128733e-12,6.1544805e-16,1.787002e-15,
4FGL J2329.7+6101,352.4343,61.0239,bcu,16.46345,2.0446246,2.0195324,0.024528006,7.467524e-12,26.968065,3.5914313e-10,9.511474e-09,2.1524358e-09,3.8462447e-10,1.631664e-10,3.94616e-11,2.0187723e-11,1.3090349e-12,
4FGL J2330.4+1230,352.6212,12.5132,bcu,5.644371,2.2738135,2.1597395,0.16752043,1.6438799e-12,15.37415,8.301622e-09,2.3263816e-10,3.857537e-10,1.4667796e-10,2.1782983e-11,4.094554e-12,4.224801e-16,1.4034106e-16,
4FGL J2331.2-3839,352.8239,-38.6649,bcu,6.0876412,1.4860916,1.4317268,0.10494675,8.2391185e-13,18.375906,3.2334187e-11,6.590176e-13,2.366673e-14,4.162096e-11,5.5405324e-12,8.79224e-12,6.8130462e-12,3.0024864000000005e-16,
4FGL J2333.4-0133,353.3699,-1.5533,fsrq,8.975906,2.55447,2.570465,0.1450867,4.392213e-12,65.128815,2.6508876e-13,1.0207458e-09,1.5499816e-09,2.8288188e-10,3.424309e-11,3.113141e-12,8.942631e-18,2.474164e-16,
4FGL J2333.9-2343,353.4912,-23.7197,bcu,8.075036,2.6149173,2.6317177,0.0747491,4.3946778e-12,30.257275,3.9536024e-11,1.06766965e-11,1.7255747e-09,2.544129e-10,3.814379e-11,1.40179514e-14,2.4398713e-17,1.3461995000000002e-16,
4FGL J2334.0-2528,353.515,-25.4767,bcu,5.43504,2.1602435,1.8307761,0.48123246,6.780469e-13,13.221467,2.517628e-12,2.3961647e-10,2.0512484e-11,1.0024296e-10,3.4139337e-11,3.8058995e-15,4.2751375000000003e-16,1.4096918e-14,
4FGL J2335.9-5811,353.981,-58.1865,bcu,4.7661996,1.8994194,1.820174,0.18878594,6.668804e-13,13.986065,1.7749732e-11,2.9274342e-13,1.74879e-12,5.5921594e-11,1.6406949e-11,4.2999476e-12,1.477284e-12,2.979831e-17,
4FGL J2336.2-3136,354.0502,-31.6081,bcu,5.5229,2.2299252,2.2250881,0.004338361,9.911426e-13,16.109062,1.4827269e-15,1.3778895e-09,4.088316e-10,4.741422e-11,9.062456e-12,7.843827e-12,1.245081e-14,6.296523e-16,
4FGL J2336.9-5859,354.2485,-58.988,bcu,6.384162,2.3202271,2.1178403,0.16768259,1.5086359e-12,23.928307,1.2573161e-09,1.0176359e-09,4.0598955e-10,1.2337638e-10,2.8336066e-11,1.8384827e-12,1.8998413000000003e-16,3.7353564000000003e-17,
4FGL J2343.9+1539,355.983,15.6645,fsrq,6.4620934,2.5699291,2.5488567,0.07355218,2.1432114e-12,17.391459,9.6416757e-11,2.9324965e-09,8.973728e-10,7.063109e-11,3.2726533e-11,2.9481706e-12,2.6931696e-15,8.210063e-18,
4FGL J2345.9+3413,356.4893,34.2279,bcu,5.391343,1.7773424,1.7770637,0.079659835,9.738527e-13,11.889207,9.494723e-13,1.0886638e-12,9.956672e-11,5.0494903e-11,2.4951789e-11,6.9254632e-12,3.162171e-12,1.5248416e-12,
4FGL J2347.0+5141,356.7659,51.6966,bll,75.68475,1.8325304,1.7719736,0.030832885,3.1662558e-11,71.19126,4.826651e-09,6.3846666e-09,4.1085473e-09,1.8382219e-09,7.393488e-10,2.3733818e-10,8.58409e-11,4.271946e-11,
4FGL J2347.9+5436,356.9809,54.6065,bcu,19.437283,1.7973218,1.6207037,0.15595013,4.2675997e-12,31.280504,6.428349e-10,5.3677437e-14,1.979691e-10,2.3095496e-10,1.10223206e-10,5.016805e-11,1.468466e-11,2.387894e-12,
4FGL J2348.1-4934,357.0372,-49.57,bcu,7.528822,2.4901624,2.1994822,0.35846147,1.2102302e-12,35.29628,1.7522666e-09,2.3662332e-09,4.833737e-10,1.5852941e-10,1.436828e-11,9.288993e-18,8.7731016e-13,2.5910872e-18,
4FGL J2348.3-6049,357.0883,-60.8202,bcu,5.038222,2.3122509,2.2149897,0.07763152,9.714879e-13,16.617115,9.109654e-09,2.4683673e-09,1.5280995e-10,6.4710154e-11,1.9383883e-11,3.468912e-12,2.190313e-16,1.7249581e-17,
4FGL J2348.6-0426,357.1508,-4.4394,fsrq,5.592997,2.7418523,2.7095487,0.066702925,2.2216872e-12,25.063246,2.1664677e-08,2.766926e-09,9.1400165e-10,1.00466246e-10,9.719247e-15,5.4086635e-12,2.8174722e-16,6.4200955e-17,
4FGL J2350.4-0559,357.6025,-5.9923,bll,5.1918087,1.7656114,1.6267817,0.2588948,8.682801e-13,13.884126,1.1060778e-14,9.863709e-14,8.8020905e-13,4.021791e-11,1.836348e-11,1.6575456e-11,3.5801754e-12,1.4113711e-15,
4FGL J2350.9-1416,357.7469,-14.2756,bcu,6.4935546,1.9886901,1.8729722,0.1262114,1.3176996e-12,16.930616,1.1926415e-08,2.4656814e-14,2.83831e-10,9.239494e-11,2.1660554e-11,1.2150584e-11,1.8742046e-12,2.0874370000000002e-18,
4FGL J2351.7-3416,357.928,-34.2676,bcu,5.6285114,2.514932,2.3682845,0.35788035,1.2282411e-12,13.587854,8.44808e-09,1.6658036e-09,5.235003e-10,1.4333952e-10,6.4726445e-12,4.0414856000000003e-16,6.728957499999999e-18,1.1987249e-15,
4FGL J2352.1-4301,358.0493,-43.0168,bcu,6.4640384,2.6835752,2.6118114,0.16533849,1.9919468e-12,19.192926,4.3836628e-09,2.7597806e-09,7.927317e-10,1.03615984e-10,8.415529e-12,6.9729027e-15,1.9742931999999998e-19,5.7004243e-16,
4FGL J2353.5+6646,358.3926,66.7697,bcu,3.7687533,2.5893736,2.8957424,0.17569153,4.009046e-12,12.987915,6.659498e-10,8.770591e-09,2.7370735e-09,2.0192971e-10,1.6574728e-11,4.624039e-12,1.7538928e-12,3.1299286999999996e-19,
4FGL J2358.4+6547,359.6119,65.7837,bcu,7.663729,2.5227242,2.6212854,0.20850207,5.8803257e-12,16.622759,1.12502505e-08,9.120332e-09,2.2337707e-09,5.250078e-10,7.207315e-11,5.867932e-12,3.1287120000000005e-23,3.4459366e-27,
4FGL J2359.2-3134,359.8167,-31.5832,fsrq,9.180039,2.7165194,2.713735,0.02154209,2.906858e-12,95.40964,9.0763175e-09,4.876809e-09,1.2053066e-09,1.0826247e-10,1.6122692e-11,1.7946612e-12,3.8768342e-18,1.1232852e-17,
4FGL J2359.3+0215,359.8329,2.2603,bcu,8.577555,1.7524989,1.5779167,0.36686593,1.3541654e-12,18.010399,6.12997e-12,2.2774375e-14,7.493262e-15,8.704089e-11,4.4132722e-11,2.2373851e-11,1.8571648e-12,5.640288e-17,
4FGL J2359.7-5041,359.9365,-50.6853,bcu,5.1504364,2.7144496,2.639918,0.44655374,1.1160313e-12,6.9343495,2.112895e-08,1.3984187e-09,6.366505e-10,7.809172e-11,4.7104976e-12,1.658242e-15,8.963529e-15,3.74138e-15,
4FGL J2359.9+3145,359.9908,31.7601,bcu,11.3073435,1.892839,1.7545345,0.13968134,2.4249723e-12,19.205082,1.8725167e-10,6.848384e-10,2.3205256e-10,1.0977259e-10,7.3457906e-11,1.5715162e-11,6.467373e-12,7.6339624e-13,
