Source_Name,RAJ2000,DEJ2000,CLASS1,Estimated_Redshift,Energy_Flux100,PL_Index,L_gamma
4FGL J0001.4-0010,0.3717,-0.1699,bll,0.49911776,1.3123957e-12,2.1089518,1.3930039364853645e+45
4FGL J0001.8-2153,0.4647,-21.8865,bcu,0.4823379,8.967048e-13,1.9064263,8.088919753127035e+44
4FGL J0002.3-0815,0.5937,-8.2652,bcu,0.5045973,1.4066326e-12,2.1850238,1.5815649402508006e+45
4FGL J0002.4-5156,0.6131,-51.9355,bcu,0.47600645,7.1682444e-13,1.8815914,6.2077828618619184e+44
4FGL J0003.3-0703,0.8297,-7.0655,bcu,0.44498637,9.197285e-13,1.8098495,6.624834456056811e+44
4FGL J0003.5+0717,0.8796,7.295,bcu,0.9455666,1.0183127e-12,2.1880455,5.548602673713886e+45
4FGL J0004.3+4614,1.0757,46.2427,fsrq,1.2146236,5.3413897e-12,2.6151664,7.76390322772395e+46
4FGL J0006.4-5621,1.6103,-56.3635,bll,0.6009557,1.6368974e-12,2.3892572,3.12162525302515e+45
4FGL J0007.5-5247,1.8893,-52.7863,bcu,1.4937071,1.1691719e-12,2.5297203,2.8145397341742084e+46
4FGL J0008.4+6837,2.1142,68.6216,bcu,1.1575953,1.5295433e-11,2.4570093,1.72065052338682e+47
4FGL J0009.8+1340,2.4653,13.6712,bcu,0.6633837,1.3172744e-12,2.1793685,2.9124883697234644e+45
4FGL J0009.8-6358,2.4743,-63.9696,bcu,0.9492992,1.6585112e-12,2.9367661,1.5046218382464075e+46
4FGL J0011.4-4110,2.8502,-41.1742,bcu,0.5362185,1.1521093e-12,2.4706922,1.700835905152225e+45
4FGL J0012.0+7043,3.0032,70.7326,bcu,1.2138797,6.597056e-12,2.4018137,8.079613683792824e+46
4FGL J0013.0+3355,3.2636,33.9201,fsrq,1.0697931,2.7822326e-12,2.2566066,2.1851953379786808e+46
4FGL J0013.4+0950,3.3544,9.837,bcu,0.7538582,2.3710224e-12,1.971606,6.432917523329436e+45
4FGL J0014.7+5801,3.6867,58.0272,bll,0.38550222,2.6091993e-12,1.7710534,1.3330898651401503e+45
4FGL J0014.8+6118,3.7212,61.3037,bcu,0.4981355,7.0648517e-12,2.0914214,7.410291933142433e+45
4FGL J0015.6+5551,3.9071,55.8636,bll,0.34985244,4.3148636e-12,1.820141,1.7935500824220707e+45
4FGL J0018.8+2611,4.719,26.1896,fsrq,1.9376559,2.7862957e-12,2.8122284,1.8776454343564876e+47
4FGL J0020.3+6919,5.0918,69.3322,bcu,1.0884188,3.1240696e-12,2.6460407,3.418586146837423e+46
4FGL J0021.5-2221,5.3834,-22.3583,bcu,1.2957842,1.4560738e-12,2.6953835,2.7129319684022283e+46
4FGL J0024.5-0810,6.1376,-8.1809,bcu,1.3830683,1.335015e-12,2.5707269,2.6900623262857465e+46
4FGL J0028.5+2001,7.1262,20.017,fsrq,1.0838851,4.1030332e-11,2.2192743,3.2438943279748074e+47
4FGL J0028.8-0112,7.2174,-1.2022,bll,0.5173437,8.8199765e-13,2.110465,1.0221438839186312e+45
4FGL J0030.2+0001,7.5526,0.0329,bll,0.4075516,1.1218512e-12,2.1695535,7.45979006434404e+44
4FGL J0032.5-4724,8.1497,-47.4039,bcu,0.3369132,8.227701e-13,1.6941252,3.0254959091067194e+44
4FGL J0033.3-2040,8.3457,-20.6674,bll,0.33503425,9.125949e-13,1.6612482,3.282572433836627e+44
4FGL J0035.8-0837,8.9577,-8.6324,bll,0.8603147,1.5096249e-12,2.1166365,6.185138760384816e+45
4FGL J0035.8+6131,8.9684,61.5234,bcu,1.3683692,6.0981905e-12,2.621857,1.246401851400706e+47
4FGL J0035.9+5950,8.9823,59.8334,bll,0.4494259,3.38651e-11,1.7666059,2.456296218815421e+46
4FGL J0036.8+1431,9.2162,14.53,bcu,0.5625082,1.6732693e-12,2.3721178,2.6738529790778923e+45
4FGL J0041.3+6052,10.343,60.8783,bcu,1.4437561,8.233013e-12,2.766443,2.2281431279787836e+47
4FGL J0041.9-4702,10.4839,-47.0458,bll,0.525288,9.139773e-13,1.6857028,9.188182402092257e+44
4FGL J0044.8+6802,11.2189,68.0382,bcu,1.0803714,7.705197e-12,2.506201,7.454024961211889e+46
4FGL J0044.9+4553,11.2311,45.8926,bcu,0.6921235,2.0075447e-12,2.4884741,5.80824974842638e+45
4FGL J0047.0+5657,11.7535,56.9601,bll,0.69428694,6.2906663e-12,2.1619983,1.5448730440645632e+46
4FGL J0047.9+5448,11.9872,54.8017,bcu,0.41358197,1.4801207e-12,1.7160591,8.715357666577946e+44
4FGL J0049.2+6227,12.3112,62.4626,bcu,0.8222616,2.8808906e-12,2.3391886,1.2042815617191945e+46
4FGL J0050.8-3428,12.7183,-34.4675,bcu,0.3050279,6.405429e-13,1.9453152,2.0154558077696693e+44
4FGL J0056.5-3936,14.1458,-39.6109,bll,1.3177423,1.1640268e-12,2.163942,1.4556954983030598e+46
4FGL J0057.0+4101,14.2534,41.0179,bcu,0.57853615,1.2319527e-12,2.0979626,1.8659609510916612e+45
4FGL J0057.3+2216,14.3415,22.273,bcu,0.6805773,1.9919446e-12,2.1136773,4.538405837154916e+45
4FGL J0058.3+1723,14.577,17.3884,bll,0.514709,6.7635226e-13,1.5155816,6.047033583142442e+44
4FGL J0059.5-3338,14.8869,-33.6407,fsrq,0.8123341,1.974583e-12,2.8047664,1.0547819485998251e+46
4FGL J0101.3-8019,15.3324,-80.3235,fsrq,1.1448048,2.027408e-12,2.7389755,2.744302380923083e+46
4FGL J0102.1+5846,15.5371,58.7781,bcu,0.68965334,3.043305e-12,2.313264,7.956443572983353e+45
4FGL J0102.8+5824,15.701,58.4092,fsrq,0.6418955,4.1235716e-11,2.2838695,8.842908454674695e+46
4FGL J0103.5+5337,15.8787,53.6262,bll,0.23528282,7.845164e-12,1.8221352,1.3340125270316157e+45
4FGL J0105.5+1912,16.3962,19.2052,bll,0.95613784,9.0459763e-13,2.3,5.4665171493684025e+45
4FGL J0105.9+3403,16.4847,34.0644,bll,1.4007367,2.3031108e-12,2.7534559,5.642873957724575e+46
4FGL J0107.4+0334,16.8508,3.5691,bll,0.5391853,2.0286682e-12,2.1854582,2.6860452038921257e+45
4FGL J0107.6+4950,16.9067,49.8415,bcu,0.8326499,1.7470902e-12,2.2656782,7.217613141574039e+45
4FGL J0109.7+6133,17.445,61.5615,fsrq,1.637017,2.6603853e-11,2.627819,9.087195934377922e+47
4FGL J0110.1+6805,17.5454,68.0973,bll,0.20731696,2.2285358e-11,1.9886951,2.954408736592772e+45
4FGL J0110.2+4151,17.5581,41.8591,bll,0.26907152,1.0699177e-12,1.8334662,2.4621151250152717e+44
4FGL J0110.3-0431,17.5797,-4.5267,bcu,0.73714,1.648609e-12,2.3668318,5.268469915455397e+45
4FGL J0111.4-7304,17.8557,-73.0719,bcu,0.60838693,1.293766e-12,2.1697872,2.2941528239884985e+45
4FGL J0112.6-3158,18.1611,-31.9743,bll,0.44759348,1.000015e-12,2.013326,7.871979519904484e+44
4FGL J0112.8-0253,18.2061,-2.8965,bcu,0.7719203,1.0300475e-12,2.0622973,3.118152391330111e+45
4FGL J0114.0+6418,18.5151,64.304,bcu,0.549075,3.5465853e-12,2.132163,4.798327814014261e+45
4FGL J0115.6-5653,18.9053,-56.8954,bcu,0.834263,5.6054337e-13,1.6842656,1.6355808702878923e+45
4FGL J0118.7-0848,19.6884,-8.808,bcu,1.2115356,2.7157124e-12,2.6799011,4.1259524292553134e+46
4FGL J0121.8+1147,20.4673,11.7961,fsrq,0.32993641,9.117556e-13,2.0146165,3.5049169057463774e+44
4FGL J0122.1-3004,20.5293,-30.0697,bcu,0.47182804,6.557921e-13,1.4475635,4.703832947676665e+44
4FGL J0123.7+4209,20.9338,42.1646,bll,0.3169834,9.142585e-13,1.8932304,3.097438175317845e+44
4FGL J0125.3-5112,21.3296,-51.2115,fsrq,1.0464252,1.6392133e-12,2.6975021,1.6670091469590162e+46
4FGL J0125.4+3200,21.3656,32.0086,bcu,1.4092265,2.210146e-12,2.8849206,6.186256155560689e+46
4FGL J0125.8+2605,21.4745,26.0884,bcu,0.865606,2.1457263e-12,2.4926414,1.1286777963314815e+46
4FGL J0126.5-1553,21.6487,-15.8849,bcu,1.2514675,1.4601046e-12,2.5429344,2.1765078063321222e+46
4FGL J0127.3-0148,21.8421,-1.8001,bll,0.4628278,1.0627333e-12,2.1907659,9.692399313950035e+44
4FGL J0128.2-1722,22.0504,-17.3752,bcu,0.9864066,1.7048573e-12,2.4768198,1.261776070477851e+46
4FGL J0128.3+5710,22.0835,57.17,bcu,0.549731,2.3448856e-12,2.317836,3.451431622746004e+45
4FGL J0129.0+6312,22.27,63.2118,bcu,1.741671,9.63604e-12,2.7114627,4.272258129016231e+47
4FGL J0131.1+6120,22.7924,61.3372,bll,0.25848803,1.4914292e-11,1.8156923,3.123759440084978e+45
4FGL J0131.2+5547,22.8214,55.7849,bcu,0.38333595,6.077383e-12,2.1350937,3.4497036695672474e+45
4FGL J0133.7-5527,23.445,-55.4502,bcu,0.50205904,1.0565154e-12,2.3062625,1.2326075967351149e+45
4FGL J0135.0+5338,23.7639,53.6351,bcu,1.7573843,1.8509543e-12,2.5375915,7.061397320453615e+46
4FGL J0135.3-2728,23.8278,-27.4694,bcu,0.76477444,9.585972e-13,2.2937756,3.234325073233953e+45
4FGL J0136.8+2032,24.2019,20.5381,bcu,0.76499045,1.8053899e-12,2.6306813,7.38181572185769e+45
4FGL J0137.5+0847,24.3853,8.7989,fsrq,1.248201,2.153821e-12,2.8292165,4.019471416387392e+46
4FGL J0137.9+5814,24.4957,58.2494,bll,0.07971059,1.7482531e-11,1.9565228,2.9184026535848648e+44
4FGL J0138.6+2923,24.6637,29.3855,bcu,1.5075966,3.0615423e-12,2.6827228,8.704078037408967e+46
4FGL J0143.3-0119,25.8474,-1.3274,bcu,1.2141407,1.0638703e-12,2.5622451,1.4810226072224055e+46
4FGL J0145.9+2319,26.4827,23.3329,bcu,0.6879873,2.6792939e-12,2.3955083,7.267747643215132e+45
4FGL J0147.6+1547,26.9015,15.7955,bcu,0.4349807,1.6053686e-12,2.435945,1.3754372245726175e+45
4FGL J0147.6-6028,26.9157,-60.4752,bcu,0.34115085,8.760199e-13,1.8969439,3.516310558923272e+44
4FGL J0147.6-0825,26.9177,-8.4245,bcu,0.952728,3.2032985e-12,2.3709593,2.0110788169263184e+46
4FGL J0148.2+5201,27.0594,52.0243,bll,0.460487,5.8647943e-12,1.7966598,4.5504790268464907e+45
4FGL J0149.8+2650,27.465,26.8496,bll,0.8483567,1.4988829e-12,2.2510748,6.439590900949389e+45
4FGL J0150.5-3337,27.6429,-33.6203,bcu,0.6015742,1.0970645e-12,2.450639,2.1592025507837735e+45
4FGL J0151.7+5455,27.9312,54.9172,bcu,0.8785488,3.478519e-12,2.507407,1.9219899478367481e+46
4FGL J0152.6-1404,28.166,-14.0695,fsrq,1.1956842,1.4698599e-12,2.7891104,2.3441731147650934e+46
4FGL J0153.5-5107,28.396,-51.1293,fsrq,0.6961572,1.3590567e-12,3.0366707,5.3341732637721174e+45
4FGL J0154.5-6604,28.6461,-66.0793,bcu,1.438124,6.091228e-12,2.343447,1.1179419872846584e+47
4FGL J0155.4-0625,28.8536,-6.4224,bcu,0.8029143,1.0650348e-12,2.2712429,4.0201394943350846e+45
4FGL J0156.1+1502,29.0316,15.0405,bcu,0.43128905,9.872438e-13,1.7818102,6.548884682113808e+44
4FGL J0156.6-1758,29.1655,-17.9732,bcu,0.6139874,1.5633553e-12,2.2353058,2.926452458032745e+45
4FGL J0156.9-3235,29.2453,-32.5984,bcu,0.3058978,7.913213e-13,1.8019382,2.4120987364953143e+44
4FGL J0158.2+2515,29.5735,25.2663,bll,0.7004517,7.1424144e-13,1.5792304,1.3161083043949242e+45
4FGL J0158.5-5005,29.6263,-50.088,bcu,1.635621,4.564568e-12,2.432668,1.2873457987566644e+47
4FGL J0158.9+7037,29.7382,70.6328,bcu,1.1850182,1.1290369e-12,2.3432639,1.2382582862196626e+46
4FGL J0202.1+3939,30.5335,39.6635,fsrq,1.5067903,1.9762703e-12,2.5633583,5.027146023557439e+46
4FGL J0202.3-0605,30.5758,-6.0977,bcu,0.65183675,1.2402989e-12,2.3327591,2.834417445296474e+45
4FGL J0203.9+5411,30.9799,54.1873,bcu,0.72822124,1.5354968e-12,2.2367346,4.4275989857338e+45
4FGL J0204.1-2919,31.0473,-29.3217,bcu,0.5060952,4.69665e-13,1.9966953,4.924501904351818e+44
4FGL J0205.2-3050,31.3011,-30.8365,bcu,1.7767951,1.3687767e-12,2.684005,6.253095752905345e+46
4FGL J0206.4+3829,31.6172,38.4948,bcu,0.3810723,1.3154236e-12,1.9237809,6.876522500229167e+44
4FGL J0209.7+6437,32.4275,64.6314,bcu,1.380325,3.583725e-12,2.5899715,7.302130065712802e+46
4FGL J0213.2-0503,33.3031,-5.0625,bll,1.129019,8.297539e-13,2.3356419,7.958516820797301e+45
4FGL J0214.1-4733,33.5464,-47.5577,bll,0.3950568,1.1585683e-12,2.0240762,6.8103270026896066e+44
4FGL J0214.3+5145,33.5946,51.757,bll,0.22685425,5.4422304e-12,1.8673714,8.612928654860455e+44
4FGL J0214.6-4333,33.6682,-43.5527,bcu,0.8399075,5.076989e-13,1.6153065,1.442698980695789e+45
4FGL J0215.2-1619,33.8031,-16.3277,bll,0.49690613,1.0969296e-12,2.0758035,1.136515196272202e+45
4FGL J0215.9+0521,33.986,5.3519,bcu,0.5108629,1.5802636e-12,2.159031,1.8119601010116304e+45
4FGL J0218.7+2640,34.6851,26.6812,bcu,0.31957978,8.687429e-13,1.8566601,2.96841582650547e+44
4FGL J0218.9-2305,34.731,-23.0986,bcu,1.4932466,4.6288455e-12,2.5127714,1.0962384623049817e+47
4FGL J0221.2-1312,35.313,-13.2046,bcu,0.7374771,1.7156082e-12,2.7403028,6.746894782189956e+45
4FGL J0221.8+3730,35.469,37.511,bcu,0.7296438,1.8533898e-12,2.356019,5.733576080344496e+45
4FGL J0223.0+6821,35.7648,68.3646,bll,0.5675466,5.2928543e-12,2.08546,7.606048366870146e+45
4FGL J0223.2-1653,35.8128,-16.8868,fsrq,1.338331,2.0422633e-12,2.7023692,4.198279242095039e+46
4FGL J0223.5+5415,35.8799,54.25,bcu,0.42031956,1.3737872e-12,1.8758262,8.876586144837357e+44
4FGL J0225.5-5618,36.3842,-56.3049,bcu,0.50134027,6.8070316e-13,1.7955229,6.4301197191803226e+44
4FGL J0227.0-1739,36.7591,-17.6637,bcu,1.0256646,1.6908383e-12,2.4909933,1.4046121788725384e+46
4FGL J0227.3-6119,36.826,-61.3177,bcu,0.6376,1.3451927e-12,2.3629606,2.9487959106910455e+45
4FGL J0228.5-2234,37.1313,-22.582,bcu,0.6662751,1.199225e-12,2.347577,2.9209121135526775e+45
4FGL J0228.7+6718,37.1976,67.3064,fsrq,1.2096028,7.824412e-12,2.595539,1.1068199004532579e+47
4FGL J0230.0-5236,37.5205,-52.6054,bcu,1.2304941,1.4369535e-12,2.4534972,1.9026249517288367e+46
4FGL J0240.6+3528,40.1581,35.476,bcu,0.5400633,1.147531e-12,2.001704,1.409129300385834e+45
4FGL J0241.3+6543,40.3386,65.7288,bll,0.33373103,9.291025e-12,2.1053672,3.76493818431954e+45
4FGL J0242.3+5216,40.5974,52.2798,bcu,1.4183512,1.0098207e-11,2.6542022,2.350289221835839e+47
4FGL J0242.9+0045,40.7476,0.7526,bll,0.63914233,1.7251025e-12,2.0466287,3.254474389052011e+45
4FGL J0243.7+0321,40.9314,3.36,bcu,1.6108562,1.6122712e-12,2.3697977,4.106623425930956e+46
4FGL J0245.5-4502,41.3934,-45.0475,fsrq,1.5781547,2.2402536e-12,2.8884063,8.825615381171591e+46
4FGL J0248.6+5131,42.1587,51.5333,bcu,0.8685071,1.02117195e-11,1.9622244,3.890377452276352e+46
4FGL J0248.6-3511,42.1656,-35.1997,bcu,1.0021045,2.1243014e-12,2.8186877,2.0801847946384127e+46
4FGL J0249.7+4500,42.4447,45.0108,bcu,0.6435493,6.068521e-13,1.5608128,9.1457519080413e+44
4FGL J0250.3-3422,42.5813,-34.3746,bcu,1.1445297,6.7634966e-13,2.3637085,6.871088135477664e+45
4FGL J0250.7+5630,42.6982,56.5137,bcu,0.3612246,6.108795e-12,2.043944,2.927118262595469e+45
4FGL J0253.9+5103,43.4933,51.0633,fsrq,1.25302,9.5327435e-12,2.49972,1.376701394718035e+47
4FGL J0254.5-7511,43.6356,-75.1938,bcu,0.708153,2.0000989e-12,2.5479047,6.345975697147127e+45
4FGL J0254.8+3933,43.7227,39.5638,fsrq,1.2306113,3.2821424e-12,2.6592157,5.126931081653274e+46
4FGL J0259.3+5453,44.8486,54.891,bcu,0.7017131,1.6641262e-12,1.9279315,3.7060666386178024e+45
4FGL J0259.4+0308,44.8544,3.1487,bcu,0.43627325,9.114981e-13,1.7281469,6.089112601151894e+44
4FGL J0300.2-0514,45.0748,-5.2474,bcu,0.45627794,9.521445e-13,2.1513877,8.26387543761512e+44
4FGL J0301.5-7156,45.4,-71.9408,fsrq,0.53579754,1.8927816e-11,2.2979183,2.5894035240839925e+46
4FGL J0303.6+4716,45.9098,47.2759,bll,0.7934356,2.5613697e-11,2.1517153,8.745114510923148e+46
4FGL J0304.5+3349,46.1379,33.8261,bcu,1.8753698,4.1598756e-12,2.5753849,1.9805335223538753e+47
4FGL J0304.5+6821,46.1411,68.3539,bcu,1.9635311,1.4753223e-11,2.6616344,8.781874017037365e+47
4FGL J0307.4+4915,46.8647,49.257,bll,0.92652327,1.2426337e-11,2.0706549,5.952046538596786e+46
4FGL J0311.2+6856,47.8043,68.9385,bcu,1.1105697,2.352222e-12,2.2137277,1.9719591689951074e+46
4FGL J0311.6+4134,47.9028,41.581,bcu,0.470278,1.1762158e-12,2.0601666,1.0606429875172835e+45
4FGL J0313.0+0229,48.273,2.4911,bcu,1.4202398,7.0699176e-12,2.4441173,1.3718079292603425e+47
4FGL J0316.6-2216,49.1542,-22.2736,bll,0.2355144,6.641698e-13,2.0066636,1.1768903147579045e+44
4FGL J0317.9+2010,49.4767,20.1801,bcu,0.3585186,1.0081948e-12,1.8283017,4.4429207767310554e+44
4FGL J0320.6+1125,50.1609,11.4328,bcu,0.22755688,2.5645827e-12,2.117796,4.302102496766669e+44
4FGL J0321.3+0425,50.326,4.4275,bcu,1.0725269,2.5139515e-12,2.632639,2.614254632239201e+46
4FGL J0321.3-1612,50.3271,-16.2096,bll,0.42607912,8.48858e-13,2.0967913,6.123245950176319e+44
4FGL J0321.7-7500,50.4345,-75.0041,bll,0.44361508,2.122471e-12,2.413018,1.8942200601291098e+45
4FGL J0322.4+6606,50.6146,66.1102,bcu,1.194692,3.5371484e-12,2.631006,4.969930647747378e+46
4FGL J0322.6-5040,50.658,-50.6711,fsrq,0.9455392,1.2797249e-12,2.592304,9.125020077676116e+45
4FGL J0325.2+4705,51.3103,47.0882,bcu,1.4228821,6.499474e-12,2.660265,1.5347152239806712e+47
4FGL J0327.0-3751,51.7523,-37.8625,bcu,0.88710713,1.1465377e-12,2.4481826,6.262699900076015e+45
4FGL J0327.8-2202,51.9735,-22.0448,fsrq,1.4643011,1.741198e-12,2.5250034,3.949599507981001e+46
4FGL J0328.9+3514,52.2433,35.2489,bcu,1.1779172,3.5382743e-12,2.6449678,4.830147193586923e+46
4FGL J0330.6+4659,52.653,46.9834,bcu,1.4684241,3.816272e-12,2.6536555,9.799776480350194e+46
4FGL J0331.8-7040,52.969,-70.6697,bll,0.46153826,1.1009287e-12,1.6778255,8.208644319421369e+44
4FGL J0331.9+6307,52.9909,63.1309,bll,0.7948181,1.2179608e-11,2.1410768,4.150760449696906e+46
4FGL J0332.2-1737,53.052,-17.6272,bcu,1.4984167,1.8388602e-12,2.6398392,4.93930172482393e+46
4FGL J0332.8+1557,53.2156,15.9593,bcu,0.61558944,1.6475241e-12,2.2007172,3.05318558510852e+45
4FGL J0333.9+6537,53.4767,65.6188,bll,0.4897415,1.4446131e-11,1.969419,1.385142954904344e+46
4FGL J0335.8+2733,53.9585,27.5614,bcu,0.44694197,1.5232342e-12,2.2031653,1.2817382489460122e+45
4FGL J0336.7-1305,54.1963,-13.0987,fsrq,1.2509294,2.9098453e-12,2.6458182,4.709573717479949e+46
4FGL J0338.7-5319,54.6783,-53.3324,bcu,0.57680035,9.815871e-13,1.8583362,1.323265678933838e+45
4FGL J0347.0+4844,56.7527,48.7376,fsrq,1.27943,5.369279e-12,2.5909066,8.851759553604479e+46
4FGL J0347.6-0133,56.9013,-1.5514,bcu,0.5589785,9.059322e-13,1.7697121,1.0902965931582447e+45
4FGL J0347.7-3616,56.947,-36.2808,bcu,0.6783283,3.5088404e-12,2.2816715,8.649697021562691e+45
4FGL J0348.2+6035,57.0541,60.5904,bcu,0.47862563,3.345949e-12,1.9110669,2.9692244557079354e+45
4FGL J0348.6-2749,57.1538,-27.8215,fsrq,0.7418696,1.7108989e-10,2.0860367,4.757043709134673e+47
4FGL J0348.8+4610,57.2185,46.1695,bcu,1.7628508,3.670181e-12,2.7044995,1.6734631806172385e+47
4FGL J0348.9-4859,57.2338,-48.998,bcu,0.48701826,1.6750991e-12,2.4186463,1.8942247906873237e+45
4FGL J0349.6+2410,57.423,24.1775,bcu,1.9917771,3.2502087e-12,2.7938867,2.330366941335856e+47
4FGL J0350.6-3226,57.6594,-32.4473,bcu,0.9512636,1.6333783e-12,2.4055378,1.0451812509731285e+46
4FGL J0351.2-6103,57.8079,-61.0526,bcu,0.4785578,6.9513357e-13,2.0016036,6.388861852172661e+44
4FGL J0351.6+2921,57.9172,29.358,bcu,0.8496855,2.093291e-12,2.2,8.75035418645047e+45
4FGL J0352.0-3702,58.0082,-37.0485,bll,0.36540774,5.865032e-13,1.719149,2.60957691792995e+44
4FGL J0353.0+5654,58.272,56.9026,bll,0.43861195,7.106329e-12,2.0617852,5.425650667059787e+45
4FGL J0354.4+4643,58.609,46.7231,bcu,1.0910456,1.0110184e-11,2.549332,1.037138948653772e+47
4FGL J0354.7-1617,58.6779,-16.287,fsrq,1.0959285,2.0357494e-12,2.524565,2.0757788730885475e+46
4FGL J0358.5-5432,59.6317,-54.5376,bcu,1.1510515,8.129886e-13,2.4361181,8.863213736891612e+45
4FGL J0358.9+6004,59.7328,60.0767,fsrq,1.6807944,4.9691514e-12,2.5481799,1.6915367755407468e+47
4FGL J0359.6+5057,59.9158,50.959,fsrq,1.6887547,4.1480826e-11,2.6624157,1.6019796975494338e+48
4FGL J0359.6+3213,59.9206,32.2286,fsrq,1.9049506,5.093902e-12,2.6082418,2.6251040097926985e+47
4FGL J0401.2+8153,60.3224,81.8881,bll,0.5093399,7.171516e-13,1.9137318,7.378995608523866e+44
4FGL J0402.9+6433,60.7373,64.5517,bcu,0.73404425,2.4060196e-12,2.12284,6.649466909784977e+45
4FGL J0410.9+4216,62.736,42.2777,bcu,0.9263062,6.220241e-12,2.2248445,3.294414428212707e+46
4FGL J0411.7+3041,62.9461,30.6834,bcu,1.170441,2.2476426e-12,2.382344,2.458826089832235e+46
4FGL J0412.6-5434,63.1542,-54.5722,bcu,0.46256116,1.0064237e-12,2.0623212,8.729091484702784e+44
4FGL J0412.7-3927,63.1872,-39.4623,bcu,0.33739263,7.221364e-13,1.7022805,2.6702659909551937e+44
4FGL J0414.6-0842,63.6584,-8.7051,bll,0.53406,1.3851391e-12,2.2640643,1.8525260717355817e+45
4FGL J0415.2-5741,63.8016,-57.6904,bcu,0.35785374,4.844812e-13,1.6619875,2.020504797939864e+44
4FGL J0416.0-4743,64.003,-47.7333,bcu,1.0537721,8.317268e-13,2.438424,7.159513887158088e+45
4FGL J0416.4-2059,64.1224,-20.9869,bcu,1.055911,1.3735088e-12,2.4762628,1.2216507828757735e+46
4FGL J0420.0+0805,65.0086,8.0999,bcu,0.84282297,1.6377279e-12,2.3686526,7.434335947620708e+45
4FGL J0420.2+4012,65.0547,40.201,bll,0.38521752,3.0907742e-12,1.8756078,1.631108173653333e+45
4FGL J0421.6-0627,65.4057,-6.4582,bll,0.4794658,1.6922689e-12,2.1311033,1.64368178412869e+45
4FGL J0423.7+0831,65.928,8.5293,bcu,0.49989775,7.968914e-13,1.8152565,7.537467357143165e+44
4FGL J0423.9+4150,65.9781,41.8342,bll,0.6845677,2.771151e-11,1.9531106,5.891434657413773e+46
4FGL J0425.3+6319,66.3371,63.3262,bcu,0.6704267,4.6415493e-12,1.7835349,8.60076011900168e+45
4FGL J0426.5+0517,66.6377,5.2855,fsrq,1.7136377,1.0722228e-11,2.6519978,4.273752175328174e+47
4FGL J0426.5+2007,66.6405,20.1326,bcu,1.3231684,2.5252953e-12,2.6448867,4.786843278607091e+46
4FGL J0427.5-1831,66.8856,-18.5328,bcu,0.467852,7.6296743e-13,1.753967,6.041650944858935e+44
4FGL J0428.7-5003,67.1923,-50.0654,bcu,0.7231457,1.112176e-12,2.3450537,3.341721179443961e+45
4FGL J0431.2-0358,67.8239,-3.9672,bcu,0.5982765,1.9070153e-12,2.5802565,3.932169609301188e+45
4FGL J0433.5-1039,68.3986,-10.6607,bcu,0.78589624,1.4900626e-12,2.25931,5.286393929871898e+45
4FGL J0434.3-2517,68.5914,-25.2865,bcu,1.4313186,1.4759478e-12,2.513778,3.11184347632964e+46
4FGL J0436.8-5223,69.2198,-52.3934,bcu,0.76618624,3.6171352e-12,2.6043372,1.4631694273188385e+46
4FGL J0437.2-5846,69.3164,-58.7773,bcu,0.93442374,1.4749999e-12,2.705032,1.0967232794007965e+46
4FGL J0440.2+4246,70.0696,42.7667,bcu,0.89490324,1.1784471e-12,2.1624408,5.4892144634834525e+45
4FGL J0440.3-4332,70.0829,-43.5448,fsrq,1.4402031,2.4291248e-11,2.6036034,5.644523272901903e+47
4FGL J0441.2-2953,70.3216,-29.896,bll,0.5834054,1.0963085e-12,2.354919,1.9074387870915374e+45
4FGL J0441.3-2617,70.335,-26.2937,bcu,0.38500923,5.542036e-13,1.6987098,2.757520186093346e+44
4FGL J0444.6+3425,71.1598,34.4185,bcu,0.91004324,6.619293e-12,2.1921942,3.279845382680666e+46
4FGL J0446.3-1729,71.5979,-17.4886,bcu,0.288516,9.131333e-13,1.8083512,2.4433440270100135e+44
4FGL J0449.6+3027,72.4186,30.4664,bcu,1.5595132,3.1228889e-12,2.6149647,9.18151400663168e+46
4FGL J0450.8-2327,72.7227,-23.4639,bcu,0.50571597,1.3847484e-12,2.3084433,1.6465570710597858e+45
4FGL J0451.8+5721,72.9698,57.3548,bcu,0.27581945,1.5619404e-12,1.9172266,3.8786190086084845e+44
4FGL J0452.0+2100,73.0072,21.0033,bcu,0.42350435,1.0051891e-12,1.6889975,6.188033906895986e+44
4FGL J0453.5-1233,73.3784,-12.5612,bcu,0.88696784,2.0181042e-12,2.594017,1.208789787746931e+46
4FGL J0453.9+3727,73.4897,37.4568,bcu,0.5828976,2.1473867e-12,2.2367265,3.530946873576601e+45
4FGL J0456.4-4043,74.1111,-40.7222,bcu,0.7569587,1.3470824e-12,2.482117,4.9221911882879075e+45
4FGL J0458.6+5509,74.6735,55.1651,bcu,1.0055873,2.8211092e-12,2.431795,2.1315773745087064e+46
4FGL J0459.2-2612,74.8003,-26.214,bcu,0.76675665,1.0859962e-12,2.3139973,3.731373248130852e+45
4FGL J0459.7-4529,74.9281,-45.4994,bcu,1.4217528,3.2649215e-12,2.5213573,6.802695306349722e+46
4FGL J0500.1+5447,75.0353,54.7843,bcu,0.9571711,2.2828321e-12,2.3086655,1.3914899064066448e+46
4FGL J0500.2+5237,75.0735,52.6332,bll,0.15485582,5.477392e-12,1.8597474,3.739573761286737e+44
4FGL J0500.4-5321,75.1215,-53.3626,bcu,1.277522,6.9158237e-13,2.444998,1.0069036427853488e+46
4FGL J0501.0-2423,75.2732,-24.3935,bcu,2.0355616,4.057583e-12,2.9309754,3.6136064116090204e+47
4FGL J0501.7+3048,75.4313,30.8028,bcu,0.54965657,3.6911112e-12,2.0586183,4.848128780727749e+45
4FGL J0502.5+3438,75.6366,34.6338,bcu,0.9232737,1.4516487e-11,2.4087048,8.598020487317656e+46
4FGL J0503.6+4518,75.9202,45.3113,bcu,0.38333347,6.1497005e-12,1.9328458,3.2689650887293954e+45
4FGL J0504.3-0955,76.0856,-9.9215,bcu,0.31201127,1.1762365e-12,2.0129929,3.970631950194787e+44
4FGL J0505.8+3322,76.4554,33.3742,bcu,0.30904603,3.4665747e-12,2.1381269,1.183894820574506e+45
4FGL J0507.9+4647,76.9786,46.7951,bcu,1.2640946,6.1824612e-12,2.6991305,1.0765631804516691e+47
4FGL J0508.2+5211,77.0591,52.1886,bcu,0.6216384,1.8891618e-12,2.139946,3.483777278021865e+45
4FGL J0509.1-7317,77.2973,-73.2995,bcu,0.44414583,9.637023e-13,2.2187135,8.031870454307559e+44
4FGL J0509.2+5550,77.3192,55.8343,bcu,1.1980116,3.0545447e-12,2.298719,3.3294880359017303e+46
4FGL J0512.8+4041,78.2186,40.6945,bcu,0.94439787,1.0072237e-11,2.3208497,5.975978563818748e+46
4FGL J0513.9-3746,78.4961,-37.7774,bll,1.0087221,2.2068838e-12,2.4605262,1.7154873550029906e+46
4FGL J0515.9+0537,78.9852,5.6219,bcu,0.57370746,1.6087142e-12,2.2730536,2.5843362502080686e+45
4FGL J0516.7+2743,79.1759,27.7194,bcu,0.73637307,3.32901e-12,2.4914277,1.1364892887329773e+46
4FGL J0516.8-0509,79.2241,-5.1547,fsrq,1.5484344,3.8919033e-12,2.8434916,1.3886554428975458e+47
4FGL J0517.9-6930c,79.4848,-69.5093,bcu,1.268225,2.2943587e-12,2.539184,3.5374884608342157e+46
4FGL J0519.6+2744,79.9026,27.7405,bcu,0.58293146,1.4700784e-12,2.0176897,2.1862258340866217e+45
4FGL J0520.4+3607,80.1028,36.1198,bcu,1.7169814,5.34474e-12,2.639972,2.11668076350034e+47
4FGL J0520.6+6531,80.166,65.5255,bcu,0.53908557,7.312697e-13,1.6248394,7.599735141403165e+44
4FGL J0521.4-2957,80.3694,-29.9653,bcu,0.39960405,8.180847e-13,2.022945,4.9386971565484035e+44
4FGL J0521.7+2112,80.4445,21.2131,bll,0.25170636,1.1687418e-10,1.9517566,2.3782099590700375e+46
4FGL J0521.8+5658c,80.4529,56.9669,bcu,1.6422305,2.8990263e-12,2.6043046,9.76661370723329e+46
4FGL J0524.1-5659,81.0328,-56.9863,bcu,0.84772104,1.4987997e-12,2.4208972,7.133097623609683e+45
4FGL J0524.5+2839,81.128,28.6572,bcu,0.47027954,8.236119e-12,2.0394294,7.367783226528194e+45
4FGL J0524.5-2614,81.1471,-26.2389,bcu,0.54790664,1.555861e-12,2.246053,2.20084878109754e+45
4FGL J0524.6-2819,81.1732,-28.3288,bcu,1.3947794,1.870898e-12,2.6216493,4.035284588543913e+46
4FGL J0526.3+2246,81.5908,22.7778,bcu,0.28682998,3.458569e-12,2.1854632,1.004423303446101e+45
4FGL J0527.3-6223,81.8385,-62.3951,bll,0.42667302,1.1500901e-12,2.019515,8.098447777705098e+44
4FGL J0530.4+3303,82.6095,33.0533,bcu,0.5052304,2.723475e-12,2.0416932,2.89675313451921e+45
4FGL J0532.7+5749,83.1939,57.8238,bcu,1.4466431,3.1807942e-12,2.5469072,7.114482479394985e+46
4FGL J0532.9+6936,83.25,69.6066,bcu,0.4296527,1.2757826e-12,2.3026028,1.0105594227607289e+45
4FGL J0533.3+4823,83.3338,48.3834,fsrq,0.8938969,3.1486844e-11,2.3736572,1.6736802182252499e+47
4FGL J0534.1-7218,83.5445,-72.3077,bll,1.1650606,1.3022527e-12,2.363601,1.3869508466353755e+46
4FGL J0535.7-6604c,83.9471,-66.0792,bcu,0.39512485,1.1508907e-12,1.8002493,6.281865149572678e+44
4FGL J0536.2+1733,84.0719,17.5534,bll,0.27862623,4.5825444e-12,2.0756063,1.2106165556524864e+45
4FGL J0538.6+0443,84.663,4.7262,bcu,0.6174095,1.4450764e-12,1.8847136,2.31755284135959e+45
4FGL J0539.0+1644,84.75,16.7432,bcu,0.5861166,2.2796422e-12,1.9343492,3.305663737385189e+45
4FGL J0539.6+1432,84.9052,14.5443,FSRQ,1.4271576,1.0387471e-11,2.5947332,2.334194679855189e+47
4FGL J0539.7-1030,84.9266,-10.5109,bcu,0.75796837,2.5323708e-12,2.4192917,8.962624970113073e+45
4FGL J0539.7-0521c,84.9408,-5.3555,bcu,1.6752418,5.062954e-12,2.6408474,1.87062209787302e+47
4FGL J0540.0+1209,85.0078,12.151,bcu,0.9321099,4.2861873e-12,2.3876286,2.567866258503758e+46
4FGL J0542.4+3547c,85.6081,35.7849,bcu,1.7069644,6.4239287e-12,2.5376656,2.2595676769997553e+47
4FGL J0542.8-3458,85.704,-34.9826,bcu,0.48387125,1.0719406e-12,1.9649005,9.96971467105372e+44
4FGL J0543.2+8238,85.8059,82.6344,bcu,0.91985774,3.7052436e-12,2.4795485,2.2758585550849365e+46
4FGL J0545.0+0613c,86.2679,6.2271,bcu,1.6517811,5.333705e-12,2.6352265,1.882550557609542e+47
4FGL J0548.5-5218,87.1442,-52.3153,bcu,0.78923464,1.4312712e-12,2.0357726,4.5073015999081925e+45
4FGL J0549.0+3258c,87.2698,32.9686,bcu,0.51506037,3.8074648e-12,2.0407085,4.240486636372935e+45
4FGL J0550.9+2552c,87.7457,25.871,bcu,1.37268,4.8012115e-12,2.6018722,9.731173747027926e+46
4FGL J0551.0-1622,87.7503,-16.3808,bcu,1.3503561,9.918445e-13,2.3512573,1.5496405424557128e+46
4FGL J0552.4+3755,88.1033,37.92,bcu,0.9449107,5.5287806e-12,2.5778177,3.897333100690169e+46
4FGL J0554.3-1009c,88.5897,-10.1525,bcu,1.4605569,4.485908e-12,2.6186466,1.0992327470552429e+47
4FGL J0554.4-2757,88.6104,-27.9564,bll,0.40815407,9.061476e-13,1.5423665,4.878691186847701e+44
4FGL J0555.6+3947,88.9015,39.7878,fsrq,1.793975,1.5010328e-11,2.7542827,7.578456603758354e+47
4FGL J0557.2+7705,89.3129,77.0854,bcu,0.6640486,1.4606015e-12,2.1546376,3.196976954690625e+45
4FGL J0557.4-0302,89.3743,-3.0455,bcu,1.2640553,3.492158e-12,2.5060515,5.192926964777285e+46
4FGL J0559.6+3044,89.9039,30.7471,bcu,0.39659387,2.1084987e-12,1.6433537,1.1014583233428002e+45
4FGL J0559.7-1817,89.9458,-18.2984,bcu,1.0195947,2.1036551e-12,2.5674126,1.8145303124399397e+46
4FGL J0600.3+1244,90.0816,12.7444,bll,0.33425745,4.26034e-12,1.5504045,1.4765316570182792e+45
4FGL J0601.0+3838,90.2687,38.6345,bll,0.18856771,8.637991e-12,2.006946,9.301819101963992e+44
4FGL J0601.4+2320,90.3703,23.3478,fsrq,2.1078656,9.4843855e-12,2.7780752,7.904081635433169e+47
4FGL J0603.0-2936,90.7622,-29.6108,bcu,1.0002544,1.4277502e-12,2.496543,1.1123436567140784e+46
4FGL J0603.9+2159,90.9815,21.9848,bcu,0.9295044,1.1051251e-11,2.5215383,7.176585472710828e+46
4FGL J0608.8+5553,92.2005,55.899,bcu,1.2628437,1.8597522e-12,2.4909613,2.7244393140943365e+46
4FGL J0609.5+1402,92.3996,14.0395,bcu,1.6589226,8.1198225e-12,2.6105363,2.832168008196486e+47
4FGL J0610.7+1656,92.6761,16.946,bcu,1.6011924,7.500068e-12,2.7178035,2.621680375857934e+47
4FGL J0611.6+2803,92.9237,28.0561,bll,0.7957981,6.9911065e-12,2.401088,2.7828831947984325e+46
4FGL J0613.6+7108,93.4141,71.1355,bll,0.52772385,1.8670404e-12,2.0941036,2.2553722328491058e+45
4FGL J0613.6+1709,93.4217,17.1516,bcu,1.2150141,3.3138535e-12,2.56436,4.630236610342714e+46
4FGL J0614.9+2426,93.7394,24.4475,bcu,0.7304841,3.146099e-12,2.3285444,9.615765272012291e+45
4FGL J0616.1-1732,94.0356,-17.5474,bll,0.45769623,1.0015238e-12,1.7818943,7.619695509294238e+44
4FGL J0617.9-0319,94.4951,-3.3303,bcu,1.1960448,3.203064e-12,2.6479013,4.575259635820531e+46
4FGL J0618.9-1138,94.7482,-11.636,bcu,1.3264862,4.2655298e-12,2.4846816,7.112837389121008e+46
4FGL J0620.0+5733,95.018,57.5595,bcu,0.40251794,8.5847925e-13,1.9905553,5.214810387025147e+44
4FGL J0620.7+2643,95.1766,26.7291,bll,0.31784275,2.9152577e-12,1.5881367,9.13545306387721e+44
4FGL J0621.2-4648,95.3015,-46.8071,bcu,0.7748852,2.0747906e-12,2.6969438,9.125795994274181e+45
4FGL J0621.8+1746,95.4517,17.7789,bll,0.30140856,3.6787214e-12,1.936458,1.1236439251040187e+45
4FGL J0622.9+3326,95.7296,33.4335,BCU,0.72511786,2.77075e-11,2.2398374,7.91656343688515e+46
4FGL J0623.2+3044,95.8231,30.7395,bll,0.3067202,3.9461247e-12,1.982233,1.2699748886511308e+45
4FGL J0623.6-3351,95.9063,-33.8541,bcu,1.3847775,1.139603e-11,2.339804,1.885243025978244e+47
4FGL J0624.1-6330,96.0406,-63.5097,bcu,0.36744392,1.3240567e-12,2.1054149,6.7323531177583105e+44
4FGL J0624.2-2943,96.0616,-29.7178,bcu,0.25805667,1.3554735e-12,1.9742693,2.933278938173829e+44
4FGL J0626.8-2603,96.7166,-26.0581,bcu,0.8181777,1.7978379e-12,2.546008,8.39488391941171e+45
4FGL J0627.0+2623,96.752,26.3959,bcu,0.59589607,9.457326e-13,1.5975456,1.2189543459082236e+45
4FGL J0628.6-6711,97.152,-67.1871,bcu,1.2540159,1.4830302e-12,2.5752702,2.2823616796369666e+46
4FGL J0629.6+2435,97.4084,24.5877,bcu,0.39587584,2.456943e-12,2.0334332,1.455858666457497e+45
4FGL J0630.1-2010,97.5433,-20.1794,bcu,0.22499184,1.8006486e-12,2.0180573,2.8847685909984103e+44
4FGL J0630.2+3228,97.5576,32.4681,bcu,0.6207893,1.5518579e-12,2.0974638,2.7941683431576164e+45
4FGL J0631.1+2020,97.7766,20.3406,bcu,0.9830554,6.13263e-12,2.4517086,4.420631485508252e+46
4FGL J0632.0-1032,98.0226,-10.5335,bcu,1.0963324,7.2595263e-12,2.3540986,6.531386737407675e+46
4FGL J0636.7+7139,99.1828,71.6615,bcu,0.9210295,7.806715e-12,2.3493035,4.419318084322851e+46
4FGL J0638.7+2753,99.6887,27.8903,bcu,0.41046223,1.6449978e-12,2.0094976,1.0531567179654409e+45
4FGL J0640.0-1253,100.0213,-12.896,bll,0.3162882,6.122593e-12,1.7386497,1.978059075087635e+45
4FGL J0640.7-1924,100.181,-19.4092,bcu,1.2653041,3.1934908e-12,2.7257218,5.698666567414636e+46
4FGL J0640.8+2432,100.2165,24.5421,bcu,0.8055999,1.5849508e-12,1.7893038,4.538870124778138e+45
4FGL J0641.7-0320,100.4371,-3.3466,FSRQ,1.7373148,2.0713703e-11,2.688613,8.909770755881761e+47
4FGL J0643.3+0857,100.8345,8.9525,fsrq,1.5888058,2.5329175e-11,2.5331647,7.262521634603284e+47
4FGL J0643.4-3314,100.8513,-33.2392,bcu,0.9452995,1.6419521e-12,2.442373,1.0588804209662353e+46
4FGL J0644.7+3917,101.1994,39.2842,fsrq,0.18694776,1.1533428e-12,2.1243625,1.2431704005452054e+44
4FGL J0647.7-4418,101.9253,-44.3058,bcu,1.1435227,1.945052e-12,2.2428553,1.7978382721734318e+46
4FGL J0648.1+1605,102.0403,16.0928,bcu,0.35599867,1.9691234e-12,1.9470593,8.853008385552117e+44
4FGL J0648.2+1745,102.0746,17.7651,bcu,0.3818115,2.1897545e-12,2.22327,1.2668309071120373e+45
4FGL J0648.4-1744,102.1161,-17.7396,fsrq,1.0417129,7.081202e-11,2.389437,5.70664591081789e+47
4FGL J0648.4-6941,102.1172,-69.6927,bll,0.24037959,6.65515e-13,1.8387619,1.1912160289521819e+44
4FGL J0648.7+1516,102.1905,15.2808,bll,0.35901886,1.4528321e-11,1.7294226,6.230932797665454e+45
4FGL J0649.3+2230,102.3396,22.5059,bcu,0.4498312,2.3164452e-12,2.1060908,1.9099271162704686e+45
4FGL J0650.2+5620,102.5506,56.3421,fsrq,0.56521404,1.4383156e-12,2.4448826,2.4037461775632438e+45
4FGL J0650.2-1636,102.5717,-16.6012,bcu,1.0142611,1.7268147e-11,2.56888,1.4696600835941468e+47
4FGL J0650.5-2851,102.629,-28.861,bcu,0.8879187,2.606767e-12,2.5935204,1.5654754454970008e+46
4FGL J0651.5+7956,102.8887,79.9476,bcu,0.5770652,1.316964e-12,2.3757498,2.2497446729504825e+45
4FGL J0652.5+1932,103.1448,19.5486,bcu,1.6825533,2.18441e-12,2.5787296,7.685923253242934e+46
4FGL J0653.6+1636,103.4105,16.6106,bcu,0.46380395,3.3176489e-12,2.0948496,2.932231560307119e+45
4FGL J0654.3+0923,103.578,9.3874,bcu,0.37841937,2.3152261e-12,2.1079388,1.2633154254840434e+45
4FGL J0656.0+2420,104.0198,24.3448,fsrq,1.6025251,2.849326e-12,2.6804614,9.633680336173688e+46
4FGL J0656.3-0322,104.0765,-3.3686,fsrq,1.4913348,2.4413584e-11,2.5463917,5.940902333814471e+47
4FGL J0656.3-2404,104.097,-24.0682,bll,0.3806937,2.6344111e-12,2.3250082,1.563845777783482e+45
4FGL J0658.6+0636,104.6599,6.611,bcu,0.34256384,3.5950485e-12,1.9479092,1.478860665052698e+45
4FGL J0659.9+1709,104.9847,17.1522,fsrq,0.89440286,4.3627996e-12,2.5923903,2.6708443979878854e+46
4FGL J0700.2+1304,105.075,13.0674,bll,0.49527174,5.670941e-12,2.0537448,5.777495886543033e+45
4FGL J0702.7-1951,105.678,-19.8517,bll,0.85453457,1.9806615e-11,2.1416502,8.103106377147003e+46
4FGL J0703.3-1042,105.8287,-10.7092,bcu,0.729651,3.3050513e-12,2.278204,9.797863595694372e+45
4FGL J0703.3-0050,105.8367,-0.8436,bll,1.4325422,1.1699933e-11,2.2452407,1.947531273957786e+47
4FGL J0706.1+0246,106.5454,2.7772,bcu,0.26637405,2.0972503e-12,1.642911,4.510604006519947e+44
4FGL J0709.2-1527,107.3095,-15.4512,bll,0.24266686,4.718e-12,1.7827995,8.520966790411514e+44
4FGL J0709.3+0540,107.3392,5.6788,bcu,0.6139374,3.726547e-12,2.1006138,6.538842172664198e+45
4FGL J0709.7-0255,107.4451,-2.9301,fsrq,0.78778064,1.8242796e-11,2.3235216,6.759501058291523e+46
4FGL J0713.0+5738,108.2598,57.6345,bcu,1.3415425,3.8784947e-12,2.4943998,6.726069159169687e+46
4FGL J0718.2-1324,109.5539,-13.4164,bcu,0.5814819,2.501712e-12,2.2877743,4.1853996790734227e+45
4FGL J0719.6-3927,109.9156,-39.4511,bcu,0.521098,1.7692966e-12,2.3157425,2.274517800158192e+45
4FGL J0720.0-3507,110.0044,-35.1226,bcu,0.9901591,3.7738038e-12,2.5095646,2.8861144459327124e+46
4FGL J0721.3-0222,110.3253,-2.3687,bll,0.3361188,1.8585643e-12,1.8103627,7.031052842375893e+44
4FGL J0721.3+0405,110.3475,4.0914,fsrq,1.1435668,1.3256326e-11,2.5725534,1.575655615691481e+47
4FGL J0723.0-0732,110.7523,-7.5441,bll,0.336075,5.996154e-12,2.0514781,2.4317924626472282e+45
4FGL J0725.5+0216,111.3901,2.2749,bcu,0.7306018,5.6976954e-12,2.054575,1.4991069030607844e+46
4FGL J0725.5-0504,111.3911,-5.0747,bcu,0.69327295,2.2478902e-12,2.059545,5.211324035527092e+45
4FGL J0725.6-3530,111.4194,-35.5009,bcu,0.8257383,2.0195816e-12,2.0218623,7.051439925833711e+45
4FGL J0725.8-0054,111.4698,-0.9134,bcu,0.3161883,1.0306782e-11,2.0427215,3.6174256159796545e+45
4FGL J0728.0-4740,112.0165,-47.6699,fsrq,0.49223274,1.4664076e-12,2.1562116,1.533604505802278e+45
4FGL J0729.1-3131,112.2819,-31.5261,bcu,0.6622072,3.641463e-12,2.32572,8.634381478150529e+45
4FGL J0730.3-1141,112.5776,-11.6888,fsrq,1.0176256,1.11938576e-10,2.3083932,8.007566388673881e+47
4FGL J0730.5-0535,112.6354,-5.5842,bll,0.44991994,1.2175472e-11,2.2104354,1.0440523198170922e+46
4FGL J0731.2-1403,112.8105,-14.0656,bll,1.0122682,2.6071077e-12,2.2114205,1.718799963839846e+46
4FGL J0731.8-3009,112.9639,-30.1553,bcu,0.71004564,2.9652494e-12,2.0275948,7.167433785412281e+45
4FGL J0733.0+4915,113.2659,49.2568,bcu,0.3313782,1.2427292e-12,2.2268,5.128039693218867e+44
4FGL J0733.5+3517,113.3761,35.2938,bll,0.41921496,1.5937506e-12,2.146712,1.1253185502319058e+45
4FGL J0733.7+0205c,113.4379,2.0908,bcu,1.5225307,2.7624298e-12,2.7545958,8.634643276066576e+46
4FGL J0738.4+1539,114.6058,15.6602,bcu,0.39711976,8.8959927e-13,1.9348649,5.138336361860688e+44
4FGL J0738.9-6736,114.7427,-67.6038,fsrq,0.98339117,6.711622e-12,2.5381687,5.137803948696007e+46
4FGL J0740.0-0753,115.0209,-7.8985,bcu,0.7718245,3.1542705e-12,2.5773187,1.281585474778651e+46
4FGL J0741.4-8132,115.3538,-81.5409,bcu,0.5200584,8.225383e-13,1.8214688,8.554241947058082e+44
4FGL J0743.6-3805,115.9062,-38.0937,bcu,0.62090045,3.638085e-12,2.4252458,7.67748908456353e+45
4FGL J0744.1-6211,116.0302,-62.1954,bcu,1.0847018,6.501879e-13,1.5204209,3.082332470636731e+45
4FGL J0745.4-2447,116.3619,-24.7995,bcu,1.8550062,5.843903e-12,2.8420258,3.5687292735741524e+47
4FGL J0746.5-0710,116.6316,-7.1804,bcu,1.0330098,5.008809e-12,2.2099712,3.475398849861068e+46
4FGL J0747.3-3310,116.8328,-33.1778,bll,0.63080144,1.7648919e-11,2.2964206,3.643259995067528e+46
4FGL J0747.6+7209,116.9239,72.1649,bcu,0.9004835,1.4785332e-12,2.4518964,8.425504541276181e+45
4FGL J0748.0-1638,117.0059,-16.6437,bcu,1.0574179,7.497261e-12,2.6186252,7.418258719363118e+46
4FGL J0749.0-3904,117.267,-39.0709,bcu,0.31164524,3.0074107e-12,2.0655828,1.027010154573387e+45
4FGL J0749.0-2956,117.2727,-29.948,bcu,0.3978281,2.2738278e-12,1.9804273,1.3391225555210948e+45
4FGL J0749.5+1026,117.3871,10.449,fsrq,1.5797052,2.5183915e-12,2.857799,9.6661597540431e+46
4FGL J0749.9+3112,117.4754,31.2087,bcu,0.7847264,1.2605697e-12,2.452208,4.981853993187771e+45
4FGL J0750.0+8238,117.5109,82.6382,bcu,1.1152304,1.4660285e-12,2.628444,1.6950519149993893e+46
4FGL J0751.9+3314,117.9826,33.2361,fsrq,1.3264635,1.3850817e-11,2.4388146,2.221803590673508e+47
4FGL J0752.3-1631,118.0914,-16.5318,bcu,0.5910335,5.6862687e-12,1.9979753,8.664287678049946e+45
4FGL J0753.9+0923,118.4907,9.3904,bcu,1.218568,1.9710223e-12,2.4596407,2.55412331690642e+46
4FGL J0754.4-1148,118.6105,-11.8052,bll,0.9746576,1.6457884e-11,2.1521056,9.455222718091043e+46
4FGL J0754.5+3911,118.6435,39.1968,bll,0.35883394,9.934076e-13,1.9216198,4.513908732640568e+44
4FGL J0756.6-7723,119.1718,-77.3895,bcu,0.5193797,1.1404233e-12,2.0884686,1.3221186700062055e+45
4FGL J0757.1-3729,119.2835,-37.4955,bll,0.33921087,2.3953224e-12,1.8993118,9.49604320361409e+44
4FGL J0800.4-2257,120.1113,-22.9572,bcu,1.1860483,3.682551e-12,2.4712663,4.4743507508256575e+46
4FGL J0801.1+1335,120.2789,13.5853,bll,0.6927158,1.3638343e-12,2.2683117,3.522051999203896e+45
4FGL J0803.0+2439,120.7508,24.6583,bll,0.6226063,1.0598113e-12,1.9436674,1.784119382250299e+45
4FGL J0803.5+2046,120.8883,20.7678,bcu,1.9242067,1.483198e-12,2.5785248,7.618471935267302e+46
4FGL J0804.0-3629,121.0076,-36.4854,bll,0.6960127,9.975759e-12,1.9576306,2.2128610521685128e+46
4FGL J0805.8-2331,121.4651,-23.533,bcu,0.830698,2.3143148e-12,2.1464791,8.84245170223032e+45
4FGL J0806.1-0458,121.539,-4.9792,bcu,0.625743,7.755981e-13,2.1487339,1.460013996843491e+45
4FGL J0806.9-2151,121.7403,-21.8513,bcu,0.5369342,1.8092644e-12,2.152631,2.3377100863859896e+45
4FGL J0807.3-1954,121.8376,-19.916,bcu,0.37809187,1.8683466e-12,2.221383,1.05507483281032e+45
4FGL J0809.3+3121,122.348,31.3533,bll,0.95998496,1.102016e-12,2.2853749,6.663751306444563e+45
4FGL J0809.9-7028,122.4803,-70.467,bcu,0.44743788,1.1922476e-12,2.0411031,9.47426906966579e+44
4FGL J0810.5+6139,122.6432,61.6578,bcu,0.5801313,8.523271e-13,2.0151691,1.2513969751251959e+45
4FGL J0810.9-4926,122.7287,-49.4364,bcu,0.7203936,2.5935345e-12,2.4850447,8.325140426302971e+45
4FGL J0813.4+2531,123.3556,25.5319,fsrq,1.1332737,2.1109418e-12,3.2695603,4.149361944501501e+46
4FGL J0814.5-2642,123.6266,-26.7026,bcu,1.1292309,1.4292657e-12,2.354406,1.3911376829688323e+46
4FGL J0816.7-2420,124.1916,-24.3427,bcu,1.1867533,8.306325e-12,2.5547404,1.0790885949567406e+47
4FGL J0819.4+4035,124.854,40.5968,bll,0.40962827,1.4560369e-12,2.0253334,9.327706066536457e+44
4FGL J0820.1-2801,125.0399,-28.0255,bcu,0.3893827,1.3199721e-12,1.5983996,6.5192664307150354e+44
4FGL J0820.6-0318,125.1514,-3.3049,bcu,0.4114699,1.195845e-12,1.9300373,7.492476469049727e+44
4FGL J0820.7-5758,125.182,-57.9806,bcu,1.6940951,2.5203442e-12,2.7887173,1.1131814898286956e+47
4FGL J0822.4-2630,125.6172,-26.502,bcu,0.75211227,1.0833612e-12,2.2323313,3.3829665375773964e+45
4FGL J0822.9+0538,125.7327,5.6428,bcu,0.5682818,8.9630907e-13,1.8968624,1.1869816022013542e+45
4FGL J0823.7-4838,125.9466,-48.641,bcu,1.1112326,8.81722e-12,2.8787642,1.2168802554963599e+47
4FGL J0824.7-1035,126.1901,-10.5985,bcu,1.120779,1.3063373e-12,2.628398,1.5314794025460813e+46
4FGL J0825.9-3218,126.4796,-32.3075,bcu,1.3103998,9.488165e-12,2.6511292,1.7590027550020124e+47
4FGL J0825.9-2230,126.4991,-22.5055,bll,0.6391689,5.007287e-11,2.0073147,9.265628514390188e+46
4FGL J0827.6-3735,126.9137,-37.5918,bcu,2.0739887,8.574329e-12,2.8619065,7.483037596522426e+47
4FGL J0828.7-2422,127.1802,-24.3744,bll,0.5706411,1.9924993e-12,2.0896857,2.9071413081596754e+45
4FGL J0829.4+4019,127.3581,40.3189,bcu,0.67435867,2.1866048e-12,2.3457377,5.488491233528562e+45
4FGL J0830.1-0946,127.5427,-9.7728,bcu,0.4407081,1.6495276e-12,1.8769256,1.1906969701555148e+45
4FGL J0833.0+3300,128.261,33.0138,bll,0.3830031,1.1734572e-12,1.7195909,5.8092542054171855e+44
4FGL J0835.0+6243,128.7684,62.7193,bcu,0.9953101,1.6927508e-12,2.9687366,1.80304701824535e+46
4FGL J0835.8+1517,128.9613,15.2955,bll,0.9965896,1.5918095e-12,2.4159205,1.161301240842346e+46
4FGL J0835.9-2120,128.9862,-21.3456,bcu,0.4653977,8.400662e-13,1.8747994,6.882632939436954e+44
4FGL J0836.0-8015,129.0037,-80.2565,bcu,0.35051435,7.63337e-13,1.693763,3.06793131937331e+44
4FGL J0837.4+2454,129.3682,24.9004,fsrq,1.2668407,1.8971944e-12,2.720763,3.383531371666602e+46
4FGL J0840.1-0225,130.0394,-2.4326,bcu,0.32713008,9.54792e-13,1.5085825,3.1181194750274967e+44
4FGL J0840.9-7044,130.2395,-70.7487,bcu,0.6592834,1.3854598e-12,2.4575984,3.47239625040444e+45
4FGL J0841.0-2744,130.263,-27.7468,bcu,1.5140237,2.6897924e-12,2.6767998,7.698978097757062e+46
4FGL J0841.3-3554,130.3406,-35.9041,bll,0.56668735,1.359741e-11,1.8228648,1.730280341083106e+46
4FGL J0843.0-0853,130.7739,-8.8878,bcu,1.3351358,1.5612126e-12,2.590437,2.8988142034587507e+46
4FGL J0843.1+5034,130.7877,50.5741,bll,0.5542726,5.4330124e-13,1.6759331,6.151552394462588e+44
4FGL J0844.9-5458,131.2478,-54.9721,bll,0.878527,1.7054398e-11,2.1179607,7.371008181799869e+46
4FGL J0845.7-5556,131.4473,-55.949,fsrq,0.62295425,4.690326e-12,2.2745543,9.280450835353194e+45
4FGL J0846.5-2609,131.6416,-26.16,bcu,1.5371284,2.708087e-12,2.5290966,7.055344318283531e+46
4FGL J0848.7-6942,132.1811,-69.7133,bcu,0.47966096,6.454371e-13,1.7173808,5.336193648144522e+44
4FGL J0848.9+0205,132.2375,2.087,bll,0.6635008,1.6648651e-12,2.3589947,4.035157269985451e+45
4FGL J0849.4-2911,132.3511,-29.1863,bcu,0.82186115,4.598685e-12,2.1382933,1.7019518289223428e+46
4FGL J0849.8-3541,132.4516,-35.6877,bcu,0.91879964,1.08546045e-11,2.346873,6.096026222053439e+46
4FGL J0851.9-5229,132.993,-52.4977,bcu,1.6216788,4.8551467e-12,2.4138052,1.3136399371623344e+47
4FGL J0851.9+4845,132.9934,48.7566,bcu,1.132572,3.6156425e-12,2.5068972,3.9810998631798993e+46
4FGL J0852.5-5755,133.1418,-57.9304,bcu,0.9303446,2.8926125e-11,2.3011653,1.6289760123229917e+47
4FGL J0852.9-3824,133.2476,-38.4025,bcu,0.9210777,3.0627326e-12,2.5519,1.9792513591891226e+46
4FGL J0853.1-3657,133.2934,-36.9565,bcu,0.4664569,1.0344038e-11,1.9586886,8.798146284615273e+45
4FGL J0856.4-5309,134.1229,-53.1638,bcu,0.53762174,2.7217853e-12,2.201149,3.6022489998573214e+45
4FGL J0857.7+0137,134.4279,1.6254,bll,0.82651114,1.915861e-12,2.3223085,8.034978307050209e+45
4FGL J0858.0-3130,134.5063,-31.5076,bll,0.64679414,3.5131921e-12,1.8881328,6.30490385076945e+45
4FGL J0859.2+0047,134.8184,0.7865,bll,0.47073022,1.2801903e-12,1.7719414,1.0353143536353157e+45
4FGL J0859.4+8345,134.867,83.7558,bll,0.69558525,4.843867e-13,1.7335976,9.531899549735734e+44
4FGL J0902.5-4801,135.6467,-48.0226,bcu,1.4369979,1.1044963e-11,2.6889753,2.751957087753263e+47
4FGL J0903.5+2847,135.8936,28.7935,bll,1.073915,1.3578135e-12,2.519664,1.3050000525234711e+46
4FGL J0904.5-3513,136.1404,-35.2308,bcu,1.2308798,6.4305857e-12,2.583127,9.455915517860792e+46
4FGL J0904.9-5734,136.2315,-57.5833,bcu,0.43683147,1.376291e-10,2.2176414,1.101103681603666e+47
4FGL J0906.7+4950,136.6943,49.8499,fsrq,1.1619076,9.741274e-13,2.4125972,1.069681889857752e+46
4FGL J0907.1+0856,136.7897,8.9489,bll,0.19687231,1.0413727e-12,2.0887058,1.2525483003198606e+44
4FGL J0907.8-1002,136.9521,-10.0466,bcu,0.36942533,1.1465632e-12,2.0983994,5.891587882812168e+44
4FGL J0908.5-8751,137.1494,-87.8662,bcu,1.4011786,3.1568474e-12,2.9054148,8.843936008952045e+46
4FGL J0909.1+6647,137.2797,66.7864,bcu,0.7566652,9.242537e-13,2.060687,2.6606590855411217e+45
4FGL J0911.0-5047,137.7507,-50.7966,bcu,1.5072967,8.498457e-12,2.5165796,2.0727612910076246e+47
4FGL J0912.2+3004,138.0563,30.0779,bcu,0.7598147,1.136324e-12,2.2495687,3.6772650527649136e+45
4FGL J0913.9+1732,138.4922,17.5342,bcu,0.4119514,1.2079634e-12,2.343264,8.751895680786859e+44
4FGL J0915.1-3738,138.7886,-37.642,bcu,0.4628427,1.7719754e-12,2.1441097,1.5877836517253432e+45
4FGL J0918.9-0625,139.7281,-6.4178,bcu,1.3345534,2.2419339e-12,2.3539677,3.402368306666903e+46
4FGL J0919.3-2202,139.8482,-22.0472,bcu,0.39196005,1.3576476e-12,1.9078759,7.538450187618039e+44
4FGL J0920.2-3835,140.0695,-38.5999,bcu,0.57690734,1.7383869e-12,2.0248291,2.5292296952398305e+45
4FGL J0920.3-0443,140.1,-4.7311,bcu,0.7291827,2.899729e-12,2.6654203,1.0609444258745304e+46
4FGL J0921.2-8211,140.3211,-82.1859,bcu,0.65198165,1.7672685e-12,2.2201161,3.818831641604313e+45
4FGL J0922.6-2116,140.6748,-21.2789,bcu,1.0675914,2.2552656e-12,2.8651304,2.741181629013289e+46
4FGL J0922.7-3959,140.6918,-39.9867,fsrq,1.261913,1.7034986e-11,2.5953314,2.7119605876113624e+47
4FGL J0923.5+4210,140.8925,42.1752,bcu,0.87116426,1.8677134e-12,2.7335515,1.162323151023335e+46
4FGL J0928.3+7444,142.0867,74.7477,bcu,0.18587336,7.1453667e-13,2.094046,7.563963665200564e+43
4FGL J0929.2+7302,142.3123,73.045,bcu,0.87428576,9.0822944e-13,2.26126,4.2432861362736776e+45
4FGL J0932.8+3337,143.2181,33.6302,bcu,0.5026246,1.0409657e-12,2.2286615,1.1800001731835936e+45
4FGL J0933.5-0013,143.3778,-0.2198,bcu,1.3545369,1.5977847e-12,2.5789928,3.059009125473732e+46
4FGL J0933.5-5240,143.3964,-52.6753,bcu,0.4955025,3.4816672e-12,2.0440154,3.537191549986804e+45
4FGL J0935.4-6911,143.854,-69.1845,bcu,0.40534124,1.5235505e-12,2.210717,1.0140212304676068e+45
4FGL J0937.0-2044,144.2608,-20.7357,bcu,1.2042193,8.349742e-13,2.3679092,9.744399753898912e+45
4FGL J0938.9-6403,144.747,-64.0518,bcu,0.65197384,4.3806824e-12,2.3834324,1.0274486319424031e+46
4FGL J0940.7-6105,145.1788,-61.0855,bcu,1.6898837,4.3138193e-12,2.535138,1.4716647612262187e+47
4FGL J0947.9+1121,146.9914,11.3629,bll,0.5388581,9.327082e-13,1.9410377,1.109792803762007e+45
4FGL J0950.2-1623,147.551,-16.3965,bcu,0.3300143,1.2212648e-12,2.1642885,4.9021336630571615e+44
4FGL J0952.3-4342,148.0918,-43.7103,bcu,0.59370285,2.489209e-12,2.4800491,4.8003496429740526e+45
4FGL J0952.6-5048,148.1566,-50.8112,bcu,0.5885226,2.7175048e-12,2.1709454,4.439901002133279e+45
4FGL J0953.1-3005,148.2779,-30.0979,bcu,1.7128564,2.9546723e-12,2.6395307,1.1616166062217088e+47
4FGL J0955.2+0835,148.8192,8.5907,bll,1.053245,1.1161177e-12,2.2777088,8.547012245639106e+45
4FGL J1002.3-1200,150.5962,-12.006,bcu,0.38818407,1.1279219e-12,2.1895466,6.7162114523653625e+44
4FGL J1002.7+1218,150.6805,12.3055,fsrq,0.81523806,2.6037044e-12,2.8001113,1.400986404438047e+46
4FGL J1006.8-5007,151.7204,-50.1329,bcu,1.3063425,2.7693381e-12,2.6724706,5.180706705640874e+46
4FGL J1008.1+4706,152.0359,47.112,bll,0.43433434,7.6246626e-13,1.5067064,4.654847466237251e+44
4FGL J1010.2+8251,152.566,82.8641,fsrq,0.770065,9.149479e-13,2.3457487,3.236999665605596e+45
4FGL J1011.1-2300,152.7923,-23.0126,bcu,1.0462321,1.928604e-12,2.5370865,1.7475813759550413e+46
4FGL J1012.3-1232,153.0773,-12.5498,bcu,0.6145054,2.270482e-12,2.3909254,4.588777909206353e+45
4FGL J1013.3-2551,153.3359,-25.8595,bcu,1.5415329,2.2700622e-12,2.6886652,6.918114997810061e+46
4FGL J1014.9-4508,153.7325,-45.143,bcu,0.6118809,5.219942e-12,2.3660493,1.0311159768255037e+46
4FGL J1016.4+7703,154.1099,77.06,bcu,0.70257926,3.6385662e-13,1.7645345,7.450504202787685e+44
4FGL J1017.2-1549,154.3184,-15.8274,bcu,0.35892352,8.3323544e-13,1.780528,3.627865890247786e+44
4FGL J1017.4+2538,154.365,25.6428,bcu,0.40437526,8.5765867e-13,1.4899096,4.4431639392727086e+44
4FGL J1018.6+3126,154.6541,31.443,bll,0.64707875,5.951466e-13,1.6668879,9.574351333900389e+44
4FGL J1021.3+3805,155.344,38.0878,bll,0.49584028,8.574587e-13,1.9050511,8.250757281427192e+44
4FGL J1021.9+5123,155.4937,51.3868,bll,0.530671,8.2775974e-13,2.085899,1.0100422902793685e+45
4FGL J1028.7-6431c,157.182,-64.5306,bcu,2.0586226,4.094402e-12,2.743237,3.0598660949387133e+47
4FGL J1031.8-2609,157.9531,-26.1623,bcu,0.35547572,1.5048347e-12,1.8003497,6.4483193312002066e+44
4FGL J1032.3-1358,158.0851,-13.9829,fsrq,1.212514,1.9058153e-12,2.594546,2.7119309055260626e+46
4FGL J1033.5-5035,158.381,-50.586,bll,0.31061786,9.5513545e-12,1.8668407,3.0673670535093296e+45
4FGL J1034.7-4645,158.6942,-46.7519,bll,0.34048885,1.7778309e-12,2.1176903,7.579082769023443e+44
4FGL J1035.9-3108,158.9872,-31.1461,bcu,0.40958324,1.1793076e-12,2.1602151,7.91090540648211e+44
4FGL J1036.6-3741,159.1673,-37.6853,fsrq,1.8765626,2.5502643e-12,2.8292677,1.5906191985173544e+47
4FGL J1037.0-1954,159.272,-19.9048,bcu,0.357377,1.1670908e-12,2.0343754,5.4375529132649236e+44
4FGL J1038.5+3926,159.633,39.4384,bll,0.44027734,6.8515517e-13,1.982032,5.127350119289057e+44
4FGL J1038.8-5312,159.7129,-53.2069,fsrq,1.6054168,1.0145141e-11,2.7222974,3.588874711242331e+47
4FGL J1039.6+0535,159.9102,5.5913,bcu,0.42891487,1.7255769e-12,2.0004826,1.221951574376318e+45
4FGL J1040.5+0947,160.1301,9.7947,bll,0.48672876,7.7303767e-13,1.7579561,6.716571287820688e+44
4FGL J1041.3-6437,160.335,-64.6169,bcu,0.9810966,3.7137693e-12,2.524172,2.7979487834989535e+46
4FGL J1041.5+0607,160.3816,6.1257,fsrq,1.1030114,7.1401916e-12,2.7922497,9.041779767360314e+46
4FGL J1045.3+2751,161.3406,27.8515,bll,0.46097815,1.1088189e-12,1.9997435,9.314795491472954e+44
4FGL J1045.9+7538,161.4868,75.6485,bcu,0.39402312,6.1095367e-13,1.9342788,3.464296303674133e+44
4FGL J1047.2-5517,161.8002,-55.2931,bcu,0.9511006,8.836252e-12,2.6002417,6.437149132165972e+46
4FGL J1047.4+0031,161.8516,0.5289,bcu,0.6153425,1.2541357e-12,2.1022582,2.214750821619768e+45
4FGL J1047.8-6216,161.9609,-62.2745,bcu,1.1387391,1.617962e-11,2.4979694,1.7959333084172275e+47
4FGL J1047.9-4642,161.991,-46.715,bcu,1.0202179,5.2692447e-12,2.6858346,4.948048202926778e+46
4FGL J1048.0-1912,162.0042,-19.212,fsrq,0.733883,1.929004e-12,2.4735394,6.462592896841495e+45
4FGL J1048.5-4114,162.1456,-41.2461,fsrq,0.32094812,1.1824608e-12,2.028564,4.27987418818614e+44
4FGL J1050.6+2027,162.664,20.4617,fsrq,0.7631202,2.392005e-12,2.982454,1.1860353306817077e+46
4FGL J1050.6-5248,162.6699,-52.8102,bcu,1.189754,5.7461193e-12,2.539276,7.42666581511539e+46
4FGL J1051.2-6517,162.8163,-65.2997,bcu,0.79648256,6.474723e-12,2.253179,2.368755378528716e+46
4FGL J1053.3-1134,163.3303,-11.5726,bcu,1.2515936,2.3894708e-12,2.8666759,4.633559344012251e+46
4FGL J1053.9+8628,163.4904,86.4725,bcu,0.8470466,8.5594915e-13,2.074379,3.286454638840993e+45
4FGL J1056.0+0253,164.0027,2.8935,bll,0.26593786,1.0107422e-12,1.4658315,2.0773993524873254e+44
4FGL J1057.8-0100,164.4635,-1.0054,bll,0.3588467,8.392691e-13,1.8104769,3.6860508560108085e+44
4FGL J1058.0+4305,164.5181,43.0938,bll,0.7180973,1.2826894e-12,2.2522237,3.5994036800260564e+45
4FGL J1101.6-4358,165.4071,-43.9671,fsrq,1.1207314,2.453667e-12,2.6905353,3.01374692677275e+46
4FGL J1102.0-6054,165.5107,-60.9097,bcu,1.4226683,3.7107168e-11,2.5363362,7.848674506406415e+47
4FGL J1102.1+2249,165.5471,22.8323,fsrq,1.6195544,1.8975366e-12,2.6848357,6.641600402625094e+46
4FGL J1102.9-5628,165.7386,-56.4774,bcu,0.78329,3.3260916e-12,2.2188454,1.142945238006443e+46
4FGL J1103.2+8603,165.8184,86.0628,bcu,0.724983,2.465523e-12,2.394792,7.661854305213312e+45
4FGL J1103.9-5357,165.9757,-53.9647,bll,0.90629834,4.0808575e-11,2.1519477,1.949610532554434e+47
4FGL J1104.0+0020,166.017,0.3352,bll,0.6390223,1.787588e-12,2.318239,3.8549372905526974e+45
4FGL J1105.7+6037,166.4393,60.6216,fsrq,0.64597285,9.884421e-13,2.4384787,2.3265844520845267e+45
4FGL J1108.8-6833,167.2242,-68.5646,bcu,1.5696094,2.6655815e-12,2.5417538,7.448736172146703e+46
4FGL J1111.4-4624,167.8557,-46.4119,bcu,1.2709668,2.5475971e-12,2.6213453,4.2269432100607177e+46
4FGL J1111.5+3455,167.8794,34.9289,bll,0.33299756,1.0082153e-12,1.8466233,3.77315718031868e+44
4FGL J1112.0+2607,168.0122,26.1284,bll,0.44493604,1.0046241e-12,2.0893269,8.018245238974006e+44
4FGL J1113.6-1920,168.4048,-19.3359,bcu,1.1156771,1.9731456e-12,2.3575628,1.8643529096610833e+46
4FGL J1116.3-4000,169.0942,-40.0046,bcu,0.3678414,1.5959542e-12,1.965743,7.787396253840466e+44
4FGL J1117.2+0008,169.3012,0.1435,bll,0.30864853,2.2099148e-12,1.6980373,6.684475476437169e+44
4FGL J1117.2-5337,169.3179,-53.6266,bcu,0.5087988,7.624393e-12,2.0232089,8.185686800091872e+45
4FGL J1117.5-4839,169.3881,-48.6638,bcu,1.3662394,8.305141e-13,2.4,1.3960693499356333e+46
4FGL J1117.7-3650,169.4377,-36.8349,bcu,0.37113252,2.1236515e-12,2.0707333,1.093618841332394e+45
4FGL J1118.0-1620,169.5012,-16.3439,bcu,1.8482414,2.258516e-12,2.8792074,1.4183583831473383e+47
4FGL J1123.5-6418,170.8892,-64.3109,bcu,1.1031656,4.3061887e-12,2.5216374,4.4610646321289197e+46
4FGL J1125.0-5804,171.2543,-58.0822,bcu,0.6565267,3.3203397e-12,1.7571664,5.780017148938975e+45
4FGL J1127.3+3755,171.8378,37.9236,bcu,1.1139675,2.8701906e-12,2.4340017,2.85997339850016e+46
4FGL J1132.3-5606,173.0826,-56.1139,bcu,1.3644177,2.4409064e-12,2.4005988,4.090472734299128e+46
4FGL J1132.8-5328,173.2227,-53.4682,bcu,0.77700347,3.1343509e-12,2.5980964,1.3122816952360742e+46
4FGL J1133.8-2048,173.451,-20.811,bll,0.40583172,1.4675777e-12,1.8781209,8.74700319946792e+44
4FGL J1134.7+6612,173.6776,66.2107,bll,0.9144408,1.1919144e-12,2.4604895,7.117036855908684e+45
4FGL J1136.0-6824,174.0207,-68.4113,bcu,0.9612224,6.355526e-12,2.450986,4.3110576789510447e+46
4FGL J1139.0+5530,174.7715,55.5088,bll,0.56763685,5.828034e-13,1.5570718,6.60685117672421e+44
4FGL J1139.6+1149,174.9131,11.8182,bcu,1.3269308,1.869313e-12,2.7790833,4.000667913703213e+46
4FGL J1143.7-1014,175.9465,-10.2402,bcu,1.5831323,7.733006e-13,2.266686,1.7047514888677418e+46
4FGL J1143.9+1558,175.9899,15.9739,bll,0.5525512,6.498233e-13,1.8375244,7.843558640663906e+44
4FGL J1145.5-0340,176.3941,-3.6753,bll,0.43269622,1.2567206e-12,1.9580772,8.9487827348742e+44
4FGL J1145.6+5552,176.4098,55.8798,bcu,0.8061046,6.4445275e-13,2.257392,2.4374889244138784e+45
4FGL J1145.7-6949,176.4382,-69.8314,fsrq,1.7220266,7.14093e-12,2.7330766,3.1305040452030474e+47
4FGL J1145.7-1528,176.4459,-15.4828,bcu,1.4684383,8.539174e-13,2.5613942,2.017433793250128e+46
4FGL J1146.4-0926,176.6036,-9.4467,bcu,0.904353,1.0081844e-12,2.5,5.994329335645054e+45
4FGL J1147.4-6758,176.8737,-67.981,fsrq,1.5047587,3.905495e-12,2.5421526,9.706338849983694e+46
4FGL J1149.1+2819,177.277,28.3304,bcu,0.5154362,1.3952708e-12,2.2346153,1.687367513455983e+45
4FGL J1149.2+6246,177.3205,62.7678,bll,0.7179252,9.701519e-13,2.3143845,2.81379044470895e+45
4FGL J1150.0+1033,177.5053,10.5556,bll,0.37291667,9.913689e-13,2.032582,5.1013410588624235e+44
4FGL J1153.7-3210,178.4283,-32.1824,bcu,1.1053538,1.8144103e-12,2.4149175,1.745554781116043e+46
4FGL J1155.2+4320,178.8135,43.3409,fsrq,0.81379384,1.4211833e-12,2.728165,7.28991986959114e+45
4FGL J1155.6-6547,178.9093,-65.7945,bcu,1.4264855,5.984084e-12,2.6815171,1.450305789250627e+47
4FGL J1155.8-1217,178.9688,-12.2848,bcu,0.9195942,1.7479542e-12,2.3158364,9.641819163029445e+45
4FGL J1156.6+0640,179.1636,6.6728,bcu,1.0333738,2.0827012e-12,2.5156422,1.7968161969227784e+46
4FGL J1156.8-1537,179.224,-15.6181,bcu,0.89319104,3.4263306e-12,2.3567367,1.7979529700439468e+46
4FGL J1158.9+0956,179.7309,9.9487,bcu,1.3296763,4.2399773e-12,2.4579418,6.957790698499218e+46
4FGL J1202.5-0528,180.6291,-5.4709,fsrq,2.1953628,6.1878254e-12,2.878966,6.541204187782057e+47
4FGL J1202.9+5141,180.7372,51.6899,bcu,1.0965483,9.64979e-13,2.4943395,9.636732847150391e+45
4FGL J1203.7+5821,180.9378,58.3638,bll,0.6530111,2.1414853e-12,2.4153836,5.12495605247842e+45
4FGL J1204.4+3750,181.1076,37.8406,bcu,1.3109505,1.0788187e-12,2.7746642,2.2207045997330625e+46
4FGL J1204.8+0407,181.2027,4.12,fsrq,0.53138345,2.1235323e-12,2.7262633,3.415327490133243e+45
4FGL J1209.7+2548,182.4444,25.8007,fsrq,0.53310955,1.0928553e-12,2.1016202,1.357557856976563e+45
4FGL J1210.3+3928,182.5993,39.4798,bll,0.21106513,1.0853075e-12,2.1054676,1.5314943625712925e+44
4FGL J1211.8-4817,182.9577,-48.2948,bcu,0.43966326,1.5648659e-12,2.3345652,1.3272084524003448e+45
4FGL J1212.1+6412,183.0372,64.2019,bcu,0.6165803,1.6907114e-12,2.3018641,3.3024477413871696e+45
4FGL J1214.6-1926,183.6702,-19.4481,bcu,1.3773783,1.133503e-12,2.5254903,2.1711139943400503e+46
4FGL J1215.0+5351,183.7663,53.8528,bll,0.6790117,9.244591e-13,2.1751292,2.1620312299437666e+45
4FGL J1216.2-6121,184.0505,-61.3587,bcu,1.5089924,4.3686335e-12,2.5877085,1.141099545995418e+47
4FGL J1216.3-1032,184.0787,-10.5338,fsrq,1.3363297,3.3106393e-12,2.6750386,6.621195940649878e+46
4FGL J1219.8+6600,184.9702,66.0037,fsrq,0.78363556,1.2386184e-12,2.660622,5.502214426168942e+45
4FGL J1221.1+4742,185.291,47.7149,bll,0.7419238,5.7947755e-13,1.5293053,1.1831495195577757e+45
4FGL J1221.2+6910,185.304,69.1681,bcu,0.47945666,6.6257205e-13,2.1310291,6.4350029901372746e+44
4FGL J1221.9+3543,185.4895,35.7262,bll,0.61432886,9.378406e-13,2.1113539,1.6566793301672863e+45
4FGL J1223.8+4649,185.9647,46.8243,bll,0.5489635,1.03273e-12,2.302821,1.50481078579123e+45
4FGL J1223.9-0545,185.9965,-5.7548,bcu,1.7087035,2.1194869e-12,2.5991974,7.949111052846752e+46
4FGL J1225.0+0330,186.2519,3.5098,fsrq,0.86698896,7.568229e-12,2.6255875,4.344092564679642e+46
4FGL J1225.4-1550,186.3699,-15.847,bcu,0.6680211,5.260286e-13,1.6991763,9.25710349281527e+44
4FGL J1225.6-4937,186.414,-49.6176,bcu,1.3987166,5.289137e-12,2.6819024,1.2121668383562363e+47
4FGL J1225.8-2941,186.465,-29.6971,bcu,0.6956753,1.835776e-12,2.422546,5.199279055806015e+45
4FGL J1227.8+6053,186.9749,60.8841,bcu,0.45817193,7.110415e-13,2.1618044,6.258150333427511e+44
4FGL J1229.1+5521,187.2977,55.352,bcu,0.9766562,1.6118596e-12,2.7239575,1.3743953536435136e+46
4FGL J1229.7-5304,187.4442,-53.0704,bll,0.34039706,5.592749e-12,2.1950264,2.4373362215023644e+45
4FGL J1234.0-5735,188.5194,-57.5961,bcu,0.57746166,1.3597682e-11,2.009879,1.9695093340533791e+46
4FGL J1234.2+2813,188.5695,28.2326,bll,0.6658076,8.89125e-13,1.9165139,1.734851659546449e+45
4FGL J1235.1-1405,188.7953,-14.0893,bll,0.7131913,1.3195275e-12,1.6425589,2.6206198667087813e+45
4FGL J1237.0+3019,189.2534,30.319,bll,0.5769456,6.7863445e-13,1.5678886,8.019680477842782e+44
4FGL J1239.5+4134,189.8934,41.5683,bll,0.5930304,6.358003e-13,1.6924202,8.471815928473338e+44
4FGL J1240.1-6846,190.0475,-68.7734,bcu,0.7793866,4.680364e-12,2.3044486,1.668294532583932e+46
4FGL J1240.4-7148,190.116,-71.8156,bcu,0.2679773,6.6085284e-12,1.858923,1.5160422689098755e+45
4FGL J1241.6+3844,190.423,38.7469,bcu,1.1647897,9.75254e-13,2.263842,9.610676887057548e+45
4FGL J1242.6+7635,190.666,76.5856,bll,0.36866698,6.5911095e-13,1.8283241,3.096491327317885e+44
4FGL J1250.2+3157,192.5535,31.9582,bll,0.57448655,6.9943725e-13,1.7169174,8.759191526614146e+44
4FGL J1251.3-1719,192.837,-17.321,fsrq,1.2776105,2.5915038e-12,3.1042466,6.492999321071056e+46
4FGL J1252.8-3321,193.2202,-33.3564,fsrq,0.47210288,1.7057298e-12,2.2061536,1.6426693866746564e+45
4FGL J1254.9-7141,193.7267,-71.6931,bcu,1.4731212,4.2431735e-12,2.5185843,9.729809770743918e+46
4FGL J1256.1-5919,194.0333,-59.3198,bcu,0.44689175,6.995856e-12,2.1035404,5.6724564085523615e+45
4FGL J1259.5+2332,194.8872,23.5491,bcu,0.8890711,1.8532886e-12,2.806695,1.2791406891145888e+46
4FGL J1300.3+5353,195.0868,53.899,bll,1.2734823,1.1094835e-12,2.5034962,1.6803375432070245e+46
4FGL J1302.7+4750,195.687,47.8495,bll,0.89456284,1.0607525e-12,2.563531,6.37824770402225e+45
4FGL J1304.0-5539,196.0049,-55.6515,bcu,1.6093402,6.2712405e-12,2.7341459,2.259772865170256e+47
4FGL J1305.9+3858,196.4776,38.9759,bll,0.42795599,1.012921e-12,2.2032075,7.669356315660586e+44
4FGL J1306.5+1926,196.6291,19.4391,bcu,1.248285,1.6844805e-12,2.8327515,3.153222646724429e+46
4FGL J1307.1-0344,196.7818,-3.7498,bcu,0.75905967,1.3102334e-12,1.9302909,3.531472871182857e+45
4FGL J1308.1-3801,197.0294,-38.0178,bcu,0.31583184,1.0554601e-12,1.8127,3.46866255844398e+44
4FGL J1308.4-6706,197.1104,-67.1081,bcu,1.4242967,8.607359e-12,2.360241,1.5626599818618327e+47
4FGL J1310.1-0450,197.5428,-4.8433,bcu,1.159763,1.8270557e-12,2.5081215,2.14871094335356e+46
4FGL J1310.7-5553,197.6837,-55.8867,bcu,1.58926,3.5073559e-12,2.7290182,1.2125893589236103e+47
4FGL J1313.6+0159,198.4232,1.9936,bll,1.1155577,1.9301342e-12,2.5687497,2.135790161531476e+46
4FGL J1314.7-0901,198.6865,-9.0322,bcu,0.2417196,1.3034287e-12,1.9099958,2.398859208921575e+44
4FGL J1315.1-5333,198.7978,-53.5649,bll,1.1928879,1.9668704e-11,2.4331331,2.3558679123385634e+47
4FGL J1315.4+8453,198.8673,84.8871,bcu,1.2990475,2.065031e-12,2.5491796,3.4311839792722057e+46
4FGL J1315.9-6349c,198.9926,-63.8294,bcu,1.011501,8.693127e-12,2.401291,6.531689514720105e+46
4FGL J1316.7+2054,199.1905,20.9098,bcu,0.5750868,1.0162926e-12,2.1990342,1.5882020366738863e+45
4FGL J1317.1+6613,199.2822,66.222,bcu,1.0497395,1.3924018e-12,2.5474372,1.282825651897886e+46
4FGL J1317.6+7450,199.4106,74.8383,bcu,0.77349836,1.2504171e-12,2.2865133,4.3259580257748446e+45
4FGL J1322.0-5921,200.5183,-59.3571,bcu,0.7775575,2.7633245e-12,2.2635038,9.562273896583308e+45
4FGL J1325.3+6621,201.3416,66.3574,bll,0.63848096,6.256714e-13,1.9860713,1.142684693682499e+45
4FGL J1326.1-6800,201.5352,-68.0014,bcu,1.5728519,4.30316e-12,2.7149239,1.4244558728850398e+47
4FGL J1326.1+2933,201.538,29.5529,bll,0.4035909,1.775749e-12,2.014101,1.0941534089527441e+45
4FGL J1326.2+4115,201.559,41.2593,bll,0.6167306,2.185851e-12,2.452916,4.59378700388356e+45
4FGL J1326.6+0152,201.6598,1.8798,bcu,0.4233367,1.0403494e-12,1.8999202,6.8933357862317116e+44
4FGL J1326.8-5256,201.7201,-52.9376,bll,1.2289299,2.4011584e-11,2.3238049,2.8555217408528563e+47
4FGL J1327.0+3154,201.7683,31.9013,bcu,0.40756246,9.999613e-13,2.2047007,6.730086148806279e+44
4FGL J1328.6+1145,202.1667,11.7627,bll,0.38459197,1.5751096e-12,1.7424585,7.930059808643817e+44
4FGL J1329.0-5607,202.2672,-56.1186,bll,1.3237444,3.65115e-11,2.4575326,5.916911768563918e+47
4FGL J1330.2-7003,202.5616,-70.0586,bcu,1.2687769,1.8194071e-11,2.4710271,2.656053139965199e+47
4FGL J1330.4+2416,202.612,24.2727,bll,0.8389925,1.2220496e-12,2.390276,5.554190941539777e+45
4FGL J1333.0-6626,203.2648,-66.4387,bcu,1.2646885,4.2664067e-12,2.7035794,7.466247039675352e+46
4FGL J1336.2+2107,204.0507,21.1204,bll,0.49623913,1.4648378e-12,1.981005,1.4560835665938957e+45
4FGL J1336.5-1529,204.1488,-15.4921,bcu,0.88481784,4.978991e-12,2.249832,2.381879833255932e+46
4FGL J1338.1-0931,204.5312,-9.5174,bcu,0.50545067,9.215635e-13,1.87968,9.183008289062701e+44
4FGL J1340.1+3857,205.0427,38.9623,bcu,1.2155151,1.7763285e-12,2.5364563,2.4302451652056875e+46
4FGL J1340.4+6926,205.1099,69.4446,bcu,1.6509765,2.7896687e-12,2.5586634,9.125357418340681e+46
4FGL J1341.7-3907,205.4326,-39.1223,bcu,0.7762411,1.9206362e-12,1.9897165,5.6542791163445095e+45
4FGL J1346.3+7227,206.5988,72.4612,bcu,0.79070073,9.513122e-13,2.322686,3.557139830056712e+45
4FGL J1347.4+7309,206.8557,73.1545,bcu,0.9262787,1.6925608e-12,2.8718674,1.3699413361113288e+46
4FGL J1347.9-0618,206.9929,-6.3013,bcu,0.9544805,6.7869885e-13,2.1370764,3.6605896446995684e+45
4FGL J1348.9+0756,207.2452,7.9449,bll,0.34592992,2.010579e-12,1.971622,8.519840592769469e+44
4FGL J1349.5-7153,207.3767,-71.8837,bcu,1.2676582,4.4236633e-12,2.5238273,6.726948675087267e+46
4FGL J1353.6-6640,208.4055,-66.6719,bll,0.2162232,1.4947278e-11,1.9488754,2.1602879964233192e+45
4FGL J1354.1-8750,208.5448,-87.8397,bcu,0.95403415,1.965535e-12,2.5227387,1.371016079409517e+46
4FGL J1354.7+0623,208.6951,6.3899,bll,0.41491818,1.4785358e-12,2.020668,9.748216620060103e+44
4FGL J1356.2-2454,209.0635,-24.9101,bcu,1.5376908,2.4008618e-12,2.6059716,6.725979493448162e+46
4FGL J1358.9-0703,209.7392,-7.0621,bcu,1.5773389,1.3973551e-12,2.1981008,2.859214230961207e+46
4FGL J1359.4+1809,209.8631,18.1611,bcu,0.36149365,1.1363036e-12,2.0577512,5.477580985351818e+44
4FGL J1400.6-5605,210.1567,-56.0879,bcu,0.9977035,9.5221305e-12,2.5204124,7.490088886230189e+46
4FGL J1403.6+3606,210.9023,36.1117,bcu,0.32544097,7.0849874e-13,1.9760827,2.609679542119012e+44
4FGL J1406.5-0054,211.6411,-0.9007,bll,1.0517673,1.9480637e-12,2.6207247,1.9018771299915053e+46
4FGL J1407.1+5312,211.7921,53.2083,bll,0.9550096,8.608758e-13,2.2395194,4.980228484828418e+45
4FGL J1407.5-2706,211.8913,-27.1041,bll,0.3393633,1.805623e-12,1.9180939,7.205064601707253e+44
4FGL J1408.7+3617,212.1754,36.2885,bcu,0.71606576,1.2470687e-12,2.406206,3.775552062343158e+45
4FGL J1409.7+5940,212.4382,59.672,bll,0.68808216,1.1885458e-12,2.306121,3.077689884428632e+45
4FGL J1410.3+6058,212.5967,60.977,bll,0.57408035,6.698734e-13,1.6144496,7.994832035801274e+44
4FGL J1412.2+2132,213.0705,21.5425,bcu,1.1717514,1.3283642e-12,2.3558936,1.4279323804274596e+46
4FGL J1414.5+0826,213.6421,8.4372,bcu,0.98275006,2.1198943e-12,2.864585,2.0254622851187233e+46
4FGL J1415.9-1002,213.976,-10.0483,fsrq,2.143359,2.1012744e-12,2.796215,1.878645144520258e+47
4FGL J1416.0+1320,214.0034,13.3386,bcu,0.18683411,2.2729726e-11,2.0689065,2.4235379422527264e+45
4FGL J1416.0+3443,214.0143,34.7202,bcu,1.5766445,2.4277737e-12,2.6816428,7.841824343992501e+46
4FGL J1417.9+4613,214.4818,46.2327,fsrq,1.312937,1.2328994e-12,2.9572616,2.970812340664024e+46
4FGL J1419.6-5153,214.9222,-51.8901,bcu,0.9287818,9.283e-12,2.461779,5.784029079296951e+46
4FGL J1421.1+3859,215.2922,38.9966,fsrq,1.1357573,2.1350478e-12,2.6130855,2.5677710698788855e+46
4FGL J1422.5+3223,215.6371,32.385,fsrq,0.9542961,4.9980315e-11,2.2391915,2.885195358283909e+47
4FGL J1423.6-7829,215.9156,-78.485,fsrq,1.5044931,7.86074e-12,2.4116025,1.732113451308459e+47
4FGL J1424.5+3433,216.1304,34.5555,bll,0.53217465,6.9887694e-13,1.7579281,7.465329069883659e+44
4FGL J1424.5+3705,216.1447,37.0954,bll,0.4927531,8.070363e-13,1.6761582,6.981500371787555e+44
4FGL J1424.8-6808,216.2169,-68.1489,bcu,1.1969608,1.7618436e-11,2.4969108,2.2394575867136328e+47
4FGL J1425.8+1423,216.4644,14.3863,fsrq,1.2730435,1.658082e-12,2.420201,2.342970241526342e+46
4FGL J1428.3+5635,217.0828,56.5947,fsrq,1.162307,1.5189578e-12,2.5607958,1.8716303723896564e+46
4FGL J1428.7-1017,217.1991,-10.2964,bcu,0.55517334,1.6211983e-12,1.6287905,1.8044976404884477e+45
4FGL J1430.5+3647,217.6397,36.7963,fsrq,1.012224,2.2395287e-12,2.5630412,1.887787612129847e+46
4FGL J1431.0-4458,217.7661,-44.98,bll,1.3233432,3.343067e-12,2.5389354,5.79768205038421e+46
4FGL J1433.7-7304,218.4321,-73.0795,bll,0.33648878,1.0290219e-12,1.6464454,3.7214038057152494e+44
4FGL J1434.5+5428,218.6252,54.4833,bcu,1.087057,2.2360072e-12,2.8838718,2.904494446297592e+46
4FGL J1437.3-3239,219.3259,-32.6569,bcu,1.3804255,2.5274314e-12,2.8488336,6.447399336656133e+46
4FGL J1438.1-2201,219.5402,-22.0305,fsrq,1.0500653,2.2393947e-12,2.697867,2.300397350979439e+46
4FGL J1438.4+2924,219.6139,29.4101,bll,0.4819051,6.0657317e-13,1.7384886,5.111146309166412e+44
4FGL J1438.6+1205,219.6598,12.0855,bll,0.3739852,1.2762007e-12,2.095613,6.7450808859952305e+44
4FGL J1449.6-2137,222.422,-21.6271,fsrq,1.2074401,4.3915652e-12,2.3211892,4.974264316580743e+46
4FGL J1451.8-3851,222.9562,-38.8536,bcu,0.6999114,1.1100229e-12,2.2085652,2.851245782088696e+45
4FGL J1454.8-2456,223.7199,-24.9468,fsrq,1.3217381,2.8620424e-12,2.5880275,5.155646525756063e+46
4FGL J1455.0+0247,223.7616,2.7958,bll,0.55367476,7.4554073e-13,1.9087484,9.330228046477474e+44
4FGL J1458.1+4119,224.5255,41.3274,bcu,0.42279094,5.6703345e-13,1.8868229,3.7285925848018085e+44
4FGL J1459.0-5353,224.7741,-53.8928,bcu,0.9352718,4.7106403e-12,2.4240465,2.916879553513409e+46
4FGL J1503.3-8136,225.8319,-81.6159,bcu,1.1665473,1.5186279e-12,2.504258,1.8093375401461976e+46
4FGL J1503.6-6427,225.91,-64.4517,bcu,1.1146429,5.9598624e-12,2.3970568,5.78603404575608e+46
4FGL J1503.7-5801,225.9257,-58.0299,bcu,1.4871668,3.3053695e-11,2.555295,8.045929297808203e+47
4FGL J1503.9-4247,225.997,-42.7999,bcu,1.165552,3.2292413e-12,2.5450866,3.9614544491976904e+46
4FGL J1507.2-1651,226.8071,-16.8609,fsrq,0.92215174,1.9203977e-12,2.482241,1.1895807034905078e+46
4FGL J1508.5-4951,227.1437,-49.8622,bcu,1.8905119,1.6334142e-11,2.8397682,1.053235297870785e+48
4FGL J1510.4-3017,227.6063,-30.2936,bcu,1.0096654,2.6530477e-12,2.574532,2.2387475982376964e+46
4FGL J1512.9-5639,228.2495,-56.6553,bcu,1.2367368,1.9598548e-11,2.2909577,2.3082239209296787e+47
4FGL J1513.0-6549,228.2712,-65.828,bcu,1.6641743,2.867655e-12,2.5680692,9.68097668124288e+46
4FGL J1513.4-0753,228.3685,-7.8903,bll,0.5267943,1.281339e-12,1.7576158,1.336673455601108e+45
4FGL J1514.8-4748,228.7002,-47.8141,fsrq,0.9220518,1.5494312e-11,2.400728,9.09741036027258e+46
4FGL J1515.7-2321,228.9344,-23.3645,bcu,0.36518374,1.7063592e-12,1.9020027,8.025786268055132e+44
4FGL J1516.0+2424,229.0096,24.408,bll,0.35974768,7.7845304e-13,1.6241704,3.247262082659604e+44
4FGL J1516.4-1523,229.1084,-15.3853,bll,0.321867,1.0713387e-12,1.8019258,3.6642776272305304e+44
4FGL J1517.3+6630,229.3307,66.5075,bcu,1.5950302,1.5699858e-12,2.5429022,4.593279772296506e+46
4FGL J1521.7+1650,230.4373,16.8397,bcu,1.3213255,1.4336713e-12,2.6378546,2.690919224325614e+46
4FGL J1523.1+3413,230.7842,34.2306,bcu,1.0303347,1.3421165e-12,2.4868145,1.1254154248638387e+46
4FGL J1523.2+2818,230.8247,28.3127,bcu,0.7336179,1.838961e-12,2.710627,7.012683578383977e+45
4FGL J1524.2+1523,231.0535,15.3853,fsrq,0.8758979,3.8886806e-12,2.819853,2.594092817931442e+46
4FGL J1524.8-5904,231.2077,-59.0679,bcu,1.0213894,8.562756e-12,2.1673348,5.600420146076783e+46
4FGL J1525.7-4334,231.4281,-43.5747,bcu,1.8837327,3.0647305e-12,2.710917,1.7056279044716712e+47
4FGL J1527.4+1717,231.8711,17.2923,bcu,1.5962436,1.917889e-12,2.6945705,6.4985324745261e+46
4FGL J1532.7+2342,233.1866,23.708,bcu,1.0923698,2.7905727e-12,2.5352747,2.842587724414437e+46
4FGL J1535.8-4730,233.9586,-47.5085,bcu,1.3073695,3.7586973e-12,2.6374347,6.84383448829034e+46
4FGL J1536.9-3731,234.2386,-37.5322,bcu,0.2800594,1.8553308e-12,2.1157646,5.009163348241725e+44
4FGL J1540.1+4142,235.0281,41.7113,bll,0.70855546,5.097317e-13,1.8189448,1.0961484591191046e+45
4FGL J1541.1+3451,235.2762,34.8614,bcu,0.6640527,1.272246e-12,2.5856364,3.468233191462037e+45
4FGL J1543.3+1026,235.8495,10.443,bcu,1.017521,2.4807734e-12,2.551102,2.1036473450163807e+46
4FGL J1543.6+6551,235.9023,65.8647,bcu,0.50218314,1.0712236e-12,2.2740877,1.2342724019869368e+45
4FGL J1544.3-0649,236.0785,-6.8255,bcu,0.21230893,1.2771554e-11,1.8731236,1.746394272099474e+45
4FGL J1544.7+5017,236.1828,50.2871,bll,0.5427191,1.5188882e-12,2.283591,2.132618448519602e+45
4FGL J1545.0-6642,236.2507,-66.7017,bll,0.20737639,3.8733114e-12,1.6479299,4.818616815123214e+44
4FGL J1546.4-2903,236.6231,-29.0558,bcu,0.88016987,1.884413e-12,2.0674589,7.926074412047592e+45
4FGL J1547.9-6403,236.9922,-64.0511,bcu,2.1682124,4.6662396e-12,2.7846513,4.260369681287616e+47
4FGL J1548.3+6615,237.0982,66.2639,bcu,0.5545231,6.8633174e-13,2.1458404,9.571081326945567e+44
4FGL J1548.4-2109,237.1025,-21.1656,bcu,0.6400168,1.424349e-12,1.8339185,2.426802903280361e+45
4FGL J1549.0+4821,237.2583,48.3617,bll,0.40800822,6.171771e-13,1.759166,3.575907054681211e+44
4FGL J1549.0+7846,237.2624,78.783,bcu,0.31184435,7.7133563e-13,1.9577751,2.561897217421452e+44
4FGL J1553.3+0600,238.3284,6.0127,bll,0.97423935,9.36429e-13,2.1856506,5.498050457968853e+45
4FGL J1553.5-6910,238.3897,-69.1818,bcu,0.31404614,1.4689777e-12,1.8923824,4.870857948294097e+44
4FGL J1554.0-0243,238.5185,-2.7314,bcu,1.2687733,3.8690474e-12,2.4969885,5.769582627956447e+46
4FGL J1555.2-4149,238.8244,-41.8282,bcu,1.2887491,1.0056869e-11,2.6011014,1.706316245935942e+47
4FGL J1556.1+2812,239.0464,28.2068,bcu,0.45462596,6.1917886e-13,1.8783829,4.808895504595622e+44
4FGL J1556.6+1417,239.1532,14.2857,bcu,1.4214815,9.914313e-13,2.4751766,1.9820030764002e+46
4FGL J1558.1+6239,239.5386,62.6538,bcu,0.89843607,1.3754458e-12,2.6769671,8.999627314305219e+45
4FGL J1558.9-6432,239.7377,-64.5404,bll,0.24385741,1.7293248e-11,1.9714097,3.290066218623685e+45
4FGL J1559.8-0425,239.9645,-4.4309,bcu,0.9009513,3.4896571e-12,2.6229339,2.2226192921512546e+46
4FGL J1600.3-5811,240.0983,-58.184,bll,1.2600892,1.10617175e-11,2.3556457,1.4425407411713054e+47
4FGL J1602.0-0641,240.5039,-6.6856,bcu,1.4488178,1.810172e-12,2.3326325,3.3558375104199094e+46
4FGL J1603.5+1552,240.8816,15.8733,bcu,0.67675865,1.6531298e-12,2.3258517,4.144738303683625e+45
4FGL J1603.8-4903,240.9665,-49.0617,bll,0.36010134,5.9411094e-11,1.9891381,2.7787919460244573e+46
4FGL J1604.5-4441,241.1277,-44.6903,bll,0.7627092,2.0632785e-11,2.3455954,7.119329963455793e+46
4FGL J1604.7+1734,241.1857,17.5717,bll,0.758651,7.1559664e-13,2.0603247,2.072964999980695e+45
4FGL J1604.9-3414,241.2289,-34.2385,bcu,0.57313275,1.0325554e-12,1.7535186,1.3075645351949636e+45
4FGL J1605.8+7208,241.4536,72.1386,bcu,0.47025448,6.4669624e-13,1.8828874,5.4457182139285626e+44
4FGL J1606.2+1346,241.568,13.768,bll,0.2002769,1.8780116e-12,1.8213629,2.2356289821699527e+44
4FGL J1606.6+1324,241.6681,13.4042,bcu,0.8331374,1.5591538e-12,2.3362186,6.732674966331572e+45
4FGL J1606.8-0351,241.7117,-3.8625,bcu,1.0684774,2.8130772e-12,2.3160138,2.2995448451281766e+46
4FGL J1607.8+2541,241.9749,25.6834,bll,0.43241358,8.220803e-13,1.8745476,5.671978154186521e+44
4FGL J1608.0-1625,242.0209,-16.4185,bcu,1.389103,3.1091978e-12,2.6261873,6.655580176828032e+46
4FGL J1610.3-3958,242.5981,-39.9737,fsrq,1.0789088,1.1517954e-11,2.598758,1.1879415977581804e+47
4FGL J1611.1+2501,242.7811,25.0176,bcu,1.0412368,2.529312e-12,2.6220672,2.4034666408780923e+46
4FGL J1611.3-0930,242.8388,-9.5078,bcu,0.7985468,2.10008e-12,2.1267712,7.181117848514365e+45
4FGL J1612.4-0554,243.1206,-5.9098,bll,1.3720827,2.533663e-12,2.5631354,4.96021444283417e+46
4FGL J1613.5-4225,243.3822,-42.4223,bcu,0.8568515,4.846638e-12,2.5661886,2.596289109466699e+46
4FGL J1614.4+5028,243.6016,50.4723,bcu,0.3389166,6.561414e-13,1.7650267,2.4962514238746364e+44
4FGL J1614.8-0850,243.7106,-8.8379,bcu,0.5832386,1.1585645e-12,1.6931815,1.4861904512827884e+45
4FGL J1616.5-3500,244.1297,-35.0019,bcu,1.7571669,4.348035e-12,2.7957973,2.1546067925083805e+47
4FGL J1617.3-5849,244.3486,-58.8257,fsrq,1.5059415,9.81121e-12,2.5493531,2.45994423944231e+47
4FGL J1618.8+0620,244.7164,6.3458,bll,1.0869615,2.0915914e-12,2.1991997,1.641345218037987e+46
4FGL J1621.3-0030,245.3455,-0.5091,bll,0.64936703,1.2718053e-12,1.6307698,2.025727702981538e+45
4FGL J1622.9+4401,245.7389,44.026,bll,0.6366349,8.072344e-13,2.1006293,1.5489723829716778e+45
4FGL J1624.9-4210,246.2297,-42.1764,bcu,1.5579648,8.04656e-12,2.7842753,2.765711307022321e+47
4FGL J1625.2-3600,246.3117,-36.009,bcu,1.2760115,5.937089e-12,2.6159747,9.917247706129664e+46
4FGL J1626.0+5436,246.5071,54.6068,bcu,1.4740611,5.263127e-13,2.8,1.5600427756101263e+46
4FGL J1626.5-7435,246.6358,-74.594,bcu,0.65861666,1.2199204e-12,2.1918535,2.6657660861245643e+45
4FGL J1628.8-6149,247.2171,-61.8313,fsrq,1.6483891,1.0256923e-11,2.6723783,3.731682426469011e+47
4FGL J1631.0-5302,247.7563,-53.0406,bcu,1.1028129,8.012105e-12,2.6206408,8.926269776139615e+46
4FGL J1631.2+4926,247.8008,49.4481,fsrq,0.7796731,1.8376182e-12,2.4974592,7.327888928692018e+45
4FGL J1631.5+4219,247.8785,42.3264,bll,0.49206305,7.3619165e-13,1.8695691,6.859131408404838e+44
4FGL J1633.5+2806,248.3896,28.106,bcu,1.544488,1.666309e-12,2.60576,4.72575950948564e+46
4FGL J1635.3+0911,248.8298,9.1844,bcu,1.4326165,2.8343764e-12,2.673161,6.902812039458627e+46
4FGL J1636.3+7128,249.0954,71.4803,bcu,1.1780914,2.117255e-12,2.83154,3.3434776477225373e+46
4FGL J1636.9-4103,249.2432,-41.0655,bcu,1.4062685,8.508567e-12,2.550721,1.7648137865261133e+47
4FGL J1637.2+4327,249.3249,43.4565,bll,0.5417728,1.0357389e-12,1.944915,1.2504346860735994e+45
4FGL J1637.8-3449,249.467,-34.8189,bll,0.6228922,1.12828765e-11,1.9169945,1.8770908491602082e+46
4FGL J1642.3-8108,250.5855,-81.1375,bll,0.7918849,1.7978111e-12,2.3692203,6.934172341196332e+45
4FGL J1642.4+6855,250.6169,68.9266,fsrq,0.5927611,1.5674422e-12,2.3799365,2.873258820251293e+45
4FGL J1643.0-7714,250.7719,-77.2488,bll,1.1146983,2.1310768e-12,2.5094373,2.2508843334675656e+46
4FGL J1644.5-4602c,251.144,-46.0478,bcu,1.2700734,2.1713836e-11,2.641428,3.6553029586758214e+47
4FGL J1644.8-2154c,251.2231,-21.9105,bcu,1.1426294,6.50084e-12,2.3824928,6.669918551965137e+46
4FGL J1647.6-1210,251.9003,-12.1753,bcu,1.848836,3.6364447e-12,2.5659258,1.6467298944028683e+47
4FGL J1648.1-2920,252.0402,-29.3402,bcu,1.4605981,3.2887538e-12,2.650048,8.290572713752307e+46
4FGL J1649.3+8252,252.3422,82.8755,bcu,0.5943396,1.1379646e-12,2.1672869,1.901909192253004e+45
4FGL J1650.3-5045,252.5894,-50.7515,bll,0.7797578,3.4986326e-11,2.339621,1.2741813259101838e+47
4FGL J1651.0-1523,252.7592,-15.3883,bcu,1.2927396,3.2608653e-12,2.4245706,4.820371524044559e+46
4FGL J1654.0-3509,253.5107,-35.1552,bcu,0.5296191,7.333067e-12,2.3245704,9.855534655003928e+45
4FGL J1655.1-2239,253.79,-22.6527,bcu,0.43878376,1.7073852e-12,1.8927819,1.2269949176981537e+45
4FGL J1655.9+3248,253.9909,32.8081,bll,0.7533866,1.5811287e-12,2.6176817,6.156609044887106e+45
4FGL J1656.3-3301,254.0946,-33.0189,fsrq,2.0015633,1.497761e-11,2.831575,1.135709106128928e+48
4FGL J1657.7+0738,254.4417,7.6334,fsrq,0.97066605,3.3196553e-12,2.8374467,3.0045418146908745e+46
4FGL J1659.7-3131,254.9455,-31.5209,bcu,0.32184651,1.6164193e-11,2.229608,6.228448704987833e+45
4FGL J1701.7-5621,255.4389,-56.3588,bcu,1.042118,3.1006035e-12,2.4724078,2.653979707611169e+46
4FGL J1705.3-6946,256.3427,-69.7753,bcu,0.7513152,1.7846188e-12,2.5251603,6.548802147370478e+45
4FGL J1705.5-7423,256.385,-74.3953,bll,0.28373677,1.0315008e-12,1.6251721,2.539332625734498e+44
4FGL J1706.9+4543,256.7427,45.7248,fsrq,0.7434864,2.5982404e-12,2.749087,1.0500516105185992e+46
4FGL J1707.9+0016,256.9886,0.2731,bcu,1.0678898,1.6030405e-12,1.9908657,1.0331981164310355e+46
4FGL J1709.0-3525,257.2514,-35.4315,bcu,0.8447996,9.0651315e-12,2.6148994,4.81429832316565e+46
4FGL J1710.3-3943,257.5945,-39.7223,bcu,1.2797027,3.6419173e-11,2.6037123,6.0713528925601905e+47
4FGL J1711.1+0242,257.7765,2.7005,bcu,0.46284574,1.0898016e-12,1.8564676,8.753262365514907e+44
4FGL J1711.1-4600c,257.7816,-46.0058,bcu,1.3405044,4.990063e-12,2.5828087,9.309594000413032e+46
4FGL J1711.6-5027,257.903,-50.454,bcu,1.2974943,1.039584e-11,2.6178644,1.8228367356439949e+47
4FGL J1712.5-3142,258.1404,-31.702,bcu,1.2404565,6.371424e-12,2.7176192,1.0670669357788474e+47
4FGL J1713.2-3417,258.3235,-34.294,bcu,0.5805204,2.9767469e-12,2.0805144,4.510516440406199e+45
4FGL J1715.4-4025,258.869,-40.4294,bcu,0.99196434,7.514222e-12,2.2044146,4.679957675821276e+46
4FGL J1716.3-3421,259.0805,-34.352,bcu,1.2324216,6.688819e-12,2.4867158,9.13465437014984e+46
4FGL J1716.6-6707,259.1546,-67.1177,bcu,0.8896004,1.3102978e-12,2.357963,6.808678456795811e+45
4FGL J1717.5-3342,259.3985,-33.7003,bll,1.2934238,2.5914534e-11,2.523559,4.164820661374521e+47
4FGL J1717.6-5154,259.4026,-51.909,fsrq,1.7397772,1.0805304e-11,2.523451,3.951196325047933e+47
4FGL J1718.0-3055,259.5229,-30.9298,bcu,0.7431435,6.20643e-12,2.1957395,1.8419520786046344e+46
4FGL J1720.0-5101,260.0239,-51.0167,bcu,1.8142294,4.959886e-12,2.8400114,2.8280745793436747e+47
4FGL J1725.4+5254,261.3613,52.9144,bcu,0.3862176,6.618652e-13,1.8584167,3.4942358616575913e+44
4FGL J1727.9-0654,261.9879,-6.9124,bcu,1.1768273,5.18969e-12,2.6226308,6.94436630275427e+46
4FGL J1730.6+3805,262.6642,38.0855,bcu,0.3617068,1.2922284e-12,2.1692502,6.456334557802475e+44
4FGL J1731.6-3002,262.9192,-30.0457,bll,0.9310218,1.386669e-11,2.24462,7.538081902100407e+46
4FGL J1731.9-2719,262.9821,-27.3294,bcu,0.6224221,1.0565511e-11,2.3283453,2.1410285463972425e+46
4FGL J1733.4+1521,263.3507,15.3547,bcu,1.6414889,2.3127728e-12,2.5957813,7.71745344544172e+46
4FGL J1733.4-3943,263.3722,-39.725,bcu,0.28860074,1.0098438e-11,2.2305553,3.009430599562182e+45
4FGL J1733.4+4517,263.3728,45.2892,bll,0.422604,6.6266946e-13,1.8900181,4.357873489980315e+44
4FGL J1735.0-0132,263.7734,-1.5493,bcu,0.35650218,1.4410605e-12,1.850502,6.311580252202959e+44
4FGL J1736.9-3357,264.23,-33.9633,bcu,1.107483,8.685233e-12,2.5381413,9.206996345294396e+46
4FGL J1737.6-1503,264.4203,-15.0589,bcu,1.3116978,4.147488e-12,2.6254442,7.546411287911813e+46
4FGL J1738.0+0236,264.5065,2.6116,bcu,1.8679872,3.82876e-12,2.8241417,2.3428965844826528e+47
4FGL J1738.3+3228,264.584,32.4823,fsrq,1.2556458,1.822292e-12,2.8648348,3.562202939421179e+46
4FGL J1738.8+3822,264.7157,38.3727,bcu,0.37680554,1.0519718e-12,1.89355,5.305704594988178e+44
4FGL J1738.8-3418,264.7225,-34.31,bcu,1.1410316,5.1375904e-12,2.5024312,5.753634472234963e+46
4FGL J1741.5-3119,265.3781,-31.3302,bcu,0.8803873,1.6400669e-11,2.488503,9.004941060961429e+46
4FGL J1741.8-2537,265.4577,-25.6206,bcu,0.43616432,1.3461667e-11,2.1772804,1.0574373254144867e+46
4FGL J1742.4-1518,265.6097,-15.3079,bcu,0.99539685,5.619163e-12,2.557073,4.5049094013954557e+46
4FGL J1743.9-1824,265.9848,-18.4132,bcu,1.3681448,6.3075573e-12,2.648308,1.31831961118514e+47
4FGL J1743.9+3747,265.9996,37.794,fsrq,0.6199556,1.0685306e-12,2.191728,2.00677923935066e+45
4FGL J1744.1+4635,266.0325,46.595,bcu,0.5827644,5.1154437e-13,1.6470338,6.4124129566171275e+44
4FGL J1744.9-1727,266.235,-17.4514,bcu,0.25331602,1.720583e-11,1.9088213,3.5176872033161785e+45
4FGL J1745.1+4102,266.2927,41.0389,bcu,0.69011194,1.2711624e-12,2.2933385,3.2943798535942964e+45
4FGL J1746.8-5235,266.7199,-52.5868,bcu,1.8981533,5.8914883e-12,2.5413046,2.79881268061762e+47
4FGL J1747.4+2330,266.8689,23.5048,fsrq,1.5648624,4.1839527e-12,2.94953,1.702220956788387e+47
4FGL J1747.4+2759,266.8689,27.9949,bcu,1.0612234,2.5766654e-12,2.7114496,2.753965788306607e+46
4FGL J1747.6-4211,266.9087,-42.1929,bcu,1.2631645,4.044277e-12,2.5181732,6.062023958243962e+46
4FGL J1748.5-0854,267.1366,-8.9017,bcu,0.38441342,2.6257093e-12,1.8818351,1.3817911264355434e+45
4FGL J1749.0-2327,267.2518,-23.4554,bcu,1.2584258,1.2654323e-11,2.753057,2.2731218339831155e+47
4FGL J1750.2+4704,267.551,47.0777,bll,0.6547245,4.976396e-13,1.7398477,8.532692172331378e+44
4FGL J1751.6-1750,267.9064,-17.838,bcu,0.35167676,4.950718e-12,2.1775994,2.319296666917191e+45
4FGL J1752.1+4531,268.0298,45.5316,bcu,0.60701483,1.037709e-12,2.4048686,2.0456731840736528e+45
4FGL J1752.6-1010,268.1596,-10.1763,bcu,0.9061051,6.019898e-12,2.5144155,3.6315774476443024e+46
4FGL J1753.3-3325,268.3497,-33.4169,bcu,0.7239288,7.356352e-12,2.4642003,2.3651331414671914e+46
4FGL J1753.4-5913,268.3596,-59.2257,bcu,0.37951624,1.3310166e-12,1.9715079,6.998808212006344e+44
4FGL J1758.2+6532,269.5598,65.5393,bcu,1.083136,1.841408e-12,2.4131405,1.6754277268555796e+46
4FGL J1758.3-3028,269.5981,-30.4684,bcu,0.8951463,8.913392e-12,2.3145037,4.578901680303597e+46
4FGL J1758.7-1621,269.685,-16.3556,bcu,1.2386369,6.796203e-12,2.5865302,1.0198052945344566e+47
4FGL J1759.1-3849,269.7931,-38.8217,bcu,1.7348125,4.7733705e-12,2.3028321,1.3869716166495505e+47
4FGL J1801.5+2123,270.3972,21.3971,bcu,0.7264257,1.6334386e-12,2.4254878,5.188705594122648e+45
4FGL J1801.8+2951,270.4549,29.8532,bcu,0.54352075,9.945562e-13,1.8347983,1.1535056071493402e+45
4FGL J1802.6-3940,270.6711,-39.6687,fsrq,1.1787643,3.994787e-11,2.3889592,4.476686271768505e+47
4FGL J1803.5+2756,270.8796,27.9403,bcu,0.42902043,1.9955485e-12,2.2385054,1.5393509815037272e+45
4FGL J1803.9+0342,270.9939,3.7053,fsrq,0.9148176,1.9753264e-12,2.196376,9.946238105201493e+45
4FGL J1804.4+5249,271.1186,52.8323,bcu,0.33633435,8.2101497e-13,1.8823683,3.176099061806692e+44
4FGL J1806.2+6143,271.5673,61.726,bcu,0.9677187,2.2936056e-12,2.976851,2.2614496176290066e+46
4FGL J1809.6-2443,272.4027,-24.7248,bcu,0.31662107,2.625666e-12,1.7769885,8.593120829666724e+44
4FGL J1810.0-4550,272.5231,-45.8391,bcu,1.2960042,3.3720654e-12,2.687002,6.24218586228232e+46
4FGL J1811.2-2759,272.8079,-27.9956,bcu,0.25361046,3.281921e-12,1.9570401,6.801109471342824e+44
4FGL J1814.2+4114,273.5578,41.2358,fsrq,1.0997435,1.657742e-12,2.6666894,1.8962565947820354e+46
4FGL J1815.2-2715,273.8131,-27.2574,bcu,0.7012109,5.3899858e-12,2.3799074,1.5235709476857204e+46
4FGL J1816.7+0951,274.1885,9.8562,bcu,0.5922359,2.6041927e-12,2.34203,4.679652884133133e+45
4FGL J1817.9+2707,274.4893,27.1185,bcu,1.1877435,2.3277062e-12,2.717951,3.444052090339711e+46
4FGL J1823.6-3453,275.9109,-34.8952,bcu,0.38584045,2.1636342e-11,1.8039707,1.1196209181946224e+46
4FGL J1824.5+0107,276.125,1.1251,bcu,1.6048781,1.3387729e-11,2.6407077,4.3758281717835085e+47
4FGL J1826.1-2922,276.5493,-29.3757,bcu,0.80910677,3.780267e-12,2.3601944,1.5342142901170681e+46
4FGL J1827.4+3424,276.8623,34.4065,fsrq,1.3484927,1.9363398e-12,2.774319,4.3255065692759516e+46
4FGL J1828.5-5920,277.1422,-59.3495,bcu,0.4500019,7.1139394e-13,1.8059084,5.251238624268944e+44
4FGL J1829.0-2417,277.2585,-24.2906,bll,0.18479751,7.0296945e-12,2.0506613,7.291855117450395e+44
4FGL J1830.0+3958,277.5034,39.9679,bcu,2.1125228,3.3397588e-12,2.7699428,2.7757978529549234e+47
4FGL J1830.1+0617,277.5363,6.2878,fsrq,1.2862486,8.627993e-12,2.400445,1.2333361365640922e+47
4FGL J1830.7-2713,277.6924,-27.2281,bcu,0.6003376,8.154326e-12,2.22829,1.4379017828301388e+46
4FGL J1833.6-2103,278.4101,-21.0574,FSRQ,1.3645245,3.473976e-10,2.5047958,6.369183793658009e+48
4FGL J1834.7-5858,278.6874,-58.9818,bll,0.7685856,3.1871424e-12,2.466625,1.2020155100347826e+46
4FGL J1835.5+1349,278.8835,13.8176,bll,1.3940326,3.6847318e-12,2.2511435,5.74252606540088e+46
4FGL J1835.7-0541,278.9307,-5.6984,bcu,0.43481964,8.597677e-12,2.318945,7.055039949952617e+45
4FGL J1837.3+1052,279.3296,10.8785,bcu,1.35084,4.6934193e-12,2.4749079,8.158184014280023e+46
4FGL J1837.4-1646,279.351,-16.7732,bcu,1.6145743,7.199879e-12,2.7913904,2.7671517076326335e+47
4FGL J1838.5+5733,279.6498,57.5551,bll,0.655579,1.462022e-12,2.1443272,3.083219786615667e+45
4FGL J1839.6-7107,279.9142,-71.1243,fsrq,1.846095,4.4239343e-12,2.8670664,2.733592295613984e+47
4FGL J1840.3-3037,280.0891,-30.6171,bcu,1.4002362,2.2876744e-12,2.4897702,4.444897205320261e+46
4FGL J1840.5+3707,280.1475,37.1172,bcu,1.6479789,2.3846747e-12,2.963359,1.150975614577979e+47
4FGL J1842.4+7613,280.6115,76.2171,bcu,1.317809,1.6690972e-12,2.5871964,2.9796560482556017e+46
4FGL J1843.8-2011,280.9592,-20.1961,bcu,0.8990863,3.551437e-12,2.420378,1.9750902517836438e+46
4FGL J1844.4+1547,281.1174,15.7888,bll,0.61699426,1.9646756e-11,2.0663114,3.4326966628902796e+46
4FGL J1845.0+1613,281.2623,16.2186,bcu,0.9056391,8.6443665e-12,2.2953641,4.521598016242798e+46
4FGL J1849.2-1647,282.3148,-16.7835,bll,0.21121375,4.9985246e-12,1.7664992,6.620418809502157e+44
4FGL J1850.1-0758,282.5394,-7.9701,bcu,0.3201727,6.91064e-12,2.1714327,2.5879625953950196e+45
4FGL J1851.5+3406,282.8762,34.1049,bcu,1.1683116,2.2265044e-12,2.339126,2.3441438144180545e+46
4FGL J1855.4+7350,283.8528,73.8402,fsrq,1.221752,4.1392146e-12,2.7451415,6.78470671180502e+46
4FGL J1855.8-2028,283.9749,-20.4694,bcu,0.81105226,3.13147e-12,2.208942,1.1690277360613573e+46
4FGL J1857.8+3544,284.4562,35.7434,bcu,0.5480851,1.4499654e-12,2.044943,1.8800099606790244e+45
4FGL J1857.9+0313c,284.4784,3.2185,bcu,1.064926,3.2458883e-11,2.6065927,3.24711604829187e+47
4FGL J1858.1-1821,284.5268,-18.3569,bcu,0.37539852,1.7511006e-12,2.1800299,9.592817302012598e+44
4FGL J1858.5+0640,284.63,6.6766,bcu,0.745891,1.5142604e-11,2.3220916,4.867080091139358e+46
4FGL J1859.0+2329,284.7715,23.4993,bcu,0.67154145,3.7856354e-12,2.261947,9.004257738973207e+45
4FGL J1901.0+6208,285.2614,62.1436,bcu,0.85655916,1.8603654e-12,2.6330483,1.0377047407763758e+46
4FGL J1901.0-1739,285.2623,-17.6506,bcu,1.1599282,3.5081447e-12,2.5324779,4.20551200200811e+46
4FGL J1902.4-0629,285.6021,-6.4843,bcu,0.2345353,3.0302442e-12,1.866222,5.164112068139294e+44
4FGL J1902.8+3201,285.7152,32.0189,fsrq,1.1954725,9.69363e-12,2.5534024,1.2837386170370462e+47
4FGL J1907.2+0126,286.8176,1.4449,bcu,0.47412756,7.069939e-12,2.2671301,7.045079136682465e+45
4FGL J1907.7-1232,286.9402,-12.5382,bcu,0.7125672,2.9879896e-12,2.3404124,8.620752096428379e+45
4FGL J1911.5+0311,287.8984,3.1842,bcu,0.61460054,2.6235008e-12,1.9695219,4.334646923867387e+45
4FGL J1912.0+1612,288.0206,16.2021,bcu,0.9651946,6.8614953e-12,2.5966003,5.192560901350109e+46
4FGL J1912.1-0803,288.0284,-8.0589,bcu,1.0241474,1.675023e-11,2.3626664,1.2659945245239918e+47
4FGL J1912.2-2056,288.0509,-20.9481,fsrq,1.3379788,1.6489192e-12,2.5981853,3.1003026268964683e+46
4FGL J1912.4+3738,288.1193,37.6495,fsrq,1.0771351,3.196989e-12,2.591985,3.2660809442622445e+46
4FGL J1913.2+0512,288.308,5.2059,bcu,1.709455,1.0672899e-11,2.7446537,4.633147837338492e+47
4FGL J1915.3+1149,288.8357,11.8178,bcu,1.4943181,2.4744162e-11,2.5944066,6.32662982041002e+47
4FGL J1916.8+4201,289.2088,42.0251,bcu,0.5829315,1.7850198e-12,2.4445977,3.22960650257666e+45
4FGL J1919.2+0618,289.8136,6.3107,bcu,1.4551363,9.736339e-12,2.7255447,2.5987609843345555e+47
4FGL J1919.4-4550,289.8547,-45.844,fsrq,0.9261621,3.5698066e-12,3.1283975,3.417253609076059e+46
4FGL J1921.7+5817,290.4473,58.2965,bcu,0.2748801,8.296421e-13,1.9108994,2.0411488299368717e+44
4FGL J1922.2+2314,290.5662,23.2477,bcu,0.5103068,6.7286953e-12,2.2044208,7.840050386867405e+45
4FGL J1922.6-6324,290.6558,-63.4082,bcu,1.0959918,1.0310393e-12,2.2110326,8.337477558766233e+45
4FGL J1923.5+7354,290.886,73.902,fsrq,1.4628888,1.919557e-12,2.7318451,5.232520500451423e+46
4FGL J1925.0+2815,291.2683,28.2643,bcu,0.3595323,6.6843527e-12,1.9968646,3.122310849615693e+45
4FGL J1925.1-3358,291.2856,-33.9797,fsrq,1.0802733,3.1438443e-12,2.7222137,3.5618741271620687e+46
4FGL J1925.7+1227,291.4312,12.4639,bcu,1.0920501,1.12597084e-11,2.4755073,1.0965765171024918e+47
4FGL J1926.1+2059,291.5316,20.9948,bll,0.9160868,7.2516745e-12,2.6704206,4.987391030321343e+46
4FGL J1930.3+0911,292.5854,9.1975,bcu,2.0672657,1.4269526e-11,2.8098893,1.1633522270870772e+48
4FGL J1931.1+0937,292.784,9.6314,bll,0.47816288,2.8787119e-11,1.8430037,2.4818752417104887e+46
4FGL J1931.2+5958,292.8234,59.9744,bcu,0.6709363,5.9599873e-13,1.6244189,1.0195702268404819e+45
4FGL J1931.5+5229,292.894,52.4838,bcu,1.3480823,2.0481167e-12,2.5155754,3.665269424428319e+46
4FGL J1933.3+0726,293.341,7.44,bll,0.26064494,1.3094066e-11,1.8753916,2.832900575334788e+45
4FGL J1934.5+6139,293.6352,61.6522,fsrq,0.34568965,1.3843547e-12,2.2216175,6.3080177904400814e+44
4FGL J1942.1+4011,295.539,40.1984,bcu,0.5982344,5.679258e-12,2.2374227,9.969519943996273e+45
4FGL J1942.7+1033,295.696,10.5584,bll,0.2617902,2.8550549e-11,1.8574362,6.212189166711069e+45
4FGL J1943.6-0533,295.9249,-5.5665,bcu,0.6157873,2.2857514e-12,1.9401584,3.741131391174883e+45
4FGL J1943.9-2705,295.9981,-27.0903,bcu,0.63798785,2.421742e-12,2.264479,5.064783841589269e+45
4FGL J1944.0+2117,296.0049,21.2904,bcu,0.53232384,7.381316e-12,1.5023783,7.074536375837948e+45
4FGL J1944.2+3921,296.0679,39.3645,bcu,0.72639203,4.3589342e-12,2.1617978,1.1988158195676868e+46
4FGL J1946.0+0937,296.5129,9.6193,bcu,0.4176887,2.9322495e-12,2.0340211,1.973161899032274e+45
4FGL J1946.4+6031,296.6041,60.5333,bcu,0.23698114,7.2858267e-13,1.9805614,1.3020256732354943e+44
4FGL J1948.3+1207,297.0993,12.1167,bcu,1.3948998,3.1820807e-12,2.58987,6.67709668092232e+46
4FGL J1949.0+1314,297.2503,13.2451,bcu,0.9956816,7.497989e-12,2.430501,5.512094212616688e+46
4FGL J1949.2+7250,297.3178,72.8435,bcu,1.1014646,2.8370529e-12,2.5585394,3.008006298524621e+46
4FGL J1949.4+1247,297.3707,12.7931,bcu,0.8205579,3.0546366e-12,2.4619727,1.366980264887099e+46
4FGL J1949.5+0906,297.3902,9.1054,bll,0.41560614,6.216292e-12,2.026916,4.123550487723869e+45
4FGL J1949.9-6134,297.4908,-61.5678,bcu,0.93366015,1.3488261e-12,2.3959162,8.160969261209183e+45
4FGL J1950.0-7321,297.5093,-73.3641,bcu,0.17438765,1.3379261e-12,2.0876923,1.2274619764512965e+44
4FGL J1950.6+3456,297.6642,34.9434,bcu,0.5970136,1.9730257e-12,1.9346336,2.990409793443121e+45
4FGL J1950.8+1211,297.7222,12.1995,bcu,1.573709,5.745003e-12,2.5284984,1.5969741199374716e+47
4FGL J1951.2-0951,297.8161,-9.8568,bcu,1.1502471,2.4231225e-12,2.663126,3.1371842504998633e+46
4FGL J1951.6-4624,297.902,-46.4156,bcu,0.4526744,1.0211336e-12,1.9879037,8.179049644653487e+44
4FGL J1953.0+7651,298.2542,76.8514,bcu,0.3508972,1.2609343e-12,2.1785247,5.877734526320577e+44
4FGL J1955.2+1358,298.8201,13.9824,fsrq,1.2661347,7.573702e-12,2.4438539,1.0752027045933107e+47
4FGL J1958.1+2438,299.5284,24.6417,bcu,0.34535035,6.9029058e-12,2.0262213,2.961326168978878e+45
4FGL J1959.0+3844,299.7663,38.7368,bcu,1.4306451,7.787266e-12,2.7221456,1.9730521678313824e+47
4FGL J2000.0+4214,300.0028,42.2371,bcu,0.7376643,3.4343997e-12,2.4823127,1.172011462106417e+46
4FGL J2000.9+6614,300.2368,66.2476,bcu,1.1907233,1.4212241e-12,2.1929507,1.4031483909914532e+46
4FGL J2001.2+4353,300.3018,43.8862,bll,0.40012282,3.1166826e-11,2.0027843,1.8745214719995305e+46
4FGL J2001.5-0818,300.3754,-8.3162,bcu,0.5399832,2.7363368e-12,2.2950492,3.8124831683343957e+45
4FGL J2003.6+2333,300.9025,23.5634,bcu,1.4108607,3.6632928e-12,2.51558,7.434075805591402e+46
4FGL J2009.9+3544,302.4892,35.746,bcu,0.99271816,6.4645867e-12,2.3104527,4.340079235734692e+46
4FGL J2010.2-2523,302.5571,-25.3945,fsrq,1.3589013,6.831169e-13,2.8,1.5952801135958216e+46
4FGL J2012.0+4629,303.0204,46.488,bll,0.5734306,4.6222057e-11,2.0254116,6.628951393961927e+46
4FGL J2013.0-3828,303.2686,-38.4768,bcu,0.9749423,1.2129358e-12,2.2703369,7.557902359154413e+45
4FGL J2015.5+3710,303.8924,37.176,FSRQ,0.9475857,7.223601e-11,2.482489,4.815725584160814e+47
4FGL J2018.5+3852,304.6373,38.8715,bcu,0.6990986,9.347432e-12,2.0948112,2.2538909762742735e+46
4FGL J2021.4-2048,305.3693,-20.8019,bcu,1.2743558,3.354403e-12,2.5204475,5.161290335669272e+46
4FGL J2023.2+3153,305.823,31.8876,bcu,0.66367096,6.7668813e-12,2.0868044,1.4288426457336776e+46
4FGL J2023.4+4127,305.8711,41.4508,bcu,0.70060074,1.42788645e-11,2.2772396,3.813398004547728e+46
4FGL J2023.8-4828,305.9727,-48.4726,bll,0.41946185,1.2845674e-12,2.1743,9.171157848033659e+44
4FGL J2024.8+2734,306.2059,27.5705,bcu,0.34837762,1.4538534e-12,1.9441248,6.211144568755135e+44
4FGL J2025.3+3341,306.3412,33.6891,bll,1.7804306,2.8329894e-11,2.6561403,1.2653063197867196e+48
4FGL J2026.6+3449,306.6528,34.8291,bcu,0.6293158,7.8610885e-12,2.112239,1.474366453247721e+46
4FGL J2029.5+4925,307.375,49.4221,bll,1.0766963,1.4285611e-11,2.4725385,1.3359337121755551e+47
4FGL J2030.8-6959,307.7045,-69.9927,bcu,0.34543294,2.1614542e-12,2.2023542,9.775515692455165e+44
4FGL J2031.8+1619,307.9534,16.3198,bcu,0.7420911,2.385911e-12,2.4651673,8.193812923919847e+45
4FGL J2031.9+2403,307.9785,24.0631,bcu,0.68934494,1.3470667e-12,1.8640943,2.7795867383477427e+45
4FGL J2032.3-5816,308.0859,-58.2792,bcu,0.61072075,1.4695544e-12,2.366829,2.8898677569013635e+45
4FGL J2035.9+4901,308.9807,49.028,bcu,0.7844576,8.89124e-12,2.1122587,2.883321411555156e+46
4FGL J2038.7+5117,309.6938,51.2851,fsrq,1.5215236,1.792579e-11,2.6067865,4.877804053424808e+47
4FGL J2039.3+2150,309.833,21.8453,bcu,1.2861923,3.5540587e-12,2.6822991,6.413018996793873e+46
4FGL J2039.5+5218,309.883,52.3126,bll,0.44315234,5.468394e-12,1.8370702,3.940577848906348e+45
4FGL J2040.0+1237,310.0205,12.6179,bcu,0.5455981,1.0421504e-12,2.0080535,1.3151411485112536e+45
4FGL J2042.1+4209,310.546,42.1578,bcu,1.5906578,1.5631083e-11,2.5785096,4.694725118810325e+47
4FGL J2046.9-0235,311.7472,-2.5867,bcu,1.3484355,2.5100649e-12,2.6757388,5.153892296948161e+46
4FGL J2047.1-7400,311.7846,-74.0033,fsrq,1.3050632,1.9178248e-12,2.6766176,3.590170918036433e+46
4FGL J2049.0-4020,312.259,-40.3488,bcu,0.40739587,1.4734826e-12,2.127707,9.649972833378555e+44
4FGL J2049.9-2453,312.4825,-24.8854,bcu,0.43228418,2.1402754e-12,2.3210478,1.7324235525535883e+45
4FGL J2053.8+2922,313.4539,29.3693,bll,0.510045,1.2336053e-11,1.8236498,1.2270455478441364e+46
4FGL J2054.5+4731,313.6486,47.5223,bcu,0.5351035,2.8094046e-12,1.9755832,3.336593870326374e+45
4FGL J2055.1-1028,313.7805,-10.4696,bcu,0.9765337,1.9490893e-12,2.2558599,1.2076761553766472e+46
4FGL J2055.4-0504,313.8694,-5.0822,bll,0.42750353,2.1554568e-12,2.2950878,1.6819380658740765e+45
4FGL J2056.7+4939,314.1913,49.6663,bcu,0.19070385,2.2773538e-11,1.8601846,2.450948772088608e+45
4FGL J2059.1-4103,314.7811,-41.0644,bcu,1.9789503,2.6972e-12,2.506957,1.3869875457231297e+47
4FGL J2100.0+2103,315.0012,21.0615,bcu,0.70920116,3.4651778e-12,2.4408388,1.042224810958955e+46
4FGL J2102.3+4702,315.5784,47.0422,bcu,1.1967536,1.5474138e-11,2.2715812,1.6465037726003775e+47
4FGL J2103.4-7816,315.8673,-78.2774,bcu,1.2699165,8.829866e-13,2.4435272,1.2633822218724007e+46
4FGL J2106.7+3549,316.6892,35.8264,bcu,0.95002985,3.5630609e-12,2.486582,2.398475437345336e+46
4FGL J2107.1-1453,316.7997,-14.8934,bcu,0.75013,2.197445e-12,2.392973,7.45714232646411e+45
4FGL J2107.9+6006,316.9796,60.1044,bcu,1.2569528,3.4779005e-12,2.688821,5.909144263820661e+46
4FGL J2108.0+3655,317.0034,36.9297,bll,0.7326971,5.564653e-12,2.068986,1.4862057045562568e+46
4FGL J2108.3-4824,317.0893,-48.4087,bcu,0.83064824,1.3609969e-12,2.5128317,6.488552409686929e+45
4FGL J2108.7+7532c,317.189,75.5361,bcu,1.3622833,1.4434182e-12,2.5259616,2.6827750702573426e+46
4FGL J2109.7-4109,317.4435,-41.1575,fsrq,0.49758434,1.423822e-12,2.2123723,1.5640007704038295e+45
4FGL J2110.2-1021c,317.5641,-10.3603,fsrq,1.2889609,2.7932149e-12,2.599468,4.734931936670173e+46
4FGL J2112.9-4818,318.2342,-48.3068,bcu,0.9550398,1.6087322e-12,2.4370143,1.0625018348995526e+46
4FGL J2113.9+1120,318.4977,11.3378,bcu,1.5052648,4.5999476e-12,2.5117192,1.112757634819008e+47
4FGL J2114.7-2538,318.6817,-25.6381,bcu,0.8956352,1.6582574e-12,2.5488417,9.910077670784882e+45
4FGL J2115.8+6753,318.9543,67.8851,bcu,0.4862318,1.2773908e-12,1.858505,1.1522570655973924e+45
4FGL J2116.3+1015,319.0755,10.2529,bcu,1.2717185,7.709906e-13,2.4076197,1.0752391041188931e+46
4FGL J2117.4+6159c,319.3703,61.9923,bcu,1.6903948,3.9045715e-12,2.6769354,1.5340285966823767e+47
4FGL J2118.2+5752,319.5508,57.8703,bcu,1.1004211,4.7023817e-12,2.5806837,5.05511351317767e+46
4FGL J2118.2-5419,319.5721,-54.3291,bcu,0.34827125,1.1481521e-12,1.8234701,4.728083345118762e+44
4FGL J2119.4+4652c,319.8665,46.8708,bcu,0.80374146,1.5992768e-12,2.0904543,5.4404877725753014e+45
4FGL J2119.5-4541,319.8817,-45.6947,bcu,0.61666584,1.9311926e-12,2.551056,4.253353514459824e+45
4FGL J2120.6-6114,320.161,-61.2396,fsrq,0.9049731,2.0529153e-12,2.4063127,1.151204456257792e+46
4FGL J2120.7+4428,320.1938,44.4813,bcu,1.3608,3.594504e-12,2.5519488,6.811090713507023e+46
4FGL J2127.5+7420,321.8937,74.3375,bcu,1.0093107,2.6683991e-12,2.659363,2.386704204767199e+46
4FGL J2127.5-5744,321.8986,-57.7406,bcu,0.5406737,1.3042496e-12,2.0892186,1.6678409348759142e+45
4FGL J2128.7-1940,322.1952,-19.6735,bcu,0.38050133,8.91531e-13,2.0753129,4.876920083553361e+44
4FGL J2130.0+2610,322.5079,26.1826,bcu,0.76403344,2.0350698e-12,2.2158487,6.552898644054453e+45
4FGL J2133.6+8002,323.4049,80.0386,bcu,0.5190695,4.789754e-13,1.8114055,4.938315868969988e+44
4FGL J2136.5+4259,324.1411,42.9938,bcu,2.12134,7.3245455e-12,2.6495,5.373596837589189e+47
4FGL J2138.3-4933,324.5944,-49.5575,bcu,1.4039236,2.2829e-12,2.7814455,5.770307917762832e+46
4FGL J2139.1+3724,324.7882,37.4131,bcu,1.1793125,2.486767e-12,2.6971576,3.547383548307244e+46
4FGL J2139.2-2214,324.8211,-22.2461,bcu,0.841092,2.6250358e-12,2.5783932,1.3470706060120734e+46
4FGL J2139.2-2444,324.8232,-24.7454,fsrq,1.0250937,1.8159465e-12,2.572517,1.5954526274035552e+46
4FGL J2139.9+3910,324.9929,39.1711,bcu,1.2818342,3.006955e-12,2.764028,5.748410120873484e+46
4FGL J2142.1+4501,325.5291,45.0182,bcu,0.54912233,1.3337092e-12,1.8735083,1.6116322775310367e+45
4FGL J2144.8-1817,326.2132,-18.2988,bcu,0.37449434,1.3370812e-12,2.0233593,6.9285817304493866e+44
4FGL J2146.8+0425,326.708,4.4266,bcu,0.6881953,2.9798124e-12,2.7564957,9.772511282021167e+45
4FGL J2149.1+6104,327.2897,61.0705,bcu,2.0050433,6.7186105e-12,2.7850373,4.86547823181619e+47
4FGL J2151.4+4156,327.8604,41.9409,bll,0.65688574,3.5503612e-12,1.9966658,6.983835678415513e+45
4FGL J2151.7-2749,327.9251,-27.8234,fsrq,1.1950556,3.03657e-12,2.6181073,4.2271479912571106e+46
4FGL J2155.2+2249,328.8129,22.8327,fsrq,1.318362,3.9491774e-12,2.593416,7.095325843006482e+46
4FGL J2155.3+6602,328.8341,66.0359,bcu,1.8563057,4.574886e-12,2.697208,2.4048763104458907e+47
4FGL J2157.0+1002,329.2659,10.0337,fsrq,1.696016,1.3764868e-12,2.6275923,5.199115205576503e+46
4FGL J2158.5-7550,329.6348,-75.8359,bcu,0.42276084,1.8965801e-12,2.3336318,1.4596746357134182e+45
4FGL J2200.6+0232,330.1565,2.5362,fsrq,0.7885319,3.0425866e-12,2.5824058,1.313732020161241e+46
4FGL J2201.0-5907,330.2553,-59.1167,bcu,0.13798554,1.1136972e-12,1.9764185,6.014289679007663e+43
4FGL J2201.5+2950,330.3958,29.8469,bcu,0.4108201,1.8042562e-12,2.1046553,1.1960336051976564e+45
4FGL J2201.8+5048,330.4532,50.8053,fsrq,1.9521015,3.4443542e-11,2.6801965,2.0569900316835137e+48
4FGL J2201.9-1706,330.4866,-17.1065,bll,0.67741793,1.023529e-12,1.6595788,1.822649533497186e+45
4FGL J2202.8-2328,330.7225,-23.472,fsrq,1.9958385,1.2872294e-12,2.5831287,7.36827688036867e+46
4FGL J2203.6+6751,330.9093,67.8529,bcu,1.3288164,3.2550445e-12,2.6554804,6.301186591454996e+46
4FGL J2205.0+7432,331.2719,74.5462,bcu,1.1324986,1.4269292e-12,2.2240841,1.2680283849306904e+46
4FGL J2207.0+3607,331.7735,36.1241,bcu,0.5084362,1.4831436e-12,1.9867185,1.565937447084833e+45
4FGL J2207.2-2122,331.8099,-21.3724,fsrq,1.1614629,1.573888e-12,2.6486511,2.0710203105972337e+46
4FGL J2208.1-4507,332.0443,-45.1261,bcu,0.3355316,8.0380093e-13,1.9878563,3.188350910123913e+44
4FGL J2210.5+3623,332.626,36.39,bcu,0.4756432,1.3699432e-12,2.2232683,1.3526495258072502e+45
4FGL J2210.9-0026,332.7469,-0.4471,bll,0.27111503,1.4145675e-12,2.0430508,3.4817935612111507e+44
4FGL J2211.9+0821,332.9864,8.3509,bcu,0.78670025,2.0516369e-12,2.5066636,8.424418725314626e+45
4FGL J2213.9+5948c,333.4995,59.8056,bcu,0.7189019,3.5086482e-12,2.4325795,1.0887203387613064e+46
4FGL J2215.4+6105,333.8724,61.0863,bcu,1.3974934,4.292039e-12,2.648941,9.53316357104181e+46
4FGL J2221.8+3358,335.4661,33.9753,bcu,0.30779433,1.3052521e-12,2.1928737,4.4808729111132135e+44
4FGL J2222.8+1209,335.7098,12.1568,bcu,1.5011271,1.9759639e-12,2.3642542,4.143884452749991e+46
4FGL J2223.0+6746,335.7737,67.7729,bcu,0.9768713,2.7398455e-12,2.4773943,1.9760727412221177e+46
4FGL J2223.4+5814,335.8733,58.2385,bcu,1.6175745,8.04678e-12,2.816053,3.184276061751591e+47
4FGL J2224.3+7737,336.0901,77.6201,bcu,1.3397831,2.1726516e-12,2.6518397,4.291857955738784e+46
4FGL J2226.5+6901c,336.6294,69.0208,bcu,0.2201906,2.0671052e-12,1.9028639,3.0831343935495704e+44
4FGL J2228.0-1918,337.0028,-19.3026,bcu,0.5889023,1.7012347e-12,2.5632737,3.3385519241085006e+45
4FGL J2228.0-4155,337.0038,-41.9324,bcu,0.45516148,9.655902e-13,1.891721,7.557723508755348e+44
4FGL J2229.5+2549,337.3959,25.819,bcu,0.9175266,1.2256189e-12,2.3746047,6.983092143506166e+45
4FGL J2231.6+2754,337.9043,27.906,bcu,0.33634815,9.862179e-13,1.7939874,3.719014140907612e+44
4FGL J2232.3+7616,338.0921,76.267,bcu,0.4012451,1.1071341e-12,2.2019112,7.168675392115078e+44
4FGL J2232.3+6246,338.0988,62.775,bcu,0.93818986,6.496684e-12,2.5547829,4.4229359847095494e+46
4FGL J2237.4+5124,339.3732,51.415,bcu,0.42435077,2.5441595e-12,2.2422721,1.9134284418686054e+45
4FGL J2239.5-2440,339.8896,-24.6705,bcu,0.54292357,6.2314514e-13,1.5937794,6.49328181028012e+44
4FGL J2240.4+5133,340.1126,51.5608,bcu,1.2426709,4.1845897e-12,2.498965,5.903771303795397e+46
4FGL J2240.9-1825,340.2383,-18.4319,bcu,1.0883404,8.58806e-13,2.3,7.282306683396957e+45
4FGL J2241.1-4122,340.2789,-41.3771,bcu,0.63598615,7.2321077e-13,1.9306123,1.2731236288726862e+45
4FGL J2241.5+0454,340.3846,4.9045,bcu,0.23034412,1.3353094e-12,1.8884617,2.195992542838195e+44
4FGL J2243.5+3220,340.8795,32.3407,bcu,0.43079278,7.547193e-13,1.8880616,5.186894449055046e+44
4FGL J2245.8-5609,341.4548,-56.1533,fsrq,0.59111506,9.302601e-13,2.1182542,1.4993919231680887e+45
4FGL J2246.5-1204,341.6311,-12.0807,fsrq,1.4969975,5.822904e-12,2.7856781,1.7825643727062553e+47
4FGL J2247.1+4658,341.7781,46.9755,bcu,0.68455267,1.2314027e-12,2.275301,3.096770996300564e+45
4FGL J2247.5-3700,341.8965,-37.0043,fsrq,0.7420181,1.3571156e-12,2.5835905,4.9760183428790957e+45
4FGL J2248.7-4302,342.1937,-43.0496,bcu,0.42474657,1.2484293e-12,2.2431045,9.413405887246344e+44
4FGL J2248.9+2107,342.2469,21.1214,fsrq,0.9354541,2.1113802e-11,2.2471476,1.1638555587719799e+47
4FGL J2249.9+0452,342.4849,4.8692,bcu,0.7284846,2.2340782e-12,2.282042,6.609749226285002e+45
4FGL J2250.0-1250,342.5049,-12.8485,bcu,1.2908028,8.928206e-11,2.277778,1.163877653785141e+48
4FGL J2251.2+5550,342.8039,55.8431,bcu,1.133372,1.838616e-12,2.3044076,1.7398623449620172e+46
4FGL J2252.0+8149,343.0064,81.8194,bcu,1.6161748,1.7689472e-12,2.630969,5.84368912396336e+46
4FGL J2255.8-6543,343.9736,-65.7304,fsrq,1.1943641,1.7895763e-12,2.722632,2.700132468945724e+46
4FGL J2256.3-3303,344.0839,-33.066,bll,0.33317858,3.4829977e-12,2.1491718,1.4237328304913648e+45
4FGL J2300.7-2645,345.1823,-26.7502,fsrq,0.62487775,2.2834397e-12,2.420191,4.887050325911526e+45
4FGL J2301.7+0608,345.4377,6.1457,bcu,1.0628623,2.927605e-12,2.4318342,2.5667293224915727e+46
4FGL J2305.6-4214,346.4038,-42.2486,bcu,0.71603703,1.2443616e-12,2.4082341,3.771089518055832e+45
4FGL J2306.6+0940,346.6505,9.6732,bcu,0.8256109,1.8424132e-12,2.3265674,7.724862926583142e+45
4FGL J2306.8-3036,346.7221,-30.6037,bcu,0.5285387,6.4875373e-13,1.9017931,7.249983027656031e+44
4FGL J2307.5+8629c,346.8949,86.4961,bcu,1.3976578,2.2014508e-12,2.761863,5.399006449778672e+46
4FGL J2307.7+6712,346.9293,67.2152,bcu,0.50284606,1.6829453e-12,1.9650548,1.715348572956224e+45
4FGL J2308.6-4555,347.1577,-45.9254,bcu,0.750227,1.4821307e-12,2.5427582,5.471414891773174e+45
4FGL J2310.3-7354,347.5953,-73.9125,bcu,1.4113415,1.7666937e-12,2.6896613,4.182825592163454e+46
4FGL J2311.8+4541,347.9614,45.6908,fsrq,1.4707636,3.1203803e-12,2.7324927,8.644192033393154e+46
4FGL J2312.2-6536,348.0628,-65.6042,bcu,1.026427,5.649841e-13,2.219904,3.883422509349546e+45
4FGL J2312.5+7241,348.1396,72.6923,bcu,1.3361363,2.5709196e-12,2.5121756,4.476299960238721e+46
4FGL J2317.0+3756,349.2678,37.9375,bcu,0.85238117,3.0442265e-12,2.6501513,1.6931553607356743e+46
4FGL J2318.6-1657,349.6605,-16.9562,fsrq,0.75052327,1.9359547e-12,2.4200566,6.679292821366596e+45
4FGL J2320.8-0823,350.2228,-8.3918,fsrq,1.7326024,1.3383872e-12,2.6175592,5.318180489090567e+46
4FGL J2321.0+2836,350.258,28.6031,bcu,1.0618721,2.3463755e-12,2.3928802,1.9949653808171755e+46
4FGL J2321.4+5111,350.3654,51.1945,bcu,0.6506917,2.079095e-12,2.010245,4.0239774433452796e+45
4FGL J2322.4-2906,350.6197,-29.1077,bcu,0.60560447,1.3395137e-12,2.4447927,2.6749608130239916e+45
4FGL J2322.8-4221,350.7091,-42.3543,bll,0.40302047,7.897448e-13,1.6127232,4.233555403287026e+44
4FGL J2325.9+6206c,351.4969,62.1049,bcu,1.8397855,3.639393e-12,2.638749,1.7538273478331836e+47
4FGL J2327.8-5626,351.9674,-56.4496,bcu,0.95490664,5.324678e-13,1.9556352,2.5458644646450877e+45
4FGL J2329.7+6101,352.4343,61.0239,bcu,0.4311561,7.467524e-12,2.0446246,5.439112664698384e+45
4FGL J2330.4+1230,352.6212,12.5132,bcu,1.0756487,1.6438799e-12,2.2738135,1.3261232038033383e+46
4FGL J2331.2-3839,352.8239,-38.6649,bcu,0.42505014,8.2391185e-13,1.4860916,4.75958046911736e+44
4FGL J2333.4-0133,353.3699,-1.5533,fsrq,1.0186704,4.392213e-12,2.55447,3.744909063018405e+46
4FGL J2333.9-2343,353.4912,-23.7197,bcu,0.96284825,4.3946778e-12,2.6149173,3.3445850893797887e+46
4FGL J2334.0-2528,353.515,-25.4767,bcu,1.1988144,6.780469e-13,2.1602435,6.638513019088556e+45
4FGL J2335.9-5811,353.981,-58.1865,bcu,0.2444573,6.668804e-13,1.8994194,1.2558831629240766e+44
4FGL J2336.2-3136,354.0502,-31.6081,bcu,0.666708,9.911426e-13,2.2299252,2.2770748797886632e+45
4FGL J2336.9-5859,354.2485,-58.988,bcu,1.3544859,1.5086359e-12,2.3202271,2.3140208238325443e+46
4FGL J2343.9+1539,355.983,15.6645,fsrq,1.2712463,2.1432114e-12,2.5699291,3.411234468733441e+46
4FGL J2345.9+3413,356.4893,34.2279,bcu,0.29348075,9.738527e-13,1.7773424,2.686437504194855e+44
4FGL J2347.0+5141,356.7659,51.6966,bll,0.22280382,3.1662558e-11,1.8325304,4.7803421587062335e+45
4FGL J2347.9+5436,356.9809,54.6065,bcu,0.512529,4.2675997e-12,1.7973218,4.2468533020407695e+45
4FGL J2348.1-4934,357.0372,-49.57,bcu,0.86987966,1.2102302e-12,2.4901624,6.440723162105995e+45
4FGL J2348.3-6049,357.0883,-60.8202,bcu,0.43665567,9.714879e-13,2.3122509,8.035565808806414e+44
4FGL J2348.6-0426,357.1508,-4.4394,fsrq,1.2504827,2.2216872e-12,2.7418523,3.88317503474686e+46
4FGL J2350.4-0559,357.6025,-5.9923,bll,0.37317953,8.682801e-13,1.7656114,4.112058586981124e+44
4FGL J2350.9-1416,357.7469,-14.2756,bcu,0.66575885,1.3176996e-12,1.9886901,2.6670720917423352e+45
4FGL J2351.7-3416,357.928,-34.2676,bcu,1.3952951,1.2282411e-12,2.514932,2.4158894630376663e+46
4FGL J2352.1-4301,358.0493,-43.0168,bcu,0.9626849,1.9919468e-12,2.6835752,1.5870689065613658e+46
4FGL J2353.5+6646,358.3926,66.7697,bcu,1.1916968,4.009046e-12,2.5893736,5.413620151891843e+46
4FGL J2358.4+6547,359.6119,65.7837,bcu,1.1522987,5.8803257e-12,2.5227242,6.870830221721876e+46
4FGL J2359.2-3134,359.8167,-31.5832,fsrq,1.2685071,2.906858e-12,2.7165194,5.185732597121618e+46
4FGL J2359.3+0215,359.8329,2.2603,bcu,0.3123851,1.3541654e-12,1.7524989,4.2705634914133944e+44
4FGL J2359.7-5041,359.9365,-50.6853,bcu,1.297246,1.1160313e-12,2.7144496,2.1194245935837022e+46
4FGL J2359.9+3145,359.9908,31.7601,bcu,0.38162538,2.4249723e-12,1.892839,1.2593044532703146e+45
